state,year,total_income,per_capita,units,series,source_url
Alabama,1929,843.2,319,current USD millions,BEA_SAINC1,https://apps.bea.gov/regional/zip/SAINC.zip
Alabama,1930,697.5,263,current USD millions,BEA_SAINC1,https://apps.bea.gov/regional/zip/SAINC.zip
Alabama,1931,583.7,220,current USD millions,BEA_SAINC1,https://apps.bea.gov/regional/zip/SAINC.zip
Alabama,1932,421.9,159,current USD millions,BEA_SAINC1,https://apps.bea.gov/regional/zip/SAINC.zip
Alabama,1933,435.6,164,current USD millions,BEA_SAINC1,https://apps.bea.gov/regional/zip/SAINC.zip
Alabama,1934,556.3,207,current USD millions,BEA_SAINC1,https://apps.bea.gov/regional/zip/SAINC.zip
Alabama,1935,586.9,216,current USD millions,BEA_SAINC1,https://apps.bea.gov/regional/zip/SAINC.zip
Alabama,1936,683.2,249,current USD millions,BEA_SAINC1,https://apps.bea.gov/regional/zip/SAINC.zip
Alabama,1937,733.7,266,current USD millions,BEA_SAINC1,https://apps.bea.gov/regional/zip/SAINC.zip
Alabama,1938,673.8,242,current USD millions,BEA_SAINC1,https://apps.bea.gov/regional/zip/SAINC.zip
Alabama,1939,705.5,251,current USD millions,BEA_SAINC1,https://apps.bea.gov/regional/zip/SAINC.zip
Alabama,1940,800.0,281,current USD millions,BEA_SAINC1,https://apps.bea.gov/regional/zip/SAINC.zip
Alabama,1941,1100.6,379,current USD millions,BEA_SAINC1,https://apps.bea.gov/regional/zip/SAINC.zip
Alabama,1942,1568.6,532,current USD millions,BEA_SAINC1,https://apps.bea.gov/regional/zip/SAINC.zip
Alabama,1943,1950.6,676,current USD millions,BEA_SAINC1,https://apps.bea.gov/regional/zip/SAINC.zip
Alabama,1944,2107.4,753,current USD millions,BEA_SAINC1,https://apps.bea.gov/regional/zip/SAINC.zip
Alabama,1945,2214.3,799,current USD millions,BEA_SAINC1,https://apps.bea.gov/regional/zip/SAINC.zip
Alabama,1946,2218.1,763,current USD millions,BEA_SAINC1,https://apps.bea.gov/regional/zip/SAINC.zip
Alabama,1947,2382.4,809,current USD millions,BEA_SAINC1,https://apps.bea.gov/regional/zip/SAINC.zip
Alabama,1948,2617.0,881,current USD millions,BEA_SAINC1,https://apps.bea.gov/regional/zip/SAINC.zip
Alabama,1949,2513.4,838,current USD millions,BEA_SAINC1,https://apps.bea.gov/regional/zip/SAINC.zip
Alabama,1950,2811.3,919,current USD millions,BEA_SAINC1,https://apps.bea.gov/regional/zip/SAINC.zip
Alabama,1951,3277.2,1071,current USD millions,BEA_SAINC1,https://apps.bea.gov/regional/zip/SAINC.zip
Alabama,1952,3487.0,1137,current USD millions,BEA_SAINC1,https://apps.bea.gov/regional/zip/SAINC.zip
Alabama,1953,3642.8,1193,current USD millions,BEA_SAINC1,https://apps.bea.gov/regional/zip/SAINC.zip
Alabama,1954,3516.5,1167,current USD millions,BEA_SAINC1,https://apps.bea.gov/regional/zip/SAINC.zip
Alabama,1955,3980.3,1305,current USD millions,BEA_SAINC1,https://apps.bea.gov/regional/zip/SAINC.zip
Alabama,1956,4269.9,1390,current USD millions,BEA_SAINC1,https://apps.bea.gov/regional/zip/SAINC.zip
Alabama,1957,4538.5,1460,current USD millions,BEA_SAINC1,https://apps.bea.gov/regional/zip/SAINC.zip
Alabama,1958,4732.8,1496,current USD millions,BEA_SAINC1,https://apps.bea.gov/regional/zip/SAINC.zip
Alabama,1959,4977.0,1553,current USD millions,BEA_SAINC1,https://apps.bea.gov/regional/zip/SAINC.zip
Alabama,1960,5188.3,1585,current USD millions,BEA_SAINC1,https://apps.bea.gov/regional/zip/SAINC.zip
Alabama,1961,5360.1,1616,current USD millions,BEA_SAINC1,https://apps.bea.gov/regional/zip/SAINC.zip
Alabama,1962,5634.1,1695,current USD millions,BEA_SAINC1,https://apps.bea.gov/regional/zip/SAINC.zip
Alabama,1963,5984.1,1782,current USD millions,BEA_SAINC1,https://apps.bea.gov/regional/zip/SAINC.zip
Alabama,1964,6497.6,1914,current USD millions,BEA_SAINC1,https://apps.bea.gov/regional/zip/SAINC.zip
Alabama,1965,7052.4,2048,current USD millions,BEA_SAINC1,https://apps.bea.gov/regional/zip/SAINC.zip
Alabama,1966,7563.9,2184,current USD millions,BEA_SAINC1,https://apps.bea.gov/regional/zip/SAINC.zip
Alabama,1967,7991.8,2311,current USD millions,BEA_SAINC1,https://apps.bea.gov/regional/zip/SAINC.zip
Alabama,1968,8737.5,2536,current USD millions,BEA_SAINC1,https://apps.bea.gov/regional/zip/SAINC.zip
Alabama,1969,9737.7,2831,current USD millions,BEA_SAINC1,https://apps.bea.gov/regional/zip/SAINC.zip
Alabama,1970,10628.3,3081,current USD millions,BEA_SAINC1,https://apps.bea.gov/regional/zip/SAINC.zip
Alabama,1971,11699.3,3345,current USD millions,BEA_SAINC1,https://apps.bea.gov/regional/zip/SAINC.zip
Alabama,1972,12999.1,3672,current USD millions,BEA_SAINC1,https://apps.bea.gov/regional/zip/SAINC.zip
Alabama,1973,14638.9,4088,current USD millions,BEA_SAINC1,https://apps.bea.gov/regional/zip/SAINC.zip
Alabama,1974,16241.1,4477,current USD millions,BEA_SAINC1,https://apps.bea.gov/regional/zip/SAINC.zip
Alabama,1975,18100.1,4918,current USD millions,BEA_SAINC1,https://apps.bea.gov/regional/zip/SAINC.zip
Alabama,1976,20324.1,5438,current USD millions,BEA_SAINC1,https://apps.bea.gov/regional/zip/SAINC.zip
Alabama,1977,22394.9,5920,current USD millions,BEA_SAINC1,https://apps.bea.gov/regional/zip/SAINC.zip
Alabama,1978,25339.9,6609,current USD millions,BEA_SAINC1,https://apps.bea.gov/regional/zip/SAINC.zip
Alabama,1979,28150.8,7275,current USD millions,BEA_SAINC1,https://apps.bea.gov/regional/zip/SAINC.zip
Alabama,1980,31044.4,7959,current USD millions,BEA_SAINC1,https://apps.bea.gov/regional/zip/SAINC.zip
Alabama,1981,34454.2,8793,current USD millions,BEA_SAINC1,https://apps.bea.gov/regional/zip/SAINC.zip
Alabama,1982,36384.6,9269,current USD millions,BEA_SAINC1,https://apps.bea.gov/regional/zip/SAINC.zip
Alabama,1983,38978.8,9908,current USD millions,BEA_SAINC1,https://apps.bea.gov/regional/zip/SAINC.zip
Alabama,1984,42838.0,10840,current USD millions,BEA_SAINC1,https://apps.bea.gov/regional/zip/SAINC.zip
Alabama,1985,46085.8,11601,current USD millions,BEA_SAINC1,https://apps.bea.gov/regional/zip/SAINC.zip
Alabama,1986,48777.2,12220,current USD millions,BEA_SAINC1,https://apps.bea.gov/regional/zip/SAINC.zip
Alabama,1987,51514.4,12830,current USD millions,BEA_SAINC1,https://apps.bea.gov/regional/zip/SAINC.zip
Alabama,1988,55527.3,13800,current USD millions,BEA_SAINC1,https://apps.bea.gov/regional/zip/SAINC.zip
Alabama,1989,60351.0,14975,current USD millions,BEA_SAINC1,https://apps.bea.gov/regional/zip/SAINC.zip
Alabama,1990,64234.2,15860,current USD millions,BEA_SAINC1,https://apps.bea.gov/regional/zip/SAINC.zip
Alabama,1991,67982.5,16585,current USD millions,BEA_SAINC1,https://apps.bea.gov/regional/zip/SAINC.zip
Alabama,1992,73004.4,17574,current USD millions,BEA_SAINC1,https://apps.bea.gov/regional/zip/SAINC.zip
Alabama,1993,76346.1,18116,current USD millions,BEA_SAINC1,https://apps.bea.gov/regional/zip/SAINC.zip
Alabama,1994,80786.7,18963,current USD millions,BEA_SAINC1,https://apps.bea.gov/regional/zip/SAINC.zip
Alabama,1995,85393.8,19874,current USD millions,BEA_SAINC1,https://apps.bea.gov/regional/zip/SAINC.zip
Alabama,1996,89218.0,20599,current USD millions,BEA_SAINC1,https://apps.bea.gov/regional/zip/SAINC.zip
Alabama,1997,93851.9,21487,current USD millions,BEA_SAINC1,https://apps.bea.gov/regional/zip/SAINC.zip
Alabama,1998,99772.9,22651,current USD millions,BEA_SAINC1,https://apps.bea.gov/regional/zip/SAINC.zip
Alabama,1999,103204.1,23296,current USD millions,BEA_SAINC1,https://apps.bea.gov/regional/zip/SAINC.zip
Alabama,2000,108002.9,24258,current USD millions,BEA_SAINC1,https://apps.bea.gov/regional/zip/SAINC.zip
Alabama,2001,111894.1,25046,current USD millions,BEA_SAINC1,https://apps.bea.gov/regional/zip/SAINC.zip
Alabama,2002,115007.7,25671,current USD millions,BEA_SAINC1,https://apps.bea.gov/regional/zip/SAINC.zip
Alabama,2003,120241.0,26700,current USD millions,BEA_SAINC1,https://apps.bea.gov/regional/zip/SAINC.zip
Alabama,2004,128606.3,28385,current USD millions,BEA_SAINC1,https://apps.bea.gov/regional/zip/SAINC.zip
Alabama,2005,136087.5,29780,current USD millions,BEA_SAINC1,https://apps.bea.gov/regional/zip/SAINC.zip
Alabama,2006,144719.0,31264,current USD millions,BEA_SAINC1,https://apps.bea.gov/regional/zip/SAINC.zip
Alabama,2007,151942.6,32516,current USD millions,BEA_SAINC1,https://apps.bea.gov/regional/zip/SAINC.zip
Alabama,2008,157780.3,33441,current USD millions,BEA_SAINC1,https://apps.bea.gov/regional/zip/SAINC.zip
Alabama,2009,155666.9,32717,current USD millions,BEA_SAINC1,https://apps.bea.gov/regional/zip/SAINC.zip
Alabama,2010,162068.8,33848,current USD millions,BEA_SAINC1,https://apps.bea.gov/regional/zip/SAINC.zip
Alabama,2011,167882.2,34884,current USD millions,BEA_SAINC1,https://apps.bea.gov/regional/zip/SAINC.zip
Alabama,2012,172101.5,35559,current USD millions,BEA_SAINC1,https://apps.bea.gov/regional/zip/SAINC.zip
Alabama,2013,173720.7,35706,current USD millions,BEA_SAINC1,https://apps.bea.gov/regional/zip/SAINC.zip
Alabama,2014,179487.1,36722,current USD millions,BEA_SAINC1,https://apps.bea.gov/regional/zip/SAINC.zip
Alabama,2015,187474.7,38189,current USD millions,BEA_SAINC1,https://apps.bea.gov/regional/zip/SAINC.zip
Alabama,2016,190871.8,38704,current USD millions,BEA_SAINC1,https://apps.bea.gov/regional/zip/SAINC.zip
Alabama,2017,197963.8,39968,current USD millions,BEA_SAINC1,https://apps.bea.gov/regional/zip/SAINC.zip
Alabama,2018,205674.2,41324,current USD millions,BEA_SAINC1,https://apps.bea.gov/regional/zip/SAINC.zip
Alabama,2019,215151.8,42998,current USD millions,BEA_SAINC1,https://apps.bea.gov/regional/zip/SAINC.zip
Alabama,2020,230878.4,45873,current USD millions,BEA_SAINC1,https://apps.bea.gov/regional/zip/SAINC.zip
Alabama,2021,255682.3,50630,current USD millions,BEA_SAINC1,https://apps.bea.gov/regional/zip/SAINC.zip
Alabama,2022,262425.8,51690,current USD millions,BEA_SAINC1,https://apps.bea.gov/regional/zip/SAINC.zip
Alabama,2023,279484.6,54610,current USD millions,BEA_SAINC1,https://apps.bea.gov/regional/zip/SAINC.zip
Alabama,2024,295590.5,57251,current USD millions,BEA_SAINC1,https://apps.bea.gov/regional/zip/SAINC.zip
Alabama,2025,309906.4,59677,current USD millions,BEA_SAINC1,https://apps.bea.gov/regional/zip/SAINC.zip
Alaska,1950,391.4,2899,current USD millions,BEA_SAINC1,https://apps.bea.gov/regional/zip/SAINC.zip
Alaska,1951,537.4,3401,current USD millions,BEA_SAINC1,https://apps.bea.gov/regional/zip/SAINC.zip
Alaska,1952,615.2,3255,current USD millions,BEA_SAINC1,https://apps.bea.gov/regional/zip/SAINC.zip
Alaska,1953,649.6,3169,current USD millions,BEA_SAINC1,https://apps.bea.gov/regional/zip/SAINC.zip
Alaska,1954,629.3,2927,current USD millions,BEA_SAINC1,https://apps.bea.gov/regional/zip/SAINC.zip
Alaska,1955,640.7,2886,current USD millions,BEA_SAINC1,https://apps.bea.gov/regional/zip/SAINC.zip
Alaska,1956,676.8,3022,current USD millions,BEA_SAINC1,https://apps.bea.gov/regional/zip/SAINC.zip
Alaska,1957,669.3,2897,current USD millions,BEA_SAINC1,https://apps.bea.gov/regional/zip/SAINC.zip
Alaska,1958,672.2,3001,current USD millions,BEA_SAINC1,https://apps.bea.gov/regional/zip/SAINC.zip
Alaska,1959,700.3,3126,current USD millions,BEA_SAINC1,https://apps.bea.gov/regional/zip/SAINC.zip
Alaska,1960,806.3,3521,current USD millions,BEA_SAINC1,https://apps.bea.gov/regional/zip/SAINC.zip
Alaska,1961,796.5,3347,current USD millions,BEA_SAINC1,https://apps.bea.gov/regional/zip/SAINC.zip
Alaska,1962,831.0,3378,current USD millions,BEA_SAINC1,https://apps.bea.gov/regional/zip/SAINC.zip
Alaska,1963,900.7,3518,current USD millions,BEA_SAINC1,https://apps.bea.gov/regional/zip/SAINC.zip
Alaska,1964,1008.6,3835,current USD millions,BEA_SAINC1,https://apps.bea.gov/regional/zip/SAINC.zip
Alaska,1965,1088.5,4016,current USD millions,BEA_SAINC1,https://apps.bea.gov/regional/zip/SAINC.zip
Alaska,1966,1158.7,4276,current USD millions,BEA_SAINC1,https://apps.bea.gov/regional/zip/SAINC.zip
Alaska,1967,1263.6,4545,current USD millions,BEA_SAINC1,https://apps.bea.gov/regional/zip/SAINC.zip
Alaska,1968,1365.1,4790,current USD millions,BEA_SAINC1,https://apps.bea.gov/regional/zip/SAINC.zip
Alaska,1969,1575.3,5322,current USD millions,BEA_SAINC1,https://apps.bea.gov/regional/zip/SAINC.zip
Alaska,1970,1799.0,5911,current USD millions,BEA_SAINC1,https://apps.bea.gov/regional/zip/SAINC.zip
Alaska,1971,1984.1,6269,current USD millions,BEA_SAINC1,https://apps.bea.gov/regional/zip/SAINC.zip
Alaska,1972,2166.8,6636,current USD millions,BEA_SAINC1,https://apps.bea.gov/regional/zip/SAINC.zip
Alaska,1973,2507.7,7525,current USD millions,BEA_SAINC1,https://apps.bea.gov/regional/zip/SAINC.zip
Alaska,1974,3042.6,8827,current USD millions,BEA_SAINC1,https://apps.bea.gov/regional/zip/SAINC.zip
Alaska,1975,4156.8,11205,current USD millions,BEA_SAINC1,https://apps.bea.gov/regional/zip/SAINC.zip
Alaska,1976,4893.3,12447,current USD millions,BEA_SAINC1,https://apps.bea.gov/regional/zip/SAINC.zip
Alaska,1977,5081.9,12789,current USD millions,BEA_SAINC1,https://apps.bea.gov/regional/zip/SAINC.zip
Alaska,1978,5235.9,13018,current USD millions,BEA_SAINC1,https://apps.bea.gov/regional/zip/SAINC.zip
Alaska,1979,5546.4,13744,current USD millions,BEA_SAINC1,https://apps.bea.gov/regional/zip/SAINC.zip
Alaska,1980,6285.4,15507,current USD millions,BEA_SAINC1,https://apps.bea.gov/regional/zip/SAINC.zip
Alaska,1981,7150.5,17086,current USD millions,BEA_SAINC1,https://apps.bea.gov/regional/zip/SAINC.zip
Alaska,1982,8730.1,19417,current USD millions,BEA_SAINC1,https://apps.bea.gov/regional/zip/SAINC.zip
Alaska,1983,9513.9,19479,current USD millions,BEA_SAINC1,https://apps.bea.gov/regional/zip/SAINC.zip
Alaska,1984,10114.9,19690,current USD millions,BEA_SAINC1,https://apps.bea.gov/regional/zip/SAINC.zip
Alaska,1985,10962.1,20586,current USD millions,BEA_SAINC1,https://apps.bea.gov/regional/zip/SAINC.zip
Alaska,1986,11060.5,20322,current USD millions,BEA_SAINC1,https://apps.bea.gov/regional/zip/SAINC.zip
Alaska,1987,10592.9,19642,current USD millions,BEA_SAINC1,https://apps.bea.gov/regional/zip/SAINC.zip
Alaska,1988,11059.9,20406,current USD millions,BEA_SAINC1,https://apps.bea.gov/regional/zip/SAINC.zip
Alaska,1989,12101.3,22117,current USD millions,BEA_SAINC1,https://apps.bea.gov/regional/zip/SAINC.zip
Alaska,1990,12840.2,23207,current USD millions,BEA_SAINC1,https://apps.bea.gov/regional/zip/SAINC.zip
Alaska,1991,13409.6,23518,current USD millions,BEA_SAINC1,https://apps.bea.gov/regional/zip/SAINC.zip
Alaska,1992,14263.5,24227,current USD millions,BEA_SAINC1,https://apps.bea.gov/regional/zip/SAINC.zip
Alaska,1993,14997.6,25020,current USD millions,BEA_SAINC1,https://apps.bea.gov/regional/zip/SAINC.zip
Alaska,1994,15499.9,25691,current USD millions,BEA_SAINC1,https://apps.bea.gov/regional/zip/SAINC.zip
Alaska,1995,15937.7,26369,current USD millions,BEA_SAINC1,https://apps.bea.gov/regional/zip/SAINC.zip
Alaska,1996,16376.6,26910,current USD millions,BEA_SAINC1,https://apps.bea.gov/regional/zip/SAINC.zip
Alaska,1997,17297.5,28219,current USD millions,BEA_SAINC1,https://apps.bea.gov/regional/zip/SAINC.zip
Alaska,1998,18155.9,29287,current USD millions,BEA_SAINC1,https://apps.bea.gov/regional/zip/SAINC.zip
Alaska,1999,18706.6,29941,current USD millions,BEA_SAINC1,https://apps.bea.gov/regional/zip/SAINC.zip
Alaska,2000,20092.2,31996,current USD millions,BEA_SAINC1,https://apps.bea.gov/regional/zip/SAINC.zip
Alaska,2001,21287.1,33591,current USD millions,BEA_SAINC1,https://apps.bea.gov/regional/zip/SAINC.zip
Alaska,2002,22331.5,34766,current USD millions,BEA_SAINC1,https://apps.bea.gov/regional/zip/SAINC.zip
Alaska,2003,23372.1,36045,current USD millions,BEA_SAINC1,https://apps.bea.gov/regional/zip/SAINC.zip
Alaska,2004,24429.2,37054,current USD millions,BEA_SAINC1,https://apps.bea.gov/regional/zip/SAINC.zip
Alaska,2005,26019.6,39013,current USD millions,BEA_SAINC1,https://apps.bea.gov/regional/zip/SAINC.zip
Alaska,2006,27696.2,41013,current USD millions,BEA_SAINC1,https://apps.bea.gov/regional/zip/SAINC.zip
Alaska,2007,29761.3,43747,current USD millions,BEA_SAINC1,https://apps.bea.gov/regional/zip/SAINC.zip
Alaska,2008,32860.7,47800,current USD millions,BEA_SAINC1,https://apps.bea.gov/regional/zip/SAINC.zip
Alaska,2009,32995.4,47211,current USD millions,BEA_SAINC1,https://apps.bea.gov/regional/zip/SAINC.zip
Alaska,2010,35374.3,49543,current USD millions,BEA_SAINC1,https://apps.bea.gov/regional/zip/SAINC.zip
Alaska,2011,37870.6,52415,current USD millions,BEA_SAINC1,https://apps.bea.gov/regional/zip/SAINC.zip
Alaska,2012,38997.1,53340,current USD millions,BEA_SAINC1,https://apps.bea.gov/regional/zip/SAINC.zip
Alaska,2013,38565.1,52252,current USD millions,BEA_SAINC1,https://apps.bea.gov/regional/zip/SAINC.zip
Alaska,2014,40642.1,55098,current USD millions,BEA_SAINC1,https://apps.bea.gov/regional/zip/SAINC.zip
Alaska,2015,41918.6,56714,current USD millions,BEA_SAINC1,https://apps.bea.gov/regional/zip/SAINC.zip
Alaska,2016,41285.5,55536,current USD millions,BEA_SAINC1,https://apps.bea.gov/regional/zip/SAINC.zip
Alaska,2017,41919.4,56500,current USD millions,BEA_SAINC1,https://apps.bea.gov/regional/zip/SAINC.zip
Alaska,2018,43522.7,58997,current USD millions,BEA_SAINC1,https://apps.bea.gov/regional/zip/SAINC.zip
Alaska,2019,44459.7,60504,current USD millions,BEA_SAINC1,https://apps.bea.gov/regional/zip/SAINC.zip
Alaska,2020,45375.8,61912,current USD millions,BEA_SAINC1,https://apps.bea.gov/regional/zip/SAINC.zip
Alaska,2021,48327.1,65788,current USD millions,BEA_SAINC1,https://apps.bea.gov/regional/zip/SAINC.zip
Alaska,2022,50793.7,69233,current USD millions,BEA_SAINC1,https://apps.bea.gov/regional/zip/SAINC.zip
Alaska,2023,53322.0,72581,current USD millions,BEA_SAINC1,https://apps.bea.gov/regional/zip/SAINC.zip
Alaska,2024,56423.1,76606,current USD millions,BEA_SAINC1,https://apps.bea.gov/regional/zip/SAINC.zip
Alaska,2025,59110.5,80175,current USD millions,BEA_SAINC1,https://apps.bea.gov/regional/zip/SAINC.zip
Arizona,1929,257.3,598,current USD millions,BEA_SAINC1,https://apps.bea.gov/regional/zip/SAINC.zip
Arizona,1930,224.7,518,current USD millions,BEA_SAINC1,https://apps.bea.gov/regional/zip/SAINC.zip
Arizona,1931,184.5,430,current USD millions,BEA_SAINC1,https://apps.bea.gov/regional/zip/SAINC.zip
Arizona,1932,137.0,322,current USD millions,BEA_SAINC1,https://apps.bea.gov/regional/zip/SAINC.zip
Arizona,1933,131.8,309,current USD millions,BEA_SAINC1,https://apps.bea.gov/regional/zip/SAINC.zip
Arizona,1934,154.9,362,current USD millions,BEA_SAINC1,https://apps.bea.gov/regional/zip/SAINC.zip
Arizona,1935,180.4,416,current USD millions,BEA_SAINC1,https://apps.bea.gov/regional/zip/SAINC.zip
Arizona,1936,204.8,462,current USD millions,BEA_SAINC1,https://apps.bea.gov/regional/zip/SAINC.zip
Arizona,1937,229.0,506,current USD millions,BEA_SAINC1,https://apps.bea.gov/regional/zip/SAINC.zip
Arizona,1938,223.3,479,current USD millions,BEA_SAINC1,https://apps.bea.gov/regional/zip/SAINC.zip
Arizona,1939,237.8,491,current USD millions,BEA_SAINC1,https://apps.bea.gov/regional/zip/SAINC.zip
Arizona,1940,252.6,506,current USD millions,BEA_SAINC1,https://apps.bea.gov/regional/zip/SAINC.zip
Arizona,1941,319.5,649,current USD millions,BEA_SAINC1,https://apps.bea.gov/regional/zip/SAINC.zip
Arizona,1942,505.1,953,current USD millions,BEA_SAINC1,https://apps.bea.gov/regional/zip/SAINC.zip
Arizona,1943,690.5,1045,current USD millions,BEA_SAINC1,https://apps.bea.gov/regional/zip/SAINC.zip
Arizona,1944,665.0,1076,current USD millions,BEA_SAINC1,https://apps.bea.gov/regional/zip/SAINC.zip
Arizona,1945,679.4,1150,current USD millions,BEA_SAINC1,https://apps.bea.gov/regional/zip/SAINC.zip
Arizona,1946,698.9,1131,current USD millions,BEA_SAINC1,https://apps.bea.gov/regional/zip/SAINC.zip
Arizona,1947,781.6,1199,current USD millions,BEA_SAINC1,https://apps.bea.gov/regional/zip/SAINC.zip
Arizona,1948,934.5,1354,current USD millions,BEA_SAINC1,https://apps.bea.gov/regional/zip/SAINC.zip
Arizona,1949,958.7,1343,current USD millions,BEA_SAINC1,https://apps.bea.gov/regional/zip/SAINC.zip
Arizona,1950,1064.4,1408,current USD millions,BEA_SAINC1,https://apps.bea.gov/regional/zip/SAINC.zip
Arizona,1951,1316.8,1677,current USD millions,BEA_SAINC1,https://apps.bea.gov/regional/zip/SAINC.zip
Arizona,1952,1497.6,1779,current USD millions,BEA_SAINC1,https://apps.bea.gov/regional/zip/SAINC.zip
Arizona,1953,1590.0,1778,current USD millions,BEA_SAINC1,https://apps.bea.gov/regional/zip/SAINC.zip
Arizona,1954,1647.7,1766,current USD millions,BEA_SAINC1,https://apps.bea.gov/regional/zip/SAINC.zip
Arizona,1955,1809.3,1833,current USD millions,BEA_SAINC1,https://apps.bea.gov/regional/zip/SAINC.zip
Arizona,1956,2039.6,1937,current USD millions,BEA_SAINC1,https://apps.bea.gov/regional/zip/SAINC.zip
Arizona,1957,2232.1,1984,current USD millions,BEA_SAINC1,https://apps.bea.gov/regional/zip/SAINC.zip
Arizona,1958,2372.2,1988,current USD millions,BEA_SAINC1,https://apps.bea.gov/regional/zip/SAINC.zip
Arizona,1959,2618.3,2076,current USD millions,BEA_SAINC1,https://apps.bea.gov/regional/zip/SAINC.zip
Arizona,1960,2855.8,2162,current USD millions,BEA_SAINC1,https://apps.bea.gov/regional/zip/SAINC.zip
Arizona,1961,3109.9,2210,current USD millions,BEA_SAINC1,https://apps.bea.gov/regional/zip/SAINC.zip
Arizona,1962,3349.8,2277,current USD millions,BEA_SAINC1,https://apps.bea.gov/regional/zip/SAINC.zip
Arizona,1963,3521.6,2315,current USD millions,BEA_SAINC1,https://apps.bea.gov/regional/zip/SAINC.zip
Arizona,1964,3777.1,2427,current USD millions,BEA_SAINC1,https://apps.bea.gov/regional/zip/SAINC.zip
Arizona,1965,4003.8,2528,current USD millions,BEA_SAINC1,https://apps.bea.gov/regional/zip/SAINC.zip
Arizona,1966,4359.7,2701,current USD millions,BEA_SAINC1,https://apps.bea.gov/regional/zip/SAINC.zip
Arizona,1967,4739.3,2879,current USD millions,BEA_SAINC1,https://apps.bea.gov/regional/zip/SAINC.zip
Arizona,1968,5437.3,3233,current USD millions,BEA_SAINC1,https://apps.bea.gov/regional/zip/SAINC.zip
Arizona,1969,6327.1,3643,current USD millions,BEA_SAINC1,https://apps.bea.gov/regional/zip/SAINC.zip
Arizona,1970,7216.1,4020,current USD millions,BEA_SAINC1,https://apps.bea.gov/regional/zip/SAINC.zip
Arizona,1971,8255.6,4354,current USD millions,BEA_SAINC1,https://apps.bea.gov/regional/zip/SAINC.zip
Arizona,1972,9464.6,4711,current USD millions,BEA_SAINC1,https://apps.bea.gov/regional/zip/SAINC.zip
Arizona,1973,10934.2,5145,current USD millions,BEA_SAINC1,https://apps.bea.gov/regional/zip/SAINC.zip
Arizona,1974,12336.1,5546,current USD millions,BEA_SAINC1,https://apps.bea.gov/regional/zip/SAINC.zip
Arizona,1975,13317.8,5825,current USD millions,BEA_SAINC1,https://apps.bea.gov/regional/zip/SAINC.zip
Arizona,1976,14813.2,6309,current USD millions,BEA_SAINC1,https://apps.bea.gov/regional/zip/SAINC.zip
Arizona,1977,16646.8,6858,current USD millions,BEA_SAINC1,https://apps.bea.gov/regional/zip/SAINC.zip
Arizona,1978,19559.6,7768,current USD millions,BEA_SAINC1,https://apps.bea.gov/regional/zip/SAINC.zip
Arizona,1979,22987.0,8712,current USD millions,BEA_SAINC1,https://apps.bea.gov/regional/zip/SAINC.zip
Arizona,1980,26489.9,9676,current USD millions,BEA_SAINC1,https://apps.bea.gov/regional/zip/SAINC.zip
Arizona,1981,30223.3,10755,current USD millions,BEA_SAINC1,https://apps.bea.gov/regional/zip/SAINC.zip
Arizona,1982,32161.4,11129,current USD millions,BEA_SAINC1,https://apps.bea.gov/regional/zip/SAINC.zip
Arizona,1983,35454.9,11942,current USD millions,BEA_SAINC1,https://apps.bea.gov/regional/zip/SAINC.zip
Arizona,1984,39988.8,13038,current USD millions,BEA_SAINC1,https://apps.bea.gov/regional/zip/SAINC.zip
Arizona,1985,44529.1,13987,current USD millions,BEA_SAINC1,https://apps.bea.gov/regional/zip/SAINC.zip
Arizona,1986,48697.7,14720,current USD millions,BEA_SAINC1,https://apps.bea.gov/regional/zip/SAINC.zip
Arizona,1987,52270.2,15208,current USD millions,BEA_SAINC1,https://apps.bea.gov/regional/zip/SAINC.zip
Arizona,1988,56652.9,16025,current USD millions,BEA_SAINC1,https://apps.bea.gov/regional/zip/SAINC.zip
Arizona,1989,60776.8,16779,current USD millions,BEA_SAINC1,https://apps.bea.gov/regional/zip/SAINC.zip
Arizona,1990,63797.7,17317,current USD millions,BEA_SAINC1,https://apps.bea.gov/regional/zip/SAINC.zip
Arizona,1991,67229.6,17745,current USD millions,BEA_SAINC1,https://apps.bea.gov/regional/zip/SAINC.zip
Arizona,1992,71608.0,18287,current USD millions,BEA_SAINC1,https://apps.bea.gov/regional/zip/SAINC.zip
Arizona,1993,76933.2,18924,current USD millions,BEA_SAINC1,https://apps.bea.gov/regional/zip/SAINC.zip
Arizona,1994,84205.6,19836,current USD millions,BEA_SAINC1,https://apps.bea.gov/regional/zip/SAINC.zip
Arizona,1995,91807.3,20712,current USD millions,BEA_SAINC1,https://apps.bea.gov/regional/zip/SAINC.zip
Arizona,1996,99450.0,21681,current USD millions,BEA_SAINC1,https://apps.bea.gov/regional/zip/SAINC.zip
Arizona,1997,107797.5,22757,current USD millions,BEA_SAINC1,https://apps.bea.gov/regional/zip/SAINC.zip
Arizona,1998,117835.0,24130,current USD millions,BEA_SAINC1,https://apps.bea.gov/regional/zip/SAINC.zip
Arizona,1999,124922.3,24866,current USD millions,BEA_SAINC1,https://apps.bea.gov/regional/zip/SAINC.zip
Arizona,2000,135573.8,26271,current USD millions,BEA_SAINC1,https://apps.bea.gov/regional/zip/SAINC.zip
Arizona,2001,142097.8,26946,current USD millions,BEA_SAINC1,https://apps.bea.gov/regional/zip/SAINC.zip
Arizona,2002,147455.2,27325,current USD millions,BEA_SAINC1,https://apps.bea.gov/regional/zip/SAINC.zip
Arizona,2003,156408.8,28384,current USD millions,BEA_SAINC1,https://apps.bea.gov/regional/zip/SAINC.zip
Arizona,2004,170443.0,30154,current USD millions,BEA_SAINC1,https://apps.bea.gov/regional/zip/SAINC.zip
Arizona,2005,187724.9,32150,current USD millions,BEA_SAINC1,https://apps.bea.gov/regional/zip/SAINC.zip
Arizona,2006,207762.6,34460,current USD millions,BEA_SAINC1,https://apps.bea.gov/regional/zip/SAINC.zip
Arizona,2007,219579.1,35602,current USD millions,BEA_SAINC1,https://apps.bea.gov/regional/zip/SAINC.zip
Arizona,2008,223495.1,35586,current USD millions,BEA_SAINC1,https://apps.bea.gov/regional/zip/SAINC.zip
Arizona,2009,212283.6,33467,current USD millions,BEA_SAINC1,https://apps.bea.gov/regional/zip/SAINC.zip
Arizona,2010,216223.6,33778,current USD millions,BEA_SAINC1,https://apps.bea.gov/regional/zip/SAINC.zip
Arizona,2011,227203.3,35263,current USD millions,BEA_SAINC1,https://apps.bea.gov/regional/zip/SAINC.zip
Arizona,2012,236431.4,36364,current USD millions,BEA_SAINC1,https://apps.bea.gov/regional/zip/SAINC.zip
Arizona,2013,242030.3,36918,current USD millions,BEA_SAINC1,https://apps.bea.gov/regional/zip/SAINC.zip
Arizona,2014,253711.6,38268,current USD millions,BEA_SAINC1,https://apps.bea.gov/regional/zip/SAINC.zip
Arizona,2015,267474.1,39888,current USD millions,BEA_SAINC1,https://apps.bea.gov/regional/zip/SAINC.zip
Arizona,2016,279696.7,41173,current USD millions,BEA_SAINC1,https://apps.bea.gov/regional/zip/SAINC.zip
Arizona,2017,297261.5,43255,current USD millions,BEA_SAINC1,https://apps.bea.gov/regional/zip/SAINC.zip
Arizona,2018,315459.0,45297,current USD millions,BEA_SAINC1,https://apps.bea.gov/regional/zip/SAINC.zip
Arizona,2019,337257.2,47718,current USD millions,BEA_SAINC1,https://apps.bea.gov/regional/zip/SAINC.zip
Arizona,2020,374282.4,52080,current USD millions,BEA_SAINC1,https://apps.bea.gov/regional/zip/SAINC.zip
Arizona,2021,415893.1,57175,current USD millions,BEA_SAINC1,https://apps.bea.gov/regional/zip/SAINC.zip
Arizona,2022,435718.7,59120,current USD millions,BEA_SAINC1,https://apps.bea.gov/regional/zip/SAINC.zip
Arizona,2023,471040.2,63209,current USD millions,BEA_SAINC1,https://apps.bea.gov/regional/zip/SAINC.zip
Arizona,2024,498903.6,66024,current USD millions,BEA_SAINC1,https://apps.bea.gov/regional/zip/SAINC.zip
Arizona,2025,520574.1,68283,current USD millions,BEA_SAINC1,https://apps.bea.gov/regional/zip/SAINC.zip
Arkansas,1929,560.4,303,current USD millions,BEA_SAINC1,https://apps.bea.gov/regional/zip/SAINC.zip
Arkansas,1930,416.5,224,current USD millions,BEA_SAINC1,https://apps.bea.gov/regional/zip/SAINC.zip
Arkansas,1931,381.8,207,current USD millions,BEA_SAINC1,https://apps.bea.gov/regional/zip/SAINC.zip
Arkansas,1932,278.5,152,current USD millions,BEA_SAINC1,https://apps.bea.gov/regional/zip/SAINC.zip
Arkansas,1933,283.2,153,current USD millions,BEA_SAINC1,https://apps.bea.gov/regional/zip/SAINC.zip
Arkansas,1934,341.8,182,current USD millions,BEA_SAINC1,https://apps.bea.gov/regional/zip/SAINC.zip
Arkansas,1935,386.0,204,current USD millions,BEA_SAINC1,https://apps.bea.gov/regional/zip/SAINC.zip
Arkansas,1936,460.2,243,current USD millions,BEA_SAINC1,https://apps.bea.gov/regional/zip/SAINC.zip
Arkansas,1937,481.6,253,current USD millions,BEA_SAINC1,https://apps.bea.gov/regional/zip/SAINC.zip
Arkansas,1938,439.1,228,current USD millions,BEA_SAINC1,https://apps.bea.gov/regional/zip/SAINC.zip
Arkansas,1939,479.1,246,current USD millions,BEA_SAINC1,https://apps.bea.gov/regional/zip/SAINC.zip
Arkansas,1940,502.0,257,current USD millions,BEA_SAINC1,https://apps.bea.gov/regional/zip/SAINC.zip
Arkansas,1941,676.3,344,current USD millions,BEA_SAINC1,https://apps.bea.gov/regional/zip/SAINC.zip
Arkansas,1942,973.7,491,current USD millions,BEA_SAINC1,https://apps.bea.gov/regional/zip/SAINC.zip
Arkansas,1943,1051.3,572,current USD millions,BEA_SAINC1,https://apps.bea.gov/regional/zip/SAINC.zip
Arkansas,1944,1236.4,698,current USD millions,BEA_SAINC1,https://apps.bea.gov/regional/zip/SAINC.zip
Arkansas,1945,1324.1,753,current USD millions,BEA_SAINC1,https://apps.bea.gov/regional/zip/SAINC.zip
Arkansas,1946,1371.6,760,current USD millions,BEA_SAINC1,https://apps.bea.gov/regional/zip/SAINC.zip
Arkansas,1947,1357.5,740,current USD millions,BEA_SAINC1,https://apps.bea.gov/regional/zip/SAINC.zip
Arkansas,1948,1607.5,881,current USD millions,BEA_SAINC1,https://apps.bea.gov/regional/zip/SAINC.zip
Arkansas,1949,1508.8,818,current USD millions,BEA_SAINC1,https://apps.bea.gov/regional/zip/SAINC.zip
Arkansas,1950,1620.7,849,current USD millions,BEA_SAINC1,https://apps.bea.gov/regional/zip/SAINC.zip
Arkansas,1951,1843.6,970,current USD millions,BEA_SAINC1,https://apps.bea.gov/regional/zip/SAINC.zip
Arkansas,1952,1917.2,1043,current USD millions,BEA_SAINC1,https://apps.bea.gov/regional/zip/SAINC.zip
Arkansas,1953,1929.4,1084,current USD millions,BEA_SAINC1,https://apps.bea.gov/regional/zip/SAINC.zip
Arkansas,1954,1908.2,1100,current USD millions,BEA_SAINC1,https://apps.bea.gov/regional/zip/SAINC.zip
Arkansas,1955,2073.9,1202,current USD millions,BEA_SAINC1,https://apps.bea.gov/regional/zip/SAINC.zip
Arkansas,1956,2149.6,1262,current USD millions,BEA_SAINC1,https://apps.bea.gov/regional/zip/SAINC.zip
Arkansas,1957,2218.9,1280,current USD millions,BEA_SAINC1,https://apps.bea.gov/regional/zip/SAINC.zip
Arkansas,1958,2311.1,1339,current USD millions,BEA_SAINC1,https://apps.bea.gov/regional/zip/SAINC.zip
Arkansas,1959,2522.3,1436,current USD millions,BEA_SAINC1,https://apps.bea.gov/regional/zip/SAINC.zip
Arkansas,1960,2548.0,1424,current USD millions,BEA_SAINC1,https://apps.bea.gov/regional/zip/SAINC.zip
Arkansas,1961,2771.6,1535,current USD millions,BEA_SAINC1,https://apps.bea.gov/regional/zip/SAINC.zip
Arkansas,1962,2965.6,1600,current USD millions,BEA_SAINC1,https://apps.bea.gov/regional/zip/SAINC.zip
Arkansas,1963,3142.2,1676,current USD millions,BEA_SAINC1,https://apps.bea.gov/regional/zip/SAINC.zip
Arkansas,1964,3412.3,1799,current USD millions,BEA_SAINC1,https://apps.bea.gov/regional/zip/SAINC.zip
Arkansas,1965,3602.1,1902,current USD millions,BEA_SAINC1,https://apps.bea.gov/regional/zip/SAINC.zip
Arkansas,1966,4004.8,2109,current USD millions,BEA_SAINC1,https://apps.bea.gov/regional/zip/SAINC.zip
Arkansas,1967,4254.3,2238,current USD millions,BEA_SAINC1,https://apps.bea.gov/regional/zip/SAINC.zip
Arkansas,1968,4600.9,2419,current USD millions,BEA_SAINC1,https://apps.bea.gov/regional/zip/SAINC.zip
Arkansas,1969,5128.5,2681,current USD millions,BEA_SAINC1,https://apps.bea.gov/regional/zip/SAINC.zip
Arkansas,1970,5626.5,2915,current USD millions,BEA_SAINC1,https://apps.bea.gov/regional/zip/SAINC.zip
Arkansas,1971,6263.1,3176,current USD millions,BEA_SAINC1,https://apps.bea.gov/regional/zip/SAINC.zip
Arkansas,1972,7071.2,3504,current USD millions,BEA_SAINC1,https://apps.bea.gov/regional/zip/SAINC.zip
Arkansas,1973,8376.1,4069,current USD millions,BEA_SAINC1,https://apps.bea.gov/regional/zip/SAINC.zip
Arkansas,1974,9353.5,4453,current USD millions,BEA_SAINC1,https://apps.bea.gov/regional/zip/SAINC.zip
Arkansas,1975,10292.1,4769,current USD millions,BEA_SAINC1,https://apps.bea.gov/regional/zip/SAINC.zip
Arkansas,1976,11378.9,5247,current USD millions,BEA_SAINC1,https://apps.bea.gov/regional/zip/SAINC.zip
Arkansas,1977,12661.8,5736,current USD millions,BEA_SAINC1,https://apps.bea.gov/regional/zip/SAINC.zip
Arkansas,1978,14668.8,6546,current USD millions,BEA_SAINC1,https://apps.bea.gov/regional/zip/SAINC.zip
Arkansas,1979,16089.1,7090,current USD millions,BEA_SAINC1,https://apps.bea.gov/regional/zip/SAINC.zip
Arkansas,1980,17396.3,7601,current USD millions,BEA_SAINC1,https://apps.bea.gov/regional/zip/SAINC.zip
Arkansas,1981,19703.0,8592,current USD millions,BEA_SAINC1,https://apps.bea.gov/regional/zip/SAINC.zip
Arkansas,1982,20696.5,9021,current USD millions,BEA_SAINC1,https://apps.bea.gov/regional/zip/SAINC.zip
Arkansas,1983,21946.8,9518,current USD millions,BEA_SAINC1,https://apps.bea.gov/regional/zip/SAINC.zip
Arkansas,1984,24446.5,10538,current USD millions,BEA_SAINC1,https://apps.bea.gov/regional/zip/SAINC.zip
Arkansas,1985,25982.3,11165,current USD millions,BEA_SAINC1,https://apps.bea.gov/regional/zip/SAINC.zip
Arkansas,1986,27303.0,11708,current USD millions,BEA_SAINC1,https://apps.bea.gov/regional/zip/SAINC.zip
Arkansas,1987,28356.9,12106,current USD millions,BEA_SAINC1,https://apps.bea.gov/regional/zip/SAINC.zip
Arkansas,1988,30489.8,13015,current USD millions,BEA_SAINC1,https://apps.bea.gov/regional/zip/SAINC.zip
Arkansas,1989,32694.8,13934,current USD millions,BEA_SAINC1,https://apps.bea.gov/regional/zip/SAINC.zip
Arkansas,1990,34456.2,14621,current USD millions,BEA_SAINC1,https://apps.bea.gov/regional/zip/SAINC.zip
Arkansas,1991,36494.3,15313,current USD millions,BEA_SAINC1,https://apps.bea.gov/regional/zip/SAINC.zip
Arkansas,1992,39697.5,16431,current USD millions,BEA_SAINC1,https://apps.bea.gov/regional/zip/SAINC.zip
Arkansas,1993,41622.8,16945,current USD millions,BEA_SAINC1,https://apps.bea.gov/regional/zip/SAINC.zip
Arkansas,1994,44252.2,17743,current USD millions,BEA_SAINC1,https://apps.bea.gov/regional/zip/SAINC.zip
Arkansas,1995,47112.2,18582,current USD millions,BEA_SAINC1,https://apps.bea.gov/regional/zip/SAINC.zip
Arkansas,1996,49969.5,19427,current USD millions,BEA_SAINC1,https://apps.bea.gov/regional/zip/SAINC.zip
Arkansas,1997,52480.6,20176,current USD millions,BEA_SAINC1,https://apps.bea.gov/regional/zip/SAINC.zip
Arkansas,1998,55686.3,21203,current USD millions,BEA_SAINC1,https://apps.bea.gov/regional/zip/SAINC.zip
Arkansas,1999,57922.1,21842,current USD millions,BEA_SAINC1,https://apps.bea.gov/regional/zip/SAINC.zip
Arkansas,2000,60886.2,22731,current USD millions,BEA_SAINC1,https://apps.bea.gov/regional/zip/SAINC.zip
Arkansas,2001,64168.6,23841,current USD millions,BEA_SAINC1,https://apps.bea.gov/regional/zip/SAINC.zip
Arkansas,2002,65698.8,24280,current USD millions,BEA_SAINC1,https://apps.bea.gov/regional/zip/SAINC.zip
Arkansas,2003,69656.4,25564,current USD millions,BEA_SAINC1,https://apps.bea.gov/regional/zip/SAINC.zip
Arkansas,2004,74308.7,27024,current USD millions,BEA_SAINC1,https://apps.bea.gov/regional/zip/SAINC.zip
Arkansas,2005,77990.4,28043,current USD millions,BEA_SAINC1,https://apps.bea.gov/regional/zip/SAINC.zip
Arkansas,2006,82891.6,29376,current USD millions,BEA_SAINC1,https://apps.bea.gov/regional/zip/SAINC.zip
Arkansas,2007,88410.7,31036,current USD millions,BEA_SAINC1,https://apps.bea.gov/regional/zip/SAINC.zip
Arkansas,2008,92435.6,32157,current USD millions,BEA_SAINC1,https://apps.bea.gov/regional/zip/SAINC.zip
Arkansas,2009,90992.3,31411,current USD millions,BEA_SAINC1,https://apps.bea.gov/regional/zip/SAINC.zip
Arkansas,2010,94127.0,32218,current USD millions,BEA_SAINC1,https://apps.bea.gov/regional/zip/SAINC.zip
Arkansas,2011,100449.5,34181,current USD millions,BEA_SAINC1,https://apps.bea.gov/regional/zip/SAINC.zip
Arkansas,2012,107007.4,36289,current USD millions,BEA_SAINC1,https://apps.bea.gov/regional/zip/SAINC.zip
Arkansas,2013,107209.3,36286,current USD millions,BEA_SAINC1,https://apps.bea.gov/regional/zip/SAINC.zip
Arkansas,2014,113171.5,38220,current USD millions,BEA_SAINC1,https://apps.bea.gov/regional/zip/SAINC.zip
Arkansas,2015,116632.4,39267,current USD millions,BEA_SAINC1,https://apps.bea.gov/regional/zip/SAINC.zip
Arkansas,2016,119758.8,40181,current USD millions,BEA_SAINC1,https://apps.bea.gov/regional/zip/SAINC.zip
Arkansas,2017,123825.4,41403,current USD millions,BEA_SAINC1,https://apps.bea.gov/regional/zip/SAINC.zip
Arkansas,2018,128970.8,43031,current USD millions,BEA_SAINC1,https://apps.bea.gov/regional/zip/SAINC.zip
Arkansas,2019,131394.8,43737,current USD millions,BEA_SAINC1,https://apps.bea.gov/regional/zip/SAINC.zip
Arkansas,2020,142072.2,47131,current USD millions,BEA_SAINC1,https://apps.bea.gov/regional/zip/SAINC.zip
Arkansas,2021,161493.9,53349,current USD millions,BEA_SAINC1,https://apps.bea.gov/regional/zip/SAINC.zip
Arkansas,2022,163688.6,53714,current USD millions,BEA_SAINC1,https://apps.bea.gov/regional/zip/SAINC.zip
Arkansas,2023,173568.3,56540,current USD millions,BEA_SAINC1,https://apps.bea.gov/regional/zip/SAINC.zip
Arkansas,2024,183201.8,59172,current USD millions,BEA_SAINC1,https://apps.bea.gov/regional/zip/SAINC.zip
Arkansas,2025,192345.6,61752,current USD millions,BEA_SAINC1,https://apps.bea.gov/regional/zip/SAINC.zip
California,1929,5495.5,994,current USD millions,BEA_SAINC1,https://apps.bea.gov/regional/zip/SAINC.zip
California,1930,5079.4,889,current USD millions,BEA_SAINC1,https://apps.bea.gov/regional/zip/SAINC.zip
California,1931,4387.5,753,current USD millions,BEA_SAINC1,https://apps.bea.gov/regional/zip/SAINC.zip
California,1932,3441.4,584,current USD millions,BEA_SAINC1,https://apps.bea.gov/regional/zip/SAINC.zip
California,1933,3277.3,550,current USD millions,BEA_SAINC1,https://apps.bea.gov/regional/zip/SAINC.zip
California,1934,3666.5,605,current USD millions,BEA_SAINC1,https://apps.bea.gov/regional/zip/SAINC.zip
California,1935,4107.3,665,current USD millions,BEA_SAINC1,https://apps.bea.gov/regional/zip/SAINC.zip
California,1936,4923.2,776,current USD millions,BEA_SAINC1,https://apps.bea.gov/regional/zip/SAINC.zip
California,1937,5231.8,801,current USD millions,BEA_SAINC1,https://apps.bea.gov/regional/zip/SAINC.zip
California,1938,5188.3,779,current USD millions,BEA_SAINC1,https://apps.bea.gov/regional/zip/SAINC.zip
California,1939,5362.0,790,current USD millions,BEA_SAINC1,https://apps.bea.gov/regional/zip/SAINC.zip
California,1940,5947.6,856,current USD millions,BEA_SAINC1,https://apps.bea.gov/regional/zip/SAINC.zip
California,1941,7519.7,1034,current USD millions,BEA_SAINC1,https://apps.bea.gov/regional/zip/SAINC.zip
California,1942,10344.7,1324,current USD millions,BEA_SAINC1,https://apps.bea.gov/regional/zip/SAINC.zip
California,1943,13700.6,1589,current USD millions,BEA_SAINC1,https://apps.bea.gov/regional/zip/SAINC.zip
California,1944,14963.9,1616,current USD millions,BEA_SAINC1,https://apps.bea.gov/regional/zip/SAINC.zip
California,1945,15585.0,1620,current USD millions,BEA_SAINC1,https://apps.bea.gov/regional/zip/SAINC.zip
California,1946,16590.5,1706,current USD millions,BEA_SAINC1,https://apps.bea.gov/regional/zip/SAINC.zip
California,1947,17086.0,1724,current USD millions,BEA_SAINC1,https://apps.bea.gov/regional/zip/SAINC.zip
California,1948,18274.5,1816,current USD millions,BEA_SAINC1,https://apps.bea.gov/regional/zip/SAINC.zip
California,1949,18601.7,1800,current USD millions,BEA_SAINC1,https://apps.bea.gov/regional/zip/SAINC.zip
California,1950,20788.1,1947,current USD millions,BEA_SAINC1,https://apps.bea.gov/regional/zip/SAINC.zip
California,1951,24117.2,2166,current USD millions,BEA_SAINC1,https://apps.bea.gov/regional/zip/SAINC.zip
California,1952,26794.1,2303,current USD millions,BEA_SAINC1,https://apps.bea.gov/regional/zip/SAINC.zip
California,1953,28728.1,2345,current USD millions,BEA_SAINC1,https://apps.bea.gov/regional/zip/SAINC.zip
California,1954,29603.7,2323,current USD millions,BEA_SAINC1,https://apps.bea.gov/regional/zip/SAINC.zip
California,1955,32550.0,2478,current USD millions,BEA_SAINC1,https://apps.bea.gov/regional/zip/SAINC.zip
California,1956,35615.7,2597,current USD millions,BEA_SAINC1,https://apps.bea.gov/regional/zip/SAINC.zip
California,1957,38269.5,2683,current USD millions,BEA_SAINC1,https://apps.bea.gov/regional/zip/SAINC.zip
California,1958,40252.4,2705,current USD millions,BEA_SAINC1,https://apps.bea.gov/regional/zip/SAINC.zip
California,1959,44031.4,2847,current USD millions,BEA_SAINC1,https://apps.bea.gov/regional/zip/SAINC.zip
California,1960,46521.1,2931,current USD millions,BEA_SAINC1,https://apps.bea.gov/regional/zip/SAINC.zip
California,1961,49266.6,2986,current USD millions,BEA_SAINC1,https://apps.bea.gov/regional/zip/SAINC.zip
California,1962,53085.5,3110,current USD millions,BEA_SAINC1,https://apps.bea.gov/regional/zip/SAINC.zip
California,1963,56740.1,3211,current USD millions,BEA_SAINC1,https://apps.bea.gov/regional/zip/SAINC.zip
California,1964,61404.6,3383,current USD millions,BEA_SAINC1,https://apps.bea.gov/regional/zip/SAINC.zip
California,1965,65617.5,3531,current USD millions,BEA_SAINC1,https://apps.bea.gov/regional/zip/SAINC.zip
California,1966,71356.0,3784,current USD millions,BEA_SAINC1,https://apps.bea.gov/regional/zip/SAINC.zip
California,1967,76731.6,4001,current USD millions,BEA_SAINC1,https://apps.bea.gov/regional/zip/SAINC.zip
California,1968,84055.7,4334,current USD millions,BEA_SAINC1,https://apps.bea.gov/regional/zip/SAINC.zip
California,1969,92160.0,4676,current USD millions,BEA_SAINC1,https://apps.bea.gov/regional/zip/SAINC.zip
California,1970,99417.5,4965,current USD millions,BEA_SAINC1,https://apps.bea.gov/regional/zip/SAINC.zip
California,1971,105987.2,5209,current USD millions,BEA_SAINC1,https://apps.bea.gov/regional/zip/SAINC.zip
California,1972,116351.1,5652,current USD millions,BEA_SAINC1,https://apps.bea.gov/regional/zip/SAINC.zip
California,1973,127777.3,6123,current USD millions,BEA_SAINC1,https://apps.bea.gov/regional/zip/SAINC.zip
California,1974,142507.4,6731,current USD millions,BEA_SAINC1,https://apps.bea.gov/regional/zip/SAINC.zip
California,1975,157639.9,7320,current USD millions,BEA_SAINC1,https://apps.bea.gov/regional/zip/SAINC.zip
California,1976,174924.8,7975,current USD millions,BEA_SAINC1,https://apps.bea.gov/regional/zip/SAINC.zip
California,1977,194032.9,8681,current USD millions,BEA_SAINC1,https://apps.bea.gov/regional/zip/SAINC.zip
California,1978,220640.1,9661,current USD millions,BEA_SAINC1,https://apps.bea.gov/regional/zip/SAINC.zip
California,1979,250181.6,10758,current USD millions,BEA_SAINC1,https://apps.bea.gov/regional/zip/SAINC.zip
California,1980,284416.7,11950,current USD millions,BEA_SAINC1,https://apps.bea.gov/regional/zip/SAINC.zip
California,1981,319356.9,13150,current USD millions,BEA_SAINC1,https://apps.bea.gov/regional/zip/SAINC.zip
California,1982,342144.7,13785,current USD millions,BEA_SAINC1,https://apps.bea.gov/regional/zip/SAINC.zip
California,1983,369925.8,14587,current USD millions,BEA_SAINC1,https://apps.bea.gov/regional/zip/SAINC.zip
California,1984,410321.6,15877,current USD millions,BEA_SAINC1,https://apps.bea.gov/regional/zip/SAINC.zip
California,1985,443888.5,16788,current USD millions,BEA_SAINC1,https://apps.bea.gov/regional/zip/SAINC.zip
California,1986,476484.5,17581,current USD millions,BEA_SAINC1,https://apps.bea.gov/regional/zip/SAINC.zip
California,1987,511613.0,18418,current USD millions,BEA_SAINC1,https://apps.bea.gov/regional/zip/SAINC.zip
California,1988,557618.0,19590,current USD millions,BEA_SAINC1,https://apps.bea.gov/regional/zip/SAINC.zip
California,1989,600193.6,20542,current USD millions,BEA_SAINC1,https://apps.bea.gov/regional/zip/SAINC.zip
California,1990,643623.8,21483,current USD millions,BEA_SAINC1,https://apps.bea.gov/regional/zip/SAINC.zip
California,1991,666607.6,21877,current USD millions,BEA_SAINC1,https://apps.bea.gov/regional/zip/SAINC.zip
California,1992,702023.5,22664,current USD millions,BEA_SAINC1,https://apps.bea.gov/regional/zip/SAINC.zip
California,1993,719014.9,22990,current USD millions,BEA_SAINC1,https://apps.bea.gov/regional/zip/SAINC.zip
California,1994,741651.8,23556,current USD millions,BEA_SAINC1,https://apps.bea.gov/regional/zip/SAINC.zip
California,1995,779604.7,24596,current USD millions,BEA_SAINC1,https://apps.bea.gov/regional/zip/SAINC.zip
California,1996,828147.2,25864,current USD millions,BEA_SAINC1,https://apps.bea.gov/regional/zip/SAINC.zip
California,1997,876440.3,26979,current USD millions,BEA_SAINC1,https://apps.bea.gov/regional/zip/SAINC.zip
California,1998,953360.5,28901,current USD millions,BEA_SAINC1,https://apps.bea.gov/regional/zip/SAINC.zip
California,1999,1022682.7,30529,current USD millions,BEA_SAINC1,https://apps.bea.gov/regional/zip/SAINC.zip
California,2000,1127550.1,33175,current USD millions,BEA_SAINC1,https://apps.bea.gov/regional/zip/SAINC.zip
California,2001,1169366.4,33915,current USD millions,BEA_SAINC1,https://apps.bea.gov/regional/zip/SAINC.zip
California,2002,1187280.9,34047,current USD millions,BEA_SAINC1,https://apps.bea.gov/regional/zip/SAINC.zip
California,2003,1240604.2,35191,current USD millions,BEA_SAINC1,https://apps.bea.gov/regional/zip/SAINC.zip
California,2004,1315172.2,36969,current USD millions,BEA_SAINC1,https://apps.bea.gov/regional/zip/SAINC.zip
California,2005,1387883.8,38737,current USD millions,BEA_SAINC1,https://apps.bea.gov/regional/zip/SAINC.zip
California,2006,1493217.0,41454,current USD millions,BEA_SAINC1,https://apps.bea.gov/regional/zip/SAINC.zip
California,2007,1561307.2,43070,current USD millions,BEA_SAINC1,https://apps.bea.gov/regional/zip/SAINC.zip
California,2008,1588294.5,43391,current USD millions,BEA_SAINC1,https://apps.bea.gov/regional/zip/SAINC.zip
California,2009,1539818.7,41660,current USD millions,BEA_SAINC1,https://apps.bea.gov/regional/zip/SAINC.zip
California,2010,1609997.5,43137,current USD millions,BEA_SAINC1,https://apps.bea.gov/regional/zip/SAINC.zip
California,2011,1713428.0,45508,current USD millions,BEA_SAINC1,https://apps.bea.gov/regional/zip/SAINC.zip
California,2012,1814763.0,47793,current USD millions,BEA_SAINC1,https://apps.bea.gov/regional/zip/SAINC.zip
California,2013,1840885.3,48074,current USD millions,BEA_SAINC1,https://apps.bea.gov/regional/zip/SAINC.zip
California,2014,1955718.0,50617,current USD millions,BEA_SAINC1,https://apps.bea.gov/regional/zip/SAINC.zip
California,2015,2097049.6,53816,current USD millions,BEA_SAINC1,https://apps.bea.gov/regional/zip/SAINC.zip
California,2016,2191138.0,55862,current USD millions,BEA_SAINC1,https://apps.bea.gov/regional/zip/SAINC.zip
California,2017,2295048.7,58214,current USD millions,BEA_SAINC1,https://apps.bea.gov/regional/zip/SAINC.zip
California,2018,2411055.1,60984,current USD millions,BEA_SAINC1,https://apps.bea.gov/regional/zip/SAINC.zip
California,2019,2539747.4,64219,current USD millions,BEA_SAINC1,https://apps.bea.gov/regional/zip/SAINC.zip
California,2020,2770488.8,70090,current USD millions,BEA_SAINC1,https://apps.bea.gov/regional/zip/SAINC.zip
California,2021,3019215.7,77113,current USD millions,BEA_SAINC1,https://apps.bea.gov/regional/zip/SAINC.zip
California,2022,3021645.5,77230,current USD millions,BEA_SAINC1,https://apps.bea.gov/regional/zip/SAINC.zip
California,2023,3182779.3,81231,current USD millions,BEA_SAINC1,https://apps.bea.gov/regional/zip/SAINC.zip
California,2024,3400237.3,86378,current USD millions,BEA_SAINC1,https://apps.bea.gov/regional/zip/SAINC.zip
California,2025,3585890.9,91116,current USD millions,BEA_SAINC1,https://apps.bea.gov/regional/zip/SAINC.zip
Colorado,1929,635.6,631,current USD millions,BEA_SAINC1,https://apps.bea.gov/regional/zip/SAINC.zip
Colorado,1930,596.8,574,current USD millions,BEA_SAINC1,https://apps.bea.gov/regional/zip/SAINC.zip
Colorado,1931,498.5,472,current USD millions,BEA_SAINC1,https://apps.bea.gov/regional/zip/SAINC.zip
Colorado,1932,380.3,357,current USD millions,BEA_SAINC1,https://apps.bea.gov/regional/zip/SAINC.zip
Colorado,1933,378.4,353,current USD millions,BEA_SAINC1,https://apps.bea.gov/regional/zip/SAINC.zip
Colorado,1934,399.5,372,current USD millions,BEA_SAINC1,https://apps.bea.gov/regional/zip/SAINC.zip
Colorado,1935,480.0,445,current USD millions,BEA_SAINC1,https://apps.bea.gov/regional/zip/SAINC.zip
Colorado,1936,590.4,542,current USD millions,BEA_SAINC1,https://apps.bea.gov/regional/zip/SAINC.zip
Colorado,1937,589.5,534,current USD millions,BEA_SAINC1,https://apps.bea.gov/regional/zip/SAINC.zip
Colorado,1938,564.5,508,current USD millions,BEA_SAINC1,https://apps.bea.gov/regional/zip/SAINC.zip
Colorado,1939,581.4,519,current USD millions,BEA_SAINC1,https://apps.bea.gov/regional/zip/SAINC.zip
Colorado,1940,619.7,548,current USD millions,BEA_SAINC1,https://apps.bea.gov/regional/zip/SAINC.zip
Colorado,1941,736.0,655,current USD millions,BEA_SAINC1,https://apps.bea.gov/regional/zip/SAINC.zip
Colorado,1942,1038.5,917,current USD millions,BEA_SAINC1,https://apps.bea.gov/regional/zip/SAINC.zip
Colorado,1943,1228.2,1067,current USD millions,BEA_SAINC1,https://apps.bea.gov/regional/zip/SAINC.zip
Colorado,1944,1221.3,1087,current USD millions,BEA_SAINC1,https://apps.bea.gov/regional/zip/SAINC.zip
Colorado,1945,1350.2,1213,current USD millions,BEA_SAINC1,https://apps.bea.gov/regional/zip/SAINC.zip
Colorado,1946,1472.3,1231,current USD millions,BEA_SAINC1,https://apps.bea.gov/regional/zip/SAINC.zip
Colorado,1947,1695.8,1372,current USD millions,BEA_SAINC1,https://apps.bea.gov/regional/zip/SAINC.zip
Colorado,1948,1880.6,1489,current USD millions,BEA_SAINC1,https://apps.bea.gov/regional/zip/SAINC.zip
Colorado,1949,1914.6,1478,current USD millions,BEA_SAINC1,https://apps.bea.gov/regional/zip/SAINC.zip
Colorado,1950,2098.9,1584,current USD millions,BEA_SAINC1,https://apps.bea.gov/regional/zip/SAINC.zip
Colorado,1951,2493.8,1881,current USD millions,BEA_SAINC1,https://apps.bea.gov/regional/zip/SAINC.zip
Colorado,1952,2692.5,1973,current USD millions,BEA_SAINC1,https://apps.bea.gov/regional/zip/SAINC.zip
Colorado,1953,2725.8,1905,current USD millions,BEA_SAINC1,https://apps.bea.gov/regional/zip/SAINC.zip
Colorado,1954,2808.7,1881,current USD millions,BEA_SAINC1,https://apps.bea.gov/regional/zip/SAINC.zip
Colorado,1955,3059.7,1979,current USD millions,BEA_SAINC1,https://apps.bea.gov/regional/zip/SAINC.zip
Colorado,1956,3376.0,2078,current USD millions,BEA_SAINC1,https://apps.bea.gov/regional/zip/SAINC.zip
Colorado,1957,3699.1,2223,current USD millions,BEA_SAINC1,https://apps.bea.gov/regional/zip/SAINC.zip
Colorado,1958,3787.1,2272,current USD millions,BEA_SAINC1,https://apps.bea.gov/regional/zip/SAINC.zip
Colorado,1959,4068.0,2379,current USD millions,BEA_SAINC1,https://apps.bea.gov/regional/zip/SAINC.zip
Colorado,1960,4353.4,2461,current USD millions,BEA_SAINC1,https://apps.bea.gov/regional/zip/SAINC.zip
Colorado,1961,4683.9,2540,current USD millions,BEA_SAINC1,https://apps.bea.gov/regional/zip/SAINC.zip
Colorado,1962,4942.1,2602,current USD millions,BEA_SAINC1,https://apps.bea.gov/regional/zip/SAINC.zip
Colorado,1963,5174.4,2673,current USD millions,BEA_SAINC1,https://apps.bea.gov/regional/zip/SAINC.zip
Colorado,1964,5474.2,2779,current USD millions,BEA_SAINC1,https://apps.bea.gov/regional/zip/SAINC.zip
Colorado,1965,5840.6,2942,current USD millions,BEA_SAINC1,https://apps.bea.gov/regional/zip/SAINC.zip
Colorado,1966,6275.8,3127,current USD millions,BEA_SAINC1,https://apps.bea.gov/regional/zip/SAINC.zip
Colorado,1967,6763.5,3294,current USD millions,BEA_SAINC1,https://apps.bea.gov/regional/zip/SAINC.zip
Colorado,1968,7502.7,3539,current USD millions,BEA_SAINC1,https://apps.bea.gov/regional/zip/SAINC.zip
Colorado,1969,8438.8,3896,current USD millions,BEA_SAINC1,https://apps.bea.gov/regional/zip/SAINC.zip
Colorado,1970,9540.2,4290,current USD millions,BEA_SAINC1,https://apps.bea.gov/regional/zip/SAINC.zip
Colorado,1971,10759.7,4671,current USD millions,BEA_SAINC1,https://apps.bea.gov/regional/zip/SAINC.zip
Colorado,1972,12176.1,5064,current USD millions,BEA_SAINC1,https://apps.bea.gov/regional/zip/SAINC.zip
Colorado,1973,13923.1,5579,current USD millions,BEA_SAINC1,https://apps.bea.gov/regional/zip/SAINC.zip
Colorado,1974,15609.2,6142,current USD millions,BEA_SAINC1,https://apps.bea.gov/regional/zip/SAINC.zip
Colorado,1975,17249.7,6670,current USD millions,BEA_SAINC1,https://apps.bea.gov/regional/zip/SAINC.zip
Colorado,1976,18981.3,7211,current USD millions,BEA_SAINC1,https://apps.bea.gov/regional/zip/SAINC.zip
Colorado,1977,21174.2,7854,current USD millions,BEA_SAINC1,https://apps.bea.gov/regional/zip/SAINC.zip
Colorado,1978,24413.5,8824,current USD millions,BEA_SAINC1,https://apps.bea.gov/regional/zip/SAINC.zip
Colorado,1979,27973.9,9818,current USD millions,BEA_SAINC1,https://apps.bea.gov/regional/zip/SAINC.zip
Colorado,1980,32052.6,11019,current USD millions,BEA_SAINC1,https://apps.bea.gov/regional/zip/SAINC.zip
Colorado,1981,36843.0,12372,current USD millions,BEA_SAINC1,https://apps.bea.gov/regional/zip/SAINC.zip
Colorado,1982,40468.9,13218,current USD millions,BEA_SAINC1,https://apps.bea.gov/regional/zip/SAINC.zip
Colorado,1983,43691.7,13943,current USD millions,BEA_SAINC1,https://apps.bea.gov/regional/zip/SAINC.zip
Colorado,1984,47578.7,15009,current USD millions,BEA_SAINC1,https://apps.bea.gov/regional/zip/SAINC.zip
Colorado,1985,50442.4,15720,current USD millions,BEA_SAINC1,https://apps.bea.gov/regional/zip/SAINC.zip
Colorado,1986,52397.1,16185,current USD millions,BEA_SAINC1,https://apps.bea.gov/regional/zip/SAINC.zip
Colorado,1987,54179.3,16617,current USD millions,BEA_SAINC1,https://apps.bea.gov/regional/zip/SAINC.zip
Colorado,1988,57482.9,17620,current USD millions,BEA_SAINC1,https://apps.bea.gov/regional/zip/SAINC.zip
Colorado,1989,61922.1,18903,current USD millions,BEA_SAINC1,https://apps.bea.gov/regional/zip/SAINC.zip
Colorado,1990,65631.6,19843,current USD millions,BEA_SAINC1,https://apps.bea.gov/regional/zip/SAINC.zip
Colorado,1991,69632.9,20558,current USD millions,BEA_SAINC1,https://apps.bea.gov/regional/zip/SAINC.zip
Colorado,1992,75511.8,21600,current USD millions,BEA_SAINC1,https://apps.bea.gov/regional/zip/SAINC.zip
Colorado,1993,81698.8,22608,current USD millions,BEA_SAINC1,https://apps.bea.gov/regional/zip/SAINC.zip
Colorado,1994,87838.9,23586,current USD millions,BEA_SAINC1,https://apps.bea.gov/regional/zip/SAINC.zip
Colorado,1995,95469.0,24948,current USD millions,BEA_SAINC1,https://apps.bea.gov/regional/zip/SAINC.zip
Colorado,1996,102974.9,26269,current USD millions,BEA_SAINC1,https://apps.bea.gov/regional/zip/SAINC.zip
Colorado,1997,110721.5,27554,current USD millions,BEA_SAINC1,https://apps.bea.gov/regional/zip/SAINC.zip
Colorado,1998,122577.9,29776,current USD millions,BEA_SAINC1,https://apps.bea.gov/regional/zip/SAINC.zip
Colorado,1999,131712.8,31167,current USD millions,BEA_SAINC1,https://apps.bea.gov/regional/zip/SAINC.zip
Colorado,2000,146560.8,33872,current USD millions,BEA_SAINC1,https://apps.bea.gov/regional/zip/SAINC.zip
Colorado,2001,154066.7,34812,current USD millions,BEA_SAINC1,https://apps.bea.gov/regional/zip/SAINC.zip
Colorado,2002,154492.3,34405,current USD millions,BEA_SAINC1,https://apps.bea.gov/regional/zip/SAINC.zip
Colorado,2003,157405.3,34757,current USD millions,BEA_SAINC1,https://apps.bea.gov/regional/zip/SAINC.zip
Colorado,2004,163568.5,35753,current USD millions,BEA_SAINC1,https://apps.bea.gov/regional/zip/SAINC.zip
Colorado,2005,174247.8,37619,current USD millions,BEA_SAINC1,https://apps.bea.gov/regional/zip/SAINC.zip
Colorado,2006,188197.0,39869,current USD millions,BEA_SAINC1,https://apps.bea.gov/regional/zip/SAINC.zip
Colorado,2007,200611.2,41760,current USD millions,BEA_SAINC1,https://apps.bea.gov/regional/zip/SAINC.zip
Colorado,2008,210065.8,42961,current USD millions,BEA_SAINC1,https://apps.bea.gov/regional/zip/SAINC.zip
Colorado,2009,200170.0,40258,current USD millions,BEA_SAINC1,https://apps.bea.gov/regional/zip/SAINC.zip
Colorado,2010,206053.4,40827,current USD millions,BEA_SAINC1,https://apps.bea.gov/regional/zip/SAINC.zip
Colorado,2011,223873.9,43735,current USD millions,BEA_SAINC1,https://apps.bea.gov/regional/zip/SAINC.zip
Colorado,2012,236033.0,45495,current USD millions,BEA_SAINC1,https://apps.bea.gov/regional/zip/SAINC.zip
Colorado,2013,247816.7,47088,current USD millions,BEA_SAINC1,https://apps.bea.gov/regional/zip/SAINC.zip
Colorado,2014,268453.1,50251,current USD millions,BEA_SAINC1,https://apps.bea.gov/regional/zip/SAINC.zip
Colorado,2015,279696.0,51401,current USD millions,BEA_SAINC1,https://apps.bea.gov/regional/zip/SAINC.zip
Colorado,2016,283678.7,51312,current USD millions,BEA_SAINC1,https://apps.bea.gov/regional/zip/SAINC.zip
Colorado,2017,303366.7,54176,current USD millions,BEA_SAINC1,https://apps.bea.gov/regional/zip/SAINC.zip
Colorado,2018,328112.7,57798,current USD millions,BEA_SAINC1,https://apps.bea.gov/regional/zip/SAINC.zip
Colorado,2019,351476.0,61278,current USD millions,BEA_SAINC1,https://apps.bea.gov/regional/zip/SAINC.zip
Colorado,2020,374449.3,64707,current USD millions,BEA_SAINC1,https://apps.bea.gov/regional/zip/SAINC.zip
Colorado,2021,418190.2,71924,current USD millions,BEA_SAINC1,https://apps.bea.gov/regional/zip/SAINC.zip
Colorado,2022,448676.8,76653,current USD millions,BEA_SAINC1,https://apps.bea.gov/regional/zip/SAINC.zip
Colorado,2023,473104.6,80021,current USD millions,BEA_SAINC1,https://apps.bea.gov/regional/zip/SAINC.zip
Colorado,2024,494798.6,82625,current USD millions,BEA_SAINC1,https://apps.bea.gov/regional/zip/SAINC.zip
Colorado,2025,518167.9,86181,current USD millions,BEA_SAINC1,https://apps.bea.gov/regional/zip/SAINC.zip
Connecticut,1929,1640.5,1029,current USD millions,BEA_SAINC1,https://apps.bea.gov/regional/zip/SAINC.zip
Connecticut,1930,1494.7,927,current USD millions,BEA_SAINC1,https://apps.bea.gov/regional/zip/SAINC.zip
Connecticut,1931,1313.1,807,current USD millions,BEA_SAINC1,https://apps.bea.gov/regional/zip/SAINC.zip
Connecticut,1932,1026.9,627,current USD millions,BEA_SAINC1,https://apps.bea.gov/regional/zip/SAINC.zip
Connecticut,1933,970.3,591,current USD millions,BEA_SAINC1,https://apps.bea.gov/regional/zip/SAINC.zip
Connecticut,1934,1091.2,661,current USD millions,BEA_SAINC1,https://apps.bea.gov/regional/zip/SAINC.zip
Connecticut,1935,1191.0,715,current USD millions,BEA_SAINC1,https://apps.bea.gov/regional/zip/SAINC.zip
Connecticut,1936,1362.2,815,current USD millions,BEA_SAINC1,https://apps.bea.gov/regional/zip/SAINC.zip
Connecticut,1937,1459.3,870,current USD millions,BEA_SAINC1,https://apps.bea.gov/regional/zip/SAINC.zip
Connecticut,1938,1312.0,779,current USD millions,BEA_SAINC1,https://apps.bea.gov/regional/zip/SAINC.zip
Connecticut,1939,1436.6,847,current USD millions,BEA_SAINC1,https://apps.bea.gov/regional/zip/SAINC.zip
Connecticut,1940,1589.7,931,current USD millions,BEA_SAINC1,https://apps.bea.gov/regional/zip/SAINC.zip
Connecticut,1941,2029.9,1159,current USD millions,BEA_SAINC1,https://apps.bea.gov/regional/zip/SAINC.zip
Connecticut,1942,2588.3,1440,current USD millions,BEA_SAINC1,https://apps.bea.gov/regional/zip/SAINC.zip
Connecticut,1943,2912.4,1621,current USD millions,BEA_SAINC1,https://apps.bea.gov/regional/zip/SAINC.zip
Connecticut,1944,2921.7,1622,current USD millions,BEA_SAINC1,https://apps.bea.gov/regional/zip/SAINC.zip
Connecticut,1945,2837.5,1592,current USD millions,BEA_SAINC1,https://apps.bea.gov/regional/zip/SAINC.zip
Connecticut,1946,3058.0,1600,current USD millions,BEA_SAINC1,https://apps.bea.gov/regional/zip/SAINC.zip
Connecticut,1947,3387.8,1721,current USD millions,BEA_SAINC1,https://apps.bea.gov/regional/zip/SAINC.zip
Connecticut,1948,3508.9,1742,current USD millions,BEA_SAINC1,https://apps.bea.gov/regional/zip/SAINC.zip
Connecticut,1949,3417.3,1682,current USD millions,BEA_SAINC1,https://apps.bea.gov/regional/zip/SAINC.zip
Connecticut,1950,3867.6,1918,current USD millions,BEA_SAINC1,https://apps.bea.gov/regional/zip/SAINC.zip
Connecticut,1951,4444.2,2191,current USD millions,BEA_SAINC1,https://apps.bea.gov/regional/zip/SAINC.zip
Connecticut,1952,4860.8,2336,current USD millions,BEA_SAINC1,https://apps.bea.gov/regional/zip/SAINC.zip
Connecticut,1953,5269.9,2431,current USD millions,BEA_SAINC1,https://apps.bea.gov/regional/zip/SAINC.zip
Connecticut,1954,5373.8,2389,current USD millions,BEA_SAINC1,https://apps.bea.gov/regional/zip/SAINC.zip
Connecticut,1955,5787.9,2516,current USD millions,BEA_SAINC1,https://apps.bea.gov/regional/zip/SAINC.zip
Connecticut,1956,6323.5,2730,current USD millions,BEA_SAINC1,https://apps.bea.gov/regional/zip/SAINC.zip
Connecticut,1957,6744.3,2859,current USD millions,BEA_SAINC1,https://apps.bea.gov/regional/zip/SAINC.zip
Connecticut,1958,6538.0,2673,current USD millions,BEA_SAINC1,https://apps.bea.gov/regional/zip/SAINC.zip
Connecticut,1959,6986.9,2769,current USD millions,BEA_SAINC1,https://apps.bea.gov/regional/zip/SAINC.zip
Connecticut,1960,7276.1,2860,current USD millions,BEA_SAINC1,https://apps.bea.gov/regional/zip/SAINC.zip
Connecticut,1961,7701.7,2978,current USD millions,BEA_SAINC1,https://apps.bea.gov/regional/zip/SAINC.zip
Connecticut,1962,8227.2,3108,current USD millions,BEA_SAINC1,https://apps.bea.gov/regional/zip/SAINC.zip
Connecticut,1963,8691.1,3187,current USD millions,BEA_SAINC1,https://apps.bea.gov/regional/zip/SAINC.zip
Connecticut,1964,9334.8,3336,current USD millions,BEA_SAINC1,https://apps.bea.gov/regional/zip/SAINC.zip
Connecticut,1965,10038.6,3514,current USD millions,BEA_SAINC1,https://apps.bea.gov/regional/zip/SAINC.zip
Connecticut,1966,11023.5,3797,current USD millions,BEA_SAINC1,https://apps.bea.gov/regional/zip/SAINC.zip
Connecticut,1967,12086.4,4118,current USD millions,BEA_SAINC1,https://apps.bea.gov/regional/zip/SAINC.zip
Connecticut,1968,12828.8,4328,current USD millions,BEA_SAINC1,https://apps.bea.gov/regional/zip/SAINC.zip
Connecticut,1969,14692.5,4898,current USD millions,BEA_SAINC1,https://apps.bea.gov/regional/zip/SAINC.zip
Connecticut,1970,15673.8,5158,current USD millions,BEA_SAINC1,https://apps.bea.gov/regional/zip/SAINC.zip
Connecticut,1971,16514.4,5394,current USD millions,BEA_SAINC1,https://apps.bea.gov/regional/zip/SAINC.zip
Connecticut,1972,17804.7,5800,current USD millions,BEA_SAINC1,https://apps.bea.gov/regional/zip/SAINC.zip
Connecticut,1973,19393.4,6319,current USD millions,BEA_SAINC1,https://apps.bea.gov/regional/zip/SAINC.zip
Connecticut,1974,21157.2,6879,current USD millions,BEA_SAINC1,https://apps.bea.gov/regional/zip/SAINC.zip
Connecticut,1975,22725.5,7367,current USD millions,BEA_SAINC1,https://apps.bea.gov/regional/zip/SAINC.zip
Connecticut,1976,24536.4,7951,current USD millions,BEA_SAINC1,https://apps.bea.gov/regional/zip/SAINC.zip
Connecticut,1977,27032.7,8752,current USD millions,BEA_SAINC1,https://apps.bea.gov/regional/zip/SAINC.zip
Connecticut,1978,30080.9,9720,current USD millions,BEA_SAINC1,https://apps.bea.gov/regional/zip/SAINC.zip
Connecticut,1979,33816.5,10909,current USD millions,BEA_SAINC1,https://apps.bea.gov/regional/zip/SAINC.zip
Connecticut,1980,38512.1,12371,current USD millions,BEA_SAINC1,https://apps.bea.gov/regional/zip/SAINC.zip
Connecticut,1981,43179.2,13800,current USD millions,BEA_SAINC1,https://apps.bea.gov/regional/zip/SAINC.zip
Connecticut,1982,46620.4,14852,current USD millions,BEA_SAINC1,https://apps.bea.gov/regional/zip/SAINC.zip
Connecticut,1983,49957.3,15797,current USD millions,BEA_SAINC1,https://apps.bea.gov/regional/zip/SAINC.zip
Connecticut,1984,55764.3,17536,current USD millions,BEA_SAINC1,https://apps.bea.gov/regional/zip/SAINC.zip
Connecticut,1985,59933.9,18723,current USD millions,BEA_SAINC1,https://apps.bea.gov/regional/zip/SAINC.zip
Connecticut,1986,64498.7,20007,current USD millions,BEA_SAINC1,https://apps.bea.gov/regional/zip/SAINC.zip
Connecticut,1987,70109.8,21590,current USD millions,BEA_SAINC1,https://apps.bea.gov/regional/zip/SAINC.zip
Connecticut,1988,77602.1,23717,current USD millions,BEA_SAINC1,https://apps.bea.gov/regional/zip/SAINC.zip
Connecticut,1989,84161.9,25633,current USD millions,BEA_SAINC1,https://apps.bea.gov/regional/zip/SAINC.zip
Connecticut,1990,86883.1,26392,current USD millions,BEA_SAINC1,https://apps.bea.gov/regional/zip/SAINC.zip
Connecticut,1991,87907.6,26615,current USD millions,BEA_SAINC1,https://apps.bea.gov/regional/zip/SAINC.zip
Connecticut,1992,94201.4,28540,current USD millions,BEA_SAINC1,https://apps.bea.gov/regional/zip/SAINC.zip
Connecticut,1993,97257.7,29390,current USD millions,BEA_SAINC1,https://apps.bea.gov/regional/zip/SAINC.zip
Connecticut,1994,99992.5,30153,current USD millions,BEA_SAINC1,https://apps.bea.gov/regional/zip/SAINC.zip
Connecticut,1995,105483.8,31733,current USD millions,BEA_SAINC1,https://apps.bea.gov/regional/zip/SAINC.zip
Connecticut,1996,110516.0,33122,current USD millions,BEA_SAINC1,https://apps.bea.gov/regional/zip/SAINC.zip
Connecticut,1997,117285.4,35017,current USD millions,BEA_SAINC1,https://apps.bea.gov/regional/zip/SAINC.zip
Connecticut,1998,126666.4,37638,current USD millions,BEA_SAINC1,https://apps.bea.gov/regional/zip/SAINC.zip
Connecticut,1999,133690.1,39479,current USD millions,BEA_SAINC1,https://apps.bea.gov/regional/zip/SAINC.zip
Connecticut,2000,146216.9,42857,current USD millions,BEA_SAINC1,https://apps.bea.gov/regional/zip/SAINC.zip
Connecticut,2001,154585.9,45032,current USD millions,BEA_SAINC1,https://apps.bea.gov/regional/zip/SAINC.zip
Connecticut,2002,154452.8,44656,current USD millions,BEA_SAINC1,https://apps.bea.gov/regional/zip/SAINC.zip
Connecticut,2003,156438.6,44898,current USD millions,BEA_SAINC1,https://apps.bea.gov/regional/zip/SAINC.zip
Connecticut,2004,164657.4,47098,current USD millions,BEA_SAINC1,https://apps.bea.gov/regional/zip/SAINC.zip
Connecticut,2005,173328.8,49424,current USD millions,BEA_SAINC1,https://apps.bea.gov/regional/zip/SAINC.zip
Connecticut,2006,187213.1,53224,current USD millions,BEA_SAINC1,https://apps.bea.gov/regional/zip/SAINC.zip
Connecticut,2007,201450.4,57112,current USD millions,BEA_SAINC1,https://apps.bea.gov/regional/zip/SAINC.zip
Connecticut,2008,214658.2,60543,current USD millions,BEA_SAINC1,https://apps.bea.gov/regional/zip/SAINC.zip
Connecticut,2009,212233.8,59586,current USD millions,BEA_SAINC1,https://apps.bea.gov/regional/zip/SAINC.zip
Connecticut,2010,219801.3,61392,current USD millions,BEA_SAINC1,https://apps.bea.gov/regional/zip/SAINC.zip
Connecticut,2011,226305.8,62964,current USD millions,BEA_SAINC1,https://apps.bea.gov/regional/zip/SAINC.zip
Connecticut,2012,229133.1,63556,current USD millions,BEA_SAINC1,https://apps.bea.gov/regional/zip/SAINC.zip
Connecticut,2013,223834.3,62000,current USD millions,BEA_SAINC1,https://apps.bea.gov/regional/zip/SAINC.zip
Connecticut,2014,233084.0,64484,current USD millions,BEA_SAINC1,https://apps.bea.gov/regional/zip/SAINC.zip
Connecticut,2015,239184.9,66222,current USD millions,BEA_SAINC1,https://apps.bea.gov/regional/zip/SAINC.zip
Connecticut,2016,243698.7,67551,current USD millions,BEA_SAINC1,https://apps.bea.gov/regional/zip/SAINC.zip
Connecticut,2017,249451.1,69147,current USD millions,BEA_SAINC1,https://apps.bea.gov/regional/zip/SAINC.zip
Connecticut,2018,260582.2,72159,current USD millions,BEA_SAINC1,https://apps.bea.gov/regional/zip/SAINC.zip
Connecticut,2019,267564.2,74176,current USD millions,BEA_SAINC1,https://apps.bea.gov/regional/zip/SAINC.zip
Connecticut,2020,275029.8,76832,current USD millions,BEA_SAINC1,https://apps.bea.gov/regional/zip/SAINC.zip
Connecticut,2021,296291.5,82126,current USD millions,BEA_SAINC1,https://apps.bea.gov/regional/zip/SAINC.zip
Connecticut,2022,309011.4,85393,current USD millions,BEA_SAINC1,https://apps.bea.gov/regional/zip/SAINC.zip
Connecticut,2023,328729.9,90276,current USD millions,BEA_SAINC1,https://apps.bea.gov/regional/zip/SAINC.zip
Connecticut,2024,349377.1,95083,current USD millions,BEA_SAINC1,https://apps.bea.gov/regional/zip/SAINC.zip
Connecticut,2025,364716.0,98879,current USD millions,BEA_SAINC1,https://apps.bea.gov/regional/zip/SAINC.zip
Delaware,1929,243.4,1031,current USD millions,BEA_SAINC1,https://apps.bea.gov/regional/zip/SAINC.zip
Delaware,1930,205.1,858,current USD millions,BEA_SAINC1,https://apps.bea.gov/regional/zip/SAINC.zip
Delaware,1931,187.7,776,current USD millions,BEA_SAINC1,https://apps.bea.gov/regional/zip/SAINC.zip
Delaware,1932,144.9,591,current USD millions,BEA_SAINC1,https://apps.bea.gov/regional/zip/SAINC.zip
Delaware,1933,140.4,566,current USD millions,BEA_SAINC1,https://apps.bea.gov/regional/zip/SAINC.zip
Delaware,1934,161.8,647,current USD millions,BEA_SAINC1,https://apps.bea.gov/regional/zip/SAINC.zip
Delaware,1935,177.9,706,current USD millions,BEA_SAINC1,https://apps.bea.gov/regional/zip/SAINC.zip
Delaware,1936,220.5,872,current USD millions,BEA_SAINC1,https://apps.bea.gov/regional/zip/SAINC.zip
Delaware,1937,242.7,955,current USD millions,BEA_SAINC1,https://apps.bea.gov/regional/zip/SAINC.zip
Delaware,1938,205.9,801,current USD millions,BEA_SAINC1,https://apps.bea.gov/regional/zip/SAINC.zip
Delaware,1939,238.6,907,current USD millions,BEA_SAINC1,https://apps.bea.gov/regional/zip/SAINC.zip
Delaware,1940,279.2,1038,current USD millions,BEA_SAINC1,https://apps.bea.gov/regional/zip/SAINC.zip
Delaware,1941,325.4,1179,current USD millions,BEA_SAINC1,https://apps.bea.gov/regional/zip/SAINC.zip
Delaware,1942,368.6,1312,current USD millions,BEA_SAINC1,https://apps.bea.gov/regional/zip/SAINC.zip
Delaware,1943,419.0,1491,current USD millions,BEA_SAINC1,https://apps.bea.gov/regional/zip/SAINC.zip
Delaware,1944,437.2,1529,current USD millions,BEA_SAINC1,https://apps.bea.gov/regional/zip/SAINC.zip
Delaware,1945,443.9,1552,current USD millions,BEA_SAINC1,https://apps.bea.gov/regional/zip/SAINC.zip
Delaware,1946,473.7,1579,current USD millions,BEA_SAINC1,https://apps.bea.gov/regional/zip/SAINC.zip
Delaware,1947,513.0,1677,current USD millions,BEA_SAINC1,https://apps.bea.gov/regional/zip/SAINC.zip
Delaware,1948,523.9,1679,current USD millions,BEA_SAINC1,https://apps.bea.gov/regional/zip/SAINC.zip
Delaware,1949,570.0,1804,current USD millions,BEA_SAINC1,https://apps.bea.gov/regional/zip/SAINC.zip
Delaware,1950,668.2,2082,current USD millions,BEA_SAINC1,https://apps.bea.gov/regional/zip/SAINC.zip
Delaware,1951,717.7,2168,current USD millions,BEA_SAINC1,https://apps.bea.gov/regional/zip/SAINC.zip
Delaware,1952,770.1,2258,current USD millions,BEA_SAINC1,https://apps.bea.gov/regional/zip/SAINC.zip
Delaware,1953,825.0,2350,current USD millions,BEA_SAINC1,https://apps.bea.gov/regional/zip/SAINC.zip
Delaware,1954,857.0,2329,current USD millions,BEA_SAINC1,https://apps.bea.gov/regional/zip/SAINC.zip
Delaware,1955,988.9,2542,current USD millions,BEA_SAINC1,https://apps.bea.gov/regional/zip/SAINC.zip
Delaware,1956,1141.3,2797,current USD millions,BEA_SAINC1,https://apps.bea.gov/regional/zip/SAINC.zip
Delaware,1957,1149.0,2697,current USD millions,BEA_SAINC1,https://apps.bea.gov/regional/zip/SAINC.zip
Delaware,1958,1181.0,2728,current USD millions,BEA_SAINC1,https://apps.bea.gov/regional/zip/SAINC.zip
Delaware,1959,1231.6,2793,current USD millions,BEA_SAINC1,https://apps.bea.gov/regional/zip/SAINC.zip
Delaware,1960,1290.1,2873,current USD millions,BEA_SAINC1,https://apps.bea.gov/regional/zip/SAINC.zip
Delaware,1961,1331.2,2888,current USD millions,BEA_SAINC1,https://apps.bea.gov/regional/zip/SAINC.zip
Delaware,1962,1413.5,3014,current USD millions,BEA_SAINC1,https://apps.bea.gov/regional/zip/SAINC.zip
Delaware,1963,1516.7,3140,current USD millions,BEA_SAINC1,https://apps.bea.gov/regional/zip/SAINC.zip
Delaware,1964,1641.2,3302,current USD millions,BEA_SAINC1,https://apps.bea.gov/regional/zip/SAINC.zip
Delaware,1965,1805.7,3561,current USD millions,BEA_SAINC1,https://apps.bea.gov/regional/zip/SAINC.zip
Delaware,1966,1902.6,3687,current USD millions,BEA_SAINC1,https://apps.bea.gov/regional/zip/SAINC.zip
Delaware,1967,2030.6,3868,current USD millions,BEA_SAINC1,https://apps.bea.gov/regional/zip/SAINC.zip
Delaware,1968,2215.2,4148,current USD millions,BEA_SAINC1,https://apps.bea.gov/regional/zip/SAINC.zip
Delaware,1969,2441.2,4521,current USD millions,BEA_SAINC1,https://apps.bea.gov/regional/zip/SAINC.zip
Delaware,1970,2599.9,4724,current USD millions,BEA_SAINC1,https://apps.bea.gov/regional/zip/SAINC.zip
Delaware,1971,2844.1,5032,current USD millions,BEA_SAINC1,https://apps.bea.gov/regional/zip/SAINC.zip
Delaware,1972,3124.9,5446,current USD millions,BEA_SAINC1,https://apps.bea.gov/regional/zip/SAINC.zip
Delaware,1973,3462.3,5979,current USD millions,BEA_SAINC1,https://apps.bea.gov/regional/zip/SAINC.zip
Delaware,1974,3747.1,6426,current USD millions,BEA_SAINC1,https://apps.bea.gov/regional/zip/SAINC.zip
Delaware,1975,4029.2,6844,current USD millions,BEA_SAINC1,https://apps.bea.gov/regional/zip/SAINC.zip
Delaware,1976,4404.0,7430,current USD millions,BEA_SAINC1,https://apps.bea.gov/regional/zip/SAINC.zip
Delaware,1977,4741.1,7971,current USD millions,BEA_SAINC1,https://apps.bea.gov/regional/zip/SAINC.zip
Delaware,1978,5201.6,8696,current USD millions,BEA_SAINC1,https://apps.bea.gov/regional/zip/SAINC.zip
Delaware,1979,5718.3,9549,current USD millions,BEA_SAINC1,https://apps.bea.gov/regional/zip/SAINC.zip
Delaware,1980,6434.0,10815,current USD millions,BEA_SAINC1,https://apps.bea.gov/regional/zip/SAINC.zip
Delaware,1981,7083.8,11886,current USD millions,BEA_SAINC1,https://apps.bea.gov/regional/zip/SAINC.zip
Delaware,1982,7621.2,12720,current USD millions,BEA_SAINC1,https://apps.bea.gov/regional/zip/SAINC.zip
Delaware,1983,8132.0,13431,current USD millions,BEA_SAINC1,https://apps.bea.gov/regional/zip/SAINC.zip
Delaware,1984,8954.9,14643,current USD millions,BEA_SAINC1,https://apps.bea.gov/regional/zip/SAINC.zip
Delaware,1985,9723.7,15727,current USD millions,BEA_SAINC1,https://apps.bea.gov/regional/zip/SAINC.zip
Delaware,1986,10349.5,16492,current USD millions,BEA_SAINC1,https://apps.bea.gov/regional/zip/SAINC.zip
Delaware,1987,11139.9,17490,current USD millions,BEA_SAINC1,https://apps.bea.gov/regional/zip/SAINC.zip
Delaware,1988,12247.5,18912,current USD millions,BEA_SAINC1,https://apps.bea.gov/regional/zip/SAINC.zip
Delaware,1989,13621.0,20692,current USD millions,BEA_SAINC1,https://apps.bea.gov/regional/zip/SAINC.zip
Delaware,1990,14370.2,21462,current USD millions,BEA_SAINC1,https://apps.bea.gov/regional/zip/SAINC.zip
Delaware,1991,15216.4,22276,current USD millions,BEA_SAINC1,https://apps.bea.gov/regional/zip/SAINC.zip
Delaware,1992,15849.8,22808,current USD millions,BEA_SAINC1,https://apps.bea.gov/regional/zip/SAINC.zip
Delaware,1993,16458.4,23300,current USD millions,BEA_SAINC1,https://apps.bea.gov/regional/zip/SAINC.zip
Delaware,1994,17157.6,23912,current USD millions,BEA_SAINC1,https://apps.bea.gov/regional/zip/SAINC.zip
Delaware,1995,18157.1,24882,current USD millions,BEA_SAINC1,https://apps.bea.gov/regional/zip/SAINC.zip
Delaware,1996,19406.1,26190,current USD millions,BEA_SAINC1,https://apps.bea.gov/regional/zip/SAINC.zip
Delaware,1997,20306.5,27022,current USD millions,BEA_SAINC1,https://apps.bea.gov/regional/zip/SAINC.zip
Delaware,1998,22475.7,29444,current USD millions,BEA_SAINC1,https://apps.bea.gov/regional/zip/SAINC.zip
Delaware,1999,24116.7,31119,current USD millions,BEA_SAINC1,https://apps.bea.gov/regional/zip/SAINC.zip
Delaware,2000,26586.9,33810,current USD millions,BEA_SAINC1,https://apps.bea.gov/regional/zip/SAINC.zip
Delaware,2001,29374.8,36917,current USD millions,BEA_SAINC1,https://apps.bea.gov/regional/zip/SAINC.zip
Delaware,2002,30360.3,37660,current USD millions,BEA_SAINC1,https://apps.bea.gov/regional/zip/SAINC.zip
Delaware,2003,31071.8,37985,current USD millions,BEA_SAINC1,https://apps.bea.gov/regional/zip/SAINC.zip
Delaware,2004,32271.3,38843,current USD millions,BEA_SAINC1,https://apps.bea.gov/regional/zip/SAINC.zip
Delaware,2005,33073.3,39133,current USD millions,BEA_SAINC1,https://apps.bea.gov/regional/zip/SAINC.zip
Delaware,2006,35003.1,40736,current USD millions,BEA_SAINC1,https://apps.bea.gov/regional/zip/SAINC.zip
Delaware,2007,36211.4,41539,current USD millions,BEA_SAINC1,https://apps.bea.gov/regional/zip/SAINC.zip
Delaware,2008,36462.9,41254,current USD millions,BEA_SAINC1,https://apps.bea.gov/regional/zip/SAINC.zip
Delaware,2009,36610.7,41056,current USD millions,BEA_SAINC1,https://apps.bea.gov/regional/zip/SAINC.zip
Delaware,2010,36980.8,41100,current USD millions,BEA_SAINC1,https://apps.bea.gov/regional/zip/SAINC.zip
Delaware,2011,39760.6,43779,current USD millions,BEA_SAINC1,https://apps.bea.gov/regional/zip/SAINC.zip
Delaware,2012,40122.6,43771,current USD millions,BEA_SAINC1,https://apps.bea.gov/regional/zip/SAINC.zip
Delaware,2013,40677.8,43943,current USD millions,BEA_SAINC1,https://apps.bea.gov/regional/zip/SAINC.zip
Delaware,2014,42422.9,45359,current USD millions,BEA_SAINC1,https://apps.bea.gov/regional/zip/SAINC.zip
Delaware,2015,44626.3,47238,current USD millions,BEA_SAINC1,https://apps.bea.gov/regional/zip/SAINC.zip
Delaware,2016,45928.4,48186,current USD millions,BEA_SAINC1,https://apps.bea.gov/regional/zip/SAINC.zip
Delaware,2017,48077.1,49997,current USD millions,BEA_SAINC1,https://apps.bea.gov/regional/zip/SAINC.zip
Delaware,2018,51150.4,52670,current USD millions,BEA_SAINC1,https://apps.bea.gov/regional/zip/SAINC.zip
Delaware,2019,52774.4,53778,current USD millions,BEA_SAINC1,https://apps.bea.gov/regional/zip/SAINC.zip
Delaware,2020,55069.8,55520,current USD millions,BEA_SAINC1,https://apps.bea.gov/regional/zip/SAINC.zip
Delaware,2021,60175.9,59869,current USD millions,BEA_SAINC1,https://apps.bea.gov/regional/zip/SAINC.zip
Delaware,2022,65386.9,64087,current USD millions,BEA_SAINC1,https://apps.bea.gov/regional/zip/SAINC.zip
Delaware,2023,66943.8,64658,current USD millions,BEA_SAINC1,https://apps.bea.gov/regional/zip/SAINC.zip
Delaware,2024,71594.2,68177,current USD millions,BEA_SAINC1,https://apps.bea.gov/regional/zip/SAINC.zip
Delaware,2025,75635.2,71357,current USD millions,BEA_SAINC1,https://apps.bea.gov/regional/zip/SAINC.zip
District of Columbia,1929,639.3,1324,current USD millions,BEA_SAINC1,https://apps.bea.gov/regional/zip/SAINC.zip
District of Columbia,1930,641.4,1314,current USD millions,BEA_SAINC1,https://apps.bea.gov/regional/zip/SAINC.zip
District of Columbia,1931,631.7,1253,current USD millions,BEA_SAINC1,https://apps.bea.gov/regional/zip/SAINC.zip
District of Columbia,1932,567.9,1107,current USD millions,BEA_SAINC1,https://apps.bea.gov/regional/zip/SAINC.zip
District of Columbia,1933,500.2,945,current USD millions,BEA_SAINC1,https://apps.bea.gov/regional/zip/SAINC.zip
District of Columbia,1934,547.2,963,current USD millions,BEA_SAINC1,https://apps.bea.gov/regional/zip/SAINC.zip
District of Columbia,1935,626.8,1031,current USD millions,BEA_SAINC1,https://apps.bea.gov/regional/zip/SAINC.zip
District of Columbia,1936,719.0,1143,current USD millions,BEA_SAINC1,https://apps.bea.gov/regional/zip/SAINC.zip
District of Columbia,1937,745.7,1211,current USD millions,BEA_SAINC1,https://apps.bea.gov/regional/zip/SAINC.zip
District of Columbia,1938,728.4,1142,current USD millions,BEA_SAINC1,https://apps.bea.gov/regional/zip/SAINC.zip
District of Columbia,1939,766.2,1164,current USD millions,BEA_SAINC1,https://apps.bea.gov/regional/zip/SAINC.zip
District of Columbia,1940,842.4,1221,current USD millions,BEA_SAINC1,https://apps.bea.gov/regional/zip/SAINC.zip
District of Columbia,1941,971.3,1271,current USD millions,BEA_SAINC1,https://apps.bea.gov/regional/zip/SAINC.zip
District of Columbia,1942,1247.0,1474,current USD millions,BEA_SAINC1,https://apps.bea.gov/regional/zip/SAINC.zip
District of Columbia,1943,1447.6,1630,current USD millions,BEA_SAINC1,https://apps.bea.gov/regional/zip/SAINC.zip
District of Columbia,1944,1439.3,1670,current USD millions,BEA_SAINC1,https://apps.bea.gov/regional/zip/SAINC.zip
District of Columbia,1945,1516.9,1754,current USD millions,BEA_SAINC1,https://apps.bea.gov/regional/zip/SAINC.zip
District of Columbia,1946,1630.7,1826,current USD millions,BEA_SAINC1,https://apps.bea.gov/regional/zip/SAINC.zip
District of Columbia,1947,1639.5,1878,current USD millions,BEA_SAINC1,https://apps.bea.gov/regional/zip/SAINC.zip
District of Columbia,1948,1780.6,2120,current USD millions,BEA_SAINC1,https://apps.bea.gov/regional/zip/SAINC.zip
District of Columbia,1949,1844.8,2286,current USD millions,BEA_SAINC1,https://apps.bea.gov/regional/zip/SAINC.zip
District of Columbia,1950,1956.5,2427,current USD millions,BEA_SAINC1,https://apps.bea.gov/regional/zip/SAINC.zip
District of Columbia,1951,2058.2,2547,current USD millions,BEA_SAINC1,https://apps.bea.gov/regional/zip/SAINC.zip
District of Columbia,1952,2167.7,2693,current USD millions,BEA_SAINC1,https://apps.bea.gov/regional/zip/SAINC.zip
District of Columbia,1953,2105.1,2599,current USD millions,BEA_SAINC1,https://apps.bea.gov/regional/zip/SAINC.zip
District of Columbia,1954,2073.5,2621,current USD millions,BEA_SAINC1,https://apps.bea.gov/regional/zip/SAINC.zip
District of Columbia,1955,2058.8,2623,current USD millions,BEA_SAINC1,https://apps.bea.gov/regional/zip/SAINC.zip
District of Columbia,1956,2155.8,2840,current USD millions,BEA_SAINC1,https://apps.bea.gov/regional/zip/SAINC.zip
District of Columbia,1957,2242.3,2939,current USD millions,BEA_SAINC1,https://apps.bea.gov/regional/zip/SAINC.zip
District of Columbia,1958,2291.8,3027,current USD millions,BEA_SAINC1,https://apps.bea.gov/regional/zip/SAINC.zip
District of Columbia,1959,2363.4,3106,current USD millions,BEA_SAINC1,https://apps.bea.gov/regional/zip/SAINC.zip
District of Columbia,1960,2390.4,3125,current USD millions,BEA_SAINC1,https://apps.bea.gov/regional/zip/SAINC.zip
District of Columbia,1961,2517.4,3236,current USD millions,BEA_SAINC1,https://apps.bea.gov/regional/zip/SAINC.zip
District of Columbia,1962,2709.2,3438,current USD millions,BEA_SAINC1,https://apps.bea.gov/regional/zip/SAINC.zip
District of Columbia,1963,2876.7,3605,current USD millions,BEA_SAINC1,https://apps.bea.gov/regional/zip/SAINC.zip
District of Columbia,1964,3054.2,3827,current USD millions,BEA_SAINC1,https://apps.bea.gov/regional/zip/SAINC.zip
District of Columbia,1965,3290.8,4129,current USD millions,BEA_SAINC1,https://apps.bea.gov/regional/zip/SAINC.zip
District of Columbia,1966,3436.4,4344,current USD millions,BEA_SAINC1,https://apps.bea.gov/regional/zip/SAINC.zip
District of Columbia,1967,3682.0,4655,current USD millions,BEA_SAINC1,https://apps.bea.gov/regional/zip/SAINC.zip
District of Columbia,1968,3865.3,4968,current USD millions,BEA_SAINC1,https://apps.bea.gov/regional/zip/SAINC.zip
District of Columbia,1969,3763.5,4939,current USD millions,BEA_SAINC1,https://apps.bea.gov/regional/zip/SAINC.zip
District of Columbia,1970,4174.4,5528,current USD millions,BEA_SAINC1,https://apps.bea.gov/regional/zip/SAINC.zip
District of Columbia,1971,4647.0,6191,current USD millions,BEA_SAINC1,https://apps.bea.gov/regional/zip/SAINC.zip
District of Columbia,1972,5043.5,6781,current USD millions,BEA_SAINC1,https://apps.bea.gov/regional/zip/SAINC.zip
District of Columbia,1973,5316.1,7246,current USD millions,BEA_SAINC1,https://apps.bea.gov/regional/zip/SAINC.zip
District of Columbia,1974,5768.7,8004,current USD millions,BEA_SAINC1,https://apps.bea.gov/regional/zip/SAINC.zip
District of Columbia,1975,6274.7,8834,current USD millions,BEA_SAINC1,https://apps.bea.gov/regional/zip/SAINC.zip
District of Columbia,1976,6648.1,9548,current USD millions,BEA_SAINC1,https://apps.bea.gov/regional/zip/SAINC.zip
District of Columbia,1977,7137.5,10469,current USD millions,BEA_SAINC1,https://apps.bea.gov/regional/zip/SAINC.zip
District of Columbia,1978,7604.4,11349,current USD millions,BEA_SAINC1,https://apps.bea.gov/regional/zip/SAINC.zip
District of Columbia,1979,8001.4,12204,current USD millions,BEA_SAINC1,https://apps.bea.gov/regional/zip/SAINC.zip
District of Columbia,1980,8446.9,13234,current USD millions,BEA_SAINC1,https://apps.bea.gov/regional/zip/SAINC.zip
District of Columbia,1981,9074.2,14248,current USD millions,BEA_SAINC1,https://apps.bea.gov/regional/zip/SAINC.zip
District of Columbia,1982,9672.8,15253,current USD millions,BEA_SAINC1,https://apps.bea.gov/regional/zip/SAINC.zip
District of Columbia,1983,10187.2,16108,current USD millions,BEA_SAINC1,https://apps.bea.gov/regional/zip/SAINC.zip
District of Columbia,1984,11098.9,17523,current USD millions,BEA_SAINC1,https://apps.bea.gov/regional/zip/SAINC.zip
District of Columbia,1985,11764.0,18539,current USD millions,BEA_SAINC1,https://apps.bea.gov/regional/zip/SAINC.zip
District of Columbia,1986,12380.8,19397,current USD millions,BEA_SAINC1,https://apps.bea.gov/regional/zip/SAINC.zip
District of Columbia,1987,13015.3,20434,current USD millions,BEA_SAINC1,https://apps.bea.gov/regional/zip/SAINC.zip
District of Columbia,1988,14289.3,22666,current USD millions,BEA_SAINC1,https://apps.bea.gov/regional/zip/SAINC.zip
District of Columbia,1989,15131.5,24243,current USD millions,BEA_SAINC1,https://apps.bea.gov/regional/zip/SAINC.zip
District of Columbia,1990,15808.9,26117,current USD millions,BEA_SAINC1,https://apps.bea.gov/regional/zip/SAINC.zip
District of Columbia,1991,16540.3,27527,current USD millions,BEA_SAINC1,https://apps.bea.gov/regional/zip/SAINC.zip
District of Columbia,1992,17350.7,29036,current USD millions,BEA_SAINC1,https://apps.bea.gov/regional/zip/SAINC.zip
District of Columbia,1993,18044.2,30311,current USD millions,BEA_SAINC1,https://apps.bea.gov/regional/zip/SAINC.zip
District of Columbia,1994,18457.7,31325,current USD millions,BEA_SAINC1,https://apps.bea.gov/regional/zip/SAINC.zip
District of Columbia,1995,18588.9,32021,current USD millions,BEA_SAINC1,https://apps.bea.gov/regional/zip/SAINC.zip
District of Columbia,1996,19345.9,33799,current USD millions,BEA_SAINC1,https://apps.bea.gov/regional/zip/SAINC.zip
District of Columbia,1997,20243.5,35657,current USD millions,BEA_SAINC1,https://apps.bea.gov/regional/zip/SAINC.zip
District of Columbia,1998,21514.7,38064,current USD millions,BEA_SAINC1,https://apps.bea.gov/regional/zip/SAINC.zip
District of Columbia,1999,22625.2,39679,current USD millions,BEA_SAINC1,https://apps.bea.gov/regional/zip/SAINC.zip
District of Columbia,2000,24827.6,43401,current USD millions,BEA_SAINC1,https://apps.bea.gov/regional/zip/SAINC.zip
District of Columbia,2001,25742.9,44809,current USD millions,BEA_SAINC1,https://apps.bea.gov/regional/zip/SAINC.zip
District of Columbia,2002,25863.4,45124,current USD millions,BEA_SAINC1,https://apps.bea.gov/regional/zip/SAINC.zip
District of Columbia,2003,26138.6,45978,current USD millions,BEA_SAINC1,https://apps.bea.gov/regional/zip/SAINC.zip
District of Columbia,2004,28379.7,49986,current USD millions,BEA_SAINC1,https://apps.bea.gov/regional/zip/SAINC.zip
District of Columbia,2005,29880.4,52686,current USD millions,BEA_SAINC1,https://apps.bea.gov/regional/zip/SAINC.zip
District of Columbia,2006,31606.5,55384,current USD millions,BEA_SAINC1,https://apps.bea.gov/regional/zip/SAINC.zip
District of Columbia,2007,34095.7,59358,current USD millions,BEA_SAINC1,https://apps.bea.gov/regional/zip/SAINC.zip
District of Columbia,2008,35167.5,60609,current USD millions,BEA_SAINC1,https://apps.bea.gov/regional/zip/SAINC.zip
District of Columbia,2009,35540.0,60011,current USD millions,BEA_SAINC1,https://apps.bea.gov/regional/zip/SAINC.zip
District of Columbia,2010,38212.4,63190,current USD millions,BEA_SAINC1,https://apps.bea.gov/regional/zip/SAINC.zip
District of Columbia,2011,41361.1,66985,current USD millions,BEA_SAINC1,https://apps.bea.gov/regional/zip/SAINC.zip
District of Columbia,2012,42582.3,67522,current USD millions,BEA_SAINC1,https://apps.bea.gov/regional/zip/SAINC.zip
District of Columbia,2013,43213.8,67081,current USD millions,BEA_SAINC1,https://apps.bea.gov/regional/zip/SAINC.zip
District of Columbia,2014,46124.0,70527,current USD millions,BEA_SAINC1,https://apps.bea.gov/regional/zip/SAINC.zip
District of Columbia,2015,49741.7,74784,current USD millions,BEA_SAINC1,https://apps.bea.gov/regional/zip/SAINC.zip
District of Columbia,2016,52190.6,77500,current USD millions,BEA_SAINC1,https://apps.bea.gov/regional/zip/SAINC.zip
District of Columbia,2017,54158.7,79567,current USD millions,BEA_SAINC1,https://apps.bea.gov/regional/zip/SAINC.zip
District of Columbia,2018,56395.7,82272,current USD millions,BEA_SAINC1,https://apps.bea.gov/regional/zip/SAINC.zip
District of Columbia,2019,57511.2,83675,current USD millions,BEA_SAINC1,https://apps.bea.gov/regional/zip/SAINC.zip
District of Columbia,2020,60880.0,90736,current USD millions,BEA_SAINC1,https://apps.bea.gov/regional/zip/SAINC.zip
District of Columbia,2021,65682.9,98087,current USD millions,BEA_SAINC1,https://apps.bea.gov/regional/zip/SAINC.zip
District of Columbia,2022,68247.0,101182,current USD millions,BEA_SAINC1,https://apps.bea.gov/regional/zip/SAINC.zip
District of Columbia,2023,73296.2,107384,current USD millions,BEA_SAINC1,https://apps.bea.gov/regional/zip/SAINC.zip
District of Columbia,2024,78079.5,112944,current USD millions,BEA_SAINC1,https://apps.bea.gov/regional/zip/SAINC.zip
District of Columbia,2025,80546.6,116121,current USD millions,BEA_SAINC1,https://apps.bea.gov/regional/zip/SAINC.zip
Florida,1929,749.9,519,current USD millions,BEA_SAINC1,https://apps.bea.gov/regional/zip/SAINC.zip
Florida,1930,688.0,468,current USD millions,BEA_SAINC1,https://apps.bea.gov/regional/zip/SAINC.zip
Florida,1931,592.6,397,current USD millions,BEA_SAINC1,https://apps.bea.gov/regional/zip/SAINC.zip
Florida,1932,482.4,317,current USD millions,BEA_SAINC1,https://apps.bea.gov/regional/zip/SAINC.zip
Florida,1933,448.4,289,current USD millions,BEA_SAINC1,https://apps.bea.gov/regional/zip/SAINC.zip
Florida,1934,551.8,348,current USD millions,BEA_SAINC1,https://apps.bea.gov/regional/zip/SAINC.zip
Florida,1935,610.4,378,current USD millions,BEA_SAINC1,https://apps.bea.gov/regional/zip/SAINC.zip
Florida,1936,748.6,453,current USD millions,BEA_SAINC1,https://apps.bea.gov/regional/zip/SAINC.zip
Florida,1937,838.9,491,current USD millions,BEA_SAINC1,https://apps.bea.gov/regional/zip/SAINC.zip
Florida,1938,825.0,466,current USD millions,BEA_SAINC1,https://apps.bea.gov/regional/zip/SAINC.zip
Florida,1939,920.9,502,current USD millions,BEA_SAINC1,https://apps.bea.gov/regional/zip/SAINC.zip
Florida,1940,1017.7,531,current USD millions,BEA_SAINC1,https://apps.bea.gov/regional/zip/SAINC.zip
Florida,1941,1285.6,634,current USD millions,BEA_SAINC1,https://apps.bea.gov/regional/zip/SAINC.zip
Florida,1942,1832.7,837,current USD millions,BEA_SAINC1,https://apps.bea.gov/regional/zip/SAINC.zip
Florida,1943,2639.7,1057,current USD millions,BEA_SAINC1,https://apps.bea.gov/regional/zip/SAINC.zip
Florida,1944,2934.7,1154,current USD millions,BEA_SAINC1,https://apps.bea.gov/regional/zip/SAINC.zip
Florida,1945,3054.8,1215,current USD millions,BEA_SAINC1,https://apps.bea.gov/regional/zip/SAINC.zip
Florida,1946,2967.4,1200,current USD millions,BEA_SAINC1,https://apps.bea.gov/regional/zip/SAINC.zip
Florida,1947,3034.8,1195,current USD millions,BEA_SAINC1,https://apps.bea.gov/regional/zip/SAINC.zip
Florida,1948,3197.7,1240,current USD millions,BEA_SAINC1,https://apps.bea.gov/regional/zip/SAINC.zip
Florida,1949,3324.5,1246,current USD millions,BEA_SAINC1,https://apps.bea.gov/regional/zip/SAINC.zip
Florida,1950,3795.2,1351,current USD millions,BEA_SAINC1,https://apps.bea.gov/regional/zip/SAINC.zip
Florida,1951,4292.7,1440,current USD millions,BEA_SAINC1,https://apps.bea.gov/regional/zip/SAINC.zip
Florida,1952,4857.7,1539,current USD millions,BEA_SAINC1,https://apps.bea.gov/regional/zip/SAINC.zip
Florida,1953,5416.5,1636,current USD millions,BEA_SAINC1,https://apps.bea.gov/regional/zip/SAINC.zip
Florida,1954,5707.6,1628,current USD millions,BEA_SAINC1,https://apps.bea.gov/regional/zip/SAINC.zip
Florida,1955,6529.9,1743,current USD millions,BEA_SAINC1,https://apps.bea.gov/regional/zip/SAINC.zip
Florida,1956,7566.1,1870,current USD millions,BEA_SAINC1,https://apps.bea.gov/regional/zip/SAINC.zip
Florida,1957,8374.5,1915,current USD millions,BEA_SAINC1,https://apps.bea.gov/regional/zip/SAINC.zip
Florida,1958,9106.1,1967,current USD millions,BEA_SAINC1,https://apps.bea.gov/regional/zip/SAINC.zip
Florida,1959,10053.2,2091,current USD millions,BEA_SAINC1,https://apps.bea.gov/regional/zip/SAINC.zip
Florida,1960,10531.6,2105,current USD millions,BEA_SAINC1,https://apps.bea.gov/regional/zip/SAINC.zip
Florida,1961,11165.4,2130,current USD millions,BEA_SAINC1,https://apps.bea.gov/regional/zip/SAINC.zip
Florida,1962,12055.9,2209,current USD millions,BEA_SAINC1,https://apps.bea.gov/regional/zip/SAINC.zip
Florida,1963,12938.9,2299,current USD millions,BEA_SAINC1,https://apps.bea.gov/regional/zip/SAINC.zip
Florida,1964,14155.4,2449,current USD millions,BEA_SAINC1,https://apps.bea.gov/regional/zip/SAINC.zip
Florida,1965,15473.4,2599,current USD millions,BEA_SAINC1,https://apps.bea.gov/regional/zip/SAINC.zip
Florida,1966,16975.6,2781,current USD millions,BEA_SAINC1,https://apps.bea.gov/regional/zip/SAINC.zip
Florida,1967,18771.7,3007,current USD millions,BEA_SAINC1,https://apps.bea.gov/regional/zip/SAINC.zip
Florida,1968,21580.6,3355,current USD millions,BEA_SAINC1,https://apps.bea.gov/regional/zip/SAINC.zip
Florida,1969,25004.9,3765,current USD millions,BEA_SAINC1,https://apps.bea.gov/regional/zip/SAINC.zip
Florida,1970,28276.2,4131,current USD millions,BEA_SAINC1,https://apps.bea.gov/regional/zip/SAINC.zip
Florida,1971,31756.4,4433,current USD millions,BEA_SAINC1,https://apps.bea.gov/regional/zip/SAINC.zip
Florida,1972,36550.0,4860,current USD millions,BEA_SAINC1,https://apps.bea.gov/regional/zip/SAINC.zip
Florida,1973,42578.3,5371,current USD millions,BEA_SAINC1,https://apps.bea.gov/regional/zip/SAINC.zip
Florida,1974,47883.1,5757,current USD millions,BEA_SAINC1,https://apps.bea.gov/regional/zip/SAINC.zip
Florida,1975,52167.9,6107,current USD millions,BEA_SAINC1,https://apps.bea.gov/regional/zip/SAINC.zip
Florida,1976,57012.4,6557,current USD millions,BEA_SAINC1,https://apps.bea.gov/regional/zip/SAINC.zip
Florida,1977,63844.3,7182,current USD millions,BEA_SAINC1,https://apps.bea.gov/regional/zip/SAINC.zip
Florida,1978,73633.3,8064,current USD millions,BEA_SAINC1,https://apps.bea.gov/regional/zip/SAINC.zip
Florida,1979,84679.4,8941,current USD millions,BEA_SAINC1,https://apps.bea.gov/regional/zip/SAINC.zip
Florida,1980,99906.5,10153,current USD millions,BEA_SAINC1,https://apps.bea.gov/regional/zip/SAINC.zip
Florida,1981,115554.5,11337,current USD millions,BEA_SAINC1,https://apps.bea.gov/regional/zip/SAINC.zip
Florida,1982,124862.1,11924,current USD millions,BEA_SAINC1,https://apps.bea.gov/regional/zip/SAINC.zip
Florida,1983,138140.3,12850,current USD millions,BEA_SAINC1,https://apps.bea.gov/regional/zip/SAINC.zip
Florida,1984,153545.4,13908,current USD millions,BEA_SAINC1,https://apps.bea.gov/regional/zip/SAINC.zip
Florida,1985,168155.2,14814,current USD millions,BEA_SAINC1,https://apps.bea.gov/regional/zip/SAINC.zip
Florida,1986,181983.5,15597,current USD millions,BEA_SAINC1,https://apps.bea.gov/regional/zip/SAINC.zip
Florida,1987,195918.1,16330,current USD millions,BEA_SAINC1,https://apps.bea.gov/regional/zip/SAINC.zip
Florida,1988,216350.7,17580,current USD millions,BEA_SAINC1,https://apps.bea.gov/regional/zip/SAINC.zip
Florida,1989,240834.9,19057,current USD millions,BEA_SAINC1,https://apps.bea.gov/regional/zip/SAINC.zip
Florida,1990,257601.1,19765,current USD millions,BEA_SAINC1,https://apps.bea.gov/regional/zip/SAINC.zip
Florida,1991,268849.1,20109,current USD millions,BEA_SAINC1,https://apps.bea.gov/regional/zip/SAINC.zip
Florida,1992,284090.3,20812,current USD millions,BEA_SAINC1,https://apps.bea.gov/regional/zip/SAINC.zip
Florida,1993,301152.0,21623,current USD millions,BEA_SAINC1,https://apps.bea.gov/regional/zip/SAINC.zip
Florida,1994,317382.6,22289,current USD millions,BEA_SAINC1,https://apps.bea.gov/regional/zip/SAINC.zip
Florida,1995,341123.1,23464,current USD millions,BEA_SAINC1,https://apps.bea.gov/regional/zip/SAINC.zip
Florida,1996,363064.8,24443,current USD millions,BEA_SAINC1,https://apps.bea.gov/regional/zip/SAINC.zip
Florida,1997,385679.2,25397,current USD millions,BEA_SAINC1,https://apps.bea.gov/regional/zip/SAINC.zip
Florida,1998,416721.5,26909,current USD millions,BEA_SAINC1,https://apps.bea.gov/regional/zip/SAINC.zip
Florida,1999,435930.4,27662,current USD millions,BEA_SAINC1,https://apps.bea.gov/regional/zip/SAINC.zip
Florida,2000,471588.1,29387,current USD millions,BEA_SAINC1,https://apps.bea.gov/regional/zip/SAINC.zip
Florida,2001,497335.4,30405,current USD millions,BEA_SAINC1,https://apps.bea.gov/regional/zip/SAINC.zip
Florida,2002,514288.8,30815,current USD millions,BEA_SAINC1,https://apps.bea.gov/regional/zip/SAINC.zip
Florida,2003,540366.3,31779,current USD millions,BEA_SAINC1,https://apps.bea.gov/regional/zip/SAINC.zip
Florida,2004,587003.0,33706,current USD millions,BEA_SAINC1,https://apps.bea.gov/regional/zip/SAINC.zip
Florida,2005,637602.8,35736,current USD millions,BEA_SAINC1,https://apps.bea.gov/regional/zip/SAINC.zip
Florida,2006,690506.1,38009,current USD millions,BEA_SAINC1,https://apps.bea.gov/regional/zip/SAINC.zip
Florida,2007,719734.2,39184,current USD millions,BEA_SAINC1,https://apps.bea.gov/regional/zip/SAINC.zip
Florida,2008,725995.0,39185,current USD millions,BEA_SAINC1,https://apps.bea.gov/regional/zip/SAINC.zip
Florida,2009,685982.8,36777,current USD millions,BEA_SAINC1,https://apps.bea.gov/regional/zip/SAINC.zip
Florida,2010,730690.1,38779,current USD millions,BEA_SAINC1,https://apps.bea.gov/regional/zip/SAINC.zip
Florida,2011,769798.4,40437,current USD millions,BEA_SAINC1,https://apps.bea.gov/regional/zip/SAINC.zip
Florida,2012,794071.1,41211,current USD millions,BEA_SAINC1,https://apps.bea.gov/regional/zip/SAINC.zip
Florida,2013,794604.1,40743,current USD millions,BEA_SAINC1,https://apps.bea.gov/regional/zip/SAINC.zip
Florida,2014,848535.3,42877,current USD millions,BEA_SAINC1,https://apps.bea.gov/regional/zip/SAINC.zip
Florida,2015,905450.5,44957,current USD millions,BEA_SAINC1,https://apps.bea.gov/regional/zip/SAINC.zip
Florida,2016,938985.6,45730,current USD millions,BEA_SAINC1,https://apps.bea.gov/regional/zip/SAINC.zip
Florida,2017,1011002.2,48447,current USD millions,BEA_SAINC1,https://apps.bea.gov/regional/zip/SAINC.zip
Florida,2018,1078010.6,51015,current USD millions,BEA_SAINC1,https://apps.bea.gov/regional/zip/SAINC.zip
Florida,2019,1145938.8,53666,current USD millions,BEA_SAINC1,https://apps.bea.gov/regional/zip/SAINC.zip
Florida,2020,1222053.4,56599,current USD millions,BEA_SAINC1,https://apps.bea.gov/regional/zip/SAINC.zip
Florida,2021,1367061.9,62604,current USD millions,BEA_SAINC1,https://apps.bea.gov/regional/zip/SAINC.zip
Florida,2022,1464251.0,65328,current USD millions,BEA_SAINC1,https://apps.bea.gov/regional/zip/SAINC.zip
Florida,2023,1604650.3,69983,current USD millions,BEA_SAINC1,https://apps.bea.gov/regional/zip/SAINC.zip
Florida,2024,1706305.7,73340,current USD millions,BEA_SAINC1,https://apps.bea.gov/regional/zip/SAINC.zip
Florida,2025,1793464.1,76440,current USD millions,BEA_SAINC1,https://apps.bea.gov/regional/zip/SAINC.zip
Georgia,1929,995.6,343,current USD millions,BEA_SAINC1,https://apps.bea.gov/regional/zip/SAINC.zip
Georgia,1930,881.8,303,current USD millions,BEA_SAINC1,https://apps.bea.gov/regional/zip/SAINC.zip
Georgia,1931,741.9,254,current USD millions,BEA_SAINC1,https://apps.bea.gov/regional/zip/SAINC.zip
Georgia,1932,578.8,197,current USD millions,BEA_SAINC1,https://apps.bea.gov/regional/zip/SAINC.zip
Georgia,1933,595.6,202,current USD millions,BEA_SAINC1,https://apps.bea.gov/regional/zip/SAINC.zip
Georgia,1934,715.2,241,current USD millions,BEA_SAINC1,https://apps.bea.gov/regional/zip/SAINC.zip
Georgia,1935,789.8,267,current USD millions,BEA_SAINC1,https://apps.bea.gov/regional/zip/SAINC.zip
Georgia,1936,893.7,300,current USD millions,BEA_SAINC1,https://apps.bea.gov/regional/zip/SAINC.zip
Georgia,1937,948.2,312,current USD millions,BEA_SAINC1,https://apps.bea.gov/regional/zip/SAINC.zip
Georgia,1938,891.6,288,current USD millions,BEA_SAINC1,https://apps.bea.gov/regional/zip/SAINC.zip
Georgia,1939,961.3,308,current USD millions,BEA_SAINC1,https://apps.bea.gov/regional/zip/SAINC.zip
Georgia,1940,1053.4,338,current USD millions,BEA_SAINC1,https://apps.bea.gov/regional/zip/SAINC.zip
Georgia,1941,1376.6,432,current USD millions,BEA_SAINC1,https://apps.bea.gov/regional/zip/SAINC.zip
Georgia,1942,1904.8,592,current USD millions,BEA_SAINC1,https://apps.bea.gov/regional/zip/SAINC.zip
Georgia,1943,2431.1,749,current USD millions,BEA_SAINC1,https://apps.bea.gov/regional/zip/SAINC.zip
Georgia,1944,2693.0,852,current USD millions,BEA_SAINC1,https://apps.bea.gov/regional/zip/SAINC.zip
Georgia,1945,2775.9,899,current USD millions,BEA_SAINC1,https://apps.bea.gov/regional/zip/SAINC.zip
Georgia,1946,2791.3,859,current USD millions,BEA_SAINC1,https://apps.bea.gov/regional/zip/SAINC.zip
Georgia,1947,2929.8,896,current USD millions,BEA_SAINC1,https://apps.bea.gov/regional/zip/SAINC.zip
Georgia,1948,3250.2,997,current USD millions,BEA_SAINC1,https://apps.bea.gov/regional/zip/SAINC.zip
Georgia,1949,3269.3,983,current USD millions,BEA_SAINC1,https://apps.bea.gov/regional/zip/SAINC.zip
Georgia,1950,3760.2,1087,current USD millions,BEA_SAINC1,https://apps.bea.gov/regional/zip/SAINC.zip
Georgia,1951,4380.0,1240,current USD millions,BEA_SAINC1,https://apps.bea.gov/regional/zip/SAINC.zip
Georgia,1952,4738.1,1322,current USD millions,BEA_SAINC1,https://apps.bea.gov/regional/zip/SAINC.zip
Georgia,1953,4869.7,1369,current USD millions,BEA_SAINC1,https://apps.bea.gov/regional/zip/SAINC.zip
Georgia,1954,4866.2,1351,current USD millions,BEA_SAINC1,https://apps.bea.gov/regional/zip/SAINC.zip
Georgia,1955,5362.8,1475,current USD millions,BEA_SAINC1,https://apps.bea.gov/regional/zip/SAINC.zip
Georgia,1956,5743.2,1552,current USD millions,BEA_SAINC1,https://apps.bea.gov/regional/zip/SAINC.zip
Georgia,1957,5951.1,1580,current USD millions,BEA_SAINC1,https://apps.bea.gov/regional/zip/SAINC.zip
Georgia,1958,6203.9,1631,current USD millions,BEA_SAINC1,https://apps.bea.gov/regional/zip/SAINC.zip
Georgia,1959,6610.9,1709,current USD millions,BEA_SAINC1,https://apps.bea.gov/regional/zip/SAINC.zip
Georgia,1960,6917.5,1749,current USD millions,BEA_SAINC1,https://apps.bea.gov/regional/zip/SAINC.zip
Georgia,1961,7221.3,1799,current USD millions,BEA_SAINC1,https://apps.bea.gov/regional/zip/SAINC.zip
Georgia,1962,7768.2,1901,current USD millions,BEA_SAINC1,https://apps.bea.gov/regional/zip/SAINC.zip
Georgia,1963,8445.3,2024,current USD millions,BEA_SAINC1,https://apps.bea.gov/regional/zip/SAINC.zip
Georgia,1964,9145.3,2148,current USD millions,BEA_SAINC1,https://apps.bea.gov/regional/zip/SAINC.zip
Georgia,1965,10099.4,2331,current USD millions,BEA_SAINC1,https://apps.bea.gov/regional/zip/SAINC.zip
Georgia,1966,11143.6,2545,current USD millions,BEA_SAINC1,https://apps.bea.gov/regional/zip/SAINC.zip
Georgia,1967,12120.4,2750,current USD millions,BEA_SAINC1,https://apps.bea.gov/regional/zip/SAINC.zip
Georgia,1968,13381.4,2986,current USD millions,BEA_SAINC1,https://apps.bea.gov/regional/zip/SAINC.zip
Georgia,1969,14980.1,3292,current USD millions,BEA_SAINC1,https://apps.bea.gov/regional/zip/SAINC.zip
Georgia,1970,16310.4,3542,current USD millions,BEA_SAINC1,https://apps.bea.gov/regional/zip/SAINC.zip
Georgia,1971,18009.7,3823,current USD millions,BEA_SAINC1,https://apps.bea.gov/regional/zip/SAINC.zip
Georgia,1972,20206.1,4203,current USD millions,BEA_SAINC1,https://apps.bea.gov/regional/zip/SAINC.zip
Georgia,1973,22848.2,4656,current USD millions,BEA_SAINC1,https://apps.bea.gov/regional/zip/SAINC.zip
Georgia,1974,25067.8,5019,current USD millions,BEA_SAINC1,https://apps.bea.gov/regional/zip/SAINC.zip
Georgia,1975,27084.3,5354,current USD millions,BEA_SAINC1,https://apps.bea.gov/regional/zip/SAINC.zip
Georgia,1976,30146.6,5881,current USD millions,BEA_SAINC1,https://apps.bea.gov/regional/zip/SAINC.zip
Georgia,1977,33332.1,6396,current USD millions,BEA_SAINC1,https://apps.bea.gov/regional/zip/SAINC.zip
Georgia,1978,37819.0,7154,current USD millions,BEA_SAINC1,https://apps.bea.gov/regional/zip/SAINC.zip
Georgia,1979,42320.3,7850,current USD millions,BEA_SAINC1,https://apps.bea.gov/regional/zip/SAINC.zip
Georgia,1980,47202.1,8604,current USD millions,BEA_SAINC1,https://apps.bea.gov/regional/zip/SAINC.zip
Georgia,1981,53425.1,9594,current USD millions,BEA_SAINC1,https://apps.bea.gov/regional/zip/SAINC.zip
Georgia,1982,57837.9,10237,current USD millions,BEA_SAINC1,https://apps.bea.gov/regional/zip/SAINC.zip
Georgia,1983,63391.4,11066,current USD millions,BEA_SAINC1,https://apps.bea.gov/regional/zip/SAINC.zip
Georgia,1984,71797.6,12305,current USD millions,BEA_SAINC1,https://apps.bea.gov/regional/zip/SAINC.zip
Georgia,1985,78653.7,13191,current USD millions,BEA_SAINC1,https://apps.bea.gov/regional/zip/SAINC.zip
Georgia,1986,85815.0,14104,current USD millions,BEA_SAINC1,https://apps.bea.gov/regional/zip/SAINC.zip
Georgia,1987,92176.4,14847,current USD millions,BEA_SAINC1,https://apps.bea.gov/regional/zip/SAINC.zip
Georgia,1988,100730.7,15948,current USD millions,BEA_SAINC1,https://apps.bea.gov/regional/zip/SAINC.zip
Georgia,1989,108528.9,16928,current USD millions,BEA_SAINC1,https://apps.bea.gov/regional/zip/SAINC.zip
Georgia,1990,116127.9,17831,current USD millions,BEA_SAINC1,https://apps.bea.gov/regional/zip/SAINC.zip
Georgia,1991,121970.8,18333,current USD millions,BEA_SAINC1,https://apps.bea.gov/regional/zip/SAINC.zip
Georgia,1992,131894.4,19347,current USD millions,BEA_SAINC1,https://apps.bea.gov/regional/zip/SAINC.zip
Georgia,1993,140056.5,20070,current USD millions,BEA_SAINC1,https://apps.bea.gov/regional/zip/SAINC.zip
Georgia,1994,150802.6,21070,current USD millions,BEA_SAINC1,https://apps.bea.gov/regional/zip/SAINC.zip
Georgia,1995,162763.6,22210,current USD millions,BEA_SAINC1,https://apps.bea.gov/regional/zip/SAINC.zip
Georgia,1996,175804.6,23437,current USD millions,BEA_SAINC1,https://apps.bea.gov/regional/zip/SAINC.zip
Georgia,1997,187175.8,24356,current USD millions,BEA_SAINC1,https://apps.bea.gov/regional/zip/SAINC.zip
Georgia,1998,205294.0,26107,current USD millions,BEA_SAINC1,https://apps.bea.gov/regional/zip/SAINC.zip
Georgia,1999,218718.6,27184,current USD millions,BEA_SAINC1,https://apps.bea.gov/regional/zip/SAINC.zip
Georgia,2000,236616.8,28760,current USD millions,BEA_SAINC1,https://apps.bea.gov/regional/zip/SAINC.zip
Georgia,2001,248742.5,29693,current USD millions,BEA_SAINC1,https://apps.bea.gov/regional/zip/SAINC.zip
Georgia,2002,255977.2,30086,current USD millions,BEA_SAINC1,https://apps.bea.gov/regional/zip/SAINC.zip
Georgia,2003,265622.8,30805,current USD millions,BEA_SAINC1,https://apps.bea.gov/regional/zip/SAINC.zip
Georgia,2004,280462.4,31982,current USD millions,BEA_SAINC1,https://apps.bea.gov/regional/zip/SAINC.zip
Georgia,2005,297084.9,33283,current USD millions,BEA_SAINC1,https://apps.bea.gov/regional/zip/SAINC.zip
Georgia,2006,316548.8,34574,current USD millions,BEA_SAINC1,https://apps.bea.gov/regional/zip/SAINC.zip
Georgia,2007,331363.7,35440,current USD millions,BEA_SAINC1,https://apps.bea.gov/regional/zip/SAINC.zip
Georgia,2008,335257.5,35272,current USD millions,BEA_SAINC1,https://apps.bea.gov/regional/zip/SAINC.zip
Georgia,2009,329158.9,34213,current USD millions,BEA_SAINC1,https://apps.bea.gov/regional/zip/SAINC.zip
Georgia,2010,337420.5,34740,current USD millions,BEA_SAINC1,https://apps.bea.gov/regional/zip/SAINC.zip
Georgia,2011,360456.2,36760,current USD millions,BEA_SAINC1,https://apps.bea.gov/regional/zip/SAINC.zip
Georgia,2012,369040.2,37250,current USD millions,BEA_SAINC1,https://apps.bea.gov/regional/zip/SAINC.zip
Georgia,2013,374124.6,37484,current USD millions,BEA_SAINC1,https://apps.bea.gov/regional/zip/SAINC.zip
Georgia,2014,398585.7,39550,current USD millions,BEA_SAINC1,https://apps.bea.gov/regional/zip/SAINC.zip
Georgia,2015,423242.0,41527,current USD millions,BEA_SAINC1,https://apps.bea.gov/regional/zip/SAINC.zip
Georgia,2016,441039.1,42742,current USD millions,BEA_SAINC1,https://apps.bea.gov/regional/zip/SAINC.zip
Georgia,2017,467592.5,44836,current USD millions,BEA_SAINC1,https://apps.bea.gov/regional/zip/SAINC.zip
Georgia,2018,491088.0,46624,current USD millions,BEA_SAINC1,https://apps.bea.gov/regional/zip/SAINC.zip
Georgia,2019,516504.2,48529,current USD millions,BEA_SAINC1,https://apps.bea.gov/regional/zip/SAINC.zip
Georgia,2020,552699.9,51497,current USD millions,BEA_SAINC1,https://apps.bea.gov/regional/zip/SAINC.zip
Georgia,2021,607184.3,56257,current USD millions,BEA_SAINC1,https://apps.bea.gov/regional/zip/SAINC.zip
Georgia,2022,627439.0,57405,current USD millions,BEA_SAINC1,https://apps.bea.gov/regional/zip/SAINC.zip
Georgia,2023,663930.9,60010,current USD millions,BEA_SAINC1,https://apps.bea.gov/regional/zip/SAINC.zip
Georgia,2024,704463.9,62875,current USD millions,BEA_SAINC1,https://apps.bea.gov/regional/zip/SAINC.zip
Georgia,2025,738993.1,65382,current USD millions,BEA_SAINC1,https://apps.bea.gov/regional/zip/SAINC.zip
Hawaii,1950,788.4,1580,current USD millions,BEA_SAINC1,https://apps.bea.gov/regional/zip/SAINC.zip
Hawaii,1951,923.4,1839,current USD millions,BEA_SAINC1,https://apps.bea.gov/regional/zip/SAINC.zip
Hawaii,1952,1017.9,2056,current USD millions,BEA_SAINC1,https://apps.bea.gov/regional/zip/SAINC.zip
Hawaii,1953,1054.8,2114,current USD millions,BEA_SAINC1,https://apps.bea.gov/regional/zip/SAINC.zip
Hawaii,1954,1063.6,2110,current USD millions,BEA_SAINC1,https://apps.bea.gov/regional/zip/SAINC.zip
Hawaii,1955,1113.6,2105,current USD millions,BEA_SAINC1,https://apps.bea.gov/regional/zip/SAINC.zip
Hawaii,1956,1167.5,2130,current USD millions,BEA_SAINC1,https://apps.bea.gov/regional/zip/SAINC.zip
Hawaii,1957,1238.2,2161,current USD millions,BEA_SAINC1,https://apps.bea.gov/regional/zip/SAINC.zip
Hawaii,1958,1283.1,2121,current USD millions,BEA_SAINC1,https://apps.bea.gov/regional/zip/SAINC.zip
Hawaii,1959,1424.5,2290,current USD millions,BEA_SAINC1,https://apps.bea.gov/regional/zip/SAINC.zip
Hawaii,1960,1615.3,2516,current USD millions,BEA_SAINC1,https://apps.bea.gov/regional/zip/SAINC.zip
Hawaii,1961,1753.7,2661,current USD millions,BEA_SAINC1,https://apps.bea.gov/regional/zip/SAINC.zip
Hawaii,1962,1881.0,2750,current USD millions,BEA_SAINC1,https://apps.bea.gov/regional/zip/SAINC.zip
Hawaii,1963,2011.0,2949,current USD millions,BEA_SAINC1,https://apps.bea.gov/regional/zip/SAINC.zip
Hawaii,1964,2187.7,3125,current USD millions,BEA_SAINC1,https://apps.bea.gov/regional/zip/SAINC.zip
Hawaii,1965,2402.3,3412,current USD millions,BEA_SAINC1,https://apps.bea.gov/regional/zip/SAINC.zip
Hawaii,1966,2608.3,3674,current USD millions,BEA_SAINC1,https://apps.bea.gov/regional/zip/SAINC.zip
Hawaii,1967,2830.6,3915,current USD millions,BEA_SAINC1,https://apps.bea.gov/regional/zip/SAINC.zip
Hawaii,1968,3183.8,4338,current USD millions,BEA_SAINC1,https://apps.bea.gov/regional/zip/SAINC.zip
Hawaii,1969,3643.2,4903,current USD millions,BEA_SAINC1,https://apps.bea.gov/regional/zip/SAINC.zip
Hawaii,1970,4224.9,5538,current USD millions,BEA_SAINC1,https://apps.bea.gov/regional/zip/SAINC.zip
Hawaii,1971,4584.1,5791,current USD millions,BEA_SAINC1,https://apps.bea.gov/regional/zip/SAINC.zip
Hawaii,1972,5047.8,6170,current USD millions,BEA_SAINC1,https://apps.bea.gov/regional/zip/SAINC.zip
Hawaii,1973,5592.6,6643,current USD millions,BEA_SAINC1,https://apps.bea.gov/regional/zip/SAINC.zip
Hawaii,1974,6360.7,7412,current USD millions,BEA_SAINC1,https://apps.bea.gov/regional/zip/SAINC.zip
Hawaii,1975,6919.0,7907,current USD millions,BEA_SAINC1,https://apps.bea.gov/regional/zip/SAINC.zip
Hawaii,1976,7465.9,8367,current USD millions,BEA_SAINC1,https://apps.bea.gov/regional/zip/SAINC.zip
Hawaii,1977,8084.0,8828,current USD millions,BEA_SAINC1,https://apps.bea.gov/regional/zip/SAINC.zip
Hawaii,1978,8953.9,9640,current USD millions,BEA_SAINC1,https://apps.bea.gov/regional/zip/SAINC.zip
Hawaii,1979,10043.6,10572,current USD millions,BEA_SAINC1,https://apps.bea.gov/regional/zip/SAINC.zip
Hawaii,1980,11488.2,11872,current USD millions,BEA_SAINC1,https://apps.bea.gov/regional/zip/SAINC.zip
Hawaii,1981,12428.3,12705,current USD millions,BEA_SAINC1,https://apps.bea.gov/regional/zip/SAINC.zip
Hawaii,1982,13160.1,13243,current USD millions,BEA_SAINC1,https://apps.bea.gov/regional/zip/SAINC.zip
Hawaii,1983,14446.8,14265,current USD millions,BEA_SAINC1,https://apps.bea.gov/regional/zip/SAINC.zip
Hawaii,1984,15457.7,15038,current USD millions,BEA_SAINC1,https://apps.bea.gov/regional/zip/SAINC.zip
Hawaii,1985,16446.5,15819,current USD millions,BEA_SAINC1,https://apps.bea.gov/regional/zip/SAINC.zip
Hawaii,1986,17452.2,16593,current USD millions,BEA_SAINC1,https://apps.bea.gov/regional/zip/SAINC.zip
Hawaii,1987,18560.8,17380,current USD millions,BEA_SAINC1,https://apps.bea.gov/regional/zip/SAINC.zip
Hawaii,1988,20464.8,18952,current USD millions,BEA_SAINC1,https://apps.bea.gov/regional/zip/SAINC.zip
Hawaii,1989,22855.5,20880,current USD millions,BEA_SAINC1,https://apps.bea.gov/regional/zip/SAINC.zip
Hawaii,1990,24977.1,22431,current USD millions,BEA_SAINC1,https://apps.bea.gov/regional/zip/SAINC.zip
Hawaii,1991,26454.6,23272,current USD millions,BEA_SAINC1,https://apps.bea.gov/regional/zip/SAINC.zip
Hawaii,1992,28421.0,24530,current USD millions,BEA_SAINC1,https://apps.bea.gov/regional/zip/SAINC.zip
Hawaii,1993,29455.5,25115,current USD millions,BEA_SAINC1,https://apps.bea.gov/regional/zip/SAINC.zip
Hawaii,1994,30134.9,25376,current USD millions,BEA_SAINC1,https://apps.bea.gov/regional/zip/SAINC.zip
Hawaii,1995,30826.0,25756,current USD millions,BEA_SAINC1,https://apps.bea.gov/regional/zip/SAINC.zip
Hawaii,1996,30840.5,25620,current USD millions,BEA_SAINC1,https://apps.bea.gov/regional/zip/SAINC.zip
Hawaii,1997,31735.8,26192,current USD millions,BEA_SAINC1,https://apps.bea.gov/regional/zip/SAINC.zip
Hawaii,1998,32355.7,26625,current USD millions,BEA_SAINC1,https://apps.bea.gov/regional/zip/SAINC.zip
Hawaii,1999,33425.6,27618,current USD millions,BEA_SAINC1,https://apps.bea.gov/regional/zip/SAINC.zip
Hawaii,2000,35403.1,29174,current USD millions,BEA_SAINC1,https://apps.bea.gov/regional/zip/SAINC.zip
Hawaii,2001,36996.8,30178,current USD millions,BEA_SAINC1,https://apps.bea.gov/regional/zip/SAINC.zip
Hawaii,2002,38865.6,31353,current USD millions,BEA_SAINC1,https://apps.bea.gov/regional/zip/SAINC.zip
Hawaii,2003,40734.2,32557,current USD millions,BEA_SAINC1,https://apps.bea.gov/regional/zip/SAINC.zip
Hawaii,2004,43729.2,34336,current USD millions,BEA_SAINC1,https://apps.bea.gov/regional/zip/SAINC.zip
Hawaii,2005,46898.1,36278,current USD millions,BEA_SAINC1,https://apps.bea.gov/regional/zip/SAINC.zip
Hawaii,2006,50182.6,38315,current USD millions,BEA_SAINC1,https://apps.bea.gov/regional/zip/SAINC.zip
Hawaii,2007,53022.5,40301,current USD millions,BEA_SAINC1,https://apps.bea.gov/regional/zip/SAINC.zip
Hawaii,2008,55802.6,41887,current USD millions,BEA_SAINC1,https://apps.bea.gov/regional/zip/SAINC.zip
Hawaii,2009,55409.0,41144,current USD millions,BEA_SAINC1,https://apps.bea.gov/regional/zip/SAINC.zip
Hawaii,2010,56649.4,41498,current USD millions,BEA_SAINC1,https://apps.bea.gov/regional/zip/SAINC.zip
Hawaii,2011,59226.4,42758,current USD millions,BEA_SAINC1,https://apps.bea.gov/regional/zip/SAINC.zip
Hawaii,2012,61161.6,43523,current USD millions,BEA_SAINC1,https://apps.bea.gov/regional/zip/SAINC.zip
Hawaii,2013,61983.4,43548,current USD millions,BEA_SAINC1,https://apps.bea.gov/regional/zip/SAINC.zip
Hawaii,2014,65182.2,45445,current USD millions,BEA_SAINC1,https://apps.bea.gov/regional/zip/SAINC.zip
Hawaii,2015,68200.8,47150,current USD millions,BEA_SAINC1,https://apps.bea.gov/regional/zip/SAINC.zip
Hawaii,2016,70744.8,48561,current USD millions,BEA_SAINC1,https://apps.bea.gov/regional/zip/SAINC.zip
Hawaii,2017,73646.4,50506,current USD millions,BEA_SAINC1,https://apps.bea.gov/regional/zip/SAINC.zip
Hawaii,2018,75266.4,51554,current USD millions,BEA_SAINC1,https://apps.bea.gov/regional/zip/SAINC.zip
Hawaii,2019,78586.9,53940,current USD millions,BEA_SAINC1,https://apps.bea.gov/regional/zip/SAINC.zip
Hawaii,2020,82758.5,57030,current USD millions,BEA_SAINC1,https://apps.bea.gov/regional/zip/SAINC.zip
Hawaii,2021,88650.4,61269,current USD millions,BEA_SAINC1,https://apps.bea.gov/regional/zip/SAINC.zip
Hawaii,2022,91007.9,63296,current USD millions,BEA_SAINC1,https://apps.bea.gov/regional/zip/SAINC.zip
Hawaii,2023,96961.4,67571,current USD millions,BEA_SAINC1,https://apps.bea.gov/regional/zip/SAINC.zip
Hawaii,2024,102703.8,71573,current USD millions,BEA_SAINC1,https://apps.bea.gov/regional/zip/SAINC.zip
Hawaii,2025,109742.4,76592,current USD millions,BEA_SAINC1,https://apps.bea.gov/regional/zip/SAINC.zip
Idaho,1929,223.2,499,current USD millions,BEA_SAINC1,https://apps.bea.gov/regional/zip/SAINC.zip
Idaho,1930,218.2,488,current USD millions,BEA_SAINC1,https://apps.bea.gov/regional/zip/SAINC.zip
Idaho,1931,166.3,366,current USD millions,BEA_SAINC1,https://apps.bea.gov/regional/zip/SAINC.zip
Idaho,1932,122.9,268,current USD millions,BEA_SAINC1,https://apps.bea.gov/regional/zip/SAINC.zip
Idaho,1933,105.8,228,current USD millions,BEA_SAINC1,https://apps.bea.gov/regional/zip/SAINC.zip
Idaho,1934,183.8,389,current USD millions,BEA_SAINC1,https://apps.bea.gov/regional/zip/SAINC.zip
Idaho,1935,189.4,394,current USD millions,BEA_SAINC1,https://apps.bea.gov/regional/zip/SAINC.zip
Idaho,1936,230.7,466,current USD millions,BEA_SAINC1,https://apps.bea.gov/regional/zip/SAINC.zip
Idaho,1937,213.5,421,current USD millions,BEA_SAINC1,https://apps.bea.gov/regional/zip/SAINC.zip
Idaho,1938,216.2,421,current USD millions,BEA_SAINC1,https://apps.bea.gov/regional/zip/SAINC.zip
Idaho,1939,224.6,431,current USD millions,BEA_SAINC1,https://apps.bea.gov/regional/zip/SAINC.zip
Idaho,1940,239.4,459,current USD millions,BEA_SAINC1,https://apps.bea.gov/regional/zip/SAINC.zip
Idaho,1941,298.0,594,current USD millions,BEA_SAINC1,https://apps.bea.gov/regional/zip/SAINC.zip
Idaho,1942,442.0,919,current USD millions,BEA_SAINC1,https://apps.bea.gov/regional/zip/SAINC.zip
Idaho,1943,519.1,1040,current USD millions,BEA_SAINC1,https://apps.bea.gov/regional/zip/SAINC.zip
Idaho,1944,570.5,1110,current USD millions,BEA_SAINC1,https://apps.bea.gov/regional/zip/SAINC.zip
Idaho,1945,560.6,1144,current USD millions,BEA_SAINC1,https://apps.bea.gov/regional/zip/SAINC.zip
Idaho,1946,612.4,1203,current USD millions,BEA_SAINC1,https://apps.bea.gov/regional/zip/SAINC.zip
Idaho,1947,664.4,1273,current USD millions,BEA_SAINC1,https://apps.bea.gov/regional/zip/SAINC.zip
Idaho,1948,745.0,1352,current USD millions,BEA_SAINC1,https://apps.bea.gov/regional/zip/SAINC.zip
Idaho,1949,739.2,1297,current USD millions,BEA_SAINC1,https://apps.bea.gov/regional/zip/SAINC.zip
Idaho,1950,797.5,1352,current USD millions,BEA_SAINC1,https://apps.bea.gov/regional/zip/SAINC.zip
Idaho,1951,902.3,1532,current USD millions,BEA_SAINC1,https://apps.bea.gov/regional/zip/SAINC.zip
Idaho,1952,993.7,1693,current USD millions,BEA_SAINC1,https://apps.bea.gov/regional/zip/SAINC.zip
Idaho,1953,950.9,1596,current USD millions,BEA_SAINC1,https://apps.bea.gov/regional/zip/SAINC.zip
Idaho,1954,967.5,1612,current USD millions,BEA_SAINC1,https://apps.bea.gov/regional/zip/SAINC.zip
Idaho,1955,1020.3,1651,current USD millions,BEA_SAINC1,https://apps.bea.gov/regional/zip/SAINC.zip
Idaho,1956,1125.5,1792,current USD millions,BEA_SAINC1,https://apps.bea.gov/regional/zip/SAINC.zip
Idaho,1957,1192.5,1857,current USD millions,BEA_SAINC1,https://apps.bea.gov/regional/zip/SAINC.zip
Idaho,1958,1215.8,1882,current USD millions,BEA_SAINC1,https://apps.bea.gov/regional/zip/SAINC.zip
Idaho,1959,1286.9,1959,current USD millions,BEA_SAINC1,https://apps.bea.gov/regional/zip/SAINC.zip
Idaho,1960,1316.1,1961,current USD millions,BEA_SAINC1,https://apps.bea.gov/regional/zip/SAINC.zip
Idaho,1961,1391.9,2035,current USD millions,BEA_SAINC1,https://apps.bea.gov/regional/zip/SAINC.zip
Idaho,1962,1487.9,2150,current USD millions,BEA_SAINC1,https://apps.bea.gov/regional/zip/SAINC.zip
Idaho,1963,1523.0,2230,current USD millions,BEA_SAINC1,https://apps.bea.gov/regional/zip/SAINC.zip
Idaho,1964,1574.8,2316,current USD millions,BEA_SAINC1,https://apps.bea.gov/regional/zip/SAINC.zip
Idaho,1965,1793.8,2615,current USD millions,BEA_SAINC1,https://apps.bea.gov/regional/zip/SAINC.zip
Idaho,1966,1817.3,2638,current USD millions,BEA_SAINC1,https://apps.bea.gov/regional/zip/SAINC.zip
Idaho,1967,1931.8,2808,current USD millions,BEA_SAINC1,https://apps.bea.gov/regional/zip/SAINC.zip
Idaho,1968,2065.1,2971,current USD millions,BEA_SAINC1,https://apps.bea.gov/regional/zip/SAINC.zip
Idaho,1969,2391.0,3382,current USD millions,BEA_SAINC1,https://apps.bea.gov/regional/zip/SAINC.zip
Idaho,1970,2647.7,3691,current USD millions,BEA_SAINC1,https://apps.bea.gov/regional/zip/SAINC.zip
Idaho,1971,2894.2,3918,current USD millions,BEA_SAINC1,https://apps.bea.gov/regional/zip/SAINC.zip
Idaho,1972,3304.3,4329,current USD millions,BEA_SAINC1,https://apps.bea.gov/regional/zip/SAINC.zip
Idaho,1973,3820.5,4885,current USD millions,BEA_SAINC1,https://apps.bea.gov/regional/zip/SAINC.zip
Idaho,1974,4497.4,5566,current USD millions,BEA_SAINC1,https://apps.bea.gov/regional/zip/SAINC.zip
Idaho,1975,4866.7,5850,current USD millions,BEA_SAINC1,https://apps.bea.gov/regional/zip/SAINC.zip
Idaho,1976,5436.2,6343,current USD millions,BEA_SAINC1,https://apps.bea.gov/regional/zip/SAINC.zip
Idaho,1977,5942.3,6726,current USD millions,BEA_SAINC1,https://apps.bea.gov/regional/zip/SAINC.zip
Idaho,1978,6829.9,7497,current USD millions,BEA_SAINC1,https://apps.bea.gov/regional/zip/SAINC.zip
Idaho,1979,7467.5,8007,current USD millions,BEA_SAINC1,https://apps.bea.gov/regional/zip/SAINC.zip
Idaho,1980,8395.9,8857,current USD millions,BEA_SAINC1,https://apps.bea.gov/regional/zip/SAINC.zip
Idaho,1981,9233.9,9597,current USD millions,BEA_SAINC1,https://apps.bea.gov/regional/zip/SAINC.zip
Idaho,1982,9694.1,9956,current USD millions,BEA_SAINC1,https://apps.bea.gov/regional/zip/SAINC.zip
Idaho,1983,10599.7,10795,current USD millions,BEA_SAINC1,https://apps.bea.gov/regional/zip/SAINC.zip
Idaho,1984,11280.4,11385,current USD millions,BEA_SAINC1,https://apps.bea.gov/regional/zip/SAINC.zip
Idaho,1985,11923.4,11995,current USD millions,BEA_SAINC1,https://apps.bea.gov/regional/zip/SAINC.zip
Idaho,1986,12165.6,12286,current USD millions,BEA_SAINC1,https://apps.bea.gov/regional/zip/SAINC.zip
Idaho,1987,12674.4,12867,current USD millions,BEA_SAINC1,https://apps.bea.gov/regional/zip/SAINC.zip
Idaho,1988,13748.0,13948,current USD millions,BEA_SAINC1,https://apps.bea.gov/regional/zip/SAINC.zip
Idaho,1989,15124.5,15209,current USD millions,BEA_SAINC1,https://apps.bea.gov/regional/zip/SAINC.zip
Idaho,1990,16343.3,16143,current USD millions,BEA_SAINC1,https://apps.bea.gov/regional/zip/SAINC.zip
Idaho,1991,17199.2,16517,current USD millions,BEA_SAINC1,https://apps.bea.gov/regional/zip/SAINC.zip
Idaho,1992,18881.9,17619,current USD millions,BEA_SAINC1,https://apps.bea.gov/regional/zip/SAINC.zip
Idaho,1993,20689.5,18660,current USD millions,BEA_SAINC1,https://apps.bea.gov/regional/zip/SAINC.zip
Idaho,1994,22134.2,19329,current USD millions,BEA_SAINC1,https://apps.bea.gov/regional/zip/SAINC.zip
Idaho,1995,23788.6,20206,current USD millions,BEA_SAINC1,https://apps.bea.gov/regional/zip/SAINC.zip
Idaho,1996,25263.8,20999,current USD millions,BEA_SAINC1,https://apps.bea.gov/regional/zip/SAINC.zip
Idaho,1997,26370.0,21465,current USD millions,BEA_SAINC1,https://apps.bea.gov/regional/zip/SAINC.zip
Idaho,1998,28498.1,22756,current USD millions,BEA_SAINC1,https://apps.bea.gov/regional/zip/SAINC.zip
Idaho,1999,30180.1,23658,current USD millions,BEA_SAINC1,https://apps.bea.gov/regional/zip/SAINC.zip
Idaho,2000,32667.0,25139,current USD millions,BEA_SAINC1,https://apps.bea.gov/regional/zip/SAINC.zip
Idaho,2001,34059.4,25803,current USD millions,BEA_SAINC1,https://apps.bea.gov/regional/zip/SAINC.zip
Idaho,2002,35213.9,26272,current USD millions,BEA_SAINC1,https://apps.bea.gov/regional/zip/SAINC.zip
Idaho,2003,36454.9,26739,current USD millions,BEA_SAINC1,https://apps.bea.gov/regional/zip/SAINC.zip
Idaho,2004,39386.7,28299,current USD millions,BEA_SAINC1,https://apps.bea.gov/regional/zip/SAINC.zip
Idaho,2005,41724.7,29214,current USD millions,BEA_SAINC1,https://apps.bea.gov/regional/zip/SAINC.zip
Idaho,2006,45887.7,31244,current USD millions,BEA_SAINC1,https://apps.bea.gov/regional/zip/SAINC.zip
Idaho,2007,48853.5,32459,current USD millions,BEA_SAINC1,https://apps.bea.gov/regional/zip/SAINC.zip
Idaho,2008,50157.4,32690,current USD millions,BEA_SAINC1,https://apps.bea.gov/regional/zip/SAINC.zip
Idaho,2009,48498.8,31200,current USD millions,BEA_SAINC1,https://apps.bea.gov/regional/zip/SAINC.zip
Idaho,2010,50201.9,31948,current USD millions,BEA_SAINC1,https://apps.bea.gov/regional/zip/SAINC.zip
Idaho,2011,53076.5,33447,current USD millions,BEA_SAINC1,https://apps.bea.gov/regional/zip/SAINC.zip
Idaho,2012,55719.8,34812,current USD millions,BEA_SAINC1,https://apps.bea.gov/regional/zip/SAINC.zip
Idaho,2013,57790.6,35699,current USD millions,BEA_SAINC1,https://apps.bea.gov/regional/zip/SAINC.zip
Idaho,2014,60897.0,37107,current USD millions,BEA_SAINC1,https://apps.bea.gov/regional/zip/SAINC.zip
Idaho,2015,64564.3,38813,current USD millions,BEA_SAINC1,https://apps.bea.gov/regional/zip/SAINC.zip
Idaho,2016,67294.1,39653,current USD millions,BEA_SAINC1,https://apps.bea.gov/regional/zip/SAINC.zip
Idaho,2017,71472.6,41197,current USD millions,BEA_SAINC1,https://apps.bea.gov/regional/zip/SAINC.zip
Idaho,2018,76529.6,43254,current USD millions,BEA_SAINC1,https://apps.bea.gov/regional/zip/SAINC.zip
Idaho,2019,82967.7,45880,current USD millions,BEA_SAINC1,https://apps.bea.gov/regional/zip/SAINC.zip
Idaho,2020,91960.1,49726,current USD millions,BEA_SAINC1,https://apps.bea.gov/regional/zip/SAINC.zip
Idaho,2021,105916.0,55603,current USD millions,BEA_SAINC1,https://apps.bea.gov/regional/zip/SAINC.zip
Idaho,2022,110891.1,57074,current USD millions,BEA_SAINC1,https://apps.bea.gov/regional/zip/SAINC.zip
Idaho,2023,116692.4,59220,current USD millions,BEA_SAINC1,https://apps.bea.gov/regional/zip/SAINC.zip
Idaho,2024,124746.7,62346,current USD millions,BEA_SAINC1,https://apps.bea.gov/regional/zip/SAINC.zip
Idaho,2025,131619.9,64846,current USD millions,BEA_SAINC1,https://apps.bea.gov/regional/zip/SAINC.zip
Illinois,1929,7229.8,951,current USD millions,BEA_SAINC1,https://apps.bea.gov/regional/zip/SAINC.zip
Illinois,1930,6190.9,810,current USD millions,BEA_SAINC1,https://apps.bea.gov/regional/zip/SAINC.zip
Illinois,1931,5171.8,673,current USD millions,BEA_SAINC1,https://apps.bea.gov/regional/zip/SAINC.zip
Illinois,1932,3783.0,489,current USD millions,BEA_SAINC1,https://apps.bea.gov/regional/zip/SAINC.zip
Illinois,1933,3422.7,441,current USD millions,BEA_SAINC1,https://apps.bea.gov/regional/zip/SAINC.zip
Illinois,1934,3949.2,508,current USD millions,BEA_SAINC1,https://apps.bea.gov/regional/zip/SAINC.zip
Illinois,1935,4494.9,576,current USD millions,BEA_SAINC1,https://apps.bea.gov/regional/zip/SAINC.zip
Illinois,1936,5127.6,654,current USD millions,BEA_SAINC1,https://apps.bea.gov/regional/zip/SAINC.zip
Illinois,1937,5764.7,734,current USD millions,BEA_SAINC1,https://apps.bea.gov/regional/zip/SAINC.zip
Illinois,1938,5130.7,652,current USD millions,BEA_SAINC1,https://apps.bea.gov/regional/zip/SAINC.zip
Illinois,1939,5599.0,710,current USD millions,BEA_SAINC1,https://apps.bea.gov/regional/zip/SAINC.zip
Illinois,1940,5990.9,758,current USD millions,BEA_SAINC1,https://apps.bea.gov/regional/zip/SAINC.zip
Illinois,1941,7200.9,901,current USD millions,BEA_SAINC1,https://apps.bea.gov/regional/zip/SAINC.zip
Illinois,1942,8445.1,1049,current USD millions,BEA_SAINC1,https://apps.bea.gov/regional/zip/SAINC.zip
Illinois,1943,9923.5,1278,current USD millions,BEA_SAINC1,https://apps.bea.gov/regional/zip/SAINC.zip
Illinois,1944,10842.5,1405,current USD millions,BEA_SAINC1,https://apps.bea.gov/regional/zip/SAINC.zip
Illinois,1945,11327.7,1488,current USD millions,BEA_SAINC1,https://apps.bea.gov/regional/zip/SAINC.zip
Illinois,1946,12653.1,1550,current USD millions,BEA_SAINC1,https://apps.bea.gov/regional/zip/SAINC.zip
Illinois,1947,13776.2,1651,current USD millions,BEA_SAINC1,https://apps.bea.gov/regional/zip/SAINC.zip
Illinois,1948,15540.3,1817,current USD millions,BEA_SAINC1,https://apps.bea.gov/regional/zip/SAINC.zip
Illinois,1949,14654.6,1690,current USD millions,BEA_SAINC1,https://apps.bea.gov/regional/zip/SAINC.zip
Illinois,1950,16097.0,1842,current USD millions,BEA_SAINC1,https://apps.bea.gov/regional/zip/SAINC.zip
Illinois,1951,17938.6,2041,current USD millions,BEA_SAINC1,https://apps.bea.gov/regional/zip/SAINC.zip
Illinois,1952,18859.6,2106,current USD millions,BEA_SAINC1,https://apps.bea.gov/regional/zip/SAINC.zip
Illinois,1953,20149.7,2223,current USD millions,BEA_SAINC1,https://apps.bea.gov/regional/zip/SAINC.zip
Illinois,1954,20293.0,2193,current USD millions,BEA_SAINC1,https://apps.bea.gov/regional/zip/SAINC.zip
Illinois,1955,21584.8,2288,current USD millions,BEA_SAINC1,https://apps.bea.gov/regional/zip/SAINC.zip
Illinois,1956,23564.1,2473,current USD millions,BEA_SAINC1,https://apps.bea.gov/regional/zip/SAINC.zip
Illinois,1957,24576.0,2542,current USD millions,BEA_SAINC1,https://apps.bea.gov/regional/zip/SAINC.zip
Illinois,1958,24822.7,2511,current USD millions,BEA_SAINC1,https://apps.bea.gov/regional/zip/SAINC.zip
Illinois,1959,26350.3,2639,current USD millions,BEA_SAINC1,https://apps.bea.gov/regional/zip/SAINC.zip
Illinois,1960,27209.6,2698,current USD millions,BEA_SAINC1,https://apps.bea.gov/regional/zip/SAINC.zip
Illinois,1961,28282.1,2792,current USD millions,BEA_SAINC1,https://apps.bea.gov/regional/zip/SAINC.zip
Illinois,1962,29885.2,2907,current USD millions,BEA_SAINC1,https://apps.bea.gov/regional/zip/SAINC.zip
Illinois,1963,31095.6,2989,current USD millions,BEA_SAINC1,https://apps.bea.gov/regional/zip/SAINC.zip
Illinois,1964,33241.2,3142,current USD millions,BEA_SAINC1,https://apps.bea.gov/regional/zip/SAINC.zip
Illinois,1965,36068.1,3373,current USD millions,BEA_SAINC1,https://apps.bea.gov/regional/zip/SAINC.zip
Illinois,1966,39098.5,3608,current USD millions,BEA_SAINC1,https://apps.bea.gov/regional/zip/SAINC.zip
Illinois,1967,41606.1,3801,current USD millions,BEA_SAINC1,https://apps.bea.gov/regional/zip/SAINC.zip
Illinois,1968,44581.8,4055,current USD millions,BEA_SAINC1,https://apps.bea.gov/regional/zip/SAINC.zip
Illinois,1969,48484.5,4392,current USD millions,BEA_SAINC1,https://apps.bea.gov/regional/zip/SAINC.zip
Illinois,1970,51524.3,4632,current USD millions,BEA_SAINC1,https://apps.bea.gov/regional/zip/SAINC.zip
Illinois,1971,55317.4,4936,current USD millions,BEA_SAINC1,https://apps.bea.gov/regional/zip/SAINC.zip
Illinois,1972,60029.9,5332,current USD millions,BEA_SAINC1,https://apps.bea.gov/regional/zip/SAINC.zip
Illinois,1973,66967.7,5947,current USD millions,BEA_SAINC1,https://apps.bea.gov/regional/zip/SAINC.zip
Illinois,1974,73216.4,6494,current USD millions,BEA_SAINC1,https://apps.bea.gov/regional/zip/SAINC.zip
Illinois,1975,79866.3,7064,current USD millions,BEA_SAINC1,https://apps.bea.gov/regional/zip/SAINC.zip
Illinois,1976,86832.3,7644,current USD millions,BEA_SAINC1,https://apps.bea.gov/regional/zip/SAINC.zip
Illinois,1977,95459.7,8369,current USD millions,BEA_SAINC1,https://apps.bea.gov/regional/zip/SAINC.zip
Illinois,1978,105341.7,9213,current USD millions,BEA_SAINC1,https://apps.bea.gov/regional/zip/SAINC.zip
Illinois,1979,115574.1,10118,current USD millions,BEA_SAINC1,https://apps.bea.gov/regional/zip/SAINC.zip
Illinois,1980,125258.2,10954,current USD millions,BEA_SAINC1,https://apps.bea.gov/regional/zip/SAINC.zip
Illinois,1981,138770.5,12127,current USD millions,BEA_SAINC1,https://apps.bea.gov/regional/zip/SAINC.zip
Illinois,1982,146908.4,12860,current USD millions,BEA_SAINC1,https://apps.bea.gov/regional/zip/SAINC.zip
Illinois,1983,153072.8,13417,current USD millions,BEA_SAINC1,https://apps.bea.gov/regional/zip/SAINC.zip
Illinois,1984,168502.7,14765,current USD millions,BEA_SAINC1,https://apps.bea.gov/regional/zip/SAINC.zip
Illinois,1985,177117.0,15537,current USD millions,BEA_SAINC1,https://apps.bea.gov/regional/zip/SAINC.zip
Illinois,1986,186323.0,16362,current USD millions,BEA_SAINC1,https://apps.bea.gov/regional/zip/SAINC.zip
Illinois,1987,196407.5,17242,current USD millions,BEA_SAINC1,https://apps.bea.gov/regional/zip/SAINC.zip
Illinois,1988,212484.8,18655,current USD millions,BEA_SAINC1,https://apps.bea.gov/regional/zip/SAINC.zip
Illinois,1989,226699.9,19869,current USD millions,BEA_SAINC1,https://apps.bea.gov/regional/zip/SAINC.zip
Illinois,1990,240791.7,21024,current USD millions,BEA_SAINC1,https://apps.bea.gov/regional/zip/SAINC.zip
Illinois,1991,246145.7,21276,current USD millions,BEA_SAINC1,https://apps.bea.gov/regional/zip/SAINC.zip
Illinois,1992,265620.0,22714,current USD millions,BEA_SAINC1,https://apps.bea.gov/regional/zip/SAINC.zip
Illinois,1993,275147.9,23299,current USD millions,BEA_SAINC1,https://apps.bea.gov/regional/zip/SAINC.zip
Illinois,1994,289797.8,24327,current USD millions,BEA_SAINC1,https://apps.bea.gov/regional/zip/SAINC.zip
Illinois,1995,307441.8,25602,current USD millions,BEA_SAINC1,https://apps.bea.gov/regional/zip/SAINC.zip
Illinois,1996,326997.9,27020,current USD millions,BEA_SAINC1,https://apps.bea.gov/regional/zip/SAINC.zip
Illinois,1997,345582.2,28360,current USD millions,BEA_SAINC1,https://apps.bea.gov/regional/zip/SAINC.zip
Illinois,1998,366594.1,29873,current USD millions,BEA_SAINC1,https://apps.bea.gov/regional/zip/SAINC.zip
Illinois,1999,382605.3,30958,current USD millions,BEA_SAINC1,https://apps.bea.gov/regional/zip/SAINC.zip
Illinois,2000,411220.9,33072,current USD millions,BEA_SAINC1,https://apps.bea.gov/regional/zip/SAINC.zip
Illinois,2001,427182.4,34206,current USD millions,BEA_SAINC1,https://apps.bea.gov/regional/zip/SAINC.zip
Illinois,2002,432381.6,34520,current USD millions,BEA_SAINC1,https://apps.bea.gov/regional/zip/SAINC.zip
Illinois,2003,440480.1,35081,current USD millions,BEA_SAINC1,https://apps.bea.gov/regional/zip/SAINC.zip
Illinois,2004,457834.3,36366,current USD millions,BEA_SAINC1,https://apps.bea.gov/regional/zip/SAINC.zip
Illinois,2005,475646.2,37720,current USD millions,BEA_SAINC1,https://apps.bea.gov/regional/zip/SAINC.zip
Illinois,2006,506021.6,40021,current USD millions,BEA_SAINC1,https://apps.bea.gov/regional/zip/SAINC.zip
Illinois,2007,535102.6,42148,current USD millions,BEA_SAINC1,https://apps.bea.gov/regional/zip/SAINC.zip
Illinois,2008,551159.7,43238,current USD millions,BEA_SAINC1,https://apps.bea.gov/regional/zip/SAINC.zip
Illinois,2009,525793.9,41088,current USD millions,BEA_SAINC1,https://apps.bea.gov/regional/zip/SAINC.zip
Illinois,2010,540880.9,42107,current USD millions,BEA_SAINC1,https://apps.bea.gov/regional/zip/SAINC.zip
Illinois,2011,568230.3,44075,current USD millions,BEA_SAINC1,https://apps.bea.gov/regional/zip/SAINC.zip
Illinois,2012,593814.2,45934,current USD millions,BEA_SAINC1,https://apps.bea.gov/regional/zip/SAINC.zip
Illinois,2013,605681.6,46735,current USD millions,BEA_SAINC1,https://apps.bea.gov/regional/zip/SAINC.zip
Illinois,2014,629465.0,48536,current USD millions,BEA_SAINC1,https://apps.bea.gov/regional/zip/SAINC.zip
Illinois,2015,657080.2,50688,current USD millions,BEA_SAINC1,https://apps.bea.gov/regional/zip/SAINC.zip
Illinois,2016,664686.8,51347,current USD millions,BEA_SAINC1,https://apps.bea.gov/regional/zip/SAINC.zip
Illinois,2017,685632.7,53056,current USD millions,BEA_SAINC1,https://apps.bea.gov/regional/zip/SAINC.zip
Illinois,2018,722686.6,56077,current USD millions,BEA_SAINC1,https://apps.bea.gov/regional/zip/SAINC.zip
Illinois,2019,741904.7,57738,current USD millions,BEA_SAINC1,https://apps.bea.gov/regional/zip/SAINC.zip
Illinois,2020,788153.3,61597,current USD millions,BEA_SAINC1,https://apps.bea.gov/regional/zip/SAINC.zip
Illinois,2021,849243.1,66852,current USD millions,BEA_SAINC1,https://apps.bea.gov/regional/zip/SAINC.zip
Illinois,2022,858844.4,68110,current USD millions,BEA_SAINC1,https://apps.bea.gov/regional/zip/SAINC.zip
Illinois,2023,907225.7,71812,current USD millions,BEA_SAINC1,https://apps.bea.gov/regional/zip/SAINC.zip
Illinois,2024,947182.8,74564,current USD millions,BEA_SAINC1,https://apps.bea.gov/regional/zip/SAINC.zip
Illinois,2025,989192.4,77772,current USD millions,BEA_SAINC1,https://apps.bea.gov/regional/zip/SAINC.zip
Indiana,1929,1950.4,605,current USD millions,BEA_SAINC1,https://apps.bea.gov/regional/zip/SAINC.zip
Indiana,1930,1660.6,512,current USD millions,BEA_SAINC1,https://apps.bea.gov/regional/zip/SAINC.zip
Indiana,1931,1415.9,435,current USD millions,BEA_SAINC1,https://apps.bea.gov/regional/zip/SAINC.zip
Indiana,1932,1012.0,308,current USD millions,BEA_SAINC1,https://apps.bea.gov/regional/zip/SAINC.zip
Indiana,1933,971.0,294,current USD millions,BEA_SAINC1,https://apps.bea.gov/regional/zip/SAINC.zip
Indiana,1934,1186.3,357,current USD millions,BEA_SAINC1,https://apps.bea.gov/regional/zip/SAINC.zip
Indiana,1935,1397.6,419,current USD millions,BEA_SAINC1,https://apps.bea.gov/regional/zip/SAINC.zip
Indiana,1936,1610.8,481,current USD millions,BEA_SAINC1,https://apps.bea.gov/regional/zip/SAINC.zip
Indiana,1937,1842.5,546,current USD millions,BEA_SAINC1,https://apps.bea.gov/regional/zip/SAINC.zip
Indiana,1938,1598.2,472,current USD millions,BEA_SAINC1,https://apps.bea.gov/regional/zip/SAINC.zip
Indiana,1939,1764.1,518,current USD millions,BEA_SAINC1,https://apps.bea.gov/regional/zip/SAINC.zip
Indiana,1940,1896.5,552,current USD millions,BEA_SAINC1,https://apps.bea.gov/regional/zip/SAINC.zip
Indiana,1941,2527.6,726,current USD millions,BEA_SAINC1,https://apps.bea.gov/regional/zip/SAINC.zip
Indiana,1942,3229.8,919,current USD millions,BEA_SAINC1,https://apps.bea.gov/regional/zip/SAINC.zip
Indiana,1943,3961.4,1150,current USD millions,BEA_SAINC1,https://apps.bea.gov/regional/zip/SAINC.zip
Indiana,1944,4151.9,1209,current USD millions,BEA_SAINC1,https://apps.bea.gov/regional/zip/SAINC.zip
Indiana,1945,4329.2,1265,current USD millions,BEA_SAINC1,https://apps.bea.gov/regional/zip/SAINC.zip
Indiana,1946,4485.2,1211,current USD millions,BEA_SAINC1,https://apps.bea.gov/regional/zip/SAINC.zip
Indiana,1947,4972.3,1316,current USD millions,BEA_SAINC1,https://apps.bea.gov/regional/zip/SAINC.zip
Indiana,1948,5615.7,1448,current USD millions,BEA_SAINC1,https://apps.bea.gov/regional/zip/SAINC.zip
Indiana,1949,5372.2,1357,current USD millions,BEA_SAINC1,https://apps.bea.gov/regional/zip/SAINC.zip
Indiana,1950,6049.3,1525,current USD millions,BEA_SAINC1,https://apps.bea.gov/regional/zip/SAINC.zip
Indiana,1951,7042.7,1719,current USD millions,BEA_SAINC1,https://apps.bea.gov/regional/zip/SAINC.zip
Indiana,1952,7409.1,1786,current USD millions,BEA_SAINC1,https://apps.bea.gov/regional/zip/SAINC.zip
Indiana,1953,8162.9,1952,current USD millions,BEA_SAINC1,https://apps.bea.gov/regional/zip/SAINC.zip
Indiana,1954,7716.8,1810,current USD millions,BEA_SAINC1,https://apps.bea.gov/regional/zip/SAINC.zip
Indiana,1955,8323.8,1908,current USD millions,BEA_SAINC1,https://apps.bea.gov/regional/zip/SAINC.zip
Indiana,1956,8965.1,2011,current USD millions,BEA_SAINC1,https://apps.bea.gov/regional/zip/SAINC.zip
Indiana,1957,9265.6,2046,current USD millions,BEA_SAINC1,https://apps.bea.gov/regional/zip/SAINC.zip
Indiana,1958,9272.1,2023,current USD millions,BEA_SAINC1,https://apps.bea.gov/regional/zip/SAINC.zip
Indiana,1959,9874.6,2141,current USD millions,BEA_SAINC1,https://apps.bea.gov/regional/zip/SAINC.zip
Indiana,1960,10390.3,2223,current USD millions,BEA_SAINC1,https://apps.bea.gov/regional/zip/SAINC.zip
Indiana,1961,10707.1,2264,current USD millions,BEA_SAINC1,https://apps.bea.gov/regional/zip/SAINC.zip
Indiana,1962,11464.2,2421,current USD millions,BEA_SAINC1,https://apps.bea.gov/regional/zip/SAINC.zip
Indiana,1963,12042.8,2509,current USD millions,BEA_SAINC1,https://apps.bea.gov/regional/zip/SAINC.zip
Indiana,1964,12816.9,2639,current USD millions,BEA_SAINC1,https://apps.bea.gov/regional/zip/SAINC.zip
Indiana,1965,14162.1,2877,current USD millions,BEA_SAINC1,https://apps.bea.gov/regional/zip/SAINC.zip
Indiana,1966,15287.6,3058,current USD millions,BEA_SAINC1,https://apps.bea.gov/regional/zip/SAINC.zip
Indiana,1967,16017.2,3170,current USD millions,BEA_SAINC1,https://apps.bea.gov/regional/zip/SAINC.zip
Indiana,1968,17412.5,3419,current USD millions,BEA_SAINC1,https://apps.bea.gov/regional/zip/SAINC.zip
Indiana,1969,19238.3,3741,current USD millions,BEA_SAINC1,https://apps.bea.gov/regional/zip/SAINC.zip
Indiana,1970,20028.7,3849,current USD millions,BEA_SAINC1,https://apps.bea.gov/regional/zip/SAINC.zip
Indiana,1971,21793.7,4151,current USD millions,BEA_SAINC1,https://apps.bea.gov/regional/zip/SAINC.zip
Indiana,1972,23846.5,4503,current USD millions,BEA_SAINC1,https://apps.bea.gov/regional/zip/SAINC.zip
Indiana,1973,27368.4,5136,current USD millions,BEA_SAINC1,https://apps.bea.gov/regional/zip/SAINC.zip
Indiana,1974,29274.3,5472,current USD millions,BEA_SAINC1,https://apps.bea.gov/regional/zip/SAINC.zip
Indiana,1975,31607.5,5907,current USD millions,BEA_SAINC1,https://apps.bea.gov/regional/zip/SAINC.zip
Indiana,1976,35131.6,6540,current USD millions,BEA_SAINC1,https://apps.bea.gov/regional/zip/SAINC.zip
Indiana,1977,38900.9,7197,current USD millions,BEA_SAINC1,https://apps.bea.gov/regional/zip/SAINC.zip
Indiana,1978,43398.4,7968,current USD millions,BEA_SAINC1,https://apps.bea.gov/regional/zip/SAINC.zip
Indiana,1979,47804.3,8732,current USD millions,BEA_SAINC1,https://apps.bea.gov/regional/zip/SAINC.zip
Indiana,1980,51434.6,9368,current USD millions,BEA_SAINC1,https://apps.bea.gov/regional/zip/SAINC.zip
Indiana,1981,56385.0,10288,current USD millions,BEA_SAINC1,https://apps.bea.gov/regional/zip/SAINC.zip
Indiana,1982,58406.0,10682,current USD millions,BEA_SAINC1,https://apps.bea.gov/regional/zip/SAINC.zip
Indiana,1983,61292.8,11246,current USD millions,BEA_SAINC1,https://apps.bea.gov/regional/zip/SAINC.zip
Indiana,1984,67944.4,12448,current USD millions,BEA_SAINC1,https://apps.bea.gov/regional/zip/SAINC.zip
Indiana,1985,71781.8,13149,current USD millions,BEA_SAINC1,https://apps.bea.gov/regional/zip/SAINC.zip
Indiana,1986,75602.9,13862,current USD millions,BEA_SAINC1,https://apps.bea.gov/regional/zip/SAINC.zip
Indiana,1987,79994.1,14616,current USD millions,BEA_SAINC1,https://apps.bea.gov/regional/zip/SAINC.zip
Indiana,1988,85855.2,15634,current USD millions,BEA_SAINC1,https://apps.bea.gov/regional/zip/SAINC.zip
Indiana,1989,93483.7,16924,current USD millions,BEA_SAINC1,https://apps.bea.gov/regional/zip/SAINC.zip
Indiana,1990,98724.6,17763,current USD millions,BEA_SAINC1,https://apps.bea.gov/regional/zip/SAINC.zip
Indiana,1991,101844.8,18134,current USD millions,BEA_SAINC1,https://apps.bea.gov/regional/zip/SAINC.zip
Indiana,1992,110062.5,19396,current USD millions,BEA_SAINC1,https://apps.bea.gov/regional/zip/SAINC.zip
Indiana,1993,115996.3,20212,current USD millions,BEA_SAINC1,https://apps.bea.gov/regional/zip/SAINC.zip
Indiana,1994,123234.3,21271,current USD millions,BEA_SAINC1,https://apps.bea.gov/regional/zip/SAINC.zip
Indiana,1995,128816.7,22014,current USD millions,BEA_SAINC1,https://apps.bea.gov/regional/zip/SAINC.zip
Indiana,1996,136090.9,23043,current USD millions,BEA_SAINC1,https://apps.bea.gov/regional/zip/SAINC.zip
Indiana,1997,143320.1,24066,current USD millions,BEA_SAINC1,https://apps.bea.gov/regional/zip/SAINC.zip
Indiana,1998,154521.8,25758,current USD millions,BEA_SAINC1,https://apps.bea.gov/regional/zip/SAINC.zip
Indiana,1999,160465.8,26545,current USD millions,BEA_SAINC1,https://apps.bea.gov/regional/zip/SAINC.zip
Indiana,2000,171032.1,28075,current USD millions,BEA_SAINC1,https://apps.bea.gov/regional/zip/SAINC.zip
Indiana,2001,175229.8,28596,current USD millions,BEA_SAINC1,https://apps.bea.gov/regional/zip/SAINC.zip
Indiana,2002,177918.8,28902,current USD millions,BEA_SAINC1,https://apps.bea.gov/regional/zip/SAINC.zip
Indiana,2003,182458.0,29445,current USD millions,BEA_SAINC1,https://apps.bea.gov/regional/zip/SAINC.zip
Indiana,2004,191088.3,30657,current USD millions,BEA_SAINC1,https://apps.bea.gov/regional/zip/SAINC.zip
Indiana,2005,196999.0,31376,current USD millions,BEA_SAINC1,https://apps.bea.gov/regional/zip/SAINC.zip
Indiana,2006,208373.7,32905,current USD millions,BEA_SAINC1,https://apps.bea.gov/regional/zip/SAINC.zip
Indiana,2007,215919.9,33845,current USD millions,BEA_SAINC1,https://apps.bea.gov/regional/zip/SAINC.zip
Indiana,2008,226602.3,35270,current USD millions,BEA_SAINC1,https://apps.bea.gov/regional/zip/SAINC.zip
Indiana,2009,220908.7,34200,current USD millions,BEA_SAINC1,https://apps.bea.gov/regional/zip/SAINC.zip
Indiana,2010,231025.6,35590,current USD millions,BEA_SAINC1,https://apps.bea.gov/regional/zip/SAINC.zip
Indiana,2011,245731.2,37681,current USD millions,BEA_SAINC1,https://apps.bea.gov/regional/zip/SAINC.zip
Indiana,2012,256284.7,39148,current USD millions,BEA_SAINC1,https://apps.bea.gov/regional/zip/SAINC.zip
Indiana,2013,259534.8,39435,current USD millions,BEA_SAINC1,https://apps.bea.gov/regional/zip/SAINC.zip
Indiana,2014,269159.1,40719,current USD millions,BEA_SAINC1,https://apps.bea.gov/regional/zip/SAINC.zip
Indiana,2015,279385.7,42146,current USD millions,BEA_SAINC1,https://apps.bea.gov/regional/zip/SAINC.zip
Indiana,2016,287275.2,43143,current USD millions,BEA_SAINC1,https://apps.bea.gov/regional/zip/SAINC.zip
Indiana,2017,297990.5,44568,current USD millions,BEA_SAINC1,https://apps.bea.gov/regional/zip/SAINC.zip
Indiana,2018,313127.2,46555,current USD millions,BEA_SAINC1,https://apps.bea.gov/regional/zip/SAINC.zip
Indiana,2019,326391.4,48270,current USD millions,BEA_SAINC1,https://apps.bea.gov/regional/zip/SAINC.zip
Indiana,2020,351576.3,51776,current USD millions,BEA_SAINC1,https://apps.bea.gov/regional/zip/SAINC.zip
Indiana,2021,391059.0,57389,current USD millions,BEA_SAINC1,https://apps.bea.gov/regional/zip/SAINC.zip
Indiana,2022,401573.6,58697,current USD millions,BEA_SAINC1,https://apps.bea.gov/regional/zip/SAINC.zip
Indiana,2023,422345.3,61375,current USD millions,BEA_SAINC1,https://apps.bea.gov/regional/zip/SAINC.zip
Indiana,2024,443688.8,63980,current USD millions,BEA_SAINC1,https://apps.bea.gov/regional/zip/SAINC.zip
Indiana,2025,462278.6,66292,current USD millions,BEA_SAINC1,https://apps.bea.gov/regional/zip/SAINC.zip
Iowa,1929,1404.0,571,current USD millions,BEA_SAINC1,https://apps.bea.gov/regional/zip/SAINC.zip
Iowa,1930,1239.1,501,current USD millions,BEA_SAINC1,https://apps.bea.gov/regional/zip/SAINC.zip
Iowa,1931,983.4,396,current USD millions,BEA_SAINC1,https://apps.bea.gov/regional/zip/SAINC.zip
Iowa,1932,728.9,293,current USD millions,BEA_SAINC1,https://apps.bea.gov/regional/zip/SAINC.zip
Iowa,1933,629.6,252,current USD millions,BEA_SAINC1,https://apps.bea.gov/regional/zip/SAINC.zip
Iowa,1934,680.8,271,current USD millions,BEA_SAINC1,https://apps.bea.gov/regional/zip/SAINC.zip
Iowa,1935,1054.6,418,current USD millions,BEA_SAINC1,https://apps.bea.gov/regional/zip/SAINC.zip
Iowa,1936,981.2,391,current USD millions,BEA_SAINC1,https://apps.bea.gov/regional/zip/SAINC.zip
Iowa,1937,1282.6,513,current USD millions,BEA_SAINC1,https://apps.bea.gov/regional/zip/SAINC.zip
Iowa,1938,1124.0,451,current USD millions,BEA_SAINC1,https://apps.bea.gov/regional/zip/SAINC.zip
Iowa,1939,1180.3,468,current USD millions,BEA_SAINC1,https://apps.bea.gov/regional/zip/SAINC.zip
Iowa,1940,1253.6,494,current USD millions,BEA_SAINC1,https://apps.bea.gov/regional/zip/SAINC.zip
Iowa,1941,1502.5,603,current USD millions,BEA_SAINC1,https://apps.bea.gov/regional/zip/SAINC.zip
Iowa,1942,2022.5,829,current USD millions,BEA_SAINC1,https://apps.bea.gov/regional/zip/SAINC.zip
Iowa,1943,2387.3,1024,current USD millions,BEA_SAINC1,https://apps.bea.gov/regional/zip/SAINC.zip
Iowa,1944,2303.5,1004,current USD millions,BEA_SAINC1,https://apps.bea.gov/regional/zip/SAINC.zip
Iowa,1945,2521.5,1096,current USD millions,BEA_SAINC1,https://apps.bea.gov/regional/zip/SAINC.zip
Iowa,1946,3053.2,1238,current USD millions,BEA_SAINC1,https://apps.bea.gov/regional/zip/SAINC.zip
Iowa,1947,3039.2,1211,current USD millions,BEA_SAINC1,https://apps.bea.gov/regional/zip/SAINC.zip
Iowa,1948,4122.7,1621,current USD millions,BEA_SAINC1,https://apps.bea.gov/regional/zip/SAINC.zip
Iowa,1949,3510.7,1362,current USD millions,BEA_SAINC1,https://apps.bea.gov/regional/zip/SAINC.zip
Iowa,1950,4039.1,1539,current USD millions,BEA_SAINC1,https://apps.bea.gov/regional/zip/SAINC.zip
Iowa,1951,4311.3,1647,current USD millions,BEA_SAINC1,https://apps.bea.gov/regional/zip/SAINC.zip
Iowa,1952,4576.2,1743,current USD millions,BEA_SAINC1,https://apps.bea.gov/regional/zip/SAINC.zip
Iowa,1953,4406.3,1676,current USD millions,BEA_SAINC1,https://apps.bea.gov/regional/zip/SAINC.zip
Iowa,1954,4765.6,1815,current USD millions,BEA_SAINC1,https://apps.bea.gov/regional/zip/SAINC.zip
Iowa,1955,4542.5,1696,current USD millions,BEA_SAINC1,https://apps.bea.gov/regional/zip/SAINC.zip
Iowa,1956,4821.0,1784,current USD millions,BEA_SAINC1,https://apps.bea.gov/regional/zip/SAINC.zip
Iowa,1957,5347.6,1969,current USD millions,BEA_SAINC1,https://apps.bea.gov/regional/zip/SAINC.zip
Iowa,1958,5463.3,2017,current USD millions,BEA_SAINC1,https://apps.bea.gov/regional/zip/SAINC.zip
Iowa,1959,5602.3,2053,current USD millions,BEA_SAINC1,https://apps.bea.gov/regional/zip/SAINC.zip
Iowa,1960,5745.1,2085,current USD millions,BEA_SAINC1,https://apps.bea.gov/regional/zip/SAINC.zip
Iowa,1961,6083.8,2207,current USD millions,BEA_SAINC1,https://apps.bea.gov/regional/zip/SAINC.zip
Iowa,1962,6344.5,2307,current USD millions,BEA_SAINC1,https://apps.bea.gov/regional/zip/SAINC.zip
Iowa,1963,6744.2,2455,current USD millions,BEA_SAINC1,https://apps.bea.gov/regional/zip/SAINC.zip
Iowa,1964,7059.4,2571,current USD millions,BEA_SAINC1,https://apps.bea.gov/regional/zip/SAINC.zip
Iowa,1965,7818.4,2851,current USD millions,BEA_SAINC1,https://apps.bea.gov/regional/zip/SAINC.zip
Iowa,1966,8513.1,3082,current USD millions,BEA_SAINC1,https://apps.bea.gov/regional/zip/SAINC.zip
Iowa,1967,8671.5,3105,current USD millions,BEA_SAINC1,https://apps.bea.gov/regional/zip/SAINC.zip
Iowa,1968,9347.1,3335,current USD millions,BEA_SAINC1,https://apps.bea.gov/regional/zip/SAINC.zip
Iowa,1969,10374.0,3698,current USD millions,BEA_SAINC1,https://apps.bea.gov/regional/zip/SAINC.zip
Iowa,1970,11095.0,3923,current USD millions,BEA_SAINC1,https://apps.bea.gov/regional/zip/SAINC.zip
Iowa,1971,11641.6,4082,current USD millions,BEA_SAINC1,https://apps.bea.gov/regional/zip/SAINC.zip
Iowa,1972,13040.1,4559,current USD millions,BEA_SAINC1,https://apps.bea.gov/regional/zip/SAINC.zip
Iowa,1973,15654.8,5466,current USD millions,BEA_SAINC1,https://apps.bea.gov/regional/zip/SAINC.zip
Iowa,1974,16225.0,5657,current USD millions,BEA_SAINC1,https://apps.bea.gov/regional/zip/SAINC.zip
Iowa,1975,18133.7,6293,current USD millions,BEA_SAINC1,https://apps.bea.gov/regional/zip/SAINC.zip
Iowa,1976,19280.3,6640,current USD millions,BEA_SAINC1,https://apps.bea.gov/regional/zip/SAINC.zip
Iowa,1977,21275.3,7300,current USD millions,BEA_SAINC1,https://apps.bea.gov/regional/zip/SAINC.zip
Iowa,1978,24537.2,8406,current USD millions,BEA_SAINC1,https://apps.bea.gov/regional/zip/SAINC.zip
Iowa,1979,26300.0,9017,current USD millions,BEA_SAINC1,https://apps.bea.gov/regional/zip/SAINC.zip
Iowa,1980,28010.1,9612,current USD millions,BEA_SAINC1,https://apps.bea.gov/regional/zip/SAINC.zip
Iowa,1981,31683.5,10895,current USD millions,BEA_SAINC1,https://apps.bea.gov/regional/zip/SAINC.zip
Iowa,1982,32545.0,11268,current USD millions,BEA_SAINC1,https://apps.bea.gov/regional/zip/SAINC.zip
Iowa,1983,33176.1,11557,current USD millions,BEA_SAINC1,https://apps.bea.gov/regional/zip/SAINC.zip
Iowa,1984,36915.9,12914,current USD millions,BEA_SAINC1,https://apps.bea.gov/regional/zip/SAINC.zip
Iowa,1985,38212.6,13504,current USD millions,BEA_SAINC1,https://apps.bea.gov/regional/zip/SAINC.zip
Iowa,1986,39474.4,14139,current USD millions,BEA_SAINC1,https://apps.bea.gov/regional/zip/SAINC.zip
Iowa,1987,41225.1,14899,current USD millions,BEA_SAINC1,https://apps.bea.gov/regional/zip/SAINC.zip
Iowa,1988,42726.7,15434,current USD millions,BEA_SAINC1,https://apps.bea.gov/regional/zip/SAINC.zip
Iowa,1989,46504.2,16785,current USD millions,BEA_SAINC1,https://apps.bea.gov/regional/zip/SAINC.zip
Iowa,1990,49020.2,17627,current USD millions,BEA_SAINC1,https://apps.bea.gov/regional/zip/SAINC.zip
Iowa,1991,50210.9,17948,current USD millions,BEA_SAINC1,https://apps.bea.gov/regional/zip/SAINC.zip
Iowa,1992,53763.2,19076,current USD millions,BEA_SAINC1,https://apps.bea.gov/regional/zip/SAINC.zip
Iowa,1993,54005.6,19036,current USD millions,BEA_SAINC1,https://apps.bea.gov/regional/zip/SAINC.zip
Iowa,1994,58888.9,20657,current USD millions,BEA_SAINC1,https://apps.bea.gov/regional/zip/SAINC.zip
Iowa,1995,61256.4,21363,current USD millions,BEA_SAINC1,https://apps.bea.gov/regional/zip/SAINC.zip
Iowa,1996,66724.7,23168,current USD millions,BEA_SAINC1,https://apps.bea.gov/regional/zip/SAINC.zip
Iowa,1997,69908.2,24180,current USD millions,BEA_SAINC1,https://apps.bea.gov/regional/zip/SAINC.zip
Iowa,1998,73147.5,25198,current USD millions,BEA_SAINC1,https://apps.bea.gov/regional/zip/SAINC.zip
Iowa,1999,74998.7,25705,current USD millions,BEA_SAINC1,https://apps.bea.gov/regional/zip/SAINC.zip
Iowa,2000,80082.6,27341,current USD millions,BEA_SAINC1,https://apps.bea.gov/regional/zip/SAINC.zip
Iowa,2001,82519.7,28145,current USD millions,BEA_SAINC1,https://apps.bea.gov/regional/zip/SAINC.zip
Iowa,2002,84518.2,28804,current USD millions,BEA_SAINC1,https://apps.bea.gov/regional/zip/SAINC.zip
Iowa,2003,86330.6,29344,current USD millions,BEA_SAINC1,https://apps.bea.gov/regional/zip/SAINC.zip
Iowa,2004,93377.9,31615,current USD millions,BEA_SAINC1,https://apps.bea.gov/regional/zip/SAINC.zip
Iowa,2005,96080.0,32411,current USD millions,BEA_SAINC1,https://apps.bea.gov/regional/zip/SAINC.zip
Iowa,2006,101998.6,34197,current USD millions,BEA_SAINC1,https://apps.bea.gov/regional/zip/SAINC.zip
Iowa,2007,109069.0,36366,current USD millions,BEA_SAINC1,https://apps.bea.gov/regional/zip/SAINC.zip
Iowa,2008,116112.8,38490,current USD millions,BEA_SAINC1,https://apps.bea.gov/regional/zip/SAINC.zip
Iowa,2009,112963.4,37246,current USD millions,BEA_SAINC1,https://apps.bea.gov/regional/zip/SAINC.zip
Iowa,2010,116535.7,38190,current USD millions,BEA_SAINC1,https://apps.bea.gov/regional/zip/SAINC.zip
Iowa,2011,125499.8,40879,current USD millions,BEA_SAINC1,https://apps.bea.gov/regional/zip/SAINC.zip
Iowa,2012,131137.0,42539,current USD millions,BEA_SAINC1,https://apps.bea.gov/regional/zip/SAINC.zip
Iowa,2013,133435.1,43009,current USD millions,BEA_SAINC1,https://apps.bea.gov/regional/zip/SAINC.zip
Iowa,2014,137733.5,44120,current USD millions,BEA_SAINC1,https://apps.bea.gov/regional/zip/SAINC.zip
Iowa,2015,142521.2,45442,current USD millions,BEA_SAINC1,https://apps.bea.gov/regional/zip/SAINC.zip
Iowa,2016,143839.9,45669,current USD millions,BEA_SAINC1,https://apps.bea.gov/regional/zip/SAINC.zip
Iowa,2017,147911.5,46767,current USD millions,BEA_SAINC1,https://apps.bea.gov/regional/zip/SAINC.zip
Iowa,2018,154686.0,48773,current USD millions,BEA_SAINC1,https://apps.bea.gov/regional/zip/SAINC.zip
Iowa,2019,158156.3,49674,current USD millions,BEA_SAINC1,https://apps.bea.gov/regional/zip/SAINC.zip
Iowa,2020,168097.8,52677,current USD millions,BEA_SAINC1,https://apps.bea.gov/regional/zip/SAINC.zip
Iowa,2021,186318.9,58242,current USD millions,BEA_SAINC1,https://apps.bea.gov/regional/zip/SAINC.zip
Iowa,2022,196040.1,61226,current USD millions,BEA_SAINC1,https://apps.bea.gov/regional/zip/SAINC.zip
Iowa,2023,201755.9,62760,current USD millions,BEA_SAINC1,https://apps.bea.gov/regional/zip/SAINC.zip
Iowa,2024,211425.4,65448,current USD millions,BEA_SAINC1,https://apps.bea.gov/regional/zip/SAINC.zip
Iowa,2025,221266.3,68326,current USD millions,BEA_SAINC1,https://apps.bea.gov/regional/zip/SAINC.zip
Kansas,1929,982.6,526,current USD millions,BEA_SAINC1,https://apps.bea.gov/regional/zip/SAINC.zip
Kansas,1930,866.3,460,current USD millions,BEA_SAINC1,https://apps.bea.gov/regional/zip/SAINC.zip
Kansas,1931,741.6,394,current USD millions,BEA_SAINC1,https://apps.bea.gov/regional/zip/SAINC.zip
Kansas,1932,502.8,267,current USD millions,BEA_SAINC1,https://apps.bea.gov/regional/zip/SAINC.zip
Kansas,1933,470.6,251,current USD millions,BEA_SAINC1,https://apps.bea.gov/regional/zip/SAINC.zip
Kansas,1934,537.6,288,current USD millions,BEA_SAINC1,https://apps.bea.gov/regional/zip/SAINC.zip
Kansas,1935,674.3,360,current USD millions,BEA_SAINC1,https://apps.bea.gov/regional/zip/SAINC.zip
Kansas,1936,722.6,387,current USD millions,BEA_SAINC1,https://apps.bea.gov/regional/zip/SAINC.zip
Kansas,1937,792.9,427,current USD millions,BEA_SAINC1,https://apps.bea.gov/regional/zip/SAINC.zip
Kansas,1938,705.8,383,current USD millions,BEA_SAINC1,https://apps.bea.gov/regional/zip/SAINC.zip
Kansas,1939,697.1,382,current USD millions,BEA_SAINC1,https://apps.bea.gov/regional/zip/SAINC.zip
Kansas,1940,759.8,425,current USD millions,BEA_SAINC1,https://apps.bea.gov/regional/zip/SAINC.zip
Kansas,1941,983.1,556,current USD millions,BEA_SAINC1,https://apps.bea.gov/regional/zip/SAINC.zip
Kansas,1942,1521.8,860,current USD millions,BEA_SAINC1,https://apps.bea.gov/regional/zip/SAINC.zip
Kansas,1943,1913.6,1062,current USD millions,BEA_SAINC1,https://apps.bea.gov/regional/zip/SAINC.zip
Kansas,1944,2083.8,1182,current USD millions,BEA_SAINC1,https://apps.bea.gov/regional/zip/SAINC.zip
Kansas,1945,2027.5,1179,current USD millions,BEA_SAINC1,https://apps.bea.gov/regional/zip/SAINC.zip
Kansas,1946,2058.7,1142,current USD millions,BEA_SAINC1,https://apps.bea.gov/regional/zip/SAINC.zip
Kansas,1947,2413.5,1304,current USD millions,BEA_SAINC1,https://apps.bea.gov/regional/zip/SAINC.zip
Kansas,1948,2554.7,1350,current USD millions,BEA_SAINC1,https://apps.bea.gov/regional/zip/SAINC.zip
Kansas,1949,2530.1,1314,current USD millions,BEA_SAINC1,https://apps.bea.gov/regional/zip/SAINC.zip
Kansas,1950,2838.3,1481,current USD millions,BEA_SAINC1,https://apps.bea.gov/regional/zip/SAINC.zip
Kansas,1951,3162.4,1622,current USD millions,BEA_SAINC1,https://apps.bea.gov/regional/zip/SAINC.zip
Kansas,1952,3684.6,1864,current USD millions,BEA_SAINC1,https://apps.bea.gov/regional/zip/SAINC.zip
Kansas,1953,3547.6,1779,current USD millions,BEA_SAINC1,https://apps.bea.gov/regional/zip/SAINC.zip
Kansas,1954,3755.2,1839,current USD millions,BEA_SAINC1,https://apps.bea.gov/regional/zip/SAINC.zip
Kansas,1955,3768.4,1800,current USD millions,BEA_SAINC1,https://apps.bea.gov/regional/zip/SAINC.zip
Kansas,1956,3964.2,1871,current USD millions,BEA_SAINC1,https://apps.bea.gov/regional/zip/SAINC.zip
Kansas,1957,4184.7,1966,current USD millions,BEA_SAINC1,https://apps.bea.gov/regional/zip/SAINC.zip
Kansas,1958,4593.4,2144,current USD millions,BEA_SAINC1,https://apps.bea.gov/regional/zip/SAINC.zip
Kansas,1959,4642.2,2149,current USD millions,BEA_SAINC1,https://apps.bea.gov/regional/zip/SAINC.zip
Kansas,1960,4827.1,2211,current USD millions,BEA_SAINC1,https://apps.bea.gov/regional/zip/SAINC.zip
Kansas,1961,5039.4,2275,current USD millions,BEA_SAINC1,https://apps.bea.gov/regional/zip/SAINC.zip
Kansas,1962,5244.0,2351,current USD millions,BEA_SAINC1,https://apps.bea.gov/regional/zip/SAINC.zip
Kansas,1963,5364.4,2420,current USD millions,BEA_SAINC1,https://apps.bea.gov/regional/zip/SAINC.zip
Kansas,1964,5649.7,2558,current USD millions,BEA_SAINC1,https://apps.bea.gov/regional/zip/SAINC.zip
Kansas,1965,6024.0,2731,current USD millions,BEA_SAINC1,https://apps.bea.gov/regional/zip/SAINC.zip
Kansas,1966,6452.3,2933,current USD millions,BEA_SAINC1,https://apps.bea.gov/regional/zip/SAINC.zip
Kansas,1967,6755.7,3075,current USD millions,BEA_SAINC1,https://apps.bea.gov/regional/zip/SAINC.zip
Kansas,1968,7360.3,3321,current USD millions,BEA_SAINC1,https://apps.bea.gov/regional/zip/SAINC.zip
Kansas,1969,8194.8,3665,current USD millions,BEA_SAINC1,https://apps.bea.gov/regional/zip/SAINC.zip
Kansas,1970,8892.7,3956,current USD millions,BEA_SAINC1,https://apps.bea.gov/regional/zip/SAINC.zip
Kansas,1971,9654.2,4298,current USD millions,BEA_SAINC1,https://apps.bea.gov/regional/zip/SAINC.zip
Kansas,1972,10763.3,4772,current USD millions,BEA_SAINC1,https://apps.bea.gov/regional/zip/SAINC.zip
Kansas,1973,12266.3,5417,current USD millions,BEA_SAINC1,https://apps.bea.gov/regional/zip/SAINC.zip
Kansas,1974,13262.0,5848,current USD millions,BEA_SAINC1,https://apps.bea.gov/regional/zip/SAINC.zip
Kansas,1975,14487.6,6358,current USD millions,BEA_SAINC1,https://apps.bea.gov/regional/zip/SAINC.zip
Kansas,1976,15746.2,6850,current USD millions,BEA_SAINC1,https://apps.bea.gov/regional/zip/SAINC.zip
Kansas,1977,17182.1,7413,current USD millions,BEA_SAINC1,https://apps.bea.gov/regional/zip/SAINC.zip
Kansas,1978,19014.3,8151,current USD millions,BEA_SAINC1,https://apps.bea.gov/regional/zip/SAINC.zip
Kansas,1979,21715.6,9251,current USD millions,BEA_SAINC1,https://apps.bea.gov/regional/zip/SAINC.zip
Kansas,1980,23879.6,10080,current USD millions,BEA_SAINC1,https://apps.bea.gov/regional/zip/SAINC.zip
Kansas,1981,27038.4,11338,current USD millions,BEA_SAINC1,https://apps.bea.gov/regional/zip/SAINC.zip
Kansas,1982,29313.5,12208,current USD millions,BEA_SAINC1,https://apps.bea.gov/regional/zip/SAINC.zip
Kansas,1983,30554.6,12649,current USD millions,BEA_SAINC1,https://apps.bea.gov/regional/zip/SAINC.zip
Kansas,1984,33489.2,13815,current USD millions,BEA_SAINC1,https://apps.bea.gov/regional/zip/SAINC.zip
Kansas,1985,35247.4,14521,current USD millions,BEA_SAINC1,https://apps.bea.gov/regional/zip/SAINC.zip
Kansas,1986,36949.9,15189,current USD millions,BEA_SAINC1,https://apps.bea.gov/regional/zip/SAINC.zip
Kansas,1987,38509.6,15748,current USD millions,BEA_SAINC1,https://apps.bea.gov/regional/zip/SAINC.zip
Kansas,1988,40671.3,16520,current USD millions,BEA_SAINC1,https://apps.bea.gov/regional/zip/SAINC.zip
Kansas,1989,43063.2,17414,current USD millions,BEA_SAINC1,https://apps.bea.gov/regional/zip/SAINC.zip
Kansas,1990,45745.1,18436,current USD millions,BEA_SAINC1,https://apps.bea.gov/regional/zip/SAINC.zip
Kansas,1991,47367.3,18957,current USD millions,BEA_SAINC1,https://apps.bea.gov/regional/zip/SAINC.zip
Kansas,1992,50913.1,20105,current USD millions,BEA_SAINC1,https://apps.bea.gov/regional/zip/SAINC.zip
Kansas,1993,53268.1,20836,current USD millions,BEA_SAINC1,https://apps.bea.gov/regional/zip/SAINC.zip
Kansas,1994,55684.2,21579,current USD millions,BEA_SAINC1,https://apps.bea.gov/regional/zip/SAINC.zip
Kansas,1995,58056.3,22321,current USD millions,BEA_SAINC1,https://apps.bea.gov/regional/zip/SAINC.zip
Kansas,1996,61821.0,23645,current USD millions,BEA_SAINC1,https://apps.bea.gov/regional/zip/SAINC.zip
Kansas,1997,65703.5,24932,current USD millions,BEA_SAINC1,https://apps.bea.gov/regional/zip/SAINC.zip
Kansas,1998,69711.2,26201,current USD millions,BEA_SAINC1,https://apps.bea.gov/regional/zip/SAINC.zip
Kansas,1999,71968.6,26871,current USD millions,BEA_SAINC1,https://apps.bea.gov/regional/zip/SAINC.zip
Kansas,2000,75870.8,28166,current USD millions,BEA_SAINC1,https://apps.bea.gov/regional/zip/SAINC.zip
Kansas,2001,78490.8,29047,current USD millions,BEA_SAINC1,https://apps.bea.gov/regional/zip/SAINC.zip
Kansas,2002,79285.4,29218,current USD millions,BEA_SAINC1,https://apps.bea.gov/regional/zip/SAINC.zip
Kansas,2003,81768.2,30029,current USD millions,BEA_SAINC1,https://apps.bea.gov/regional/zip/SAINC.zip
Kansas,2004,84076.9,30748,current USD millions,BEA_SAINC1,https://apps.bea.gov/regional/zip/SAINC.zip
Kansas,2005,88784.0,32340,current USD millions,BEA_SAINC1,https://apps.bea.gov/regional/zip/SAINC.zip
Kansas,2006,97838.9,35411,current USD millions,BEA_SAINC1,https://apps.bea.gov/regional/zip/SAINC.zip
Kansas,2007,105082.6,37748,current USD millions,BEA_SAINC1,https://apps.bea.gov/regional/zip/SAINC.zip
Kansas,2008,115298.3,41060,current USD millions,BEA_SAINC1,https://apps.bea.gov/regional/zip/SAINC.zip
Kansas,2009,111558.9,39382,current USD millions,BEA_SAINC1,https://apps.bea.gov/regional/zip/SAINC.zip
Kansas,2010,113843.0,39821,current USD millions,BEA_SAINC1,https://apps.bea.gov/regional/zip/SAINC.zip
Kansas,2011,123198.9,42889,current USD millions,BEA_SAINC1,https://apps.bea.gov/regional/zip/SAINC.zip
Kansas,2012,129849.7,44913,current USD millions,BEA_SAINC1,https://apps.bea.gov/regional/zip/SAINC.zip
Kansas,2013,132519.0,45669,current USD millions,BEA_SAINC1,https://apps.bea.gov/regional/zip/SAINC.zip
Kansas,2014,134773.9,46289,current USD millions,BEA_SAINC1,https://apps.bea.gov/regional/zip/SAINC.zip
Kansas,2015,136189.1,46597,current USD millions,BEA_SAINC1,https://apps.bea.gov/regional/zip/SAINC.zip
Kansas,2016,136753.6,46717,current USD millions,BEA_SAINC1,https://apps.bea.gov/regional/zip/SAINC.zip
Kansas,2017,141311.8,48271,current USD millions,BEA_SAINC1,https://apps.bea.gov/regional/zip/SAINC.zip
Kansas,2018,147407.4,50282,current USD millions,BEA_SAINC1,https://apps.bea.gov/regional/zip/SAINC.zip
Kansas,2019,153011.9,52156,current USD millions,BEA_SAINC1,https://apps.bea.gov/regional/zip/SAINC.zip
Kansas,2020,162277.2,55229,current USD millions,BEA_SAINC1,https://apps.bea.gov/regional/zip/SAINC.zip
Kansas,2021,173977.0,59197,current USD millions,BEA_SAINC1,https://apps.bea.gov/regional/zip/SAINC.zip
Kansas,2022,181747.0,61860,current USD millions,BEA_SAINC1,https://apps.bea.gov/regional/zip/SAINC.zip
Kansas,2023,187457.3,63550,current USD millions,BEA_SAINC1,https://apps.bea.gov/regional/zip/SAINC.zip
Kansas,2024,195633.0,65975,current USD millions,BEA_SAINC1,https://apps.bea.gov/regional/zip/SAINC.zip
Kansas,2025,206945.7,69510,current USD millions,BEA_SAINC1,https://apps.bea.gov/regional/zip/SAINC.zip
Kentucky,1929,1010.8,388,current USD millions,BEA_SAINC1,https://apps.bea.gov/regional/zip/SAINC.zip
Kentucky,1930,844.7,322,current USD millions,BEA_SAINC1,https://apps.bea.gov/regional/zip/SAINC.zip
Kentucky,1931,760.9,287,current USD millions,BEA_SAINC1,https://apps.bea.gov/regional/zip/SAINC.zip
Kentucky,1932,558.2,209,current USD millions,BEA_SAINC1,https://apps.bea.gov/regional/zip/SAINC.zip
Kentucky,1933,549.9,204,current USD millions,BEA_SAINC1,https://apps.bea.gov/regional/zip/SAINC.zip
Kentucky,1934,630.7,232,current USD millions,BEA_SAINC1,https://apps.bea.gov/regional/zip/SAINC.zip
Kentucky,1935,726.4,264,current USD millions,BEA_SAINC1,https://apps.bea.gov/regional/zip/SAINC.zip
Kentucky,1936,810.9,293,current USD millions,BEA_SAINC1,https://apps.bea.gov/regional/zip/SAINC.zip
Kentucky,1937,943.0,339,current USD millions,BEA_SAINC1,https://apps.bea.gov/regional/zip/SAINC.zip
Kentucky,1938,828.2,296,current USD millions,BEA_SAINC1,https://apps.bea.gov/regional/zip/SAINC.zip
Kentucky,1939,860.9,305,current USD millions,BEA_SAINC1,https://apps.bea.gov/regional/zip/SAINC.zip
Kentucky,1940,919.3,322,current USD millions,BEA_SAINC1,https://apps.bea.gov/regional/zip/SAINC.zip
Kentucky,1941,1142.0,401,current USD millions,BEA_SAINC1,https://apps.bea.gov/regional/zip/SAINC.zip
Kentucky,1942,1548.0,551,current USD millions,BEA_SAINC1,https://apps.bea.gov/regional/zip/SAINC.zip
Kentucky,1943,1928.7,717,current USD millions,BEA_SAINC1,https://apps.bea.gov/regional/zip/SAINC.zip
Kentucky,1944,2035.5,778,current USD millions,BEA_SAINC1,https://apps.bea.gov/regional/zip/SAINC.zip
Kentucky,1945,2121.4,815,current USD millions,BEA_SAINC1,https://apps.bea.gov/regional/zip/SAINC.zip
Kentucky,1946,2302.8,835,current USD millions,BEA_SAINC1,https://apps.bea.gov/regional/zip/SAINC.zip
Kentucky,1947,2438.0,870,current USD millions,BEA_SAINC1,https://apps.bea.gov/regional/zip/SAINC.zip
Kentucky,1948,2819.3,1001,current USD millions,BEA_SAINC1,https://apps.bea.gov/regional/zip/SAINC.zip
Kentucky,1949,2679.5,940,current USD millions,BEA_SAINC1,https://apps.bea.gov/regional/zip/SAINC.zip
Kentucky,1950,2931.5,998,current USD millions,BEA_SAINC1,https://apps.bea.gov/regional/zip/SAINC.zip
Kentucky,1951,3445.5,1172,current USD millions,BEA_SAINC1,https://apps.bea.gov/regional/zip/SAINC.zip
Kentucky,1952,3666.3,1256,current USD millions,BEA_SAINC1,https://apps.bea.gov/regional/zip/SAINC.zip
Kentucky,1953,3852.6,1327,current USD millions,BEA_SAINC1,https://apps.bea.gov/regional/zip/SAINC.zip
Kentucky,1954,3803.4,1311,current USD millions,BEA_SAINC1,https://apps.bea.gov/regional/zip/SAINC.zip
Kentucky,1955,3981.0,1368,current USD millions,BEA_SAINC1,https://apps.bea.gov/regional/zip/SAINC.zip
Kentucky,1956,4206.9,1452,current USD millions,BEA_SAINC1,https://apps.bea.gov/regional/zip/SAINC.zip
Kentucky,1957,4416.1,1508,current USD millions,BEA_SAINC1,https://apps.bea.gov/regional/zip/SAINC.zip
Kentucky,1958,4623.2,1561,current USD millions,BEA_SAINC1,https://apps.bea.gov/regional/zip/SAINC.zip
Kentucky,1959,4862.6,1621,current USD millions,BEA_SAINC1,https://apps.bea.gov/regional/zip/SAINC.zip
Kentucky,1960,5022.0,1651,current USD millions,BEA_SAINC1,https://apps.bea.gov/regional/zip/SAINC.zip
Kentucky,1961,5346.0,1750,current USD millions,BEA_SAINC1,https://apps.bea.gov/regional/zip/SAINC.zip
Kentucky,1962,5677.8,1844,current USD millions,BEA_SAINC1,https://apps.bea.gov/regional/zip/SAINC.zip
Kentucky,1963,5967.9,1928,current USD millions,BEA_SAINC1,https://apps.bea.gov/regional/zip/SAINC.zip
Kentucky,1964,6225.5,1990,current USD millions,BEA_SAINC1,https://apps.bea.gov/regional/zip/SAINC.zip
Kentucky,1965,6749.6,2150,current USD millions,BEA_SAINC1,https://apps.bea.gov/regional/zip/SAINC.zip
Kentucky,1966,7379.4,2345,current USD millions,BEA_SAINC1,https://apps.bea.gov/regional/zip/SAINC.zip
Kentucky,1967,7987.6,2518,current USD millions,BEA_SAINC1,https://apps.bea.gov/regional/zip/SAINC.zip
Kentucky,1968,8731.4,2733,current USD millions,BEA_SAINC1,https://apps.bea.gov/regional/zip/SAINC.zip
Kentucky,1969,9711.7,3037,current USD millions,BEA_SAINC1,https://apps.bea.gov/regional/zip/SAINC.zip
Kentucky,1970,10534.8,3261,current USD millions,BEA_SAINC1,https://apps.bea.gov/regional/zip/SAINC.zip
Kentucky,1971,11466.1,3476,current USD millions,BEA_SAINC1,https://apps.bea.gov/regional/zip/SAINC.zip
Kentucky,1972,12679.8,3801,current USD millions,BEA_SAINC1,https://apps.bea.gov/regional/zip/SAINC.zip
Kentucky,1973,14252.5,4227,current USD millions,BEA_SAINC1,https://apps.bea.gov/regional/zip/SAINC.zip
Kentucky,1974,16052.2,4698,current USD millions,BEA_SAINC1,https://apps.bea.gov/regional/zip/SAINC.zip
Kentucky,1975,17479.2,5039,current USD millions,BEA_SAINC1,https://apps.bea.gov/regional/zip/SAINC.zip
Kentucky,1976,19544.4,5536,current USD millions,BEA_SAINC1,https://apps.bea.gov/regional/zip/SAINC.zip
Kentucky,1977,21933.9,6135,current USD millions,BEA_SAINC1,https://apps.bea.gov/regional/zip/SAINC.zip
Kentucky,1978,24444.0,6769,current USD millions,BEA_SAINC1,https://apps.bea.gov/regional/zip/SAINC.zip
Kentucky,1979,27454.3,7535,current USD millions,BEA_SAINC1,https://apps.bea.gov/regional/zip/SAINC.zip
Kentucky,1980,29879.5,8154,current USD millions,BEA_SAINC1,https://apps.bea.gov/regional/zip/SAINC.zip
Kentucky,1981,33220.5,9051,current USD millions,BEA_SAINC1,https://apps.bea.gov/regional/zip/SAINC.zip
Kentucky,1982,35387.1,9607,current USD millions,BEA_SAINC1,https://apps.bea.gov/regional/zip/SAINC.zip
Kentucky,1983,36765.0,9951,current USD millions,BEA_SAINC1,https://apps.bea.gov/regional/zip/SAINC.zip
Kentucky,1984,41024.2,11101,current USD millions,BEA_SAINC1,https://apps.bea.gov/regional/zip/SAINC.zip
Kentucky,1985,42799.3,11584,current USD millions,BEA_SAINC1,https://apps.bea.gov/regional/zip/SAINC.zip
Kentucky,1986,44002.1,11932,current USD millions,BEA_SAINC1,https://apps.bea.gov/regional/zip/SAINC.zip
Kentucky,1987,46347.1,12583,current USD millions,BEA_SAINC1,https://apps.bea.gov/regional/zip/SAINC.zip
Kentucky,1988,50536.9,13733,current USD millions,BEA_SAINC1,https://apps.bea.gov/regional/zip/SAINC.zip
Kentucky,1989,54313.7,14770,current USD millions,BEA_SAINC1,https://apps.bea.gov/regional/zip/SAINC.zip
Kentucky,1990,57664.6,15610,current USD millions,BEA_SAINC1,https://apps.bea.gov/regional/zip/SAINC.zip
Kentucky,1991,60894.9,16359,current USD millions,BEA_SAINC1,https://apps.bea.gov/regional/zip/SAINC.zip
Kentucky,1992,65508.4,17397,current USD millions,BEA_SAINC1,https://apps.bea.gov/regional/zip/SAINC.zip
Kentucky,1993,68068.6,17855,current USD millions,BEA_SAINC1,https://apps.bea.gov/regional/zip/SAINC.zip
Kentucky,1994,71532.5,18584,current USD millions,BEA_SAINC1,https://apps.bea.gov/regional/zip/SAINC.zip
Kentucky,1995,74960.3,19283,current USD millions,BEA_SAINC1,https://apps.bea.gov/regional/zip/SAINC.zip
Kentucky,1996,79482.5,20279,current USD millions,BEA_SAINC1,https://apps.bea.gov/regional/zip/SAINC.zip
Kentucky,1997,84466.3,21369,current USD millions,BEA_SAINC1,https://apps.bea.gov/regional/zip/SAINC.zip
Kentucky,1998,89403.1,22433,current USD millions,BEA_SAINC1,https://apps.bea.gov/regional/zip/SAINC.zip
Kentucky,1999,93175.0,23189,current USD millions,BEA_SAINC1,https://apps.bea.gov/regional/zip/SAINC.zip
Kentucky,2000,100475.1,24815,current USD millions,BEA_SAINC1,https://apps.bea.gov/regional/zip/SAINC.zip
Kentucky,2001,103997.8,25564,current USD millions,BEA_SAINC1,https://apps.bea.gov/regional/zip/SAINC.zip
Kentucky,2002,106551.9,26053,current USD millions,BEA_SAINC1,https://apps.bea.gov/regional/zip/SAINC.zip
Kentucky,2003,109765.9,26661,current USD millions,BEA_SAINC1,https://apps.bea.gov/regional/zip/SAINC.zip
Kentucky,2004,116214.1,28030,current USD millions,BEA_SAINC1,https://apps.bea.gov/regional/zip/SAINC.zip
Kentucky,2005,121734.5,29104,current USD millions,BEA_SAINC1,https://apps.bea.gov/regional/zip/SAINC.zip
Kentucky,2006,128584.1,30476,current USD millions,BEA_SAINC1,https://apps.bea.gov/regional/zip/SAINC.zip
Kentucky,2007,134209.9,31529,current USD millions,BEA_SAINC1,https://apps.bea.gov/regional/zip/SAINC.zip
Kentucky,2008,140837.7,32830,current USD millions,BEA_SAINC1,https://apps.bea.gov/regional/zip/SAINC.zip
Kentucky,2009,138999.7,32198,current USD millions,BEA_SAINC1,https://apps.bea.gov/regional/zip/SAINC.zip
Kentucky,2010,144335.6,33187,current USD millions,BEA_SAINC1,https://apps.bea.gov/regional/zip/SAINC.zip
Kentucky,2011,151379.9,34607,current USD millions,BEA_SAINC1,https://apps.bea.gov/regional/zip/SAINC.zip
Kentucky,2012,156564.9,35630,current USD millions,BEA_SAINC1,https://apps.bea.gov/regional/zip/SAINC.zip
Kentucky,2013,157905.4,35758,current USD millions,BEA_SAINC1,https://apps.bea.gov/regional/zip/SAINC.zip
Kentucky,2014,164862.1,37225,current USD millions,BEA_SAINC1,https://apps.bea.gov/regional/zip/SAINC.zip
Kentucky,2015,172269.4,38766,current USD millions,BEA_SAINC1,https://apps.bea.gov/regional/zip/SAINC.zip
Kentucky,2016,175275.6,39319,current USD millions,BEA_SAINC1,https://apps.bea.gov/regional/zip/SAINC.zip
Kentucky,2017,180836.1,40403,current USD millions,BEA_SAINC1,https://apps.bea.gov/regional/zip/SAINC.zip
Kentucky,2018,186931.1,41658,current USD millions,BEA_SAINC1,https://apps.bea.gov/regional/zip/SAINC.zip
Kentucky,2019,195518.9,43466,current USD millions,BEA_SAINC1,https://apps.bea.gov/regional/zip/SAINC.zip
Kentucky,2020,212278.2,47086,current USD millions,BEA_SAINC1,https://apps.bea.gov/regional/zip/SAINC.zip
Kentucky,2021,234113.4,51929,current USD millions,BEA_SAINC1,https://apps.bea.gov/regional/zip/SAINC.zip
Kentucky,2022,237842.6,52606,current USD millions,BEA_SAINC1,https://apps.bea.gov/regional/zip/SAINC.zip
Kentucky,2023,253319.5,55675,current USD millions,BEA_SAINC1,https://apps.bea.gov/regional/zip/SAINC.zip
Kentucky,2024,267297.9,58310,current USD millions,BEA_SAINC1,https://apps.bea.gov/regional/zip/SAINC.zip
Kentucky,2025,279513.8,60673,current USD millions,BEA_SAINC1,https://apps.bea.gov/regional/zip/SAINC.zip
Louisiana,1929,852.8,409,current USD millions,BEA_SAINC1,https://apps.bea.gov/regional/zip/SAINC.zip
Louisiana,1930,743.1,353,current USD millions,BEA_SAINC1,https://apps.bea.gov/regional/zip/SAINC.zip
Louisiana,1931,670.0,315,current USD millions,BEA_SAINC1,https://apps.bea.gov/regional/zip/SAINC.zip
Louisiana,1932,513.1,238,current USD millions,BEA_SAINC1,https://apps.bea.gov/regional/zip/SAINC.zip
Louisiana,1933,491.7,226,current USD millions,BEA_SAINC1,https://apps.bea.gov/regional/zip/SAINC.zip
Louisiana,1934,579.8,263,current USD millions,BEA_SAINC1,https://apps.bea.gov/regional/zip/SAINC.zip
Louisiana,1935,644.1,289,current USD millions,BEA_SAINC1,https://apps.bea.gov/regional/zip/SAINC.zip
Louisiana,1936,737.5,328,current USD millions,BEA_SAINC1,https://apps.bea.gov/regional/zip/SAINC.zip
Louisiana,1937,795.3,352,current USD millions,BEA_SAINC1,https://apps.bea.gov/regional/zip/SAINC.zip
Louisiana,1938,793.9,347,current USD millions,BEA_SAINC1,https://apps.bea.gov/regional/zip/SAINC.zip
Louisiana,1939,838.6,359,current USD millions,BEA_SAINC1,https://apps.bea.gov/regional/zip/SAINC.zip
Louisiana,1940,864.6,365,current USD millions,BEA_SAINC1,https://apps.bea.gov/regional/zip/SAINC.zip
Louisiana,1941,1162.5,465,current USD millions,BEA_SAINC1,https://apps.bea.gov/regional/zip/SAINC.zip
Louisiana,1942,1567.9,617,current USD millions,BEA_SAINC1,https://apps.bea.gov/regional/zip/SAINC.zip
Louisiana,1943,2075.7,811,current USD millions,BEA_SAINC1,https://apps.bea.gov/regional/zip/SAINC.zip
Louisiana,1944,2221.0,896,current USD millions,BEA_SAINC1,https://apps.bea.gov/regional/zip/SAINC.zip
Louisiana,1945,2190.5,908,current USD millions,BEA_SAINC1,https://apps.bea.gov/regional/zip/SAINC.zip
Louisiana,1946,2146.8,845,current USD millions,BEA_SAINC1,https://apps.bea.gov/regional/zip/SAINC.zip
Louisiana,1947,2294.1,890,current USD millions,BEA_SAINC1,https://apps.bea.gov/regional/zip/SAINC.zip
Louisiana,1948,2656.4,1023,current USD millions,BEA_SAINC1,https://apps.bea.gov/regional/zip/SAINC.zip
Louisiana,1949,2849.8,1082,current USD millions,BEA_SAINC1,https://apps.bea.gov/regional/zip/SAINC.zip
Louisiana,1950,3053.3,1132,current USD millions,BEA_SAINC1,https://apps.bea.gov/regional/zip/SAINC.zip
Louisiana,1951,3416.7,1234,current USD millions,BEA_SAINC1,https://apps.bea.gov/regional/zip/SAINC.zip
Louisiana,1952,3721.2,1309,current USD millions,BEA_SAINC1,https://apps.bea.gov/regional/zip/SAINC.zip
Louisiana,1953,3937.0,1374,current USD millions,BEA_SAINC1,https://apps.bea.gov/regional/zip/SAINC.zip
Louisiana,1954,3933.7,1364,current USD millions,BEA_SAINC1,https://apps.bea.gov/regional/zip/SAINC.zip
Louisiana,1955,4181.6,1419,current USD millions,BEA_SAINC1,https://apps.bea.gov/regional/zip/SAINC.zip
Louisiana,1956,4644.1,1532,current USD millions,BEA_SAINC1,https://apps.bea.gov/regional/zip/SAINC.zip
Louisiana,1957,5139.8,1650,current USD millions,BEA_SAINC1,https://apps.bea.gov/regional/zip/SAINC.zip
Louisiana,1958,5266.4,1669,current USD millions,BEA_SAINC1,https://apps.bea.gov/regional/zip/SAINC.zip
Louisiana,1959,5503.4,1716,current USD millions,BEA_SAINC1,https://apps.bea.gov/regional/zip/SAINC.zip
Louisiana,1960,5591.2,1715,current USD millions,BEA_SAINC1,https://apps.bea.gov/regional/zip/SAINC.zip
Louisiana,1961,5818.6,1770,current USD millions,BEA_SAINC1,https://apps.bea.gov/regional/zip/SAINC.zip
Louisiana,1962,6157.8,1841,current USD millions,BEA_SAINC1,https://apps.bea.gov/regional/zip/SAINC.zip
Louisiana,1963,6563.6,1944,current USD millions,BEA_SAINC1,https://apps.bea.gov/regional/zip/SAINC.zip
Louisiana,1964,7016.3,2036,current USD millions,BEA_SAINC1,https://apps.bea.gov/regional/zip/SAINC.zip
Louisiana,1965,7601.8,2174,current USD millions,BEA_SAINC1,https://apps.bea.gov/regional/zip/SAINC.zip
Louisiana,1966,8410.3,2369,current USD millions,BEA_SAINC1,https://apps.bea.gov/regional/zip/SAINC.zip
Louisiana,1967,9225.3,2576,current USD millions,BEA_SAINC1,https://apps.bea.gov/regional/zip/SAINC.zip
Louisiana,1968,10105.6,2805,current USD millions,BEA_SAINC1,https://apps.bea.gov/regional/zip/SAINC.zip
Louisiana,1969,10765.9,2975,current USD millions,BEA_SAINC1,https://apps.bea.gov/regional/zip/SAINC.zip
Louisiana,1970,11663.0,3195,current USD millions,BEA_SAINC1,https://apps.bea.gov/regional/zip/SAINC.zip
Louisiana,1971,12715.2,3427,current USD millions,BEA_SAINC1,https://apps.bea.gov/regional/zip/SAINC.zip
Louisiana,1972,13912.1,3698,current USD millions,BEA_SAINC1,https://apps.bea.gov/regional/zip/SAINC.zip
Louisiana,1973,15528.5,4098,current USD millions,BEA_SAINC1,https://apps.bea.gov/regional/zip/SAINC.zip
Louisiana,1974,17651.8,4620,current USD millions,BEA_SAINC1,https://apps.bea.gov/regional/zip/SAINC.zip
Louisiana,1975,19875.1,5113,current USD millions,BEA_SAINC1,https://apps.bea.gov/regional/zip/SAINC.zip
Louisiana,1976,22415.5,5672,current USD millions,BEA_SAINC1,https://apps.bea.gov/regional/zip/SAINC.zip
Louisiana,1977,25031.4,6234,current USD millions,BEA_SAINC1,https://apps.bea.gov/regional/zip/SAINC.zip
Louisiana,1978,28630.8,7029,current USD millions,BEA_SAINC1,https://apps.bea.gov/regional/zip/SAINC.zip
Louisiana,1979,32475.0,7846,current USD millions,BEA_SAINC1,https://apps.bea.gov/regional/zip/SAINC.zip
Louisiana,1980,37374.1,8850,current USD millions,BEA_SAINC1,https://apps.bea.gov/regional/zip/SAINC.zip
Louisiana,1981,43061.1,10053,current USD millions,BEA_SAINC1,https://apps.bea.gov/regional/zip/SAINC.zip
Louisiana,1982,46351.4,10649,current USD millions,BEA_SAINC1,https://apps.bea.gov/regional/zip/SAINC.zip
Louisiana,1983,48426.2,11018,current USD millions,BEA_SAINC1,https://apps.bea.gov/regional/zip/SAINC.zip
Louisiana,1984,51456.4,11693,current USD millions,BEA_SAINC1,https://apps.bea.gov/regional/zip/SAINC.zip
Louisiana,1985,53604.9,12161,current USD millions,BEA_SAINC1,https://apps.bea.gov/regional/zip/SAINC.zip
Louisiana,1986,53665.0,12177,current USD millions,BEA_SAINC1,https://apps.bea.gov/regional/zip/SAINC.zip
Louisiana,1987,53761.2,12376,current USD millions,BEA_SAINC1,https://apps.bea.gov/regional/zip/SAINC.zip
Louisiana,1988,56826.7,13250,current USD millions,BEA_SAINC1,https://apps.bea.gov/regional/zip/SAINC.zip
Louisiana,1989,60256.0,14168,current USD millions,BEA_SAINC1,https://apps.bea.gov/regional/zip/SAINC.zip
Louisiana,1990,64855.0,15363,current USD millions,BEA_SAINC1,https://apps.bea.gov/regional/zip/SAINC.zip
Louisiana,1991,68440.4,16091,current USD millions,BEA_SAINC1,https://apps.bea.gov/regional/zip/SAINC.zip
Louisiana,1992,73201.4,17051,current USD millions,BEA_SAINC1,https://apps.bea.gov/regional/zip/SAINC.zip
Louisiana,1993,76792.1,17791,current USD millions,BEA_SAINC1,https://apps.bea.gov/regional/zip/SAINC.zip
Louisiana,1994,81800.6,18816,current USD millions,BEA_SAINC1,https://apps.bea.gov/regional/zip/SAINC.zip
Louisiana,1995,85828.4,19601,current USD millions,BEA_SAINC1,https://apps.bea.gov/regional/zip/SAINC.zip
Louisiana,1996,89604.0,20370,current USD millions,BEA_SAINC1,https://apps.bea.gov/regional/zip/SAINC.zip
Louisiana,1997,94201.5,21307,current USD millions,BEA_SAINC1,https://apps.bea.gov/regional/zip/SAINC.zip
Louisiana,1998,98863.5,22265,current USD millions,BEA_SAINC1,https://apps.bea.gov/regional/zip/SAINC.zip
Louisiana,1999,101157.7,22677,current USD millions,BEA_SAINC1,https://apps.bea.gov/regional/zip/SAINC.zip
Louisiana,2000,106907.7,23907,current USD millions,BEA_SAINC1,https://apps.bea.gov/regional/zip/SAINC.zip
Louisiana,2001,114767.4,25630,current USD millions,BEA_SAINC1,https://apps.bea.gov/regional/zip/SAINC.zip
Louisiana,2002,118194.3,26281,current USD millions,BEA_SAINC1,https://apps.bea.gov/regional/zip/SAINC.zip
Louisiana,2003,122009.9,26987,current USD millions,BEA_SAINC1,https://apps.bea.gov/regional/zip/SAINC.zip
Louisiana,2004,127386.9,27983,current USD millions,BEA_SAINC1,https://apps.bea.gov/regional/zip/SAINC.zip
Louisiana,2005,137162.4,29970,current USD millions,BEA_SAINC1,https://apps.bea.gov/regional/zip/SAINC.zip
Louisiana,2006,144684.4,33627,current USD millions,BEA_SAINC1,https://apps.bea.gov/regional/zip/SAINC.zip
Louisiana,2007,158433.0,36208,current USD millions,BEA_SAINC1,https://apps.bea.gov/regional/zip/SAINC.zip
Louisiana,2008,170008.6,38328,current USD millions,BEA_SAINC1,https://apps.bea.gov/regional/zip/SAINC.zip
Louisiana,2009,165305.6,36803,current USD millions,BEA_SAINC1,https://apps.bea.gov/regional/zip/SAINC.zip
Louisiana,2010,173007.3,38067,current USD millions,BEA_SAINC1,https://apps.bea.gov/regional/zip/SAINC.zip
Louisiana,2011,178350.9,38966,current USD millions,BEA_SAINC1,https://apps.bea.gov/regional/zip/SAINC.zip
Louisiana,2012,187190.7,40662,current USD millions,BEA_SAINC1,https://apps.bea.gov/regional/zip/SAINC.zip
Louisiana,2013,189741.3,40996,current USD millions,BEA_SAINC1,https://apps.bea.gov/regional/zip/SAINC.zip
Louisiana,2014,197729.8,42533,current USD millions,BEA_SAINC1,https://apps.bea.gov/regional/zip/SAINC.zip
Louisiana,2015,198425.9,42484,current USD millions,BEA_SAINC1,https://apps.bea.gov/regional/zip/SAINC.zip
Louisiana,2016,197411.9,42132,current USD millions,BEA_SAINC1,https://apps.bea.gov/regional/zip/SAINC.zip
Louisiana,2017,203454.9,43486,current USD millions,BEA_SAINC1,https://apps.bea.gov/regional/zip/SAINC.zip
Louisiana,2018,212320.8,45465,current USD millions,BEA_SAINC1,https://apps.bea.gov/regional/zip/SAINC.zip
Louisiana,2019,219305.0,47015,current USD millions,BEA_SAINC1,https://apps.bea.gov/regional/zip/SAINC.zip
Louisiana,2020,233449.5,50181,current USD millions,BEA_SAINC1,https://apps.bea.gov/regional/zip/SAINC.zip
Louisiana,2021,255091.5,55112,current USD millions,BEA_SAINC1,https://apps.bea.gov/regional/zip/SAINC.zip
Louisiana,2022,254415.5,55297,current USD millions,BEA_SAINC1,https://apps.bea.gov/regional/zip/SAINC.zip
Louisiana,2023,270677.4,58859,current USD millions,BEA_SAINC1,https://apps.bea.gov/regional/zip/SAINC.zip
Louisiana,2024,284587.2,61667,current USD millions,BEA_SAINC1,https://apps.bea.gov/regional/zip/SAINC.zip
Louisiana,2025,295288.3,63940,current USD millions,BEA_SAINC1,https://apps.bea.gov/regional/zip/SAINC.zip
Maine,1929,477.9,600,current USD millions,BEA_SAINC1,https://apps.bea.gov/regional/zip/SAINC.zip
Maine,1930,458.9,574,current USD millions,BEA_SAINC1,https://apps.bea.gov/regional/zip/SAINC.zip
Maine,1931,397.3,492,current USD millions,BEA_SAINC1,https://apps.bea.gov/regional/zip/SAINC.zip
Maine,1932,309.9,380,current USD millions,BEA_SAINC1,https://apps.bea.gov/regional/zip/SAINC.zip
Maine,1933,306.6,373,current USD millions,BEA_SAINC1,https://apps.bea.gov/regional/zip/SAINC.zip
Maine,1934,346.9,418,current USD millions,BEA_SAINC1,https://apps.bea.gov/regional/zip/SAINC.zip
Maine,1935,363.7,435,current USD millions,BEA_SAINC1,https://apps.bea.gov/regional/zip/SAINC.zip
Maine,1936,427.6,509,current USD millions,BEA_SAINC1,https://apps.bea.gov/regional/zip/SAINC.zip
Maine,1937,432.5,514,current USD millions,BEA_SAINC1,https://apps.bea.gov/regional/zip/SAINC.zip
Maine,1938,401.3,476,current USD millions,BEA_SAINC1,https://apps.bea.gov/regional/zip/SAINC.zip
Maine,1939,422.7,500,current USD millions,BEA_SAINC1,https://apps.bea.gov/regional/zip/SAINC.zip
Maine,1940,452.0,532,current USD millions,BEA_SAINC1,https://apps.bea.gov/regional/zip/SAINC.zip
Maine,1941,546.4,641,current USD millions,BEA_SAINC1,https://apps.bea.gov/regional/zip/SAINC.zip
Maine,1942,731.3,873,current USD millions,BEA_SAINC1,https://apps.bea.gov/regional/zip/SAINC.zip
Maine,1943,907.5,1126,current USD millions,BEA_SAINC1,https://apps.bea.gov/regional/zip/SAINC.zip
Maine,1944,903.7,1123,current USD millions,BEA_SAINC1,https://apps.bea.gov/regional/zip/SAINC.zip
Maine,1945,882.6,1101,current USD millions,BEA_SAINC1,https://apps.bea.gov/regional/zip/SAINC.zip
Maine,1946,958.3,1148,current USD millions,BEA_SAINC1,https://apps.bea.gov/regional/zip/SAINC.zip
Maine,1947,1009.1,1182,current USD millions,BEA_SAINC1,https://apps.bea.gov/regional/zip/SAINC.zip
Maine,1948,1114.6,1270,current USD millions,BEA_SAINC1,https://apps.bea.gov/regional/zip/SAINC.zip
Maine,1949,1096.4,1214,current USD millions,BEA_SAINC1,https://apps.bea.gov/regional/zip/SAINC.zip
Maine,1950,1124.6,1226,current USD millions,BEA_SAINC1,https://apps.bea.gov/regional/zip/SAINC.zip
Maine,1951,1245.9,1360,current USD millions,BEA_SAINC1,https://apps.bea.gov/regional/zip/SAINC.zip
Maine,1952,1363.5,1490,current USD millions,BEA_SAINC1,https://apps.bea.gov/regional/zip/SAINC.zip
Maine,1953,1373.8,1505,current USD millions,BEA_SAINC1,https://apps.bea.gov/regional/zip/SAINC.zip
Maine,1954,1397.8,1508,current USD millions,BEA_SAINC1,https://apps.bea.gov/regional/zip/SAINC.zip
Maine,1955,1535.9,1644,current USD millions,BEA_SAINC1,https://apps.bea.gov/regional/zip/SAINC.zip
Maine,1956,1625.8,1733,current USD millions,BEA_SAINC1,https://apps.bea.gov/regional/zip/SAINC.zip
Maine,1957,1690.8,1793,current USD millions,BEA_SAINC1,https://apps.bea.gov/regional/zip/SAINC.zip
Maine,1958,1761.3,1866,current USD millions,BEA_SAINC1,https://apps.bea.gov/regional/zip/SAINC.zip
Maine,1959,1841.0,1924,current USD millions,BEA_SAINC1,https://apps.bea.gov/regional/zip/SAINC.zip
Maine,1960,1952.4,2002,current USD millions,BEA_SAINC1,https://apps.bea.gov/regional/zip/SAINC.zip
Maine,1961,1977.4,1987,current USD millions,BEA_SAINC1,https://apps.bea.gov/regional/zip/SAINC.zip
Maine,1962,2054.4,2067,current USD millions,BEA_SAINC1,https://apps.bea.gov/regional/zip/SAINC.zip
Maine,1963,2122.2,2137,current USD millions,BEA_SAINC1,https://apps.bea.gov/regional/zip/SAINC.zip
Maine,1964,2292.7,2309,current USD millions,BEA_SAINC1,https://apps.bea.gov/regional/zip/SAINC.zip
Maine,1965,2474.3,2482,current USD millions,BEA_SAINC1,https://apps.bea.gov/regional/zip/SAINC.zip
Maine,1966,2629.8,2632,current USD millions,BEA_SAINC1,https://apps.bea.gov/regional/zip/SAINC.zip
Maine,1967,2760.7,2750,current USD millions,BEA_SAINC1,https://apps.bea.gov/regional/zip/SAINC.zip
Maine,1968,2940.0,2958,current USD millions,BEA_SAINC1,https://apps.bea.gov/regional/zip/SAINC.zip
Maine,1969,3236.0,3262,current USD millions,BEA_SAINC1,https://apps.bea.gov/regional/zip/SAINC.zip
Maine,1970,3557.1,3569,current USD millions,BEA_SAINC1,https://apps.bea.gov/regional/zip/SAINC.zip
Maine,1971,3822.7,3764,current USD millions,BEA_SAINC1,https://apps.bea.gov/regional/zip/SAINC.zip
Maine,1972,4187.7,4047,current USD millions,BEA_SAINC1,https://apps.bea.gov/regional/zip/SAINC.zip
Maine,1973,4706.7,4498,current USD millions,BEA_SAINC1,https://apps.bea.gov/regional/zip/SAINC.zip
Maine,1974,5229.3,4933,current USD millions,BEA_SAINC1,https://apps.bea.gov/regional/zip/SAINC.zip
Maine,1975,5652.3,5266,current USD millions,BEA_SAINC1,https://apps.bea.gov/regional/zip/SAINC.zip
Maine,1976,6447.0,5915,current USD millions,BEA_SAINC1,https://apps.bea.gov/regional/zip/SAINC.zip
Maine,1977,7007.6,6340,current USD millions,BEA_SAINC1,https://apps.bea.gov/regional/zip/SAINC.zip
Maine,1978,7740.5,6939,current USD millions,BEA_SAINC1,https://apps.bea.gov/regional/zip/SAINC.zip
Maine,1979,8589.1,7635,current USD millions,BEA_SAINC1,https://apps.bea.gov/regional/zip/SAINC.zip
Maine,1980,9655.3,8568,current USD millions,BEA_SAINC1,https://apps.bea.gov/regional/zip/SAINC.zip
Maine,1981,10638.5,9389,current USD millions,BEA_SAINC1,https://apps.bea.gov/regional/zip/SAINC.zip
Maine,1982,11562.9,10173,current USD millions,BEA_SAINC1,https://apps.bea.gov/regional/zip/SAINC.zip
Maine,1983,12470.5,10893,current USD millions,BEA_SAINC1,https://apps.bea.gov/regional/zip/SAINC.zip
Maine,1984,13760.9,11908,current USD millions,BEA_SAINC1,https://apps.bea.gov/regional/zip/SAINC.zip
Maine,1985,14877.3,12793,current USD millions,BEA_SAINC1,https://apps.bea.gov/regional/zip/SAINC.zip
Maine,1986,16108.1,13766,current USD millions,BEA_SAINC1,https://apps.bea.gov/regional/zip/SAINC.zip
Maine,1987,17414.6,14701,current USD millions,BEA_SAINC1,https://apps.bea.gov/regional/zip/SAINC.zip
Maine,1988,19256.8,15996,current USD millions,BEA_SAINC1,https://apps.bea.gov/regional/zip/SAINC.zip
Maine,1989,20984.2,17201,current USD millions,BEA_SAINC1,https://apps.bea.gov/regional/zip/SAINC.zip
Maine,1990,21860.8,17748,current USD millions,BEA_SAINC1,https://apps.bea.gov/regional/zip/SAINC.zip
Maine,1991,22261.8,17995,current USD millions,BEA_SAINC1,https://apps.bea.gov/regional/zip/SAINC.zip
Maine,1992,23295.1,18809,current USD millions,BEA_SAINC1,https://apps.bea.gov/regional/zip/SAINC.zip
Maine,1993,24056.4,19364,current USD millions,BEA_SAINC1,https://apps.bea.gov/regional/zip/SAINC.zip
Maine,1994,25036.6,20148,current USD millions,BEA_SAINC1,https://apps.bea.gov/regional/zip/SAINC.zip
Maine,1995,26123.8,21009,current USD millions,BEA_SAINC1,https://apps.bea.gov/regional/zip/SAINC.zip
Maine,1996,27577.6,22079,current USD millions,BEA_SAINC1,https://apps.bea.gov/regional/zip/SAINC.zip
Maine,1997,29185.4,23260,current USD millions,BEA_SAINC1,https://apps.bea.gov/regional/zip/SAINC.zip
Maine,1998,31264.4,24830,current USD millions,BEA_SAINC1,https://apps.bea.gov/regional/zip/SAINC.zip
Maine,1999,32675.4,25793,current USD millions,BEA_SAINC1,https://apps.bea.gov/regional/zip/SAINC.zip
Maine,2000,35091.4,27478,current USD millions,BEA_SAINC1,https://apps.bea.gov/regional/zip/SAINC.zip
Maine,2001,37055.0,28821,current USD millions,BEA_SAINC1,https://apps.bea.gov/regional/zip/SAINC.zip
Maine,2002,38290.7,29546,current USD millions,BEA_SAINC1,https://apps.bea.gov/regional/zip/SAINC.zip
Maine,2003,40162.9,30740,current USD millions,BEA_SAINC1,https://apps.bea.gov/regional/zip/SAINC.zip
Maine,2004,42164.5,32096,current USD millions,BEA_SAINC1,https://apps.bea.gov/regional/zip/SAINC.zip
Maine,2005,43103.5,32684,current USD millions,BEA_SAINC1,https://apps.bea.gov/regional/zip/SAINC.zip
Maine,2006,45226.0,34168,current USD millions,BEA_SAINC1,https://apps.bea.gov/regional/zip/SAINC.zip
Maine,2007,46979.3,35402,current USD millions,BEA_SAINC1,https://apps.bea.gov/regional/zip/SAINC.zip
Maine,2008,49175.8,36960,current USD millions,BEA_SAINC1,https://apps.bea.gov/regional/zip/SAINC.zip
Maine,2009,49337.0,37107,current USD millions,BEA_SAINC1,https://apps.bea.gov/regional/zip/SAINC.zip
Maine,2010,50487.0,38018,current USD millions,BEA_SAINC1,https://apps.bea.gov/regional/zip/SAINC.zip
Maine,2011,52539.8,39502,current USD millions,BEA_SAINC1,https://apps.bea.gov/regional/zip/SAINC.zip
Maine,2012,53227.3,39992,current USD millions,BEA_SAINC1,https://apps.bea.gov/regional/zip/SAINC.zip
Maine,2013,53240.2,39950,current USD millions,BEA_SAINC1,https://apps.bea.gov/regional/zip/SAINC.zip
Maine,2014,54984.6,41137,current USD millions,BEA_SAINC1,https://apps.bea.gov/regional/zip/SAINC.zip
Maine,2015,57356.5,42939,current USD millions,BEA_SAINC1,https://apps.bea.gov/regional/zip/SAINC.zip
Maine,2016,59286.8,44234,current USD millions,BEA_SAINC1,https://apps.bea.gov/regional/zip/SAINC.zip
Maine,2017,61740.1,45905,current USD millions,BEA_SAINC1,https://apps.bea.gov/regional/zip/SAINC.zip
Maine,2018,64463.2,47729,current USD millions,BEA_SAINC1,https://apps.bea.gov/regional/zip/SAINC.zip
Maine,2019,67852.8,49983,current USD millions,BEA_SAINC1,https://apps.bea.gov/regional/zip/SAINC.zip
Maine,2020,74137.0,54331,current USD millions,BEA_SAINC1,https://apps.bea.gov/regional/zip/SAINC.zip
Maine,2021,81887.1,59381,current USD millions,BEA_SAINC1,https://apps.bea.gov/regional/zip/SAINC.zip
Maine,2022,85704.2,61587,current USD millions,BEA_SAINC1,https://apps.bea.gov/regional/zip/SAINC.zip
Maine,2023,91602.3,65337,current USD millions,BEA_SAINC1,https://apps.bea.gov/regional/zip/SAINC.zip
Maine,2024,96850.3,68764,current USD millions,BEA_SAINC1,https://apps.bea.gov/regional/zip/SAINC.zip
Maine,2025,101392.7,71662,current USD millions,BEA_SAINC1,https://apps.bea.gov/regional/zip/SAINC.zip
Maryland,1929,1257.0,775,current USD millions,BEA_SAINC1,https://apps.bea.gov/regional/zip/SAINC.zip
Maryland,1930,1179.3,721,current USD millions,BEA_SAINC1,https://apps.bea.gov/regional/zip/SAINC.zip
Maryland,1931,1071.1,646,current USD millions,BEA_SAINC1,https://apps.bea.gov/regional/zip/SAINC.zip
Maryland,1932,876.0,522,current USD millions,BEA_SAINC1,https://apps.bea.gov/regional/zip/SAINC.zip
Maryland,1933,804.1,475,current USD millions,BEA_SAINC1,https://apps.bea.gov/regional/zip/SAINC.zip
Maryland,1934,908.9,532,current USD millions,BEA_SAINC1,https://apps.bea.gov/regional/zip/SAINC.zip
Maryland,1935,965.2,558,current USD millions,BEA_SAINC1,https://apps.bea.gov/regional/zip/SAINC.zip
Maryland,1936,1093.6,627,current USD millions,BEA_SAINC1,https://apps.bea.gov/regional/zip/SAINC.zip
Maryland,1937,1183.0,674,current USD millions,BEA_SAINC1,https://apps.bea.gov/regional/zip/SAINC.zip
Maryland,1938,1136.7,644,current USD millions,BEA_SAINC1,https://apps.bea.gov/regional/zip/SAINC.zip
Maryland,1939,1207.3,673,current USD millions,BEA_SAINC1,https://apps.bea.gov/regional/zip/SAINC.zip
Maryland,1940,1329.0,723,current USD millions,BEA_SAINC1,https://apps.bea.gov/regional/zip/SAINC.zip
Maryland,1941,1717.0,896,current USD millions,BEA_SAINC1,https://apps.bea.gov/regional/zip/SAINC.zip
Maryland,1942,2327.8,1157,current USD millions,BEA_SAINC1,https://apps.bea.gov/regional/zip/SAINC.zip
Maryland,1943,2777.8,1325,current USD millions,BEA_SAINC1,https://apps.bea.gov/regional/zip/SAINC.zip
Maryland,1944,2930.1,1359,current USD millions,BEA_SAINC1,https://apps.bea.gov/regional/zip/SAINC.zip
Maryland,1945,2895.6,1349,current USD millions,BEA_SAINC1,https://apps.bea.gov/regional/zip/SAINC.zip
Maryland,1946,3011.5,1352,current USD millions,BEA_SAINC1,https://apps.bea.gov/regional/zip/SAINC.zip
Maryland,1947,3124.3,1385,current USD millions,BEA_SAINC1,https://apps.bea.gov/regional/zip/SAINC.zip
Maryland,1948,3515.5,1548,current USD millions,BEA_SAINC1,https://apps.bea.gov/regional/zip/SAINC.zip
Maryland,1949,3587.9,1541,current USD millions,BEA_SAINC1,https://apps.bea.gov/regional/zip/SAINC.zip
Maryland,1950,4009.0,1702,current USD millions,BEA_SAINC1,https://apps.bea.gov/regional/zip/SAINC.zip
Maryland,1951,4625.5,1895,current USD millions,BEA_SAINC1,https://apps.bea.gov/regional/zip/SAINC.zip
Maryland,1952,5098.2,2039,current USD millions,BEA_SAINC1,https://apps.bea.gov/regional/zip/SAINC.zip
Maryland,1953,5428.8,2115,current USD millions,BEA_SAINC1,https://apps.bea.gov/regional/zip/SAINC.zip
Maryland,1954,5455.8,2032,current USD millions,BEA_SAINC1,https://apps.bea.gov/regional/zip/SAINC.zip
Maryland,1955,5871.9,2141,current USD millions,BEA_SAINC1,https://apps.bea.gov/regional/zip/SAINC.zip
Maryland,1956,6412.7,2281,current USD millions,BEA_SAINC1,https://apps.bea.gov/regional/zip/SAINC.zip
Maryland,1957,6830.5,2377,current USD millions,BEA_SAINC1,https://apps.bea.gov/regional/zip/SAINC.zip
Maryland,1958,6968.9,2337,current USD millions,BEA_SAINC1,https://apps.bea.gov/regional/zip/SAINC.zip
Maryland,1959,7363.9,2402,current USD millions,BEA_SAINC1,https://apps.bea.gov/regional/zip/SAINC.zip
Maryland,1960,7738.8,2486,current USD millions,BEA_SAINC1,https://apps.bea.gov/regional/zip/SAINC.zip
Maryland,1961,8233.9,2593,current USD millions,BEA_SAINC1,https://apps.bea.gov/regional/zip/SAINC.zip
Maryland,1962,8896.9,2727,current USD millions,BEA_SAINC1,https://apps.bea.gov/regional/zip/SAINC.zip
Maryland,1963,9531.6,2815,current USD millions,BEA_SAINC1,https://apps.bea.gov/regional/zip/SAINC.zip
Maryland,1964,10386.4,2974,current USD millions,BEA_SAINC1,https://apps.bea.gov/regional/zip/SAINC.zip
Maryland,1965,11316.9,3144,current USD millions,BEA_SAINC1,https://apps.bea.gov/regional/zip/SAINC.zip
Maryland,1966,12477.2,3377,current USD millions,BEA_SAINC1,https://apps.bea.gov/regional/zip/SAINC.zip
Maryland,1967,13580.2,3615,current USD millions,BEA_SAINC1,https://apps.bea.gov/regional/zip/SAINC.zip
Maryland,1968,14999.8,3932,current USD millions,BEA_SAINC1,https://apps.bea.gov/regional/zip/SAINC.zip
Maryland,1969,17235.9,4456,current USD millions,BEA_SAINC1,https://apps.bea.gov/regional/zip/SAINC.zip
Maryland,1970,19167.2,4867,current USD millions,BEA_SAINC1,https://apps.bea.gov/regional/zip/SAINC.zip
Maryland,1971,21125.8,5252,current USD millions,BEA_SAINC1,https://apps.bea.gov/regional/zip/SAINC.zip
Maryland,1972,23176.4,5679,current USD millions,BEA_SAINC1,https://apps.bea.gov/regional/zip/SAINC.zip
Maryland,1973,25560.5,6221,current USD millions,BEA_SAINC1,https://apps.bea.gov/regional/zip/SAINC.zip
Maryland,1974,27902.8,6751,current USD millions,BEA_SAINC1,https://apps.bea.gov/regional/zip/SAINC.zip
Maryland,1975,30204.1,7265,current USD millions,BEA_SAINC1,https://apps.bea.gov/regional/zip/SAINC.zip
Maryland,1976,32906.9,7887,current USD millions,BEA_SAINC1,https://apps.bea.gov/regional/zip/SAINC.zip
Maryland,1977,35675.8,8505,current USD millions,BEA_SAINC1,https://apps.bea.gov/regional/zip/SAINC.zip
Maryland,1978,39617.2,9407,current USD millions,BEA_SAINC1,https://apps.bea.gov/regional/zip/SAINC.zip
Maryland,1979,43549.0,10311,current USD millions,BEA_SAINC1,https://apps.bea.gov/regional/zip/SAINC.zip
Maryland,1980,48519.3,11477,current USD millions,BEA_SAINC1,https://apps.bea.gov/regional/zip/SAINC.zip
Maryland,1981,53995.5,12669,current USD millions,BEA_SAINC1,https://apps.bea.gov/regional/zip/SAINC.zip
Maryland,1982,58547.2,13670,current USD millions,BEA_SAINC1,https://apps.bea.gov/regional/zip/SAINC.zip
Maryland,1983,62799.1,14559,current USD millions,BEA_SAINC1,https://apps.bea.gov/regional/zip/SAINC.zip
Maryland,1984,69586.5,15941,current USD millions,BEA_SAINC1,https://apps.bea.gov/regional/zip/SAINC.zip
Maryland,1985,75465.7,17100,current USD millions,BEA_SAINC1,https://apps.bea.gov/regional/zip/SAINC.zip
Maryland,1986,81514.1,18167,current USD millions,BEA_SAINC1,https://apps.bea.gov/regional/zip/SAINC.zip
Maryland,1987,87723.3,19214,current USD millions,BEA_SAINC1,https://apps.bea.gov/regional/zip/SAINC.zip
Maryland,1988,96684.9,20757,current USD millions,BEA_SAINC1,https://apps.bea.gov/regional/zip/SAINC.zip
Maryland,1989,104522.2,22110,current USD millions,BEA_SAINC1,https://apps.bea.gov/regional/zip/SAINC.zip
Maryland,1990,110892.4,23104,current USD millions,BEA_SAINC1,https://apps.bea.gov/regional/zip/SAINC.zip
Maryland,1991,115010.0,23627,current USD millions,BEA_SAINC1,https://apps.bea.gov/regional/zip/SAINC.zip
Maryland,1992,120581.7,24492,current USD millions,BEA_SAINC1,https://apps.bea.gov/regional/zip/SAINC.zip
Maryland,1993,125400.7,25222,current USD millions,BEA_SAINC1,https://apps.bea.gov/regional/zip/SAINC.zip
Maryland,1994,131300.7,26140,current USD millions,BEA_SAINC1,https://apps.bea.gov/regional/zip/SAINC.zip
Maryland,1995,137086.6,27039,current USD millions,BEA_SAINC1,https://apps.bea.gov/regional/zip/SAINC.zip
Maryland,1996,143495.3,28070,current USD millions,BEA_SAINC1,https://apps.bea.gov/regional/zip/SAINC.zip
Maryland,1997,151432.8,29363,current USD millions,BEA_SAINC1,https://apps.bea.gov/regional/zip/SAINC.zip
Maryland,1998,163509.0,31417,current USD millions,BEA_SAINC1,https://apps.bea.gov/regional/zip/SAINC.zip
Maryland,1999,173125.8,32948,current USD millions,BEA_SAINC1,https://apps.bea.gov/regional/zip/SAINC.zip
Maryland,2000,188437.2,35480,current USD millions,BEA_SAINC1,https://apps.bea.gov/regional/zip/SAINC.zip
Maryland,2001,198926.9,37012,current USD millions,BEA_SAINC1,https://apps.bea.gov/regional/zip/SAINC.zip
Maryland,2002,206707.3,37995,current USD millions,BEA_SAINC1,https://apps.bea.gov/regional/zip/SAINC.zip
Maryland,2003,215973.4,39295,current USD millions,BEA_SAINC1,https://apps.bea.gov/regional/zip/SAINC.zip
Maryland,2004,230279.2,41515,current USD millions,BEA_SAINC1,https://apps.bea.gov/regional/zip/SAINC.zip
Maryland,2005,242214.0,43311,current USD millions,BEA_SAINC1,https://apps.bea.gov/regional/zip/SAINC.zip
Maryland,2006,254883.1,45293,current USD millions,BEA_SAINC1,https://apps.bea.gov/regional/zip/SAINC.zip
Maryland,2007,265895.1,47033,current USD millions,BEA_SAINC1,https://apps.bea.gov/regional/zip/SAINC.zip
Maryland,2008,278708.3,49026,current USD millions,BEA_SAINC1,https://apps.bea.gov/regional/zip/SAINC.zip
Maryland,2009,277623.6,48448,current USD millions,BEA_SAINC1,https://apps.bea.gov/regional/zip/SAINC.zip
Maryland,2010,287359.4,49616,current USD millions,BEA_SAINC1,https://apps.bea.gov/regional/zip/SAINC.zip
Maryland,2011,303270.1,51797,current USD millions,BEA_SAINC1,https://apps.bea.gov/regional/zip/SAINC.zip
Maryland,2012,310420.4,52481,current USD millions,BEA_SAINC1,https://apps.bea.gov/regional/zip/SAINC.zip
Maryland,2013,309329.5,51871,current USD millions,BEA_SAINC1,https://apps.bea.gov/regional/zip/SAINC.zip
Maryland,2014,318983.1,53075,current USD millions,BEA_SAINC1,https://apps.bea.gov/regional/zip/SAINC.zip
Maryland,2015,332956.2,55032,current USD millions,BEA_SAINC1,https://apps.bea.gov/regional/zip/SAINC.zip
Maryland,2016,344195.1,56606,current USD millions,BEA_SAINC1,https://apps.bea.gov/regional/zip/SAINC.zip
Maryland,2017,356079.0,58245,current USD millions,BEA_SAINC1,https://apps.bea.gov/regional/zip/SAINC.zip
Maryland,2018,367831.3,59915,current USD millions,BEA_SAINC1,https://apps.bea.gov/regional/zip/SAINC.zip
Maryland,2019,380447.2,61723,current USD millions,BEA_SAINC1,https://apps.bea.gov/regional/zip/SAINC.zip
Maryland,2020,400750.0,64863,current USD millions,BEA_SAINC1,https://apps.bea.gov/regional/zip/SAINC.zip
Maryland,2021,427803.2,69268,current USD millions,BEA_SAINC1,https://apps.bea.gov/regional/zip/SAINC.zip
Maryland,2022,438306.4,70886,current USD millions,BEA_SAINC1,https://apps.bea.gov/regional/zip/SAINC.zip
Maryland,2023,469239.6,75624,current USD millions,BEA_SAINC1,https://apps.bea.gov/regional/zip/SAINC.zip
Maryland,2024,496413.9,79486,current USD millions,BEA_SAINC1,https://apps.bea.gov/regional/zip/SAINC.zip
Maryland,2025,512715.9,81834,current USD millions,BEA_SAINC1,https://apps.bea.gov/regional/zip/SAINC.zip
Massachusetts,1929,3853.4,911,current USD millions,BEA_SAINC1,https://apps.bea.gov/regional/zip/SAINC.zip
Massachusetts,1930,3578.6,842,current USD millions,BEA_SAINC1,https://apps.bea.gov/regional/zip/SAINC.zip
Massachusetts,1931,3254.4,766,current USD millions,BEA_SAINC1,https://apps.bea.gov/regional/zip/SAINC.zip
Massachusetts,1932,2648.8,622,current USD millions,BEA_SAINC1,https://apps.bea.gov/regional/zip/SAINC.zip
Massachusetts,1933,2430.4,568,current USD millions,BEA_SAINC1,https://apps.bea.gov/regional/zip/SAINC.zip
Massachusetts,1934,2658.8,618,current USD millions,BEA_SAINC1,https://apps.bea.gov/regional/zip/SAINC.zip
Massachusetts,1935,2835.6,653,current USD millions,BEA_SAINC1,https://apps.bea.gov/regional/zip/SAINC.zip
Massachusetts,1936,3155.6,725,current USD millions,BEA_SAINC1,https://apps.bea.gov/regional/zip/SAINC.zip
Massachusetts,1937,3235.7,742,current USD millions,BEA_SAINC1,https://apps.bea.gov/regional/zip/SAINC.zip
Massachusetts,1938,2980.1,683,current USD millions,BEA_SAINC1,https://apps.bea.gov/regional/zip/SAINC.zip
Massachusetts,1939,3197.2,736,current USD millions,BEA_SAINC1,https://apps.bea.gov/regional/zip/SAINC.zip
Massachusetts,1940,3422.4,793,current USD millions,BEA_SAINC1,https://apps.bea.gov/regional/zip/SAINC.zip
Massachusetts,1941,4053.7,921,current USD millions,BEA_SAINC1,https://apps.bea.gov/regional/zip/SAINC.zip
Massachusetts,1942,4831.7,1102,current USD millions,BEA_SAINC1,https://apps.bea.gov/regional/zip/SAINC.zip
Massachusetts,1943,5544.0,1296,current USD millions,BEA_SAINC1,https://apps.bea.gov/regional/zip/SAINC.zip
Massachusetts,1944,5801.1,1330,current USD millions,BEA_SAINC1,https://apps.bea.gov/regional/zip/SAINC.zip
Massachusetts,1945,5957.5,1382,current USD millions,BEA_SAINC1,https://apps.bea.gov/regional/zip/SAINC.zip
Massachusetts,1946,6452.2,1422,current USD millions,BEA_SAINC1,https://apps.bea.gov/regional/zip/SAINC.zip
Massachusetts,1947,6688.5,1458,current USD millions,BEA_SAINC1,https://apps.bea.gov/regional/zip/SAINC.zip
Massachusetts,1948,7159.4,1532,current USD millions,BEA_SAINC1,https://apps.bea.gov/regional/zip/SAINC.zip
Massachusetts,1949,7102.5,1498,current USD millions,BEA_SAINC1,https://apps.bea.gov/regional/zip/SAINC.zip
Massachusetts,1950,7896.4,1685,current USD millions,BEA_SAINC1,https://apps.bea.gov/regional/zip/SAINC.zip
Massachusetts,1951,8642.8,1857,current USD millions,BEA_SAINC1,https://apps.bea.gov/regional/zip/SAINC.zip
Massachusetts,1952,9041.1,1944,current USD millions,BEA_SAINC1,https://apps.bea.gov/regional/zip/SAINC.zip
Massachusetts,1953,9582.9,1994,current USD millions,BEA_SAINC1,https://apps.bea.gov/regional/zip/SAINC.zip
Massachusetts,1954,9688.1,1973,current USD millions,BEA_SAINC1,https://apps.bea.gov/regional/zip/SAINC.zip
Massachusetts,1955,10329.2,2116,current USD millions,BEA_SAINC1,https://apps.bea.gov/regional/zip/SAINC.zip
Massachusetts,1956,10959.6,2241,current USD millions,BEA_SAINC1,https://apps.bea.gov/regional/zip/SAINC.zip
Massachusetts,1957,11582.9,2350,current USD millions,BEA_SAINC1,https://apps.bea.gov/regional/zip/SAINC.zip
Massachusetts,1958,11835.9,2362,current USD millions,BEA_SAINC1,https://apps.bea.gov/regional/zip/SAINC.zip
Massachusetts,1959,12630.4,2468,current USD millions,BEA_SAINC1,https://apps.bea.gov/regional/zip/SAINC.zip
Massachusetts,1960,13147.2,2548,current USD millions,BEA_SAINC1,https://apps.bea.gov/regional/zip/SAINC.zip
Massachusetts,1961,13813.8,2647,current USD millions,BEA_SAINC1,https://apps.bea.gov/regional/zip/SAINC.zip
Massachusetts,1962,14596.6,2773,current USD millions,BEA_SAINC1,https://apps.bea.gov/regional/zip/SAINC.zip
Massachusetts,1963,15203.4,2845,current USD millions,BEA_SAINC1,https://apps.bea.gov/regional/zip/SAINC.zip
Massachusetts,1964,16233.1,2980,current USD millions,BEA_SAINC1,https://apps.bea.gov/regional/zip/SAINC.zip
Massachusetts,1965,17319.7,3148,current USD millions,BEA_SAINC1,https://apps.bea.gov/regional/zip/SAINC.zip
Massachusetts,1966,18650.1,3369,current USD millions,BEA_SAINC1,https://apps.bea.gov/regional/zip/SAINC.zip
Massachusetts,1967,20260.5,3622,current USD millions,BEA_SAINC1,https://apps.bea.gov/regional/zip/SAINC.zip
Massachusetts,1968,22126.5,3938,current USD millions,BEA_SAINC1,https://apps.bea.gov/regional/zip/SAINC.zip
Massachusetts,1969,24041.9,4255,current USD millions,BEA_SAINC1,https://apps.bea.gov/regional/zip/SAINC.zip
Massachusetts,1970,25961.4,4552,current USD millions,BEA_SAINC1,https://apps.bea.gov/regional/zip/SAINC.zip
Massachusetts,1971,27742.0,4834,current USD millions,BEA_SAINC1,https://apps.bea.gov/regional/zip/SAINC.zip
Massachusetts,1972,29977.9,5203,current USD millions,BEA_SAINC1,https://apps.bea.gov/regional/zip/SAINC.zip
Massachusetts,1973,32574.1,5632,current USD millions,BEA_SAINC1,https://apps.bea.gov/regional/zip/SAINC.zip
Massachusetts,1974,35182.2,6090,current USD millions,BEA_SAINC1,https://apps.bea.gov/regional/zip/SAINC.zip
Massachusetts,1975,37801.8,6560,current USD millions,BEA_SAINC1,https://apps.bea.gov/regional/zip/SAINC.zip
Massachusetts,1976,40688.8,7078,current USD millions,BEA_SAINC1,https://apps.bea.gov/regional/zip/SAINC.zip
Massachusetts,1977,44297.9,7712,current USD millions,BEA_SAINC1,https://apps.bea.gov/regional/zip/SAINC.zip
Massachusetts,1978,48938.7,8522,current USD millions,BEA_SAINC1,https://apps.bea.gov/regional/zip/SAINC.zip
Massachusetts,1979,54486.4,9482,current USD millions,BEA_SAINC1,https://apps.bea.gov/regional/zip/SAINC.zip
Massachusetts,1980,61411.9,10688,current USD millions,BEA_SAINC1,https://apps.bea.gov/regional/zip/SAINC.zip
Massachusetts,1981,68412.2,11859,current USD millions,BEA_SAINC1,https://apps.bea.gov/regional/zip/SAINC.zip
Massachusetts,1982,75002.1,12996,current USD millions,BEA_SAINC1,https://apps.bea.gov/regional/zip/SAINC.zip
Massachusetts,1983,81459.4,14046,current USD millions,BEA_SAINC1,https://apps.bea.gov/regional/zip/SAINC.zip
Massachusetts,1984,91789.3,15715,current USD millions,BEA_SAINC1,https://apps.bea.gov/regional/zip/SAINC.zip
Massachusetts,1985,99275.1,16881,current USD millions,BEA_SAINC1,https://apps.bea.gov/regional/zip/SAINC.zip
Massachusetts,1986,107091.8,18143,current USD millions,BEA_SAINC1,https://apps.bea.gov/regional/zip/SAINC.zip
Massachusetts,1987,115602.4,19477,current USD millions,BEA_SAINC1,https://apps.bea.gov/regional/zip/SAINC.zip
Massachusetts,1988,127633.8,21343,current USD millions,BEA_SAINC1,https://apps.bea.gov/regional/zip/SAINC.zip
Massachusetts,1989,135075.6,22455,current USD millions,BEA_SAINC1,https://apps.bea.gov/regional/zip/SAINC.zip
Massachusetts,1990,139212.6,23115,current USD millions,BEA_SAINC1,https://apps.bea.gov/regional/zip/SAINC.zip
Massachusetts,1991,141495.4,23510,current USD millions,BEA_SAINC1,https://apps.bea.gov/regional/zip/SAINC.zip
Massachusetts,1992,148383.5,24613,current USD millions,BEA_SAINC1,https://apps.bea.gov/regional/zip/SAINC.zip
Massachusetts,1993,154231.9,25448,current USD millions,BEA_SAINC1,https://apps.bea.gov/regional/zip/SAINC.zip
Massachusetts,1994,162007.8,26579,current USD millions,BEA_SAINC1,https://apps.bea.gov/regional/zip/SAINC.zip
Massachusetts,1995,171515.9,27928,current USD millions,BEA_SAINC1,https://apps.bea.gov/regional/zip/SAINC.zip
Massachusetts,1996,182243.8,29490,current USD millions,BEA_SAINC1,https://apps.bea.gov/regional/zip/SAINC.zip
Massachusetts,1997,193168.9,31026,current USD millions,BEA_SAINC1,https://apps.bea.gov/regional/zip/SAINC.zip
Massachusetts,1998,205509.2,32767,current USD millions,BEA_SAINC1,https://apps.bea.gov/regional/zip/SAINC.zip
Massachusetts,1999,219633.3,34767,current USD millions,BEA_SAINC1,https://apps.bea.gov/regional/zip/SAINC.zip
Massachusetts,2000,244147.4,38381,current USD millions,BEA_SAINC1,https://apps.bea.gov/regional/zip/SAINC.zip
Massachusetts,2001,254058.1,39711,current USD millions,BEA_SAINC1,https://apps.bea.gov/regional/zip/SAINC.zip
Massachusetts,2002,252959.5,39419,current USD millions,BEA_SAINC1,https://apps.bea.gov/regional/zip/SAINC.zip
Massachusetts,2003,257918.0,40158,current USD millions,BEA_SAINC1,https://apps.bea.gov/regional/zip/SAINC.zip
Massachusetts,2004,270865.5,42242,current USD millions,BEA_SAINC1,https://apps.bea.gov/regional/zip/SAINC.zip
Massachusetts,2005,282138.1,44061,current USD millions,BEA_SAINC1,https://apps.bea.gov/regional/zip/SAINC.zip
Massachusetts,2006,303265.4,47311,current USD millions,BEA_SAINC1,https://apps.bea.gov/regional/zip/SAINC.zip
Massachusetts,2007,319407.0,49662,current USD millions,BEA_SAINC1,https://apps.bea.gov/regional/zip/SAINC.zip
Massachusetts,2008,333450.5,51546,current USD millions,BEA_SAINC1,https://apps.bea.gov/regional/zip/SAINC.zip
Massachusetts,2009,330773.4,50751,current USD millions,BEA_SAINC1,https://apps.bea.gov/regional/zip/SAINC.zip
Massachusetts,2010,346269.9,52707,current USD millions,BEA_SAINC1,https://apps.bea.gov/regional/zip/SAINC.zip
Massachusetts,2011,363076.3,54757,current USD millions,BEA_SAINC1,https://apps.bea.gov/regional/zip/SAINC.zip
Massachusetts,2012,376591.2,56259,current USD millions,BEA_SAINC1,https://apps.bea.gov/regional/zip/SAINC.zip
Massachusetts,2013,379250.4,56119,current USD millions,BEA_SAINC1,https://apps.bea.gov/regional/zip/SAINC.zip
Massachusetts,2014,396488.7,58129,current USD millions,BEA_SAINC1,https://apps.bea.gov/regional/zip/SAINC.zip
Massachusetts,2015,422547.6,61536,current USD millions,BEA_SAINC1,https://apps.bea.gov/regional/zip/SAINC.zip
Massachusetts,2016,438598.5,63476,current USD millions,BEA_SAINC1,https://apps.bea.gov/regional/zip/SAINC.zip
Massachusetts,2017,459778.7,66069,current USD millions,BEA_SAINC1,https://apps.bea.gov/regional/zip/SAINC.zip
Massachusetts,2018,483954.4,69191,current USD millions,BEA_SAINC1,https://apps.bea.gov/regional/zip/SAINC.zip
Massachusetts,2019,507884.7,72381,current USD millions,BEA_SAINC1,https://apps.bea.gov/regional/zip/SAINC.zip
Massachusetts,2020,542032.6,77596,current USD millions,BEA_SAINC1,https://apps.bea.gov/regional/zip/SAINC.zip
Massachusetts,2021,588651.0,84132,current USD millions,BEA_SAINC1,https://apps.bea.gov/regional/zip/SAINC.zip
Massachusetts,2022,600009.6,85405,current USD millions,BEA_SAINC1,https://apps.bea.gov/regional/zip/SAINC.zip
Massachusetts,2023,635619.8,89860,current USD millions,BEA_SAINC1,https://apps.bea.gov/regional/zip/SAINC.zip
Massachusetts,2024,667993.0,93575,current USD millions,BEA_SAINC1,https://apps.bea.gov/regional/zip/SAINC.zip
Massachusetts,2025,697205.3,97456,current USD millions,BEA_SAINC1,https://apps.bea.gov/regional/zip/SAINC.zip
Michigan,1929,3796.8,792,current USD millions,BEA_SAINC1,https://apps.bea.gov/regional/zip/SAINC.zip
Michigan,1930,3178.9,658,current USD millions,BEA_SAINC1,https://apps.bea.gov/regional/zip/SAINC.zip
Michigan,1931,2593.3,540,current USD millions,BEA_SAINC1,https://apps.bea.gov/regional/zip/SAINC.zip
Michigan,1932,1885.8,395,current USD millions,BEA_SAINC1,https://apps.bea.gov/regional/zip/SAINC.zip
Michigan,1933,1661.4,348,current USD millions,BEA_SAINC1,https://apps.bea.gov/regional/zip/SAINC.zip
Michigan,1934,2179.6,454,current USD millions,BEA_SAINC1,https://apps.bea.gov/regional/zip/SAINC.zip
Michigan,1935,2571.8,532,current USD millions,BEA_SAINC1,https://apps.bea.gov/regional/zip/SAINC.zip
Michigan,1936,3035.3,621,current USD millions,BEA_SAINC1,https://apps.bea.gov/regional/zip/SAINC.zip
Michigan,1937,3415.4,687,current USD millions,BEA_SAINC1,https://apps.bea.gov/regional/zip/SAINC.zip
Michigan,1938,2904.5,574,current USD millions,BEA_SAINC1,https://apps.bea.gov/regional/zip/SAINC.zip
Michigan,1939,3239.9,628,current USD millions,BEA_SAINC1,https://apps.bea.gov/regional/zip/SAINC.zip
Michigan,1940,3632.4,683,current USD millions,BEA_SAINC1,https://apps.bea.gov/regional/zip/SAINC.zip
Michigan,1941,4560.3,834,current USD millions,BEA_SAINC1,https://apps.bea.gov/regional/zip/SAINC.zip
Michigan,1942,5875.4,1058,current USD millions,BEA_SAINC1,https://apps.bea.gov/regional/zip/SAINC.zip
Michigan,1943,7401.3,1372,current USD millions,BEA_SAINC1,https://apps.bea.gov/regional/zip/SAINC.zip
Michigan,1944,7659.1,1403,current USD millions,BEA_SAINC1,https://apps.bea.gov/regional/zip/SAINC.zip
Michigan,1945,7335.4,1342,current USD millions,BEA_SAINC1,https://apps.bea.gov/regional/zip/SAINC.zip
Michigan,1946,7861.8,1338,current USD millions,BEA_SAINC1,https://apps.bea.gov/regional/zip/SAINC.zip
Michigan,1947,8951.9,1474,current USD millions,BEA_SAINC1,https://apps.bea.gov/regional/zip/SAINC.zip
Michigan,1948,9697.7,1561,current USD millions,BEA_SAINC1,https://apps.bea.gov/regional/zip/SAINC.zip
Michigan,1949,9642.4,1523,current USD millions,BEA_SAINC1,https://apps.bea.gov/regional/zip/SAINC.zip
Michigan,1950,11002.6,1717,current USD millions,BEA_SAINC1,https://apps.bea.gov/regional/zip/SAINC.zip
Michigan,1951,12319.1,1896,current USD millions,BEA_SAINC1,https://apps.bea.gov/regional/zip/SAINC.zip
Michigan,1952,13190.5,1984,current USD millions,BEA_SAINC1,https://apps.bea.gov/regional/zip/SAINC.zip
Michigan,1953,14991.5,2198,current USD millions,BEA_SAINC1,https://apps.bea.gov/regional/zip/SAINC.zip
Michigan,1954,14618.4,2069,current USD millions,BEA_SAINC1,https://apps.bea.gov/regional/zip/SAINC.zip
Michigan,1955,16236.0,2229,current USD millions,BEA_SAINC1,https://apps.bea.gov/regional/zip/SAINC.zip
Michigan,1956,16948.9,2270,current USD millions,BEA_SAINC1,https://apps.bea.gov/regional/zip/SAINC.zip
Michigan,1957,17440.9,2304,current USD millions,BEA_SAINC1,https://apps.bea.gov/regional/zip/SAINC.zip
Michigan,1958,17119.5,2233,current USD millions,BEA_SAINC1,https://apps.bea.gov/regional/zip/SAINC.zip
Michigan,1959,18126.0,2334,current USD millions,BEA_SAINC1,https://apps.bea.gov/regional/zip/SAINC.zip
Michigan,1960,18884.0,2411,current USD millions,BEA_SAINC1,https://apps.bea.gov/regional/zip/SAINC.zip
Michigan,1961,18957.0,2402,current USD millions,BEA_SAINC1,https://apps.bea.gov/regional/zip/SAINC.zip
Michigan,1962,20319.3,2561,current USD millions,BEA_SAINC1,https://apps.bea.gov/regional/zip/SAINC.zip
Michigan,1963,21691.5,2692,current USD millions,BEA_SAINC1,https://apps.bea.gov/regional/zip/SAINC.zip
Michigan,1964,23774.2,2904,current USD millions,BEA_SAINC1,https://apps.bea.gov/regional/zip/SAINC.zip
Michigan,1965,26375.2,3156,current USD millions,BEA_SAINC1,https://apps.bea.gov/regional/zip/SAINC.zip
Michigan,1966,28764.1,3379,current USD millions,BEA_SAINC1,https://apps.bea.gov/regional/zip/SAINC.zip
Michigan,1967,29991.8,3475,current USD millions,BEA_SAINC1,https://apps.bea.gov/regional/zip/SAINC.zip
Michigan,1968,33160.6,3813,current USD millions,BEA_SAINC1,https://apps.bea.gov/regional/zip/SAINC.zip
Michigan,1969,36067.9,4107,current USD millions,BEA_SAINC1,https://apps.bea.gov/regional/zip/SAINC.zip
Michigan,1970,37361.7,4200,current USD millions,BEA_SAINC1,https://apps.bea.gov/regional/zip/SAINC.zip
Michigan,1971,40644.0,4530,current USD millions,BEA_SAINC1,https://apps.bea.gov/regional/zip/SAINC.zip
Michigan,1972,45132.0,5001,current USD millions,BEA_SAINC1,https://apps.bea.gov/regional/zip/SAINC.zip
Michigan,1973,50382.9,5554,current USD millions,BEA_SAINC1,https://apps.bea.gov/regional/zip/SAINC.zip
Michigan,1974,53913.2,5918,current USD millions,BEA_SAINC1,https://apps.bea.gov/regional/zip/SAINC.zip
Michigan,1975,57745.1,6340,current USD millions,BEA_SAINC1,https://apps.bea.gov/regional/zip/SAINC.zip
Michigan,1976,64457.8,7070,current USD millions,BEA_SAINC1,https://apps.bea.gov/regional/zip/SAINC.zip
Michigan,1977,72465.6,7913,current USD millions,BEA_SAINC1,https://apps.bea.gov/regional/zip/SAINC.zip
Michigan,1978,80772.9,8778,current USD millions,BEA_SAINC1,https://apps.bea.gov/regional/zip/SAINC.zip
Michigan,1979,88473.2,9566,current USD millions,BEA_SAINC1,https://apps.bea.gov/regional/zip/SAINC.zip
Michigan,1980,94701.8,10232,current USD millions,BEA_SAINC1,https://apps.bea.gov/regional/zip/SAINC.zip
Michigan,1981,101183.6,10987,current USD millions,BEA_SAINC1,https://apps.bea.gov/regional/zip/SAINC.zip
Michigan,1982,104753.9,11492,current USD millions,BEA_SAINC1,https://apps.bea.gov/regional/zip/SAINC.zip
Michigan,1983,111587.4,12333,current USD millions,BEA_SAINC1,https://apps.bea.gov/regional/zip/SAINC.zip
Michigan,1984,123022.2,13594,current USD millions,BEA_SAINC1,https://apps.bea.gov/regional/zip/SAINC.zip
Michigan,1985,133511.6,14710,current USD millions,BEA_SAINC1,https://apps.bea.gov/regional/zip/SAINC.zip
Michigan,1986,141960.4,15553,current USD millions,BEA_SAINC1,https://apps.bea.gov/regional/zip/SAINC.zip
Michigan,1987,147028.8,16003,current USD millions,BEA_SAINC1,https://apps.bea.gov/regional/zip/SAINC.zip
Michigan,1988,157389.8,17074,current USD millions,BEA_SAINC1,https://apps.bea.gov/regional/zip/SAINC.zip
Michigan,1989,169457.8,18313,current USD millions,BEA_SAINC1,https://apps.bea.gov/regional/zip/SAINC.zip
Michigan,1990,177358.2,19048,current USD millions,BEA_SAINC1,https://apps.bea.gov/regional/zip/SAINC.zip
Michigan,1991,181544.4,19312,current USD millions,BEA_SAINC1,https://apps.bea.gov/regional/zip/SAINC.zip
Michigan,1992,192090.2,20265,current USD millions,BEA_SAINC1,https://apps.bea.gov/regional/zip/SAINC.zip
Michigan,1993,202230.8,21198,current USD millions,BEA_SAINC1,https://apps.bea.gov/regional/zip/SAINC.zip
Michigan,1994,217482.0,22660,current USD millions,BEA_SAINC1,https://apps.bea.gov/regional/zip/SAINC.zip
Michigan,1995,229978.8,23767,current USD millions,BEA_SAINC1,https://apps.bea.gov/regional/zip/SAINC.zip
Michigan,1996,241755.1,24773,current USD millions,BEA_SAINC1,https://apps.bea.gov/regional/zip/SAINC.zip
Michigan,1997,253075.7,25800,current USD millions,BEA_SAINC1,https://apps.bea.gov/regional/zip/SAINC.zip
Michigan,1998,268711.9,27286,current USD millions,BEA_SAINC1,https://apps.bea.gov/regional/zip/SAINC.zip
Michigan,1999,282128.9,28506,current USD millions,BEA_SAINC1,https://apps.bea.gov/regional/zip/SAINC.zip
Michigan,2000,301060.4,30250,current USD millions,BEA_SAINC1,https://apps.bea.gov/regional/zip/SAINC.zip
Michigan,2001,306670.4,30694,current USD millions,BEA_SAINC1,https://apps.bea.gov/regional/zip/SAINC.zip
Michigan,2002,306427.1,30595,current USD millions,BEA_SAINC1,https://apps.bea.gov/regional/zip/SAINC.zip
Michigan,2003,313961.0,31267,current USD millions,BEA_SAINC1,https://apps.bea.gov/regional/zip/SAINC.zip
Michigan,2004,322698.4,32092,current USD millions,BEA_SAINC1,https://apps.bea.gov/regional/zip/SAINC.zip
Michigan,2005,329235.3,32756,current USD millions,BEA_SAINC1,https://apps.bea.gov/regional/zip/SAINC.zip
Michigan,2006,336842.6,33563,current USD millions,BEA_SAINC1,https://apps.bea.gov/regional/zip/SAINC.zip
Michigan,2007,346731.9,34669,current USD millions,BEA_SAINC1,https://apps.bea.gov/regional/zip/SAINC.zip
Michigan,2008,356356.2,35826,current USD millions,BEA_SAINC1,https://apps.bea.gov/regional/zip/SAINC.zip
Michigan,2009,339100.0,34247,current USD millions,BEA_SAINC1,https://apps.bea.gov/regional/zip/SAINC.zip
Michigan,2010,352074.3,35635,current USD millions,BEA_SAINC1,https://apps.bea.gov/regional/zip/SAINC.zip
Michigan,2011,372954.2,37689,current USD millions,BEA_SAINC1,https://apps.bea.gov/regional/zip/SAINC.zip
Michigan,2012,387339.2,39042,current USD millions,BEA_SAINC1,https://apps.bea.gov/regional/zip/SAINC.zip
Michigan,2013,390857.9,39292,current USD millions,BEA_SAINC1,https://apps.bea.gov/regional/zip/SAINC.zip
Michigan,2014,407267.0,40829,current USD millions,BEA_SAINC1,https://apps.bea.gov/regional/zip/SAINC.zip
Michigan,2015,429284.9,42982,current USD millions,BEA_SAINC1,https://apps.bea.gov/regional/zip/SAINC.zip
Michigan,2016,441557.2,44080,current USD millions,BEA_SAINC1,https://apps.bea.gov/regional/zip/SAINC.zip
Michigan,2017,454894.8,45264,current USD millions,BEA_SAINC1,https://apps.bea.gov/regional/zip/SAINC.zip
Michigan,2018,474208.0,47089,current USD millions,BEA_SAINC1,https://apps.bea.gov/regional/zip/SAINC.zip
Michigan,2019,489569.6,48577,current USD millions,BEA_SAINC1,https://apps.bea.gov/regional/zip/SAINC.zip
Michigan,2020,532019.9,52820,current USD millions,BEA_SAINC1,https://apps.bea.gov/regional/zip/SAINC.zip
Michigan,2021,573255.7,57084,current USD millions,BEA_SAINC1,https://apps.bea.gov/regional/zip/SAINC.zip
Michigan,2022,583072.1,58052,current USD millions,BEA_SAINC1,https://apps.bea.gov/regional/zip/SAINC.zip
Michigan,2023,617163.2,61335,current USD millions,BEA_SAINC1,https://apps.bea.gov/regional/zip/SAINC.zip
Michigan,2024,645846.8,63945,current USD millions,BEA_SAINC1,https://apps.bea.gov/regional/zip/SAINC.zip
Michigan,2025,674070.6,66556,current USD millions,BEA_SAINC1,https://apps.bea.gov/regional/zip/SAINC.zip
Minnesota,1929,1528.9,594,current USD millions,BEA_SAINC1,https://apps.bea.gov/regional/zip/SAINC.zip
Minnesota,1930,1409.5,547,current USD millions,BEA_SAINC1,https://apps.bea.gov/regional/zip/SAINC.zip
Minnesota,1931,1194.0,457,current USD millions,BEA_SAINC1,https://apps.bea.gov/regional/zip/SAINC.zip
Minnesota,1932,956.4,361,current USD millions,BEA_SAINC1,https://apps.bea.gov/regional/zip/SAINC.zip
Minnesota,1933,829.2,310,current USD millions,BEA_SAINC1,https://apps.bea.gov/regional/zip/SAINC.zip
Minnesota,1934,968.1,359,current USD millions,BEA_SAINC1,https://apps.bea.gov/regional/zip/SAINC.zip
Minnesota,1935,1219.3,449,current USD millions,BEA_SAINC1,https://apps.bea.gov/regional/zip/SAINC.zip
Minnesota,1936,1294.6,474,current USD millions,BEA_SAINC1,https://apps.bea.gov/regional/zip/SAINC.zip
Minnesota,1937,1477.3,538,current USD millions,BEA_SAINC1,https://apps.bea.gov/regional/zip/SAINC.zip
Minnesota,1938,1357.2,493,current USD millions,BEA_SAINC1,https://apps.bea.gov/regional/zip/SAINC.zip
Minnesota,1939,1432.5,517,current USD millions,BEA_SAINC1,https://apps.bea.gov/regional/zip/SAINC.zip
Minnesota,1940,1460.8,524,current USD millions,BEA_SAINC1,https://apps.bea.gov/regional/zip/SAINC.zip
Minnesota,1941,1676.0,616,current USD millions,BEA_SAINC1,https://apps.bea.gov/regional/zip/SAINC.zip
Minnesota,1942,2126.7,799,current USD millions,BEA_SAINC1,https://apps.bea.gov/regional/zip/SAINC.zip
Minnesota,1943,2455.1,955,current USD millions,BEA_SAINC1,https://apps.bea.gov/regional/zip/SAINC.zip
Minnesota,1944,2553.6,1012,current USD millions,BEA_SAINC1,https://apps.bea.gov/regional/zip/SAINC.zip
Minnesota,1945,2834.3,1119,current USD millions,BEA_SAINC1,https://apps.bea.gov/regional/zip/SAINC.zip
Minnesota,1946,3265.3,1193,current USD millions,BEA_SAINC1,https://apps.bea.gov/regional/zip/SAINC.zip
Minnesota,1947,3554.7,1271,current USD millions,BEA_SAINC1,https://apps.bea.gov/regional/zip/SAINC.zip
Minnesota,1948,4161.9,1451,current USD millions,BEA_SAINC1,https://apps.bea.gov/regional/zip/SAINC.zip
Minnesota,1949,3918.1,1335,current USD millions,BEA_SAINC1,https://apps.bea.gov/regional/zip/SAINC.zip
Minnesota,1950,4336.1,1447,current USD millions,BEA_SAINC1,https://apps.bea.gov/regional/zip/SAINC.zip
Minnesota,1951,4800.1,1595,current USD millions,BEA_SAINC1,https://apps.bea.gov/regional/zip/SAINC.zip
Minnesota,1952,5000.3,1650,current USD millions,BEA_SAINC1,https://apps.bea.gov/regional/zip/SAINC.zip
Minnesota,1953,5278.3,1731,current USD millions,BEA_SAINC1,https://apps.bea.gov/regional/zip/SAINC.zip
Minnesota,1954,5442.2,1748,current USD millions,BEA_SAINC1,https://apps.bea.gov/regional/zip/SAINC.zip
Minnesota,1955,5765.5,1818,current USD millions,BEA_SAINC1,https://apps.bea.gov/regional/zip/SAINC.zip
Minnesota,1956,6040.2,1864,current USD millions,BEA_SAINC1,https://apps.bea.gov/regional/zip/SAINC.zip
Minnesota,1957,6411.5,1958,current USD millions,BEA_SAINC1,https://apps.bea.gov/regional/zip/SAINC.zip
Minnesota,1958,6772.7,2044,current USD millions,BEA_SAINC1,https://apps.bea.gov/regional/zip/SAINC.zip
Minnesota,1959,7034.7,2090,current USD millions,BEA_SAINC1,https://apps.bea.gov/regional/zip/SAINC.zip
Minnesota,1960,7471.7,2182,current USD millions,BEA_SAINC1,https://apps.bea.gov/regional/zip/SAINC.zip
Minnesota,1961,7853.4,2263,current USD millions,BEA_SAINC1,https://apps.bea.gov/regional/zip/SAINC.zip
Minnesota,1962,8277.7,2356,current USD millions,BEA_SAINC1,https://apps.bea.gov/regional/zip/SAINC.zip
Minnesota,1963,8779.4,2486,current USD millions,BEA_SAINC1,https://apps.bea.gov/regional/zip/SAINC.zip
Minnesota,1964,9131.5,2566,current USD millions,BEA_SAINC1,https://apps.bea.gov/regional/zip/SAINC.zip
Minnesota,1965,10087.6,2808,current USD millions,BEA_SAINC1,https://apps.bea.gov/regional/zip/SAINC.zip
Minnesota,1966,10933.5,3023,current USD millions,BEA_SAINC1,https://apps.bea.gov/regional/zip/SAINC.zip
Minnesota,1967,11750.3,3211,current USD millions,BEA_SAINC1,https://apps.bea.gov/regional/zip/SAINC.zip
Minnesota,1968,12934.0,3493,current USD millions,BEA_SAINC1,https://apps.bea.gov/regional/zip/SAINC.zip
Minnesota,1969,14388.0,3829,current USD millions,BEA_SAINC1,https://apps.bea.gov/regional/zip/SAINC.zip
Minnesota,1970,15708.8,4117,current USD millions,BEA_SAINC1,https://apps.bea.gov/regional/zip/SAINC.zip
Minnesota,1971,16766.0,4353,current USD millions,BEA_SAINC1,https://apps.bea.gov/regional/zip/SAINC.zip
Minnesota,1972,18229.3,4714,current USD millions,BEA_SAINC1,https://apps.bea.gov/regional/zip/SAINC.zip
Minnesota,1973,21370.2,5500,current USD millions,BEA_SAINC1,https://apps.bea.gov/regional/zip/SAINC.zip
Minnesota,1974,23011.8,5903,current USD millions,BEA_SAINC1,https://apps.bea.gov/regional/zip/SAINC.zip
Minnesota,1975,24891.1,6340,current USD millions,BEA_SAINC1,https://apps.bea.gov/regional/zip/SAINC.zip
Minnesota,1976,26907.1,6801,current USD millions,BEA_SAINC1,https://apps.bea.gov/regional/zip/SAINC.zip
Minnesota,1977,30292.7,7612,current USD millions,BEA_SAINC1,https://apps.bea.gov/regional/zip/SAINC.zip
Minnesota,1978,33988.9,8487,current USD millions,BEA_SAINC1,https://apps.bea.gov/regional/zip/SAINC.zip
Minnesota,1979,37791.8,9359,current USD millions,BEA_SAINC1,https://apps.bea.gov/regional/zip/SAINC.zip
Minnesota,1980,42010.5,10284,current USD millions,BEA_SAINC1,https://apps.bea.gov/regional/zip/SAINC.zip
Minnesota,1981,46515.7,11313,current USD millions,BEA_SAINC1,https://apps.bea.gov/regional/zip/SAINC.zip
Minnesota,1982,49837.6,12063,current USD millions,BEA_SAINC1,https://apps.bea.gov/regional/zip/SAINC.zip
Minnesota,1983,52590.3,12698,current USD millions,BEA_SAINC1,https://apps.bea.gov/regional/zip/SAINC.zip
Minnesota,1984,59598.9,14335,current USD millions,BEA_SAINC1,https://apps.bea.gov/regional/zip/SAINC.zip
Minnesota,1985,63324.0,15134,current USD millions,BEA_SAINC1,https://apps.bea.gov/regional/zip/SAINC.zip
Minnesota,1986,66976.2,15927,current USD millions,BEA_SAINC1,https://apps.bea.gov/regional/zip/SAINC.zip
Minnesota,1987,71215.9,16815,current USD millions,BEA_SAINC1,https://apps.bea.gov/regional/zip/SAINC.zip
Minnesota,1988,75348.5,17539,current USD millions,BEA_SAINC1,https://apps.bea.gov/regional/zip/SAINC.zip
Minnesota,1989,82290.3,18969,current USD millions,BEA_SAINC1,https://apps.bea.gov/regional/zip/SAINC.zip
Minnesota,1990,87487.0,19929,current USD millions,BEA_SAINC1,https://apps.bea.gov/regional/zip/SAINC.zip
Minnesota,1991,90311.7,20337,current USD millions,BEA_SAINC1,https://apps.bea.gov/regional/zip/SAINC.zip
Minnesota,1992,96932.7,21562,current USD millions,BEA_SAINC1,https://apps.bea.gov/regional/zip/SAINC.zip
Minnesota,1993,99872.6,21921,current USD millions,BEA_SAINC1,https://apps.bea.gov/regional/zip/SAINC.zip
Minnesota,1994,107011.9,23211,current USD millions,BEA_SAINC1,https://apps.bea.gov/regional/zip/SAINC.zip
Minnesota,1995,113162.9,24283,current USD millions,BEA_SAINC1,https://apps.bea.gov/regional/zip/SAINC.zip
Minnesota,1996,121958.5,25878,current USD millions,BEA_SAINC1,https://apps.bea.gov/regional/zip/SAINC.zip
Minnesota,1997,128932.8,27067,current USD millions,BEA_SAINC1,https://apps.bea.gov/regional/zip/SAINC.zip
Minnesota,1998,140269.1,29141,current USD millions,BEA_SAINC1,https://apps.bea.gov/regional/zip/SAINC.zip
Minnesota,1999,147376.2,30240,current USD millions,BEA_SAINC1,https://apps.bea.gov/regional/zip/SAINC.zip
Minnesota,2000,159595.4,32348,current USD millions,BEA_SAINC1,https://apps.bea.gov/regional/zip/SAINC.zip
Minnesota,2001,166509.0,33417,current USD millions,BEA_SAINC1,https://apps.bea.gov/regional/zip/SAINC.zip
Minnesota,2002,170085.2,33889,current USD millions,BEA_SAINC1,https://apps.bea.gov/regional/zip/SAINC.zip
Minnesota,2003,177862.3,35195,current USD millions,BEA_SAINC1,https://apps.bea.gov/regional/zip/SAINC.zip
Minnesota,2004,188674.9,37084,current USD millions,BEA_SAINC1,https://apps.bea.gov/regional/zip/SAINC.zip
Minnesota,2005,193583.8,37812,current USD millions,BEA_SAINC1,https://apps.bea.gov/regional/zip/SAINC.zip
Minnesota,2006,203249.5,39362,current USD millions,BEA_SAINC1,https://apps.bea.gov/regional/zip/SAINC.zip
Minnesota,2007,215185.4,41325,current USD millions,BEA_SAINC1,https://apps.bea.gov/regional/zip/SAINC.zip
Minnesota,2008,225533.5,42983,current USD millions,BEA_SAINC1,https://apps.bea.gov/regional/zip/SAINC.zip
Minnesota,2009,216335.4,40963,current USD millions,BEA_SAINC1,https://apps.bea.gov/regional/zip/SAINC.zip
Minnesota,2010,225971.6,42538,current USD millions,BEA_SAINC1,https://apps.bea.gov/regional/zip/SAINC.zip
Minnesota,2011,241599.5,45134,current USD millions,BEA_SAINC1,https://apps.bea.gov/regional/zip/SAINC.zip
Minnesota,2012,255427.7,47399,current USD millions,BEA_SAINC1,https://apps.bea.gov/regional/zip/SAINC.zip
Minnesota,2013,257507.8,47413,current USD millions,BEA_SAINC1,https://apps.bea.gov/regional/zip/SAINC.zip
Minnesota,2014,270190.2,49357,current USD millions,BEA_SAINC1,https://apps.bea.gov/regional/zip/SAINC.zip
Minnesota,2015,282988.0,51353,current USD millions,BEA_SAINC1,https://apps.bea.gov/regional/zip/SAINC.zip
Minnesota,2016,288866.6,51982,current USD millions,BEA_SAINC1,https://apps.bea.gov/regional/zip/SAINC.zip
Minnesota,2017,301749.0,53826,current USD millions,BEA_SAINC1,https://apps.bea.gov/regional/zip/SAINC.zip
Minnesota,2018,317564.8,56201,current USD millions,BEA_SAINC1,https://apps.bea.gov/regional/zip/SAINC.zip
Minnesota,2019,329291.6,57903,current USD millions,BEA_SAINC1,https://apps.bea.gov/regional/zip/SAINC.zip
Minnesota,2020,350470.0,61372,current USD millions,BEA_SAINC1,https://apps.bea.gov/regional/zip/SAINC.zip
Minnesota,2021,387015.8,67730,current USD millions,BEA_SAINC1,https://apps.bea.gov/regional/zip/SAINC.zip
Minnesota,2022,397877.4,69467,current USD millions,BEA_SAINC1,https://apps.bea.gov/regional/zip/SAINC.zip
Minnesota,2023,418091.0,72674,current USD millions,BEA_SAINC1,https://apps.bea.gov/regional/zip/SAINC.zip
Minnesota,2024,437981.9,75548,current USD millions,BEA_SAINC1,https://apps.bea.gov/regional/zip/SAINC.zip
Minnesota,2025,457907.5,78538,current USD millions,BEA_SAINC1,https://apps.bea.gov/regional/zip/SAINC.zip
Mississippi,1929,552.9,277,current USD millions,BEA_SAINC1,https://apps.bea.gov/regional/zip/SAINC.zip
Mississippi,1930,396.0,197,current USD millions,BEA_SAINC1,https://apps.bea.gov/regional/zip/SAINC.zip
Mississippi,1931,337.6,169,current USD millions,BEA_SAINC1,https://apps.bea.gov/regional/zip/SAINC.zip
Mississippi,1932,244.9,122,current USD millions,BEA_SAINC1,https://apps.bea.gov/regional/zip/SAINC.zip
Mississippi,1933,257.1,127,current USD millions,BEA_SAINC1,https://apps.bea.gov/regional/zip/SAINC.zip
Mississippi,1934,342.6,167,current USD millions,BEA_SAINC1,https://apps.bea.gov/regional/zip/SAINC.zip
Mississippi,1935,358.9,174,current USD millions,BEA_SAINC1,https://apps.bea.gov/regional/zip/SAINC.zip
Mississippi,1936,460.9,222,current USD millions,BEA_SAINC1,https://apps.bea.gov/regional/zip/SAINC.zip
Mississippi,1937,458.3,220,current USD millions,BEA_SAINC1,https://apps.bea.gov/regional/zip/SAINC.zip
Mississippi,1938,417.0,196,current USD millions,BEA_SAINC1,https://apps.bea.gov/regional/zip/SAINC.zip
Mississippi,1939,436.4,201,current USD millions,BEA_SAINC1,https://apps.bea.gov/regional/zip/SAINC.zip
Mississippi,1940,461.2,212,current USD millions,BEA_SAINC1,https://apps.bea.gov/regional/zip/SAINC.zip
Mississippi,1941,690.3,316,current USD millions,BEA_SAINC1,https://apps.bea.gov/regional/zip/SAINC.zip
Mississippi,1942,1006.2,457,current USD millions,BEA_SAINC1,https://apps.bea.gov/regional/zip/SAINC.zip
Mississippi,1943,1246.2,553,current USD millions,BEA_SAINC1,https://apps.bea.gov/regional/zip/SAINC.zip
Mississippi,1944,1360.4,642,current USD millions,BEA_SAINC1,https://apps.bea.gov/regional/zip/SAINC.zip
Mississippi,1945,1330.0,640,current USD millions,BEA_SAINC1,https://apps.bea.gov/regional/zip/SAINC.zip
Mississippi,1946,1281.2,618,current USD millions,BEA_SAINC1,https://apps.bea.gov/regional/zip/SAINC.zip
Mississippi,1947,1410.5,669,current USD millions,BEA_SAINC1,https://apps.bea.gov/regional/zip/SAINC.zip
Mississippi,1948,1655.5,797,current USD millions,BEA_SAINC1,https://apps.bea.gov/regional/zip/SAINC.zip
Mississippi,1949,1481.7,711,current USD millions,BEA_SAINC1,https://apps.bea.gov/regional/zip/SAINC.zip
Mississippi,1950,1697.1,780,current USD millions,BEA_SAINC1,https://apps.bea.gov/regional/zip/SAINC.zip
Mississippi,1951,1872.4,866,current USD millions,BEA_SAINC1,https://apps.bea.gov/regional/zip/SAINC.zip
Mississippi,1952,1981.1,921,current USD millions,BEA_SAINC1,https://apps.bea.gov/regional/zip/SAINC.zip
Mississippi,1953,2009.2,955,current USD millions,BEA_SAINC1,https://apps.bea.gov/regional/zip/SAINC.zip
Mississippi,1954,1952.9,946,current USD millions,BEA_SAINC1,https://apps.bea.gov/regional/zip/SAINC.zip
Mississippi,1955,2203.1,1069,current USD millions,BEA_SAINC1,https://apps.bea.gov/regional/zip/SAINC.zip
Mississippi,1956,2245.7,1077,current USD millions,BEA_SAINC1,https://apps.bea.gov/regional/zip/SAINC.zip
Mississippi,1957,2272.1,1088,current USD millions,BEA_SAINC1,https://apps.bea.gov/regional/zip/SAINC.zip
Mississippi,1958,2462.1,1180,current USD millions,BEA_SAINC1,https://apps.bea.gov/regional/zip/SAINC.zip
Mississippi,1959,2726.4,1275,current USD millions,BEA_SAINC1,https://apps.bea.gov/regional/zip/SAINC.zip
Mississippi,1960,2763.8,1267,current USD millions,BEA_SAINC1,https://apps.bea.gov/regional/zip/SAINC.zip
Mississippi,1961,2996.9,1359,current USD millions,BEA_SAINC1,https://apps.bea.gov/regional/zip/SAINC.zip
Mississippi,1962,3132.5,1397,current USD millions,BEA_SAINC1,https://apps.bea.gov/regional/zip/SAINC.zip
Mississippi,1963,3442.4,1534,current USD millions,BEA_SAINC1,https://apps.bea.gov/regional/zip/SAINC.zip
Mississippi,1964,3563.3,1590,current USD millions,BEA_SAINC1,https://apps.bea.gov/regional/zip/SAINC.zip
Mississippi,1965,3868.6,1722,current USD millions,BEA_SAINC1,https://apps.bea.gov/regional/zip/SAINC.zip
Mississippi,1966,4217.4,1879,current USD millions,BEA_SAINC1,https://apps.bea.gov/regional/zip/SAINC.zip
Mississippi,1967,4563.4,2048,current USD millions,BEA_SAINC1,https://apps.bea.gov/regional/zip/SAINC.zip
Mississippi,1968,4993.3,2250,current USD millions,BEA_SAINC1,https://apps.bea.gov/regional/zip/SAINC.zip
Mississippi,1969,5540.7,2496,current USD millions,BEA_SAINC1,https://apps.bea.gov/regional/zip/SAINC.zip
Mississippi,1970,6077.0,2736,current USD millions,BEA_SAINC1,https://apps.bea.gov/regional/zip/SAINC.zip
Mississippi,1971,6737.1,2974,current USD millions,BEA_SAINC1,https://apps.bea.gov/regional/zip/SAINC.zip
Mississippi,1972,7677.4,3327,current USD millions,BEA_SAINC1,https://apps.bea.gov/regional/zip/SAINC.zip
Mississippi,1973,8779.0,3736,current USD millions,BEA_SAINC1,https://apps.bea.gov/regional/zip/SAINC.zip
Mississippi,1974,9648.1,4056,current USD millions,BEA_SAINC1,https://apps.bea.gov/regional/zip/SAINC.zip
Mississippi,1975,10462.8,4360,current USD millions,BEA_SAINC1,https://apps.bea.gov/regional/zip/SAINC.zip
Mississippi,1976,11877.6,4887,current USD millions,BEA_SAINC1,https://apps.bea.gov/regional/zip/SAINC.zip
Mississippi,1977,13222.2,5375,current USD millions,BEA_SAINC1,https://apps.bea.gov/regional/zip/SAINC.zip
Mississippi,1978,14721.6,5917,current USD millions,BEA_SAINC1,https://apps.bea.gov/regional/zip/SAINC.zip
Mississippi,1979,16636.7,6634,current USD millions,BEA_SAINC1,https://apps.bea.gov/regional/zip/SAINC.zip
Mississippi,1980,18102.7,7168,current USD millions,BEA_SAINC1,https://apps.bea.gov/regional/zip/SAINC.zip
Mississippi,1981,20328.9,8007,current USD millions,BEA_SAINC1,https://apps.bea.gov/regional/zip/SAINC.zip
Mississippi,1982,21461.8,8394,current USD millions,BEA_SAINC1,https://apps.bea.gov/regional/zip/SAINC.zip
Mississippi,1983,22458.0,8746,current USD millions,BEA_SAINC1,https://apps.bea.gov/regional/zip/SAINC.zip
Mississippi,1984,24513.9,9509,current USD millions,BEA_SAINC1,https://apps.bea.gov/regional/zip/SAINC.zip
Mississippi,1985,25815.0,9974,current USD millions,BEA_SAINC1,https://apps.bea.gov/regional/zip/SAINC.zip
Mississippi,1986,26776.3,10324,current USD millions,BEA_SAINC1,https://apps.bea.gov/regional/zip/SAINC.zip
Mississippi,1987,28256.1,10916,current USD millions,BEA_SAINC1,https://apps.bea.gov/regional/zip/SAINC.zip
Mississippi,1988,30286.1,11737,current USD millions,BEA_SAINC1,https://apps.bea.gov/regional/zip/SAINC.zip
Mississippi,1989,32710.7,12707,current USD millions,BEA_SAINC1,https://apps.bea.gov/regional/zip/SAINC.zip
Mississippi,1990,34436.5,13353,current USD millions,BEA_SAINC1,https://apps.bea.gov/regional/zip/SAINC.zip
Mississippi,1991,36310.8,13973,current USD millions,BEA_SAINC1,https://apps.bea.gov/regional/zip/SAINC.zip
Mississippi,1992,39042.6,14881,current USD millions,BEA_SAINC1,https://apps.bea.gov/regional/zip/SAINC.zip
Mississippi,1993,41568.6,15656,current USD millions,BEA_SAINC1,https://apps.bea.gov/regional/zip/SAINC.zip
Mississippi,1994,44969.5,16724,current USD millions,BEA_SAINC1,https://apps.bea.gov/regional/zip/SAINC.zip
Mississippi,1995,47565.2,17470,current USD millions,BEA_SAINC1,https://apps.bea.gov/regional/zip/SAINC.zip
Mississippi,1996,50455.3,18360,current USD millions,BEA_SAINC1,https://apps.bea.gov/regional/zip/SAINC.zip
Mississippi,1997,53370.6,19219,current USD millions,BEA_SAINC1,https://apps.bea.gov/regional/zip/SAINC.zip
Mississippi,1998,56581.1,20173,current USD millions,BEA_SAINC1,https://apps.bea.gov/regional/zip/SAINC.zip
Mississippi,1999,58494.4,20681,current USD millions,BEA_SAINC1,https://apps.bea.gov/regional/zip/SAINC.zip
Mississippi,2000,61604.9,21628,current USD millions,BEA_SAINC1,https://apps.bea.gov/regional/zip/SAINC.zip
Mississippi,2001,65064.1,22806,current USD millions,BEA_SAINC1,https://apps.bea.gov/regional/zip/SAINC.zip
Mississippi,2002,66326.2,23202,current USD millions,BEA_SAINC1,https://apps.bea.gov/regional/zip/SAINC.zip
Mississippi,2003,69011.9,24060,current USD millions,BEA_SAINC1,https://apps.bea.gov/regional/zip/SAINC.zip
Mississippi,2004,73054.9,25287,current USD millions,BEA_SAINC1,https://apps.bea.gov/regional/zip/SAINC.zip
Mississippi,2005,77635.0,26716,current USD millions,BEA_SAINC1,https://apps.bea.gov/regional/zip/SAINC.zip
Mississippi,2006,80835.7,27827,current USD millions,BEA_SAINC1,https://apps.bea.gov/regional/zip/SAINC.zip
Mississippi,2007,86187.0,29432,current USD millions,BEA_SAINC1,https://apps.bea.gov/regional/zip/SAINC.zip
Mississippi,2008,90602.5,30736,current USD millions,BEA_SAINC1,https://apps.bea.gov/regional/zip/SAINC.zip
Mississippi,2009,89414.0,30220,current USD millions,BEA_SAINC1,https://apps.bea.gov/regional/zip/SAINC.zip
Mississippi,2010,92714.4,31213,current USD millions,BEA_SAINC1,https://apps.bea.gov/regional/zip/SAINC.zip
Mississippi,2011,96643.4,32454,current USD millions,BEA_SAINC1,https://apps.bea.gov/regional/zip/SAINC.zip
Mississippi,2012,99732.8,33441,current USD millions,BEA_SAINC1,https://apps.bea.gov/regional/zip/SAINC.zip
Mississippi,2013,101472.1,33976,current USD millions,BEA_SAINC1,https://apps.bea.gov/regional/zip/SAINC.zip
Mississippi,2014,103442.7,34623,current USD millions,BEA_SAINC1,https://apps.bea.gov/regional/zip/SAINC.zip
Mississippi,2015,104772.2,35100,current USD millions,BEA_SAINC1,https://apps.bea.gov/regional/zip/SAINC.zip
Mississippi,2016,106355.5,35638,current USD millions,BEA_SAINC1,https://apps.bea.gov/regional/zip/SAINC.zip
Mississippi,2017,109132.8,36579,current USD millions,BEA_SAINC1,https://apps.bea.gov/regional/zip/SAINC.zip
Mississippi,2018,111917.8,37624,current USD millions,BEA_SAINC1,https://apps.bea.gov/regional/zip/SAINC.zip
Mississippi,2019,116213.5,39142,current USD millions,BEA_SAINC1,https://apps.bea.gov/regional/zip/SAINC.zip
Mississippi,2020,125624.9,42464,current USD millions,BEA_SAINC1,https://apps.bea.gov/regional/zip/SAINC.zip
Mississippi,2021,138640.2,47035,current USD millions,BEA_SAINC1,https://apps.bea.gov/regional/zip/SAINC.zip
Mississippi,2022,138223.7,46995,current USD millions,BEA_SAINC1,https://apps.bea.gov/regional/zip/SAINC.zip
Mississippi,2023,146160.9,49673,current USD millions,BEA_SAINC1,https://apps.bea.gov/regional/zip/SAINC.zip
Mississippi,2024,153256.4,51948,current USD millions,BEA_SAINC1,https://apps.bea.gov/regional/zip/SAINC.zip
Mississippi,2025,161093.5,54531,current USD millions,BEA_SAINC1,https://apps.bea.gov/regional/zip/SAINC.zip
Missouri,1929,2241.6,619,current USD millions,BEA_SAINC1,https://apps.bea.gov/regional/zip/SAINC.zip
Missouri,1930,2042.5,560,current USD millions,BEA_SAINC1,https://apps.bea.gov/regional/zip/SAINC.zip
Missouri,1931,1815.3,489,current USD millions,BEA_SAINC1,https://apps.bea.gov/regional/zip/SAINC.zip
Missouri,1932,1366.8,365,current USD millions,BEA_SAINC1,https://apps.bea.gov/regional/zip/SAINC.zip
Missouri,1933,1261.9,334,current USD millions,BEA_SAINC1,https://apps.bea.gov/regional/zip/SAINC.zip
Missouri,1934,1392.8,368,current USD millions,BEA_SAINC1,https://apps.bea.gov/regional/zip/SAINC.zip
Missouri,1935,1597.7,421,current USD millions,BEA_SAINC1,https://apps.bea.gov/regional/zip/SAINC.zip
Missouri,1936,1775.7,467,current USD millions,BEA_SAINC1,https://apps.bea.gov/regional/zip/SAINC.zip
Missouri,1937,1926.6,508,current USD millions,BEA_SAINC1,https://apps.bea.gov/regional/zip/SAINC.zip
Missouri,1938,1799.6,476,current USD millions,BEA_SAINC1,https://apps.bea.gov/regional/zip/SAINC.zip
Missouri,1939,1907.4,504,current USD millions,BEA_SAINC1,https://apps.bea.gov/regional/zip/SAINC.zip
Missouri,1940,1969.4,520,current USD millions,BEA_SAINC1,https://apps.bea.gov/regional/zip/SAINC.zip
Missouri,1941,2465.8,646,current USD millions,BEA_SAINC1,https://apps.bea.gov/regional/zip/SAINC.zip
Missouri,1942,3134.1,819,current USD millions,BEA_SAINC1,https://apps.bea.gov/regional/zip/SAINC.zip
Missouri,1943,3619.9,980,current USD millions,BEA_SAINC1,https://apps.bea.gov/regional/zip/SAINC.zip
Missouri,1944,3850.1,1083,current USD millions,BEA_SAINC1,https://apps.bea.gov/regional/zip/SAINC.zip
Missouri,1945,4030.8,1147,current USD millions,BEA_SAINC1,https://apps.bea.gov/regional/zip/SAINC.zip
Missouri,1946,4509.6,1200,current USD millions,BEA_SAINC1,https://apps.bea.gov/regional/zip/SAINC.zip
Missouri,1947,4732.5,1230,current USD millions,BEA_SAINC1,https://apps.bea.gov/regional/zip/SAINC.zip
Missouri,1948,5295.9,1378,current USD millions,BEA_SAINC1,https://apps.bea.gov/regional/zip/SAINC.zip
Missouri,1949,5171.7,1332,current USD millions,BEA_SAINC1,https://apps.bea.gov/regional/zip/SAINC.zip
Missouri,1950,5699.8,1438,current USD millions,BEA_SAINC1,https://apps.bea.gov/regional/zip/SAINC.zip
Missouri,1951,6319.8,1574,current USD millions,BEA_SAINC1,https://apps.bea.gov/regional/zip/SAINC.zip
Missouri,1952,6680.4,1682,current USD millions,BEA_SAINC1,https://apps.bea.gov/regional/zip/SAINC.zip
Missouri,1953,7087.0,1763,current USD millions,BEA_SAINC1,https://apps.bea.gov/regional/zip/SAINC.zip
Missouri,1954,7139.9,1756,current USD millions,BEA_SAINC1,https://apps.bea.gov/regional/zip/SAINC.zip
Missouri,1955,7645.6,1849,current USD millions,BEA_SAINC1,https://apps.bea.gov/regional/zip/SAINC.zip
Missouri,1956,8065.0,1937,current USD millions,BEA_SAINC1,https://apps.bea.gov/regional/zip/SAINC.zip
Missouri,1957,8296.0,1980,current USD millions,BEA_SAINC1,https://apps.bea.gov/regional/zip/SAINC.zip
Missouri,1958,8828.8,2109,current USD millions,BEA_SAINC1,https://apps.bea.gov/regional/zip/SAINC.zip
Missouri,1959,9350.2,2196,current USD millions,BEA_SAINC1,https://apps.bea.gov/regional/zip/SAINC.zip
Missouri,1960,9629.7,2226,current USD millions,BEA_SAINC1,https://apps.bea.gov/regional/zip/SAINC.zip
Missouri,1961,9955.3,2289,current USD millions,BEA_SAINC1,https://apps.bea.gov/regional/zip/SAINC.zip
Missouri,1962,10488.7,2407,current USD millions,BEA_SAINC1,https://apps.bea.gov/regional/zip/SAINC.zip
Missouri,1963,11002.3,2505,current USD millions,BEA_SAINC1,https://apps.bea.gov/regional/zip/SAINC.zip
Missouri,1964,11619.6,2616,current USD millions,BEA_SAINC1,https://apps.bea.gov/regional/zip/SAINC.zip
Missouri,1965,12634.8,2828,current USD millions,BEA_SAINC1,https://apps.bea.gov/regional/zip/SAINC.zip
Missouri,1966,13535.8,2993,current USD millions,BEA_SAINC1,https://apps.bea.gov/regional/zip/SAINC.zip
Missouri,1967,14407.4,3174,current USD millions,BEA_SAINC1,https://apps.bea.gov/regional/zip/SAINC.zip
Missouri,1968,15949.9,3492,current USD millions,BEA_SAINC1,https://apps.bea.gov/regional/zip/SAINC.zip
Missouri,1969,16912.5,3645,current USD millions,BEA_SAINC1,https://apps.bea.gov/regional/zip/SAINC.zip
Missouri,1970,18479.5,3945,current USD millions,BEA_SAINC1,https://apps.bea.gov/regional/zip/SAINC.zip
Missouri,1971,19938.9,4222,current USD millions,BEA_SAINC1,https://apps.bea.gov/regional/zip/SAINC.zip
Missouri,1972,21682.2,4562,current USD millions,BEA_SAINC1,https://apps.bea.gov/regional/zip/SAINC.zip
Missouri,1973,24089.7,5045,current USD millions,BEA_SAINC1,https://apps.bea.gov/regional/zip/SAINC.zip
Missouri,1974,25774.7,5386,current USD millions,BEA_SAINC1,https://apps.bea.gov/regional/zip/SAINC.zip
Missouri,1975,28212.7,5883,current USD millions,BEA_SAINC1,https://apps.bea.gov/regional/zip/SAINC.zip
Missouri,1976,30912.0,6409,current USD millions,BEA_SAINC1,https://apps.bea.gov/regional/zip/SAINC.zip
Missouri,1977,34252.4,7070,current USD millions,BEA_SAINC1,https://apps.bea.gov/regional/zip/SAINC.zip
Missouri,1978,38129.7,7828,current USD millions,BEA_SAINC1,https://apps.bea.gov/regional/zip/SAINC.zip
Missouri,1979,42514.3,8695,current USD millions,BEA_SAINC1,https://apps.bea.gov/regional/zip/SAINC.zip
Missouri,1980,46138.5,9374,current USD millions,BEA_SAINC1,https://apps.bea.gov/regional/zip/SAINC.zip
Missouri,1981,51479.8,10438,current USD millions,BEA_SAINC1,https://apps.bea.gov/regional/zip/SAINC.zip
Missouri,1982,55043.8,11166,current USD millions,BEA_SAINC1,https://apps.bea.gov/regional/zip/SAINC.zip
Missouri,1983,58776.9,11889,current USD millions,BEA_SAINC1,https://apps.bea.gov/regional/zip/SAINC.zip
Missouri,1984,65105.0,13086,current USD millions,BEA_SAINC1,https://apps.bea.gov/regional/zip/SAINC.zip
Missouri,1985,69704.0,13940,current USD millions,BEA_SAINC1,https://apps.bea.gov/regional/zip/SAINC.zip
Missouri,1986,73379.1,14608,current USD millions,BEA_SAINC1,https://apps.bea.gov/regional/zip/SAINC.zip
Missouri,1987,77025.5,15232,current USD millions,BEA_SAINC1,https://apps.bea.gov/regional/zip/SAINC.zip
Missouri,1988,82057.1,16147,current USD millions,BEA_SAINC1,https://apps.bea.gov/regional/zip/SAINC.zip
Missouri,1989,87941.7,17258,current USD millions,BEA_SAINC1,https://apps.bea.gov/regional/zip/SAINC.zip
Missouri,1990,91896.5,17917,current USD millions,BEA_SAINC1,https://apps.bea.gov/regional/zip/SAINC.zip
Missouri,1991,96075.0,18580,current USD millions,BEA_SAINC1,https://apps.bea.gov/regional/zip/SAINC.zip
Missouri,1992,102078.1,19566,current USD millions,BEA_SAINC1,https://apps.bea.gov/regional/zip/SAINC.zip
Missouri,1993,106723.4,20247,current USD millions,BEA_SAINC1,https://apps.bea.gov/regional/zip/SAINC.zip
Missouri,1994,113256.6,21271,current USD millions,BEA_SAINC1,https://apps.bea.gov/regional/zip/SAINC.zip
Missouri,1995,119399.8,22201,current USD millions,BEA_SAINC1,https://apps.bea.gov/regional/zip/SAINC.zip
Missouri,1996,126394.2,23270,current USD millions,BEA_SAINC1,https://apps.bea.gov/regional/zip/SAINC.zip
Missouri,1997,134117.8,24469,current USD millions,BEA_SAINC1,https://apps.bea.gov/regional/zip/SAINC.zip
Missouri,1998,140839.7,25506,current USD millions,BEA_SAINC1,https://apps.bea.gov/regional/zip/SAINC.zip
Missouri,1999,146172.5,26281,current USD millions,BEA_SAINC1,https://apps.bea.gov/regional/zip/SAINC.zip
Missouri,2000,156202.1,27857,current USD millions,BEA_SAINC1,https://apps.bea.gov/regional/zip/SAINC.zip
Missouri,2001,161531.2,28634,current USD millions,BEA_SAINC1,https://apps.bea.gov/regional/zip/SAINC.zip
Missouri,2002,165389.8,29144,current USD millions,BEA_SAINC1,https://apps.bea.gov/regional/zip/SAINC.zip
Missouri,2003,171593.2,30054,current USD millions,BEA_SAINC1,https://apps.bea.gov/regional/zip/SAINC.zip
Missouri,2004,180453.8,31396,current USD millions,BEA_SAINC1,https://apps.bea.gov/regional/zip/SAINC.zip
Missouri,2005,186770.9,32256,current USD millions,BEA_SAINC1,https://apps.bea.gov/regional/zip/SAINC.zip
Missouri,2006,197834.1,33860,current USD millions,BEA_SAINC1,https://apps.bea.gov/regional/zip/SAINC.zip
Missouri,2007,207411.3,35228,current USD millions,BEA_SAINC1,https://apps.bea.gov/regional/zip/SAINC.zip
Missouri,2008,219922.0,37124,current USD millions,BEA_SAINC1,https://apps.bea.gov/regional/zip/SAINC.zip
Missouri,2009,216424.5,36306,current USD millions,BEA_SAINC1,https://apps.bea.gov/regional/zip/SAINC.zip
Missouri,2010,221760.2,36984,current USD millions,BEA_SAINC1,https://apps.bea.gov/regional/zip/SAINC.zip
Missouri,2011,230858.3,38402,current USD millions,BEA_SAINC1,https://apps.bea.gov/regional/zip/SAINC.zip
Missouri,2012,240967.8,39983,current USD millions,BEA_SAINC1,https://apps.bea.gov/regional/zip/SAINC.zip
Missouri,2013,242493.0,40121,current USD millions,BEA_SAINC1,https://apps.bea.gov/regional/zip/SAINC.zip
Missouri,2014,250783.7,41380,current USD millions,BEA_SAINC1,https://apps.bea.gov/regional/zip/SAINC.zip
Missouri,2015,259350.0,42677,current USD millions,BEA_SAINC1,https://apps.bea.gov/regional/zip/SAINC.zip
Missouri,2016,267048.6,43826,current USD millions,BEA_SAINC1,https://apps.bea.gov/regional/zip/SAINC.zip
Missouri,2017,273774.2,44781,current USD millions,BEA_SAINC1,https://apps.bea.gov/regional/zip/SAINC.zip
Missouri,2018,286084.3,46680,current USD millions,BEA_SAINC1,https://apps.bea.gov/regional/zip/SAINC.zip
Missouri,2019,297492.6,48425,current USD millions,BEA_SAINC1,https://apps.bea.gov/regional/zip/SAINC.zip
Missouri,2020,321316.7,52204,current USD millions,BEA_SAINC1,https://apps.bea.gov/regional/zip/SAINC.zip
Missouri,2021,351191.9,56896,current USD millions,BEA_SAINC1,https://apps.bea.gov/regional/zip/SAINC.zip
Missouri,2022,361652.1,58527,current USD millions,BEA_SAINC1,https://apps.bea.gov/regional/zip/SAINC.zip
Missouri,2023,387601.3,62456,current USD millions,BEA_SAINC1,https://apps.bea.gov/regional/zip/SAINC.zip
Missouri,2024,405457.2,64940,current USD millions,BEA_SAINC1,https://apps.bea.gov/regional/zip/SAINC.zip
Missouri,2025,423808.7,67587,current USD millions,BEA_SAINC1,https://apps.bea.gov/regional/zip/SAINC.zip
Montana,1929,310.3,592,current USD millions,BEA_SAINC1,https://apps.bea.gov/regional/zip/SAINC.zip
Montana,1930,270.0,501,current USD millions,BEA_SAINC1,https://apps.bea.gov/regional/zip/SAINC.zip
Montana,1931,208.8,387,current USD millions,BEA_SAINC1,https://apps.bea.gov/regional/zip/SAINC.zip
Montana,1932,180.6,334,current USD millions,BEA_SAINC1,https://apps.bea.gov/regional/zip/SAINC.zip
Montana,1933,161.8,299,current USD millions,BEA_SAINC1,https://apps.bea.gov/regional/zip/SAINC.zip
Montana,1934,198.9,365,current USD millions,BEA_SAINC1,https://apps.bea.gov/regional/zip/SAINC.zip
Montana,1935,261.2,475,current USD millions,BEA_SAINC1,https://apps.bea.gov/regional/zip/SAINC.zip
Montana,1936,265.0,478,current USD millions,BEA_SAINC1,https://apps.bea.gov/regional/zip/SAINC.zip
Montana,1937,284.6,514,current USD millions,BEA_SAINC1,https://apps.bea.gov/regional/zip/SAINC.zip
Montana,1938,284.2,515,current USD millions,BEA_SAINC1,https://apps.bea.gov/regional/zip/SAINC.zip
Montana,1939,294.4,530,current USD millions,BEA_SAINC1,https://apps.bea.gov/regional/zip/SAINC.zip
Montana,1940,315.7,566,current USD millions,BEA_SAINC1,https://apps.bea.gov/regional/zip/SAINC.zip
Montana,1941,384.3,708,current USD millions,BEA_SAINC1,https://apps.bea.gov/regional/zip/SAINC.zip
Montana,1942,469.6,901,current USD millions,BEA_SAINC1,https://apps.bea.gov/regional/zip/SAINC.zip
Montana,1943,557.9,1155,current USD millions,BEA_SAINC1,https://apps.bea.gov/regional/zip/SAINC.zip
Montana,1944,558.0,1185,current USD millions,BEA_SAINC1,https://apps.bea.gov/regional/zip/SAINC.zip
Montana,1945,578.2,1212,current USD millions,BEA_SAINC1,https://apps.bea.gov/regional/zip/SAINC.zip
Montana,1946,673.1,1309,current USD millions,BEA_SAINC1,https://apps.bea.gov/regional/zip/SAINC.zip
Montana,1947,784.3,1480,current USD millions,BEA_SAINC1,https://apps.bea.gov/regional/zip/SAINC.zip
Montana,1948,887.6,1638,current USD millions,BEA_SAINC1,https://apps.bea.gov/regional/zip/SAINC.zip
Montana,1949,815.3,1433,current USD millions,BEA_SAINC1,https://apps.bea.gov/regional/zip/SAINC.zip
Montana,1950,995.3,1678,current USD millions,BEA_SAINC1,https://apps.bea.gov/regional/zip/SAINC.zip
Montana,1951,1092.8,1834,current USD millions,BEA_SAINC1,https://apps.bea.gov/regional/zip/SAINC.zip
Montana,1952,1117.0,1855,current USD millions,BEA_SAINC1,https://apps.bea.gov/regional/zip/SAINC.zip
Montana,1953,1134.9,1842,current USD millions,BEA_SAINC1,https://apps.bea.gov/regional/zip/SAINC.zip
Montana,1954,1127.6,1807,current USD millions,BEA_SAINC1,https://apps.bea.gov/regional/zip/SAINC.zip
Montana,1955,1230.2,1934,current USD millions,BEA_SAINC1,https://apps.bea.gov/regional/zip/SAINC.zip
Montana,1956,1293.0,1971,current USD millions,BEA_SAINC1,https://apps.bea.gov/regional/zip/SAINC.zip
Montana,1957,1356.7,2034,current USD millions,BEA_SAINC1,https://apps.bea.gov/regional/zip/SAINC.zip
Montana,1958,1414.3,2124,current USD millions,BEA_SAINC1,https://apps.bea.gov/regional/zip/SAINC.zip
Montana,1959,1392.4,2081,current USD millions,BEA_SAINC1,https://apps.bea.gov/regional/zip/SAINC.zip
Montana,1960,1451.3,2137,current USD millions,BEA_SAINC1,https://apps.bea.gov/regional/zip/SAINC.zip
Montana,1961,1454.6,2090,current USD millions,BEA_SAINC1,https://apps.bea.gov/regional/zip/SAINC.zip
Montana,1962,1701.3,2437,current USD millions,BEA_SAINC1,https://apps.bea.gov/regional/zip/SAINC.zip
Montana,1963,1691.6,2406,current USD millions,BEA_SAINC1,https://apps.bea.gov/regional/zip/SAINC.zip
Montana,1964,1727.5,2447,current USD millions,BEA_SAINC1,https://apps.bea.gov/regional/zip/SAINC.zip
Montana,1965,1856.3,2629,current USD millions,BEA_SAINC1,https://apps.bea.gov/regional/zip/SAINC.zip
Montana,1966,1989.5,2814,current USD millions,BEA_SAINC1,https://apps.bea.gov/regional/zip/SAINC.zip
Montana,1967,2029.1,2895,current USD millions,BEA_SAINC1,https://apps.bea.gov/regional/zip/SAINC.zip
Montana,1968,2128.3,3040,current USD millions,BEA_SAINC1,https://apps.bea.gov/regional/zip/SAINC.zip
Montana,1969,2350.5,3387,current USD millions,BEA_SAINC1,https://apps.bea.gov/regional/zip/SAINC.zip
Montana,1970,2604.2,3735,current USD millions,BEA_SAINC1,https://apps.bea.gov/regional/zip/SAINC.zip
Montana,1971,2787.3,3920,current USD millions,BEA_SAINC1,https://apps.bea.gov/regional/zip/SAINC.zip
Montana,1972,3230.3,4492,current USD millions,BEA_SAINC1,https://apps.bea.gov/regional/zip/SAINC.zip
Montana,1973,3745.2,5149,current USD millions,BEA_SAINC1,https://apps.bea.gov/regional/zip/SAINC.zip
Montana,1974,4069.9,5521,current USD millions,BEA_SAINC1,https://apps.bea.gov/regional/zip/SAINC.zip
Montana,1975,4478.7,5978,current USD millions,BEA_SAINC1,https://apps.bea.gov/regional/zip/SAINC.zip
Montana,1976,4806.5,6337,current USD millions,BEA_SAINC1,https://apps.bea.gov/regional/zip/SAINC.zip
Montana,1977,5197.9,6739,current USD millions,BEA_SAINC1,https://apps.bea.gov/regional/zip/SAINC.zip
Montana,1978,6090.5,7768,current USD millions,BEA_SAINC1,https://apps.bea.gov/regional/zip/SAINC.zip
Montana,1979,6549.4,8299,current USD millions,BEA_SAINC1,https://apps.bea.gov/regional/zip/SAINC.zip
Montana,1980,7215.7,9148,current USD millions,BEA_SAINC1,https://apps.bea.gov/regional/zip/SAINC.zip
Montana,1981,8194.4,10303,current USD millions,BEA_SAINC1,https://apps.bea.gov/regional/zip/SAINC.zip
Montana,1982,8632.6,10737,current USD millions,BEA_SAINC1,https://apps.bea.gov/regional/zip/SAINC.zip
Montana,1983,9082.3,11157,current USD millions,BEA_SAINC1,https://apps.bea.gov/regional/zip/SAINC.zip
Montana,1984,9594.0,11687,current USD millions,BEA_SAINC1,https://apps.bea.gov/regional/zip/SAINC.zip
Montana,1985,9735.9,11840,current USD millions,BEA_SAINC1,https://apps.bea.gov/regional/zip/SAINC.zip
Montana,1986,10122.8,12440,current USD millions,BEA_SAINC1,https://apps.bea.gov/regional/zip/SAINC.zip
Montana,1987,10355.1,12862,current USD millions,BEA_SAINC1,https://apps.bea.gov/regional/zip/SAINC.zip
Montana,1988,10679.8,13346,current USD millions,BEA_SAINC1,https://apps.bea.gov/regional/zip/SAINC.zip
Montana,1989,11763.6,14711,current USD millions,BEA_SAINC1,https://apps.bea.gov/regional/zip/SAINC.zip
Montana,1990,12379.2,15470,current USD millions,BEA_SAINC1,https://apps.bea.gov/regional/zip/SAINC.zip
Montana,1991,13216.6,16323,current USD millions,BEA_SAINC1,https://apps.bea.gov/regional/zip/SAINC.zip
Montana,1992,14009.3,16965,current USD millions,BEA_SAINC1,https://apps.bea.gov/regional/zip/SAINC.zip
Montana,1993,15154.0,17939,current USD millions,BEA_SAINC1,https://apps.bea.gov/regional/zip/SAINC.zip
Montana,1994,15574.4,18082,current USD millions,BEA_SAINC1,https://apps.bea.gov/regional/zip/SAINC.zip
Montana,1995,16400.0,18710,current USD millions,BEA_SAINC1,https://apps.bea.gov/regional/zip/SAINC.zip
Montana,1996,17173.6,19378,current USD millions,BEA_SAINC1,https://apps.bea.gov/regional/zip/SAINC.zip
Montana,1997,17910.2,20127,current USD millions,BEA_SAINC1,https://apps.bea.gov/regional/zip/SAINC.zip
Montana,1998,19125.7,21431,current USD millions,BEA_SAINC1,https://apps.bea.gov/regional/zip/SAINC.zip
Montana,1999,19496.9,21723,current USD millions,BEA_SAINC1,https://apps.bea.gov/regional/zip/SAINC.zip
Montana,2000,20770.5,22982,current USD millions,BEA_SAINC1,https://apps.bea.gov/regional/zip/SAINC.zip
Montana,2001,21685.2,23910,current USD millions,BEA_SAINC1,https://apps.bea.gov/regional/zip/SAINC.zip
Montana,2002,22350.3,24516,current USD millions,BEA_SAINC1,https://apps.bea.gov/regional/zip/SAINC.zip
Montana,2003,24015.2,26114,current USD millions,BEA_SAINC1,https://apps.bea.gov/regional/zip/SAINC.zip
Montana,2004,26072.2,28034,current USD millions,BEA_SAINC1,https://apps.bea.gov/regional/zip/SAINC.zip
Montana,2005,28052.0,29839,current USD millions,BEA_SAINC1,https://apps.bea.gov/regional/zip/SAINC.zip
Montana,2006,30362.7,31870,current USD millions,BEA_SAINC1,https://apps.bea.gov/regional/zip/SAINC.zip
Montana,2007,32646.8,33841,current USD millions,BEA_SAINC1,https://apps.bea.gov/regional/zip/SAINC.zip
Montana,2008,34730.5,35569,current USD millions,BEA_SAINC1,https://apps.bea.gov/regional/zip/SAINC.zip
Montana,2009,33926.6,34479,current USD millions,BEA_SAINC1,https://apps.bea.gov/regional/zip/SAINC.zip
Montana,2010,35670.9,35999,current USD millions,BEA_SAINC1,https://apps.bea.gov/regional/zip/SAINC.zip
Montana,2011,38082.7,38150,current USD millions,BEA_SAINC1,https://apps.bea.gov/regional/zip/SAINC.zip
Montana,2012,40436.9,40217,current USD millions,BEA_SAINC1,https://apps.bea.gov/regional/zip/SAINC.zip
Montana,2013,40786.0,40142,current USD millions,BEA_SAINC1,https://apps.bea.gov/regional/zip/SAINC.zip
Montana,2014,42901.4,41850,current USD millions,BEA_SAINC1,https://apps.bea.gov/regional/zip/SAINC.zip
Montana,2015,44583.3,43095,current USD millions,BEA_SAINC1,https://apps.bea.gov/regional/zip/SAINC.zip
Montana,2016,45283.3,43301,current USD millions,BEA_SAINC1,https://apps.bea.gov/regional/zip/SAINC.zip
Montana,2017,48003.3,45369,current USD millions,BEA_SAINC1,https://apps.bea.gov/regional/zip/SAINC.zip
Montana,2018,50352.0,47208,current USD millions,BEA_SAINC1,https://apps.bea.gov/regional/zip/SAINC.zip
Montana,2019,53402.3,49654,current USD millions,BEA_SAINC1,https://apps.bea.gov/regional/zip/SAINC.zip
Montana,2020,58241.5,53572,current USD millions,BEA_SAINC1,https://apps.bea.gov/regional/zip/SAINC.zip
Montana,2021,65539.6,59236,current USD millions,BEA_SAINC1,https://apps.bea.gov/regional/zip/SAINC.zip
Montana,2022,69666.5,62117,current USD millions,BEA_SAINC1,https://apps.bea.gov/regional/zip/SAINC.zip
Montana,2023,74870.4,66221,current USD millions,BEA_SAINC1,https://apps.bea.gov/regional/zip/SAINC.zip
Montana,2024,78741.6,69220,current USD millions,BEA_SAINC1,https://apps.bea.gov/regional/zip/SAINC.zip
Montana,2025,82807.2,72340,current USD millions,BEA_SAINC1,https://apps.bea.gov/regional/zip/SAINC.zip
Nebraska,1929,803.0,584,current USD millions,BEA_SAINC1,https://apps.bea.gov/regional/zip/SAINC.zip
Nebraska,1930,704.1,510,current USD millions,BEA_SAINC1,https://apps.bea.gov/regional/zip/SAINC.zip
Nebraska,1931,566.1,409,current USD millions,BEA_SAINC1,https://apps.bea.gov/regional/zip/SAINC.zip
Nebraska,1932,419.4,303,current USD millions,BEA_SAINC1,https://apps.bea.gov/regional/zip/SAINC.zip
Nebraska,1933,378.6,273,current USD millions,BEA_SAINC1,https://apps.bea.gov/regional/zip/SAINC.zip
Nebraska,1934,364.7,264,current USD millions,BEA_SAINC1,https://apps.bea.gov/regional/zip/SAINC.zip
Nebraska,1935,556.2,405,current USD millions,BEA_SAINC1,https://apps.bea.gov/regional/zip/SAINC.zip
Nebraska,1936,535.8,395,current USD millions,BEA_SAINC1,https://apps.bea.gov/regional/zip/SAINC.zip
Nebraska,1937,554.0,414,current USD millions,BEA_SAINC1,https://apps.bea.gov/regional/zip/SAINC.zip
Nebraska,1938,532.8,402,current USD millions,BEA_SAINC1,https://apps.bea.gov/regional/zip/SAINC.zip
Nebraska,1939,525.7,399,current USD millions,BEA_SAINC1,https://apps.bea.gov/regional/zip/SAINC.zip
Nebraska,1940,578.6,440,current USD millions,BEA_SAINC1,https://apps.bea.gov/regional/zip/SAINC.zip
Nebraska,1941,697.6,548,current USD millions,BEA_SAINC1,https://apps.bea.gov/regional/zip/SAINC.zip
Nebraska,1942,1024.8,823,current USD millions,BEA_SAINC1,https://apps.bea.gov/regional/zip/SAINC.zip
Nebraska,1943,1271.2,1029,current USD millions,BEA_SAINC1,https://apps.bea.gov/regional/zip/SAINC.zip
Nebraska,1944,1336.9,1101,current USD millions,BEA_SAINC1,https://apps.bea.gov/regional/zip/SAINC.zip
Nebraska,1945,1448.0,1197,current USD millions,BEA_SAINC1,https://apps.bea.gov/regional/zip/SAINC.zip
Nebraska,1946,1490.8,1187,current USD millions,BEA_SAINC1,https://apps.bea.gov/regional/zip/SAINC.zip
Nebraska,1947,1607.0,1269,current USD millions,BEA_SAINC1,https://apps.bea.gov/regional/zip/SAINC.zip
Nebraska,1948,1955.0,1545,current USD millions,BEA_SAINC1,https://apps.bea.gov/regional/zip/SAINC.zip
Nebraska,1949,1771.6,1361,current USD millions,BEA_SAINC1,https://apps.bea.gov/regional/zip/SAINC.zip
Nebraska,1950,2100.7,1583,current USD millions,BEA_SAINC1,https://apps.bea.gov/regional/zip/SAINC.zip
Nebraska,1951,2193.5,1667,current USD millions,BEA_SAINC1,https://apps.bea.gov/regional/zip/SAINC.zip
Nebraska,1952,2355.8,1797,current USD millions,BEA_SAINC1,https://apps.bea.gov/regional/zip/SAINC.zip
Nebraska,1953,2247.0,1705,current USD millions,BEA_SAINC1,https://apps.bea.gov/regional/zip/SAINC.zip
Nebraska,1954,2403.0,1793,current USD millions,BEA_SAINC1,https://apps.bea.gov/regional/zip/SAINC.zip
Nebraska,1955,2326.2,1693,current USD millions,BEA_SAINC1,https://apps.bea.gov/regional/zip/SAINC.zip
Nebraska,1956,2399.5,1718,current USD millions,BEA_SAINC1,https://apps.bea.gov/regional/zip/SAINC.zip
Nebraska,1957,2782.6,1996,current USD millions,BEA_SAINC1,https://apps.bea.gov/regional/zip/SAINC.zip
Nebraska,1958,2914.8,2108,current USD millions,BEA_SAINC1,https://apps.bea.gov/regional/zip/SAINC.zip
Nebraska,1959,2950.0,2112,current USD millions,BEA_SAINC1,https://apps.bea.gov/regional/zip/SAINC.zip
Nebraska,1960,3140.3,2216,current USD millions,BEA_SAINC1,https://apps.bea.gov/regional/zip/SAINC.zip
Nebraska,1961,3214.3,2223,current USD millions,BEA_SAINC1,https://apps.bea.gov/regional/zip/SAINC.zip
Nebraska,1962,3493.5,2386,current USD millions,BEA_SAINC1,https://apps.bea.gov/regional/zip/SAINC.zip
Nebraska,1963,3591.0,2433,current USD millions,BEA_SAINC1,https://apps.bea.gov/regional/zip/SAINC.zip
Nebraska,1964,3691.4,2491,current USD millions,BEA_SAINC1,https://apps.bea.gov/regional/zip/SAINC.zip
Nebraska,1965,4060.9,2761,current USD millions,BEA_SAINC1,https://apps.bea.gov/regional/zip/SAINC.zip
Nebraska,1966,4360.3,2995,current USD millions,BEA_SAINC1,https://apps.bea.gov/regional/zip/SAINC.zip
Nebraska,1967,4512.7,3097,current USD millions,BEA_SAINC1,https://apps.bea.gov/regional/zip/SAINC.zip
Nebraska,1968,4815.3,3282,current USD millions,BEA_SAINC1,https://apps.bea.gov/regional/zip/SAINC.zip
Nebraska,1969,5379.3,3649,current USD millions,BEA_SAINC1,https://apps.bea.gov/regional/zip/SAINC.zip
Nebraska,1970,5798.4,3897,current USD millions,BEA_SAINC1,https://apps.bea.gov/regional/zip/SAINC.zip
Nebraska,1971,6368.8,4234,current USD millions,BEA_SAINC1,https://apps.bea.gov/regional/zip/SAINC.zip
Nebraska,1972,7052.5,4645,current USD millions,BEA_SAINC1,https://apps.bea.gov/regional/zip/SAINC.zip
Nebraska,1973,8225.7,5382,current USD millions,BEA_SAINC1,https://apps.bea.gov/regional/zip/SAINC.zip
Nebraska,1974,8565.1,5570,current USD millions,BEA_SAINC1,https://apps.bea.gov/regional/zip/SAINC.zip
Nebraska,1975,9766.4,6336,current USD millions,BEA_SAINC1,https://apps.bea.gov/regional/zip/SAINC.zip
Nebraska,1976,10217.4,6597,current USD millions,BEA_SAINC1,https://apps.bea.gov/regional/zip/SAINC.zip
Nebraska,1977,11073.1,7123,current USD millions,BEA_SAINC1,https://apps.bea.gov/regional/zip/SAINC.zip
Nebraska,1978,12810.9,8208,current USD millions,BEA_SAINC1,https://apps.bea.gov/regional/zip/SAINC.zip
Nebraska,1979,13835.0,8844,current USD millions,BEA_SAINC1,https://apps.bea.gov/regional/zip/SAINC.zip
Nebraska,1980,14766.4,9392,current USD millions,BEA_SAINC1,https://apps.bea.gov/regional/zip/SAINC.zip
Nebraska,1981,17139.1,10858,current USD millions,BEA_SAINC1,https://apps.bea.gov/regional/zip/SAINC.zip
Nebraska,1982,18416.0,11643,current USD millions,BEA_SAINC1,https://apps.bea.gov/regional/zip/SAINC.zip
Nebraska,1983,19059.9,12031,current USD millions,BEA_SAINC1,https://apps.bea.gov/regional/zip/SAINC.zip
Nebraska,1984,21199.0,13344,current USD millions,BEA_SAINC1,https://apps.bea.gov/regional/zip/SAINC.zip
Nebraska,1985,22345.0,14101,current USD millions,BEA_SAINC1,https://apps.bea.gov/regional/zip/SAINC.zip
Nebraska,1986,22995.3,14606,current USD millions,BEA_SAINC1,https://apps.bea.gov/regional/zip/SAINC.zip
Nebraska,1987,23979.7,15307,current USD millions,BEA_SAINC1,https://apps.bea.gov/regional/zip/SAINC.zip
Nebraska,1988,25708.4,16359,current USD millions,BEA_SAINC1,https://apps.bea.gov/regional/zip/SAINC.zip
Nebraska,1989,27277.1,17320,current USD millions,BEA_SAINC1,https://apps.bea.gov/regional/zip/SAINC.zip
Nebraska,1990,29237.9,18486,current USD millions,BEA_SAINC1,https://apps.bea.gov/regional/zip/SAINC.zip
Nebraska,1991,30344.0,19014,current USD millions,BEA_SAINC1,https://apps.bea.gov/regional/zip/SAINC.zip
Nebraska,1992,32191.2,19974,current USD millions,BEA_SAINC1,https://apps.bea.gov/regional/zip/SAINC.zip
Nebraska,1993,33258.8,20460,current USD millions,BEA_SAINC1,https://apps.bea.gov/regional/zip/SAINC.zip
Nebraska,1994,35389.6,21592,current USD millions,BEA_SAINC1,https://apps.bea.gov/regional/zip/SAINC.zip
Nebraska,1995,37383.3,22561,current USD millions,BEA_SAINC1,https://apps.bea.gov/regional/zip/SAINC.zip
Nebraska,1996,40706.8,24321,current USD millions,BEA_SAINC1,https://apps.bea.gov/regional/zip/SAINC.zip
Nebraska,1997,41958.2,24880,current USD millions,BEA_SAINC1,https://apps.bea.gov/regional/zip/SAINC.zip
Nebraska,1998,44747.0,26387,current USD millions,BEA_SAINC1,https://apps.bea.gov/regional/zip/SAINC.zip
Nebraska,1999,46824.4,27467,current USD millions,BEA_SAINC1,https://apps.bea.gov/regional/zip/SAINC.zip
Nebraska,2000,49570.3,28924,current USD millions,BEA_SAINC1,https://apps.bea.gov/regional/zip/SAINC.zip
Nebraska,2001,51911.8,30184,current USD millions,BEA_SAINC1,https://apps.bea.gov/regional/zip/SAINC.zip
Nebraska,2002,52804.3,30553,current USD millions,BEA_SAINC1,https://apps.bea.gov/regional/zip/SAINC.zip
Nebraska,2003,56102.2,32268,current USD millions,BEA_SAINC1,https://apps.bea.gov/regional/zip/SAINC.zip
Nebraska,2004,58597.2,33496,current USD millions,BEA_SAINC1,https://apps.bea.gov/regional/zip/SAINC.zip
Nebraska,2005,60598.1,34401,current USD millions,BEA_SAINC1,https://apps.bea.gov/regional/zip/SAINC.zip
Nebraska,2006,63317.2,35718,current USD millions,BEA_SAINC1,https://apps.bea.gov/regional/zip/SAINC.zip
Nebraska,2007,68098.6,38184,current USD millions,BEA_SAINC1,https://apps.bea.gov/regional/zip/SAINC.zip
Nebraska,2008,72377.3,40291,current USD millions,BEA_SAINC1,https://apps.bea.gov/regional/zip/SAINC.zip
Nebraska,2009,71459.7,39422,current USD millions,BEA_SAINC1,https://apps.bea.gov/regional/zip/SAINC.zip
Nebraska,2010,75194.1,41085,current USD millions,BEA_SAINC1,https://apps.bea.gov/regional/zip/SAINC.zip
Nebraska,2011,84096.1,45607,current USD millions,BEA_SAINC1,https://apps.bea.gov/regional/zip/SAINC.zip
Nebraska,2012,86235.9,46385,current USD millions,BEA_SAINC1,https://apps.bea.gov/regional/zip/SAINC.zip
Nebraska,2013,86022.2,45911,current USD millions,BEA_SAINC1,https://apps.bea.gov/regional/zip/SAINC.zip
Nebraska,2014,91084.5,48187,current USD millions,BEA_SAINC1,https://apps.bea.gov/regional/zip/SAINC.zip
Nebraska,2015,94681.7,49708,current USD millions,BEA_SAINC1,https://apps.bea.gov/regional/zip/SAINC.zip
Nebraska,2016,93559.7,48688,current USD millions,BEA_SAINC1,https://apps.bea.gov/regional/zip/SAINC.zip
Nebraska,2017,95823.7,49533,current USD millions,BEA_SAINC1,https://apps.bea.gov/regional/zip/SAINC.zip
Nebraska,2018,100067.8,51436,current USD millions,BEA_SAINC1,https://apps.bea.gov/regional/zip/SAINC.zip
Nebraska,2019,104615.9,53513,current USD millions,BEA_SAINC1,https://apps.bea.gov/regional/zip/SAINC.zip
Nebraska,2020,111734.1,56911,current USD millions,BEA_SAINC1,https://apps.bea.gov/regional/zip/SAINC.zip
Nebraska,2021,125057.8,63652,current USD millions,BEA_SAINC1,https://apps.bea.gov/regional/zip/SAINC.zip
Nebraska,2022,130888.6,66354,current USD millions,BEA_SAINC1,https://apps.bea.gov/regional/zip/SAINC.zip
Nebraska,2023,142166.5,71506,current USD millions,BEA_SAINC1,https://apps.bea.gov/regional/zip/SAINC.zip
Nebraska,2024,145798.5,72696,current USD millions,BEA_SAINC1,https://apps.bea.gov/regional/zip/SAINC.zip
Nebraska,2025,153082.3,75858,current USD millions,BEA_SAINC1,https://apps.bea.gov/regional/zip/SAINC.zip
Nevada,1929,78.6,874,current USD millions,BEA_SAINC1,https://apps.bea.gov/regional/zip/SAINC.zip
Nevada,1930,76.7,834,current USD millions,BEA_SAINC1,https://apps.bea.gov/regional/zip/SAINC.zip
Nevada,1931,62.5,665,current USD millions,BEA_SAINC1,https://apps.bea.gov/regional/zip/SAINC.zip
Nevada,1932,53.5,557,current USD millions,BEA_SAINC1,https://apps.bea.gov/regional/zip/SAINC.zip
Nevada,1933,47.9,499,current USD millions,BEA_SAINC1,https://apps.bea.gov/regional/zip/SAINC.zip
Nevada,1934,54.9,560,current USD millions,BEA_SAINC1,https://apps.bea.gov/regional/zip/SAINC.zip
Nevada,1935,66.7,667,current USD millions,BEA_SAINC1,https://apps.bea.gov/regional/zip/SAINC.zip
Nevada,1936,85.3,845,current USD millions,BEA_SAINC1,https://apps.bea.gov/regional/zip/SAINC.zip
Nevada,1937,79.8,775,current USD millions,BEA_SAINC1,https://apps.bea.gov/regional/zip/SAINC.zip
Nevada,1938,82.4,785,current USD millions,BEA_SAINC1,https://apps.bea.gov/regional/zip/SAINC.zip
Nevada,1939,92.5,864,current USD millions,BEA_SAINC1,https://apps.bea.gov/regional/zip/SAINC.zip
Nevada,1940,101.9,902,current USD millions,BEA_SAINC1,https://apps.bea.gov/regional/zip/SAINC.zip
Nevada,1941,122.2,1001,current USD millions,BEA_SAINC1,https://apps.bea.gov/regional/zip/SAINC.zip
Nevada,1942,221.3,1592,current USD millions,BEA_SAINC1,https://apps.bea.gov/regional/zip/SAINC.zip
Nevada,1943,235.6,1550,current USD millions,BEA_SAINC1,https://apps.bea.gov/regional/zip/SAINC.zip
Nevada,1944,236.6,1526,current USD millions,BEA_SAINC1,https://apps.bea.gov/regional/zip/SAINC.zip
Nevada,1945,243.7,1658,current USD millions,BEA_SAINC1,https://apps.bea.gov/regional/zip/SAINC.zip
Nevada,1946,259.0,1786,current USD millions,BEA_SAINC1,https://apps.bea.gov/regional/zip/SAINC.zip
Nevada,1947,266.9,1791,current USD millions,BEA_SAINC1,https://apps.bea.gov/regional/zip/SAINC.zip
Nevada,1948,282.6,1811,current USD millions,BEA_SAINC1,https://apps.bea.gov/regional/zip/SAINC.zip
Nevada,1949,293.2,1868,current USD millions,BEA_SAINC1,https://apps.bea.gov/regional/zip/SAINC.zip
Nevada,1950,338.4,2089,current USD millions,BEA_SAINC1,https://apps.bea.gov/regional/zip/SAINC.zip
Nevada,1951,388.9,2315,current USD millions,BEA_SAINC1,https://apps.bea.gov/regional/zip/SAINC.zip
Nevada,1952,454.8,2513,current USD millions,BEA_SAINC1,https://apps.bea.gov/regional/zip/SAINC.zip
Nevada,1953,502.0,2574,current USD millions,BEA_SAINC1,https://apps.bea.gov/regional/zip/SAINC.zip
Nevada,1954,541.4,2542,current USD millions,BEA_SAINC1,https://apps.bea.gov/regional/zip/SAINC.zip
Nevada,1955,629.8,2657,current USD millions,BEA_SAINC1,https://apps.bea.gov/regional/zip/SAINC.zip
Nevada,1956,658.6,2634,current USD millions,BEA_SAINC1,https://apps.bea.gov/regional/zip/SAINC.zip
Nevada,1957,707.0,2719,current USD millions,BEA_SAINC1,https://apps.bea.gov/regional/zip/SAINC.zip
Nevada,1958,747.7,2780,current USD millions,BEA_SAINC1,https://apps.bea.gov/regional/zip/SAINC.zip
Nevada,1959,818.0,2932,current USD millions,BEA_SAINC1,https://apps.bea.gov/regional/zip/SAINC.zip
Nevada,1960,896.1,3079,current USD millions,BEA_SAINC1,https://apps.bea.gov/regional/zip/SAINC.zip
Nevada,1961,993.1,3153,current USD millions,BEA_SAINC1,https://apps.bea.gov/regional/zip/SAINC.zip
Nevada,1962,1185.8,3369,current USD millions,BEA_SAINC1,https://apps.bea.gov/regional/zip/SAINC.zip
Nevada,1963,1330.0,3350,current USD millions,BEA_SAINC1,https://apps.bea.gov/regional/zip/SAINC.zip
Nevada,1964,1443.1,3388,current USD millions,BEA_SAINC1,https://apps.bea.gov/regional/zip/SAINC.zip
Nevada,1965,1545.0,3480,current USD millions,BEA_SAINC1,https://apps.bea.gov/regional/zip/SAINC.zip
Nevada,1966,1630.4,3656,current USD millions,BEA_SAINC1,https://apps.bea.gov/regional/zip/SAINC.zip
Nevada,1967,1731.8,3857,current USD millions,BEA_SAINC1,https://apps.bea.gov/regional/zip/SAINC.zip
Nevada,1968,2013.6,4340,current USD millions,BEA_SAINC1,https://apps.bea.gov/regional/zip/SAINC.zip
Nevada,1969,2278.6,4747,current USD millions,BEA_SAINC1,https://apps.bea.gov/regional/zip/SAINC.zip
Nevada,1970,2560.4,5191,current USD millions,BEA_SAINC1,https://apps.bea.gov/regional/zip/SAINC.zip
Nevada,1971,2860.4,5501,current USD millions,BEA_SAINC1,https://apps.bea.gov/regional/zip/SAINC.zip
Nevada,1972,3196.8,5847,current USD millions,BEA_SAINC1,https://apps.bea.gov/regional/zip/SAINC.zip
Nevada,1973,3630.1,6381,current USD millions,BEA_SAINC1,https://apps.bea.gov/regional/zip/SAINC.zip
Nevada,1974,4025.2,6746,current USD millions,BEA_SAINC1,https://apps.bea.gov/regional/zip/SAINC.zip
Nevada,1975,4544.0,7331,current USD millions,BEA_SAINC1,https://apps.bea.gov/regional/zip/SAINC.zip
Nevada,1976,5170.5,7994,current USD millions,BEA_SAINC1,https://apps.bea.gov/regional/zip/SAINC.zip
Nevada,1977,5977.9,8815,current USD millions,BEA_SAINC1,https://apps.bea.gov/regional/zip/SAINC.zip
Nevada,1978,7225.7,10045,current USD millions,BEA_SAINC1,https://apps.bea.gov/regional/zip/SAINC.zip
Nevada,1979,8372.0,10942,current USD millions,BEA_SAINC1,https://apps.bea.gov/regional/zip/SAINC.zip
Nevada,1980,9681.4,11949,current USD millions,BEA_SAINC1,https://apps.bea.gov/regional/zip/SAINC.zip
Nevada,1981,10998.2,12975,current USD millions,BEA_SAINC1,https://apps.bea.gov/regional/zip/SAINC.zip
Nevada,1982,11752.7,13332,current USD millions,BEA_SAINC1,https://apps.bea.gov/regional/zip/SAINC.zip
Nevada,1983,12530.8,13893,current USD millions,BEA_SAINC1,https://apps.bea.gov/regional/zip/SAINC.zip
Nevada,1984,13634.3,14741,current USD millions,BEA_SAINC1,https://apps.bea.gov/regional/zip/SAINC.zip
Nevada,1985,14791.3,15553,current USD millions,BEA_SAINC1,https://apps.bea.gov/regional/zip/SAINC.zip
Nevada,1986,15979.1,16295,current USD millions,BEA_SAINC1,https://apps.bea.gov/regional/zip/SAINC.zip
Nevada,1987,17407.0,17009,current USD millions,BEA_SAINC1,https://apps.bea.gov/regional/zip/SAINC.zip
Nevada,1988,19826.3,18443,current USD millions,BEA_SAINC1,https://apps.bea.gov/regional/zip/SAINC.zip
Nevada,1989,22328.9,19632,current USD millions,BEA_SAINC1,https://apps.bea.gov/regional/zip/SAINC.zip
Nevada,1990,25039.2,20512,current USD millions,BEA_SAINC1,https://apps.bea.gov/regional/zip/SAINC.zip
Nevada,1991,27543.6,21250,current USD millions,BEA_SAINC1,https://apps.bea.gov/regional/zip/SAINC.zip
Nevada,1992,30459.9,22540,current USD millions,BEA_SAINC1,https://apps.bea.gov/regional/zip/SAINC.zip
Nevada,1993,32932.9,23337,current USD millions,BEA_SAINC1,https://apps.bea.gov/regional/zip/SAINC.zip
Nevada,1994,36442.3,24306,current USD millions,BEA_SAINC1,https://apps.bea.gov/regional/zip/SAINC.zip
Nevada,1995,40075.5,25339,current USD millions,BEA_SAINC1,https://apps.bea.gov/regional/zip/SAINC.zip
Nevada,1996,44336.7,26608,current USD millions,BEA_SAINC1,https://apps.bea.gov/regional/zip/SAINC.zip
Nevada,1997,48450.2,27464,current USD millions,BEA_SAINC1,https://apps.bea.gov/regional/zip/SAINC.zip
Nevada,1998,54217.2,29256,current USD millions,BEA_SAINC1,https://apps.bea.gov/regional/zip/SAINC.zip
Nevada,1999,58623.6,30301,current USD millions,BEA_SAINC1,https://apps.bea.gov/regional/zip/SAINC.zip
Nevada,2000,64312.6,31858,current USD millions,BEA_SAINC1,https://apps.bea.gov/regional/zip/SAINC.zip
Nevada,2001,68026.7,32418,current USD millions,BEA_SAINC1,https://apps.bea.gov/regional/zip/SAINC.zip
Nevada,2002,69952.7,32180,current USD millions,BEA_SAINC1,https://apps.bea.gov/regional/zip/SAINC.zip
Nevada,2003,74518.4,33136,current USD millions,BEA_SAINC1,https://apps.bea.gov/regional/zip/SAINC.zip
Nevada,2004,82524.7,35173,current USD millions,BEA_SAINC1,https://apps.bea.gov/regional/zip/SAINC.zip
Nevada,2005,92194.1,37907,current USD millions,BEA_SAINC1,https://apps.bea.gov/regional/zip/SAINC.zip
Nevada,2006,99485.1,39437,current USD millions,BEA_SAINC1,https://apps.bea.gov/regional/zip/SAINC.zip
Nevada,2007,103706.0,39870,current USD millions,BEA_SAINC1,https://apps.bea.gov/regional/zip/SAINC.zip
Nevada,2008,102535.9,38640,current USD millions,BEA_SAINC1,https://apps.bea.gov/regional/zip/SAINC.zip
Nevada,2009,96982.8,36125,current USD millions,BEA_SAINC1,https://apps.bea.gov/regional/zip/SAINC.zip
Nevada,2010,100750.4,37289,current USD millions,BEA_SAINC1,https://apps.bea.gov/regional/zip/SAINC.zip
Nevada,2011,104596.4,38595,current USD millions,BEA_SAINC1,https://apps.bea.gov/regional/zip/SAINC.zip
Nevada,2012,108696.1,39680,current USD millions,BEA_SAINC1,https://apps.bea.gov/regional/zip/SAINC.zip
Nevada,2013,108914.4,39331,current USD millions,BEA_SAINC1,https://apps.bea.gov/regional/zip/SAINC.zip
Nevada,2014,115514.1,41126,current USD millions,BEA_SAINC1,https://apps.bea.gov/regional/zip/SAINC.zip
Nevada,2015,125088.6,43799,current USD millions,BEA_SAINC1,https://apps.bea.gov/regional/zip/SAINC.zip
Nevada,2016,129879.1,44715,current USD millions,BEA_SAINC1,https://apps.bea.gov/regional/zip/SAINC.zip
Nevada,2017,138847.0,46991,current USD millions,BEA_SAINC1,https://apps.bea.gov/regional/zip/SAINC.zip
Nevada,2018,148408.1,49289,current USD millions,BEA_SAINC1,https://apps.bea.gov/regional/zip/SAINC.zip
Nevada,2019,159393.0,51942,current USD millions,BEA_SAINC1,https://apps.bea.gov/regional/zip/SAINC.zip
Nevada,2020,170447.5,54686,current USD millions,BEA_SAINC1,https://apps.bea.gov/regional/zip/SAINC.zip
Nevada,2021,192132.9,61024,current USD millions,BEA_SAINC1,https://apps.bea.gov/regional/zip/SAINC.zip
Nevada,2022,199226.6,62696,current USD millions,BEA_SAINC1,https://apps.bea.gov/regional/zip/SAINC.zip
Nevada,2023,214392.7,66767,current USD millions,BEA_SAINC1,https://apps.bea.gov/regional/zip/SAINC.zip
Nevada,2024,228086.6,70104,current USD millions,BEA_SAINC1,https://apps.bea.gov/regional/zip/SAINC.zip
Nevada,2025,240111.7,73156,current USD millions,BEA_SAINC1,https://apps.bea.gov/regional/zip/SAINC.zip
New Hampshire,1929,321.3,688,current USD millions,BEA_SAINC1,https://apps.bea.gov/regional/zip/SAINC.zip
New Hampshire,1930,301.9,648,current USD millions,BEA_SAINC1,https://apps.bea.gov/regional/zip/SAINC.zip
New Hampshire,1931,263.3,560,current USD millions,BEA_SAINC1,https://apps.bea.gov/regional/zip/SAINC.zip
New Hampshire,1932,203.8,430,current USD millions,BEA_SAINC1,https://apps.bea.gov/regional/zip/SAINC.zip
New Hampshire,1933,200.5,420,current USD millions,BEA_SAINC1,https://apps.bea.gov/regional/zip/SAINC.zip
New Hampshire,1934,230.3,480,current USD millions,BEA_SAINC1,https://apps.bea.gov/regional/zip/SAINC.zip
New Hampshire,1935,242.2,504,current USD millions,BEA_SAINC1,https://apps.bea.gov/regional/zip/SAINC.zip
New Hampshire,1936,260.6,542,current USD millions,BEA_SAINC1,https://apps.bea.gov/regional/zip/SAINC.zip
New Hampshire,1937,274.3,570,current USD millions,BEA_SAINC1,https://apps.bea.gov/regional/zip/SAINC.zip
New Hampshire,1938,260.6,537,current USD millions,BEA_SAINC1,https://apps.bea.gov/regional/zip/SAINC.zip
New Hampshire,1939,277.4,566,current USD millions,BEA_SAINC1,https://apps.bea.gov/regional/zip/SAINC.zip
New Hampshire,1940,288.2,586,current USD millions,BEA_SAINC1,https://apps.bea.gov/regional/zip/SAINC.zip
New Hampshire,1941,353.4,720,current USD millions,BEA_SAINC1,https://apps.bea.gov/regional/zip/SAINC.zip
New Hampshire,1942,419.8,871,current USD millions,BEA_SAINC1,https://apps.bea.gov/regional/zip/SAINC.zip
New Hampshire,1943,462.1,1002,current USD millions,BEA_SAINC1,https://apps.bea.gov/regional/zip/SAINC.zip
New Hampshire,1944,497.6,1082,current USD millions,BEA_SAINC1,https://apps.bea.gov/regional/zip/SAINC.zip
New Hampshire,1945,528.3,1139,current USD millions,BEA_SAINC1,https://apps.bea.gov/regional/zip/SAINC.zip
New Hampshire,1946,578.3,1168,current USD millions,BEA_SAINC1,https://apps.bea.gov/regional/zip/SAINC.zip
New Hampshire,1947,627.8,1233,current USD millions,BEA_SAINC1,https://apps.bea.gov/regional/zip/SAINC.zip
New Hampshire,1948,682.2,1312,current USD millions,BEA_SAINC1,https://apps.bea.gov/regional/zip/SAINC.zip
New Hampshire,1949,691.2,1297,current USD millions,BEA_SAINC1,https://apps.bea.gov/regional/zip/SAINC.zip
New Hampshire,1950,730.4,1373,current USD millions,BEA_SAINC1,https://apps.bea.gov/regional/zip/SAINC.zip
New Hampshire,1951,813.7,1538,current USD millions,BEA_SAINC1,https://apps.bea.gov/regional/zip/SAINC.zip
New Hampshire,1952,862.5,1612,current USD millions,BEA_SAINC1,https://apps.bea.gov/regional/zip/SAINC.zip
New Hampshire,1953,925.5,1692,current USD millions,BEA_SAINC1,https://apps.bea.gov/regional/zip/SAINC.zip
New Hampshire,1954,967.5,1746,current USD millions,BEA_SAINC1,https://apps.bea.gov/regional/zip/SAINC.zip
New Hampshire,1955,1041.2,1869,current USD millions,BEA_SAINC1,https://apps.bea.gov/regional/zip/SAINC.zip
New Hampshire,1956,1104.2,1951,current USD millions,BEA_SAINC1,https://apps.bea.gov/regional/zip/SAINC.zip
New Hampshire,1957,1181.4,2065,current USD millions,BEA_SAINC1,https://apps.bea.gov/regional/zip/SAINC.zip
New Hampshire,1958,1203.3,2071,current USD millions,BEA_SAINC1,https://apps.bea.gov/regional/zip/SAINC.zip
New Hampshire,1959,1309.9,2198,current USD millions,BEA_SAINC1,https://apps.bea.gov/regional/zip/SAINC.zip
New Hampshire,1960,1382.9,2271,current USD millions,BEA_SAINC1,https://apps.bea.gov/regional/zip/SAINC.zip
New Hampshire,1961,1456.1,2356,current USD millions,BEA_SAINC1,https://apps.bea.gov/regional/zip/SAINC.zip
New Hampshire,1962,1556.9,2464,current USD millions,BEA_SAINC1,https://apps.bea.gov/regional/zip/SAINC.zip
New Hampshire,1963,1624.7,2503,current USD millions,BEA_SAINC1,https://apps.bea.gov/regional/zip/SAINC.zip
New Hampshire,1964,1746.9,2635,current USD millions,BEA_SAINC1,https://apps.bea.gov/regional/zip/SAINC.zip
New Hampshire,1965,1883.8,2787,current USD millions,BEA_SAINC1,https://apps.bea.gov/regional/zip/SAINC.zip
New Hampshire,1966,2064.0,3031,current USD millions,BEA_SAINC1,https://apps.bea.gov/regional/zip/SAINC.zip
New Hampshire,1967,2254.8,3235,current USD millions,BEA_SAINC1,https://apps.bea.gov/regional/zip/SAINC.zip
New Hampshire,1968,2491.0,3513,current USD millions,BEA_SAINC1,https://apps.bea.gov/regional/zip/SAINC.zip
New Hampshire,1969,2781.3,3842,current USD millions,BEA_SAINC1,https://apps.bea.gov/regional/zip/SAINC.zip
New Hampshire,1970,2965.7,3997,current USD millions,BEA_SAINC1,https://apps.bea.gov/regional/zip/SAINC.zip
New Hampshire,1971,3220.1,4225,current USD millions,BEA_SAINC1,https://apps.bea.gov/regional/zip/SAINC.zip
New Hampshire,1972,3562.0,4557,current USD millions,BEA_SAINC1,https://apps.bea.gov/regional/zip/SAINC.zip
New Hampshire,1973,4013.3,5005,current USD millions,BEA_SAINC1,https://apps.bea.gov/regional/zip/SAINC.zip
New Hampshire,1974,4417.2,5406,current USD millions,BEA_SAINC1,https://apps.bea.gov/regional/zip/SAINC.zip
New Hampshire,1975,4802.3,5786,current USD millions,BEA_SAINC1,https://apps.bea.gov/regional/zip/SAINC.zip
New Hampshire,1976,5436.0,6418,current USD millions,BEA_SAINC1,https://apps.bea.gov/regional/zip/SAINC.zip
New Hampshire,1977,6146.4,7050,current USD millions,BEA_SAINC1,https://apps.bea.gov/regional/zip/SAINC.zip
New Hampshire,1978,7090.7,7932,current USD millions,BEA_SAINC1,https://apps.bea.gov/regional/zip/SAINC.zip
New Hampshire,1979,8112.5,8896,current USD millions,BEA_SAINC1,https://apps.bea.gov/regional/zip/SAINC.zip
New Hampshire,1980,9281.8,10043,current USD millions,BEA_SAINC1,https://apps.bea.gov/regional/zip/SAINC.zip
New Hampshire,1981,10505.8,11217,current USD millions,BEA_SAINC1,https://apps.bea.gov/regional/zip/SAINC.zip
New Hampshire,1982,11561.6,12199,current USD millions,BEA_SAINC1,https://apps.bea.gov/regional/zip/SAINC.zip
New Hampshire,1983,12714.4,13270,current USD millions,BEA_SAINC1,https://apps.bea.gov/regional/zip/SAINC.zip
New Hampshire,1984,14352.9,14693,current USD millions,BEA_SAINC1,https://apps.bea.gov/regional/zip/SAINC.zip
New Hampshire,1985,15831.0,15883,current USD millions,BEA_SAINC1,https://apps.bea.gov/regional/zip/SAINC.zip
New Hampshire,1986,17499.7,17072,current USD millions,BEA_SAINC1,https://apps.bea.gov/regional/zip/SAINC.zip
New Hampshire,1987,19284.8,18292,current USD millions,BEA_SAINC1,https://apps.bea.gov/regional/zip/SAINC.zip
New Hampshire,1988,21307.5,19682,current USD millions,BEA_SAINC1,https://apps.bea.gov/regional/zip/SAINC.zip
New Hampshire,1989,22825.3,20665,current USD millions,BEA_SAINC1,https://apps.bea.gov/regional/zip/SAINC.zip
New Hampshire,1990,23005.0,20681,current USD millions,BEA_SAINC1,https://apps.bea.gov/regional/zip/SAINC.zip
New Hampshire,1991,23818.2,21459,current USD millions,BEA_SAINC1,https://apps.bea.gov/regional/zip/SAINC.zip
New Hampshire,1992,24951.9,22323,current USD millions,BEA_SAINC1,https://apps.bea.gov/regional/zip/SAINC.zip
New Hampshire,1993,25765.2,22812,current USD millions,BEA_SAINC1,https://apps.bea.gov/regional/zip/SAINC.zip
New Hampshire,1994,27503.1,24071,current USD millions,BEA_SAINC1,https://apps.bea.gov/regional/zip/SAINC.zip
New Hampshire,1995,29176.0,25205,current USD millions,BEA_SAINC1,https://apps.bea.gov/regional/zip/SAINC.zip
New Hampshire,1996,30892.6,26298,current USD millions,BEA_SAINC1,https://apps.bea.gov/regional/zip/SAINC.zip
New Hampshire,1997,33286.1,27985,current USD millions,BEA_SAINC1,https://apps.bea.gov/regional/zip/SAINC.zip
New Hampshire,1998,36597.5,30348,current USD millions,BEA_SAINC1,https://apps.bea.gov/regional/zip/SAINC.zip
New Hampshire,1999,38930.2,31857,current USD millions,BEA_SAINC1,https://apps.bea.gov/regional/zip/SAINC.zip
New Hampshire,2000,43796.1,35323,current USD millions,BEA_SAINC1,https://apps.bea.gov/regional/zip/SAINC.zip
New Hampshire,2001,46179.9,36782,current USD millions,BEA_SAINC1,https://apps.bea.gov/regional/zip/SAINC.zip
New Hampshire,2002,46972.3,37013,current USD millions,BEA_SAINC1,https://apps.bea.gov/regional/zip/SAINC.zip
New Hampshire,2003,47833.0,37374,current USD millions,BEA_SAINC1,https://apps.bea.gov/regional/zip/SAINC.zip
New Hampshire,2004,50733.0,39324,current USD millions,BEA_SAINC1,https://apps.bea.gov/regional/zip/SAINC.zip
New Hampshire,2005,52464.3,40404,current USD millions,BEA_SAINC1,https://apps.bea.gov/regional/zip/SAINC.zip
New Hampshire,2006,56084.9,42866,current USD millions,BEA_SAINC1,https://apps.bea.gov/regional/zip/SAINC.zip
New Hampshire,2007,58305.5,44422,current USD millions,BEA_SAINC1,https://apps.bea.gov/regional/zip/SAINC.zip
New Hampshire,2008,60153.8,45713,current USD millions,BEA_SAINC1,https://apps.bea.gov/regional/zip/SAINC.zip
New Hampshire,2009,59381.5,45119,current USD millions,BEA_SAINC1,https://apps.bea.gov/regional/zip/SAINC.zip
New Hampshire,2010,61880.9,46982,current USD millions,BEA_SAINC1,https://apps.bea.gov/regional/zip/SAINC.zip
New Hampshire,2011,64888.9,49086,current USD millions,BEA_SAINC1,https://apps.bea.gov/regional/zip/SAINC.zip
New Hampshire,2012,67318.1,50715,current USD millions,BEA_SAINC1,https://apps.bea.gov/regional/zip/SAINC.zip
New Hampshire,2013,67121.8,50423,current USD millions,BEA_SAINC1,https://apps.bea.gov/regional/zip/SAINC.zip
New Hampshire,2014,69630.5,51988,current USD millions,BEA_SAINC1,https://apps.bea.gov/regional/zip/SAINC.zip
New Hampshire,2015,72779.6,54161,current USD millions,BEA_SAINC1,https://apps.bea.gov/regional/zip/SAINC.zip
New Hampshire,2016,75229.0,55677,current USD millions,BEA_SAINC1,https://apps.bea.gov/regional/zip/SAINC.zip
New Hampshire,2017,78661.0,57878,current USD millions,BEA_SAINC1,https://apps.bea.gov/regional/zip/SAINC.zip
New Hampshire,2018,82353.7,60335,current USD millions,BEA_SAINC1,https://apps.bea.gov/regional/zip/SAINC.zip
New Hampshire,2019,87724.1,63946,current USD millions,BEA_SAINC1,https://apps.bea.gov/regional/zip/SAINC.zip
New Hampshire,2020,93153.8,67564,current USD millions,BEA_SAINC1,https://apps.bea.gov/regional/zip/SAINC.zip
New Hampshire,2021,102663.3,73970,current USD millions,BEA_SAINC1,https://apps.bea.gov/regional/zip/SAINC.zip
New Hampshire,2022,105210.8,75331,current USD millions,BEA_SAINC1,https://apps.bea.gov/regional/zip/SAINC.zip
New Hampshire,2023,111148.6,79305,current USD millions,BEA_SAINC1,https://apps.bea.gov/regional/zip/SAINC.zip
New Hampshire,2024,117220.3,83222,current USD millions,BEA_SAINC1,https://apps.bea.gov/regional/zip/SAINC.zip
New Hampshire,2025,123076.5,86959,current USD millions,BEA_SAINC1,https://apps.bea.gov/regional/zip/SAINC.zip
New Jersey,1929,3673.7,921,current USD millions,BEA_SAINC1,https://apps.bea.gov/regional/zip/SAINC.zip
New Jersey,1930,3461.9,851,current USD millions,BEA_SAINC1,https://apps.bea.gov/regional/zip/SAINC.zip
New Jersey,1931,3054.6,741,current USD millions,BEA_SAINC1,https://apps.bea.gov/regional/zip/SAINC.zip
New Jersey,1932,2443.2,593,current USD millions,BEA_SAINC1,https://apps.bea.gov/regional/zip/SAINC.zip
New Jersey,1933,2171.3,529,current USD millions,BEA_SAINC1,https://apps.bea.gov/regional/zip/SAINC.zip
New Jersey,1934,2363.9,578,current USD millions,BEA_SAINC1,https://apps.bea.gov/regional/zip/SAINC.zip
New Jersey,1935,2578.6,631,current USD millions,BEA_SAINC1,https://apps.bea.gov/regional/zip/SAINC.zip
New Jersey,1936,2920.2,715,current USD millions,BEA_SAINC1,https://apps.bea.gov/regional/zip/SAINC.zip
New Jersey,1937,3079.3,753,current USD millions,BEA_SAINC1,https://apps.bea.gov/regional/zip/SAINC.zip
New Jersey,1938,2888.0,704,current USD millions,BEA_SAINC1,https://apps.bea.gov/regional/zip/SAINC.zip
New Jersey,1939,3125.9,757,current USD millions,BEA_SAINC1,https://apps.bea.gov/regional/zip/SAINC.zip
New Jersey,1940,3463.8,830,current USD millions,BEA_SAINC1,https://apps.bea.gov/regional/zip/SAINC.zip
New Jersey,1941,4122.8,969,current USD millions,BEA_SAINC1,https://apps.bea.gov/regional/zip/SAINC.zip
New Jersey,1942,5112.0,1185,current USD millions,BEA_SAINC1,https://apps.bea.gov/regional/zip/SAINC.zip
New Jersey,1943,6116.9,1454,current USD millions,BEA_SAINC1,https://apps.bea.gov/regional/zip/SAINC.zip
New Jersey,1944,6572.8,1576,current USD millions,BEA_SAINC1,https://apps.bea.gov/regional/zip/SAINC.zip
New Jersey,1945,6632.3,1609,current USD millions,BEA_SAINC1,https://apps.bea.gov/regional/zip/SAINC.zip
New Jersey,1946,6971.3,1547,current USD millions,BEA_SAINC1,https://apps.bea.gov/regional/zip/SAINC.zip
New Jersey,1947,7352.3,1589,current USD millions,BEA_SAINC1,https://apps.bea.gov/regional/zip/SAINC.zip
New Jersey,1948,7960.2,1667,current USD millions,BEA_SAINC1,https://apps.bea.gov/regional/zip/SAINC.zip
New Jersey,1949,8014.2,1639,current USD millions,BEA_SAINC1,https://apps.bea.gov/regional/zip/SAINC.zip
New Jersey,1950,8866.3,1820,current USD millions,BEA_SAINC1,https://apps.bea.gov/regional/zip/SAINC.zip
New Jersey,1951,10131.7,2024,current USD millions,BEA_SAINC1,https://apps.bea.gov/regional/zip/SAINC.zip
New Jersey,1952,10985.8,2144,current USD millions,BEA_SAINC1,https://apps.bea.gov/regional/zip/SAINC.zip
New Jersey,1953,11828.8,2262,current USD millions,BEA_SAINC1,https://apps.bea.gov/regional/zip/SAINC.zip
New Jersey,1954,12040.2,2246,current USD millions,BEA_SAINC1,https://apps.bea.gov/regional/zip/SAINC.zip
New Jersey,1955,12773.2,2322,current USD millions,BEA_SAINC1,https://apps.bea.gov/regional/zip/SAINC.zip
New Jersey,1956,13863.5,2469,current USD millions,BEA_SAINC1,https://apps.bea.gov/regional/zip/SAINC.zip
New Jersey,1957,14771.6,2575,current USD millions,BEA_SAINC1,https://apps.bea.gov/regional/zip/SAINC.zip
New Jersey,1958,14608.8,2480,current USD millions,BEA_SAINC1,https://apps.bea.gov/regional/zip/SAINC.zip
New Jersey,1959,15708.1,2611,current USD millions,BEA_SAINC1,https://apps.bea.gov/regional/zip/SAINC.zip
New Jersey,1960,16552.9,2712,current USD millions,BEA_SAINC1,https://apps.bea.gov/regional/zip/SAINC.zip
New Jersey,1961,17395.7,2777,current USD millions,BEA_SAINC1,https://apps.bea.gov/regional/zip/SAINC.zip
New Jersey,1962,18718.6,2936,current USD millions,BEA_SAINC1,https://apps.bea.gov/regional/zip/SAINC.zip
New Jersey,1963,19646.8,3008,current USD millions,BEA_SAINC1,https://apps.bea.gov/regional/zip/SAINC.zip
New Jersey,1964,21063.7,3163,current USD millions,BEA_SAINC1,https://apps.bea.gov/regional/zip/SAINC.zip
New Jersey,1965,22629.1,3344,current USD millions,BEA_SAINC1,https://apps.bea.gov/regional/zip/SAINC.zip
New Jersey,1966,24502.9,3577,current USD millions,BEA_SAINC1,https://apps.bea.gov/regional/zip/SAINC.zip
New Jersey,1967,26394.0,3810,current USD millions,BEA_SAINC1,https://apps.bea.gov/regional/zip/SAINC.zip
New Jersey,1968,28967.0,4135,current USD millions,BEA_SAINC1,https://apps.bea.gov/regional/zip/SAINC.zip
New Jersey,1969,32504.2,4581,current USD millions,BEA_SAINC1,https://apps.bea.gov/regional/zip/SAINC.zip
New Jersey,1970,35294.5,4909,current USD millions,BEA_SAINC1,https://apps.bea.gov/regional/zip/SAINC.zip
New Jersey,1971,38078.1,5229,current USD millions,BEA_SAINC1,https://apps.bea.gov/regional/zip/SAINC.zip
New Jersey,1972,41394.9,5642,current USD millions,BEA_SAINC1,https://apps.bea.gov/regional/zip/SAINC.zip
New Jersey,1973,45063.2,6143,current USD millions,BEA_SAINC1,https://apps.bea.gov/regional/zip/SAINC.zip
New Jersey,1974,48945.2,6673,current USD millions,BEA_SAINC1,https://apps.bea.gov/regional/zip/SAINC.zip
New Jersey,1975,52877.7,7203,current USD millions,BEA_SAINC1,https://apps.bea.gov/regional/zip/SAINC.zip
New Jersey,1976,57408.9,7817,current USD millions,BEA_SAINC1,https://apps.bea.gov/regional/zip/SAINC.zip
New Jersey,1977,62802.1,8554,current USD millions,BEA_SAINC1,https://apps.bea.gov/regional/zip/SAINC.zip
New Jersey,1978,69699.1,9475,current USD millions,BEA_SAINC1,https://apps.bea.gov/regional/zip/SAINC.zip
New Jersey,1979,77369.0,10493,current USD millions,BEA_SAINC1,https://apps.bea.gov/regional/zip/SAINC.zip
New Jersey,1980,87084.5,11806,current USD millions,BEA_SAINC1,https://apps.bea.gov/regional/zip/SAINC.zip
New Jersey,1981,97168.4,13118,current USD millions,BEA_SAINC1,https://apps.bea.gov/regional/zip/SAINC.zip
New Jersey,1982,104981.0,14127,current USD millions,BEA_SAINC1,https://apps.bea.gov/regional/zip/SAINC.zip
New Jersey,1983,113460.8,15193,current USD millions,BEA_SAINC1,https://apps.bea.gov/regional/zip/SAINC.zip
New Jersey,1984,125385.4,16684,current USD millions,BEA_SAINC1,https://apps.bea.gov/regional/zip/SAINC.zip
New Jersey,1985,134484.9,17776,current USD millions,BEA_SAINC1,https://apps.bea.gov/regional/zip/SAINC.zip
New Jersey,1986,143990.7,18891,current USD millions,BEA_SAINC1,https://apps.bea.gov/regional/zip/SAINC.zip
New Jersey,1987,154710.5,20169,current USD millions,BEA_SAINC1,https://apps.bea.gov/regional/zip/SAINC.zip
New Jersey,1988,170480.9,22105,current USD millions,BEA_SAINC1,https://apps.bea.gov/regional/zip/SAINC.zip
New Jersey,1989,182884.1,23671,current USD millions,BEA_SAINC1,https://apps.bea.gov/regional/zip/SAINC.zip
New Jersey,1990,192170.9,24755,current USD millions,BEA_SAINC1,https://apps.bea.gov/regional/zip/SAINC.zip
New Jersey,1991,196169.7,25103,current USD millions,BEA_SAINC1,https://apps.bea.gov/regional/zip/SAINC.zip
New Jersey,1992,210398.5,26699,current USD millions,BEA_SAINC1,https://apps.bea.gov/regional/zip/SAINC.zip
New Jersey,1993,217404.1,27350,current USD millions,BEA_SAINC1,https://apps.bea.gov/regional/zip/SAINC.zip
New Jersey,1994,225066.9,28083,current USD millions,BEA_SAINC1,https://apps.bea.gov/regional/zip/SAINC.zip
New Jersey,1995,238901.9,29555,current USD millions,BEA_SAINC1,https://apps.bea.gov/regional/zip/SAINC.zip
New Jersey,1996,252630.7,30999,current USD millions,BEA_SAINC1,https://apps.bea.gov/regional/zip/SAINC.zip
New Jersey,1997,268793.4,32705,current USD millions,BEA_SAINC1,https://apps.bea.gov/regional/zip/SAINC.zip
New Jersey,1998,286580.2,34580,current USD millions,BEA_SAINC1,https://apps.bea.gov/regional/zip/SAINC.zip
New Jersey,1999,299723.8,35854,current USD millions,BEA_SAINC1,https://apps.bea.gov/regional/zip/SAINC.zip
New Jersey,2000,329591.8,39095,current USD millions,BEA_SAINC1,https://apps.bea.gov/regional/zip/SAINC.zip
New Jersey,2001,341308.9,40189,current USD millions,BEA_SAINC1,https://apps.bea.gov/regional/zip/SAINC.zip
New Jersey,2002,345988.7,40454,current USD millions,BEA_SAINC1,https://apps.bea.gov/regional/zip/SAINC.zip
New Jersey,2003,354097.7,41167,current USD millions,BEA_SAINC1,https://apps.bea.gov/regional/zip/SAINC.zip
New Jersey,2004,369770.9,42825,current USD millions,BEA_SAINC1,https://apps.bea.gov/regional/zip/SAINC.zip
New Jersey,2005,382749.3,44238,current USD millions,BEA_SAINC1,https://apps.bea.gov/regional/zip/SAINC.zip
New Jersey,2006,410264.9,47366,current USD millions,BEA_SAINC1,https://apps.bea.gov/regional/zip/SAINC.zip
New Jersey,2007,435048.7,50133,current USD millions,BEA_SAINC1,https://apps.bea.gov/regional/zip/SAINC.zip
New Jersey,2008,449545.4,51606,current USD millions,BEA_SAINC1,https://apps.bea.gov/regional/zip/SAINC.zip
New Jersey,2009,436271.4,49828,current USD millions,BEA_SAINC1,https://apps.bea.gov/regional/zip/SAINC.zip
New Jersey,2010,448931.1,50961,current USD millions,BEA_SAINC1,https://apps.bea.gov/regional/zip/SAINC.zip
New Jersey,2011,469252.9,52854,current USD millions,BEA_SAINC1,https://apps.bea.gov/regional/zip/SAINC.zip
New Jersey,2012,484600.0,54235,current USD millions,BEA_SAINC1,https://apps.bea.gov/regional/zip/SAINC.zip
New Jersey,2013,488591.3,54365,current USD millions,BEA_SAINC1,https://apps.bea.gov/regional/zip/SAINC.zip
New Jersey,2014,509357.6,56367,current USD millions,BEA_SAINC1,https://apps.bea.gov/regional/zip/SAINC.zip
New Jersey,2015,530303.1,58408,current USD millions,BEA_SAINC1,https://apps.bea.gov/regional/zip/SAINC.zip
New Jersey,2016,545301.7,59776,current USD millions,BEA_SAINC1,https://apps.bea.gov/regional/zip/SAINC.zip
New Jersey,2017,566237.1,61704,current USD millions,BEA_SAINC1,https://apps.bea.gov/regional/zip/SAINC.zip
New Jersey,2018,591910.4,64198,current USD millions,BEA_SAINC1,https://apps.bea.gov/regional/zip/SAINC.zip
New Jersey,2019,625170.3,67518,current USD millions,BEA_SAINC1,https://apps.bea.gov/regional/zip/SAINC.zip
New Jersey,2020,653214.2,70462,current USD millions,BEA_SAINC1,https://apps.bea.gov/regional/zip/SAINC.zip
New Jersey,2021,707402.6,76340,current USD millions,BEA_SAINC1,https://apps.bea.gov/regional/zip/SAINC.zip
New Jersey,2022,719848.2,77416,current USD millions,BEA_SAINC1,https://apps.bea.gov/regional/zip/SAINC.zip
New Jersey,2023,765228.3,81448,current USD millions,BEA_SAINC1,https://apps.bea.gov/regional/zip/SAINC.zip
New Jersey,2024,806558.7,84844,current USD millions,BEA_SAINC1,https://apps.bea.gov/regional/zip/SAINC.zip
New Jersey,2025,842372.2,88223,current USD millions,BEA_SAINC1,https://apps.bea.gov/regional/zip/SAINC.zip
New Mexico,1929,170.2,405,current USD millions,BEA_SAINC1,https://apps.bea.gov/regional/zip/SAINC.zip
New Mexico,1930,142.0,333,current USD millions,BEA_SAINC1,https://apps.bea.gov/regional/zip/SAINC.zip
New Mexico,1931,125.0,287,current USD millions,BEA_SAINC1,https://apps.bea.gov/regional/zip/SAINC.zip
New Mexico,1932,91.9,208,current USD millions,BEA_SAINC1,https://apps.bea.gov/regional/zip/SAINC.zip
New Mexico,1933,94.6,211,current USD millions,BEA_SAINC1,https://apps.bea.gov/regional/zip/SAINC.zip
New Mexico,1934,113.6,246,current USD millions,BEA_SAINC1,https://apps.bea.gov/regional/zip/SAINC.zip
New Mexico,1935,139.4,293,current USD millions,BEA_SAINC1,https://apps.bea.gov/regional/zip/SAINC.zip
New Mexico,1936,167.6,343,current USD millions,BEA_SAINC1,https://apps.bea.gov/regional/zip/SAINC.zip
New Mexico,1937,182.2,362,current USD millions,BEA_SAINC1,https://apps.bea.gov/regional/zip/SAINC.zip
New Mexico,1938,173.3,338,current USD millions,BEA_SAINC1,https://apps.bea.gov/regional/zip/SAINC.zip
New Mexico,1939,186.3,356,current USD millions,BEA_SAINC1,https://apps.bea.gov/regional/zip/SAINC.zip
New Mexico,1940,200.3,377,current USD millions,BEA_SAINC1,https://apps.bea.gov/regional/zip/SAINC.zip
New Mexico,1941,240.3,476,current USD millions,BEA_SAINC1,https://apps.bea.gov/regional/zip/SAINC.zip
New Mexico,1942,333.5,656,current USD millions,BEA_SAINC1,https://apps.bea.gov/regional/zip/SAINC.zip
New Mexico,1943,427.8,803,current USD millions,BEA_SAINC1,https://apps.bea.gov/regional/zip/SAINC.zip
New Mexico,1944,477.7,908,current USD millions,BEA_SAINC1,https://apps.bea.gov/regional/zip/SAINC.zip
New Mexico,1945,514.6,971,current USD millions,BEA_SAINC1,https://apps.bea.gov/regional/zip/SAINC.zip
New Mexico,1946,532.1,947,current USD millions,BEA_SAINC1,https://apps.bea.gov/regional/zip/SAINC.zip
New Mexico,1947,597.4,1026,current USD millions,BEA_SAINC1,https://apps.bea.gov/regional/zip/SAINC.zip
New Mexico,1948,697.9,1156,current USD millions,BEA_SAINC1,https://apps.bea.gov/regional/zip/SAINC.zip
New Mexico,1949,765.2,1188,current USD millions,BEA_SAINC1,https://apps.bea.gov/regional/zip/SAINC.zip
New Mexico,1950,868.1,1260,current USD millions,BEA_SAINC1,https://apps.bea.gov/regional/zip/SAINC.zip
New Mexico,1951,1010.9,1410,current USD millions,BEA_SAINC1,https://apps.bea.gov/regional/zip/SAINC.zip
New Mexico,1952,1107.0,1506,current USD millions,BEA_SAINC1,https://apps.bea.gov/regional/zip/SAINC.zip
New Mexico,1953,1161.0,1536,current USD millions,BEA_SAINC1,https://apps.bea.gov/regional/zip/SAINC.zip
New Mexico,1954,1188.0,1557,current USD millions,BEA_SAINC1,https://apps.bea.gov/regional/zip/SAINC.zip
New Mexico,1955,1288.2,1641,current USD millions,BEA_SAINC1,https://apps.bea.gov/regional/zip/SAINC.zip
New Mexico,1956,1390.1,1725,current USD millions,BEA_SAINC1,https://apps.bea.gov/regional/zip/SAINC.zip
New Mexico,1957,1559.8,1842,current USD millions,BEA_SAINC1,https://apps.bea.gov/regional/zip/SAINC.zip
New Mexico,1958,1729.5,1952,current USD millions,BEA_SAINC1,https://apps.bea.gov/regional/zip/SAINC.zip
New Mexico,1959,1858.6,2022,current USD millions,BEA_SAINC1,https://apps.bea.gov/regional/zip/SAINC.zip
New Mexico,1960,1911.5,2004,current USD millions,BEA_SAINC1,https://apps.bea.gov/regional/zip/SAINC.zip
New Mexico,1961,2000.3,2073,current USD millions,BEA_SAINC1,https://apps.bea.gov/regional/zip/SAINC.zip
New Mexico,1962,2079.0,2124,current USD millions,BEA_SAINC1,https://apps.bea.gov/regional/zip/SAINC.zip
New Mexico,1963,2150.3,2174,current USD millions,BEA_SAINC1,https://apps.bea.gov/regional/zip/SAINC.zip
New Mexico,1964,2273.3,2260,current USD millions,BEA_SAINC1,https://apps.bea.gov/regional/zip/SAINC.zip
New Mexico,1965,2412.1,2383,current USD millions,BEA_SAINC1,https://apps.bea.gov/regional/zip/SAINC.zip
New Mexico,1966,2534.7,2517,current USD millions,BEA_SAINC1,https://apps.bea.gov/regional/zip/SAINC.zip
New Mexico,1967,2620.0,2620,current USD millions,BEA_SAINC1,https://apps.bea.gov/regional/zip/SAINC.zip
New Mexico,1968,2836.9,2854,current USD millions,BEA_SAINC1,https://apps.bea.gov/regional/zip/SAINC.zip
New Mexico,1969,3143.7,3109,current USD millions,BEA_SAINC1,https://apps.bea.gov/regional/zip/SAINC.zip
New Mexico,1970,3499.8,3420,current USD millions,BEA_SAINC1,https://apps.bea.gov/regional/zip/SAINC.zip
New Mexico,1971,3872.4,3677,current USD millions,BEA_SAINC1,https://apps.bea.gov/regional/zip/SAINC.zip
New Mexico,1972,4353.3,4039,current USD millions,BEA_SAINC1,https://apps.bea.gov/regional/zip/SAINC.zip
New Mexico,1973,4881.8,4421,current USD millions,BEA_SAINC1,https://apps.bea.gov/regional/zip/SAINC.zip
New Mexico,1974,5487.3,4858,current USD millions,BEA_SAINC1,https://apps.bea.gov/regional/zip/SAINC.zip
New Mexico,1975,6267.9,5391,current USD millions,BEA_SAINC1,https://apps.bea.gov/regional/zip/SAINC.zip
New Mexico,1976,6987.4,5846,current USD millions,BEA_SAINC1,https://apps.bea.gov/regional/zip/SAINC.zip
New Mexico,1977,7819.8,6382,current USD millions,BEA_SAINC1,https://apps.bea.gov/regional/zip/SAINC.zip
New Mexico,1978,8947.8,7148,current USD millions,BEA_SAINC1,https://apps.bea.gov/regional/zip/SAINC.zip
New Mexico,1979,10087.3,7877,current USD millions,BEA_SAINC1,https://apps.bea.gov/regional/zip/SAINC.zip
New Mexico,1980,11324.7,8649,current USD millions,BEA_SAINC1,https://apps.bea.gov/regional/zip/SAINC.zip
New Mexico,1981,12789.8,9597,current USD millions,BEA_SAINC1,https://apps.bea.gov/regional/zip/SAINC.zip
New Mexico,1982,14010.6,10273,current USD millions,BEA_SAINC1,https://apps.bea.gov/regional/zip/SAINC.zip
New Mexico,1983,15086.7,10820,current USD millions,BEA_SAINC1,https://apps.bea.gov/regional/zip/SAINC.zip
New Mexico,1984,16451.1,11612,current USD millions,BEA_SAINC1,https://apps.bea.gov/regional/zip/SAINC.zip
New Mexico,1985,17812.0,12384,current USD millions,BEA_SAINC1,https://apps.bea.gov/regional/zip/SAINC.zip
New Mexico,1986,18512.0,12656,current USD millions,BEA_SAINC1,https://apps.bea.gov/regional/zip/SAINC.zip
New Mexico,1987,19235.8,13010,current USD millions,BEA_SAINC1,https://apps.bea.gov/regional/zip/SAINC.zip
New Mexico,1988,20380.1,13675,current USD millions,BEA_SAINC1,https://apps.bea.gov/regional/zip/SAINC.zip
New Mexico,1989,21827.3,14514,current USD millions,BEA_SAINC1,https://apps.bea.gov/regional/zip/SAINC.zip
New Mexico,1990,23292.2,15308,current USD millions,BEA_SAINC1,https://apps.bea.gov/regional/zip/SAINC.zip
New Mexico,1991,24953.5,16044,current USD millions,BEA_SAINC1,https://apps.bea.gov/regional/zip/SAINC.zip
New Mexico,1992,26778.3,16784,current USD millions,BEA_SAINC1,https://apps.bea.gov/regional/zip/SAINC.zip
New Mexico,1993,28793.3,17595,current USD millions,BEA_SAINC1,https://apps.bea.gov/regional/zip/SAINC.zip
New Mexico,1994,30728.2,18265,current USD millions,BEA_SAINC1,https://apps.bea.gov/regional/zip/SAINC.zip
New Mexico,1995,33016.9,19191,current USD millions,BEA_SAINC1,https://apps.bea.gov/regional/zip/SAINC.zip
New Mexico,1996,34664.7,19782,current USD millions,BEA_SAINC1,https://apps.bea.gov/regional/zip/SAINC.zip
New Mexico,1997,36399.5,20509,current USD millions,BEA_SAINC1,https://apps.bea.gov/regional/zip/SAINC.zip
New Mexico,1998,38233.1,21318,current USD millions,BEA_SAINC1,https://apps.bea.gov/regional/zip/SAINC.zip
New Mexico,1999,38915.1,21523,current USD millions,BEA_SAINC1,https://apps.bea.gov/regional/zip/SAINC.zip
New Mexico,2000,41922.3,23019,current USD millions,BEA_SAINC1,https://apps.bea.gov/regional/zip/SAINC.zip
New Mexico,2001,44958.8,24545,current USD millions,BEA_SAINC1,https://apps.bea.gov/regional/zip/SAINC.zip
New Mexico,2002,46821.7,25237,current USD millions,BEA_SAINC1,https://apps.bea.gov/regional/zip/SAINC.zip
New Mexico,2003,49019.7,26108,current USD millions,BEA_SAINC1,https://apps.bea.gov/regional/zip/SAINC.zip
New Mexico,2004,52099.7,27366,current USD millions,BEA_SAINC1,https://apps.bea.gov/regional/zip/SAINC.zip
New Mexico,2005,55540.8,28744,current USD millions,BEA_SAINC1,https://apps.bea.gov/regional/zip/SAINC.zip
New Mexico,2006,59713.7,30433,current USD millions,BEA_SAINC1,https://apps.bea.gov/regional/zip/SAINC.zip
New Mexico,2007,63243.6,31780,current USD millions,BEA_SAINC1,https://apps.bea.gov/regional/zip/SAINC.zip
New Mexico,2008,67462.4,33552,current USD millions,BEA_SAINC1,https://apps.bea.gov/regional/zip/SAINC.zip
New Mexico,2009,67011.8,32901,current USD millions,BEA_SAINC1,https://apps.bea.gov/regional/zip/SAINC.zip
New Mexico,2010,69499.8,33658,current USD millions,BEA_SAINC1,https://apps.bea.gov/regional/zip/SAINC.zip
New Mexico,2011,73017.7,35069,current USD millions,BEA_SAINC1,https://apps.bea.gov/regional/zip/SAINC.zip
New Mexico,2012,74610.8,35694,current USD millions,BEA_SAINC1,https://apps.bea.gov/regional/zip/SAINC.zip
New Mexico,2013,73079.8,34857,current USD millions,BEA_SAINC1,https://apps.bea.gov/regional/zip/SAINC.zip
New Mexico,2014,77266.0,36880,current USD millions,BEA_SAINC1,https://apps.bea.gov/regional/zip/SAINC.zip
New Mexico,2015,79130.8,37752,current USD millions,BEA_SAINC1,https://apps.bea.gov/regional/zip/SAINC.zip
New Mexico,2016,80782.3,38474,current USD millions,BEA_SAINC1,https://apps.bea.gov/regional/zip/SAINC.zip
New Mexico,2017,82354.1,39196,current USD millions,BEA_SAINC1,https://apps.bea.gov/regional/zip/SAINC.zip
New Mexico,2018,86179.5,40976,current USD millions,BEA_SAINC1,https://apps.bea.gov/regional/zip/SAINC.zip
New Mexico,2019,91208.9,43223,current USD millions,BEA_SAINC1,https://apps.bea.gov/regional/zip/SAINC.zip
New Mexico,2020,98634.3,46560,current USD millions,BEA_SAINC1,https://apps.bea.gov/regional/zip/SAINC.zip
New Mexico,2021,107674.3,50855,current USD millions,BEA_SAINC1,https://apps.bea.gov/regional/zip/SAINC.zip
New Mexico,2022,112280.3,53141,current USD millions,BEA_SAINC1,https://apps.bea.gov/regional/zip/SAINC.zip
New Mexico,2023,117634.3,55505,current USD millions,BEA_SAINC1,https://apps.bea.gov/regional/zip/SAINC.zip
New Mexico,2024,124086.2,58345,current USD millions,BEA_SAINC1,https://apps.bea.gov/regional/zip/SAINC.zip
New Mexico,2025,131026.8,61645,current USD millions,BEA_SAINC1,https://apps.bea.gov/regional/zip/SAINC.zip
New York,1929,14071.1,1156,current USD millions,BEA_SAINC1,https://apps.bea.gov/regional/zip/SAINC.zip
New York,1930,13171.9,1042,current USD millions,BEA_SAINC1,https://apps.bea.gov/regional/zip/SAINC.zip
New York,1931,11416.2,889,current USD millions,BEA_SAINC1,https://apps.bea.gov/regional/zip/SAINC.zip
New York,1932,8921.7,686,current USD millions,BEA_SAINC1,https://apps.bea.gov/regional/zip/SAINC.zip
New York,1933,8327.9,634,current USD millions,BEA_SAINC1,https://apps.bea.gov/regional/zip/SAINC.zip
New York,1934,9117.2,688,current USD millions,BEA_SAINC1,https://apps.bea.gov/regional/zip/SAINC.zip
New York,1935,9790.3,732,current USD millions,BEA_SAINC1,https://apps.bea.gov/regional/zip/SAINC.zip
New York,1936,11041.1,819,current USD millions,BEA_SAINC1,https://apps.bea.gov/regional/zip/SAINC.zip
New York,1937,11460.0,848,current USD millions,BEA_SAINC1,https://apps.bea.gov/regional/zip/SAINC.zip
New York,1938,10824.1,801,current USD millions,BEA_SAINC1,https://apps.bea.gov/regional/zip/SAINC.zip
New York,1939,11323.9,837,current USD millions,BEA_SAINC1,https://apps.bea.gov/regional/zip/SAINC.zip
New York,1940,11878.0,883,current USD millions,BEA_SAINC1,https://apps.bea.gov/regional/zip/SAINC.zip
New York,1941,13428.2,1012,current USD millions,BEA_SAINC1,https://apps.bea.gov/regional/zip/SAINC.zip
New York,1942,15491.6,1191,current USD millions,BEA_SAINC1,https://apps.bea.gov/regional/zip/SAINC.zip
New York,1943,18229.6,1416,current USD millions,BEA_SAINC1,https://apps.bea.gov/regional/zip/SAINC.zip
New York,1944,19900.8,1569,current USD millions,BEA_SAINC1,https://apps.bea.gov/regional/zip/SAINC.zip
New York,1945,21068.6,1681,current USD millions,BEA_SAINC1,https://apps.bea.gov/regional/zip/SAINC.zip
New York,1946,23170.9,1725,current USD millions,BEA_SAINC1,https://apps.bea.gov/regional/zip/SAINC.zip
New York,1947,24506.0,1751,current USD millions,BEA_SAINC1,https://apps.bea.gov/regional/zip/SAINC.zip
New York,1948,25850.8,1783,current USD millions,BEA_SAINC1,https://apps.bea.gov/regional/zip/SAINC.zip
New York,1949,25883.5,1738,current USD millions,BEA_SAINC1,https://apps.bea.gov/regional/zip/SAINC.zip
New York,1950,27767.5,1868,current USD millions,BEA_SAINC1,https://apps.bea.gov/regional/zip/SAINC.zip
New York,1951,30071.2,2020,current USD millions,BEA_SAINC1,https://apps.bea.gov/regional/zip/SAINC.zip
New York,1952,31529.0,2075,current USD millions,BEA_SAINC1,https://apps.bea.gov/regional/zip/SAINC.zip
New York,1953,33538.6,2160,current USD millions,BEA_SAINC1,https://apps.bea.gov/regional/zip/SAINC.zip
New York,1954,34640.5,2190,current USD millions,BEA_SAINC1,https://apps.bea.gov/regional/zip/SAINC.zip
New York,1955,36888.8,2310,current USD millions,BEA_SAINC1,https://apps.bea.gov/regional/zip/SAINC.zip
New York,1956,39190.9,2432,current USD millions,BEA_SAINC1,https://apps.bea.gov/regional/zip/SAINC.zip
New York,1957,41618.2,2542,current USD millions,BEA_SAINC1,https://apps.bea.gov/regional/zip/SAINC.zip
New York,1958,43296.7,2608,current USD millions,BEA_SAINC1,https://apps.bea.gov/regional/zip/SAINC.zip
New York,1959,45890.1,2750,current USD millions,BEA_SAINC1,https://apps.bea.gov/regional/zip/SAINC.zip
New York,1960,47939.4,2847,current USD millions,BEA_SAINC1,https://apps.bea.gov/regional/zip/SAINC.zip
New York,1961,50098.4,2936,current USD millions,BEA_SAINC1,https://apps.bea.gov/regional/zip/SAINC.zip
New York,1962,52853.4,3055,current USD millions,BEA_SAINC1,https://apps.bea.gov/regional/zip/SAINC.zip
New York,1963,55173.7,3160,current USD millions,BEA_SAINC1,https://apps.bea.gov/regional/zip/SAINC.zip
New York,1964,58939.4,3351,current USD millions,BEA_SAINC1,https://apps.bea.gov/regional/zip/SAINC.zip
New York,1965,62624.5,3531,current USD millions,BEA_SAINC1,https://apps.bea.gov/regional/zip/SAINC.zip
New York,1966,67240.3,3768,current USD millions,BEA_SAINC1,https://apps.bea.gov/regional/zip/SAINC.zip
New York,1967,72537.9,4044,current USD millions,BEA_SAINC1,https://apps.bea.gov/regional/zip/SAINC.zip
New York,1968,80061.8,4435,current USD millions,BEA_SAINC1,https://apps.bea.gov/regional/zip/SAINC.zip
New York,1969,83626.3,4619,current USD millions,BEA_SAINC1,https://apps.bea.gov/regional/zip/SAINC.zip
New York,1970,89895.4,4920,current USD millions,BEA_SAINC1,https://apps.bea.gov/regional/zip/SAINC.zip
New York,1971,96121.0,5234,current USD millions,BEA_SAINC1,https://apps.bea.gov/regional/zip/SAINC.zip
New York,1972,102833.6,5603,current USD millions,BEA_SAINC1,https://apps.bea.gov/regional/zip/SAINC.zip
New York,1973,109571.7,6022,current USD millions,BEA_SAINC1,https://apps.bea.gov/regional/zip/SAINC.zip
New York,1974,118064.6,6533,current USD millions,BEA_SAINC1,https://apps.bea.gov/regional/zip/SAINC.zip
New York,1975,127413.9,7066,current USD millions,BEA_SAINC1,https://apps.bea.gov/regional/zip/SAINC.zip
New York,1976,134980.8,7510,current USD millions,BEA_SAINC1,https://apps.bea.gov/regional/zip/SAINC.zip
New York,1977,145640.4,8158,current USD millions,BEA_SAINC1,https://apps.bea.gov/regional/zip/SAINC.zip
New York,1978,158583.7,8949,current USD millions,BEA_SAINC1,https://apps.bea.gov/regional/zip/SAINC.zip
New York,1979,173371.7,9832,current USD millions,BEA_SAINC1,https://apps.bea.gov/regional/zip/SAINC.zip
New York,1980,193336.3,11006,current USD millions,BEA_SAINC1,https://apps.bea.gov/regional/zip/SAINC.zip
New York,1981,215436.6,12263,current USD millions,BEA_SAINC1,https://apps.bea.gov/regional/zip/SAINC.zip
New York,1982,234154.7,13312,current USD millions,BEA_SAINC1,https://apps.bea.gov/regional/zip/SAINC.zip
New York,1983,252718.7,14288,current USD millions,BEA_SAINC1,https://apps.bea.gov/regional/zip/SAINC.zip
New York,1984,279066.4,15726,current USD millions,BEA_SAINC1,https://apps.bea.gov/regional/zip/SAINC.zip
New York,1985,298925.0,16801,current USD millions,BEA_SAINC1,https://apps.bea.gov/regional/zip/SAINC.zip
New York,1986,319273.0,17903,current USD millions,BEA_SAINC1,https://apps.bea.gov/regional/zip/SAINC.zip
New York,1987,339348.1,18991,current USD millions,BEA_SAINC1,https://apps.bea.gov/regional/zip/SAINC.zip
New York,1988,373424.0,20814,current USD millions,BEA_SAINC1,https://apps.bea.gov/regional/zip/SAINC.zip
New York,1989,403530.1,22439,current USD millions,BEA_SAINC1,https://apps.bea.gov/regional/zip/SAINC.zip
New York,1990,432353.7,23992,current USD millions,BEA_SAINC1,https://apps.bea.gov/regional/zip/SAINC.zip
New York,1991,433087.8,23898,current USD millions,BEA_SAINC1,https://apps.bea.gov/regional/zip/SAINC.zip
New York,1992,457070.9,25050,current USD millions,BEA_SAINC1,https://apps.bea.gov/regional/zip/SAINC.zip
New York,1993,469679.1,25561,current USD millions,BEA_SAINC1,https://apps.bea.gov/regional/zip/SAINC.zip
New York,1994,484265.8,26234,current USD millions,BEA_SAINC1,https://apps.bea.gov/regional/zip/SAINC.zip
New York,1995,510311.7,27549,current USD millions,BEA_SAINC1,https://apps.bea.gov/regional/zip/SAINC.zip
New York,1996,536942.3,28886,current USD millions,BEA_SAINC1,https://apps.bea.gov/regional/zip/SAINC.zip
New York,1997,567116.5,30398,current USD millions,BEA_SAINC1,https://apps.bea.gov/regional/zip/SAINC.zip
New York,1998,600087.2,31995,current USD millions,BEA_SAINC1,https://apps.bea.gov/regional/zip/SAINC.zip
New York,1999,635242.7,33641,current USD millions,BEA_SAINC1,https://apps.bea.gov/regional/zip/SAINC.zip
New York,2000,683214.3,35955,current USD millions,BEA_SAINC1,https://apps.bea.gov/regional/zip/SAINC.zip
New York,2001,709417.6,37176,current USD millions,BEA_SAINC1,https://apps.bea.gov/regional/zip/SAINC.zip
New York,2002,707561.1,36972,current USD millions,BEA_SAINC1,https://apps.bea.gov/regional/zip/SAINC.zip
New York,2003,717555.3,37420,current USD millions,BEA_SAINC1,https://apps.bea.gov/regional/zip/SAINC.zip
New York,2004,749469.3,39093,current USD millions,BEA_SAINC1,https://apps.bea.gov/regional/zip/SAINC.zip
New York,2005,777653.2,40645,current USD millions,BEA_SAINC1,https://apps.bea.gov/regional/zip/SAINC.zip
New York,2006,836022.6,43760,current USD millions,BEA_SAINC1,https://apps.bea.gov/regional/zip/SAINC.zip
New York,2007,899609.9,47020,current USD millions,BEA_SAINC1,https://apps.bea.gov/regional/zip/SAINC.zip
New York,2008,920456.5,47909,current USD millions,BEA_SAINC1,https://apps.bea.gov/regional/zip/SAINC.zip
New York,2009,906188.3,46936,current USD millions,BEA_SAINC1,https://apps.bea.gov/regional/zip/SAINC.zip
New York,2010,943392.7,48578,current USD millions,BEA_SAINC1,https://apps.bea.gov/regional/zip/SAINC.zip
New York,2011,995231.4,50772,current USD millions,BEA_SAINC1,https://apps.bea.gov/regional/zip/SAINC.zip
New York,2012,1039791.6,52625,current USD millions,BEA_SAINC1,https://apps.bea.gov/regional/zip/SAINC.zip
New York,2013,1051798.1,52874,current USD millions,BEA_SAINC1,https://apps.bea.gov/regional/zip/SAINC.zip
New York,2014,1090000.8,54496,current USD millions,BEA_SAINC1,https://apps.bea.gov/regional/zip/SAINC.zip
New York,2015,1137082.3,56608,current USD millions,BEA_SAINC1,https://apps.bea.gov/regional/zip/SAINC.zip
New York,2016,1176654.7,58400,current USD millions,BEA_SAINC1,https://apps.bea.gov/regional/zip/SAINC.zip
New York,2017,1255776.7,62206,current USD millions,BEA_SAINC1,https://apps.bea.gov/regional/zip/SAINC.zip
New York,2018,1298669.0,64229,current USD millions,BEA_SAINC1,https://apps.bea.gov/regional/zip/SAINC.zip
New York,2019,1343851.2,66460,current USD millions,BEA_SAINC1,https://apps.bea.gov/regional/zip/SAINC.zip
New York,2020,1415644.9,70352,current USD millions,BEA_SAINC1,https://apps.bea.gov/regional/zip/SAINC.zip
New York,2021,1515619.3,76410,current USD millions,BEA_SAINC1,https://apps.bea.gov/regional/zip/SAINC.zip
New York,2022,1526280.6,77425,current USD millions,BEA_SAINC1,https://apps.bea.gov/regional/zip/SAINC.zip
New York,2023,1617130.9,81729,current USD millions,BEA_SAINC1,https://apps.bea.gov/regional/zip/SAINC.zip
New York,2024,1699680.0,84978,current USD millions,BEA_SAINC1,https://apps.bea.gov/regional/zip/SAINC.zip
New York,2025,1777164.5,88847,current USD millions,BEA_SAINC1,https://apps.bea.gov/regional/zip/SAINC.zip
North Carolina,1929,1024.0,327,current USD millions,BEA_SAINC1,https://apps.bea.gov/regional/zip/SAINC.zip
North Carolina,1930,909.4,287,current USD millions,BEA_SAINC1,https://apps.bea.gov/regional/zip/SAINC.zip
North Carolina,1931,776.8,244,current USD millions,BEA_SAINC1,https://apps.bea.gov/regional/zip/SAINC.zip
North Carolina,1932,591.2,183,current USD millions,BEA_SAINC1,https://apps.bea.gov/regional/zip/SAINC.zip
North Carolina,1933,663.5,203,current USD millions,BEA_SAINC1,https://apps.bea.gov/regional/zip/SAINC.zip
North Carolina,1934,816.0,247,current USD millions,BEA_SAINC1,https://apps.bea.gov/regional/zip/SAINC.zip
North Carolina,1935,888.8,267,current USD millions,BEA_SAINC1,https://apps.bea.gov/regional/zip/SAINC.zip
North Carolina,1936,982.5,294,current USD millions,BEA_SAINC1,https://apps.bea.gov/regional/zip/SAINC.zip
North Carolina,1937,1086.2,321,current USD millions,BEA_SAINC1,https://apps.bea.gov/regional/zip/SAINC.zip
North Carolina,1938,1001.2,291,current USD millions,BEA_SAINC1,https://apps.bea.gov/regional/zip/SAINC.zip
North Carolina,1939,1096.6,312,current USD millions,BEA_SAINC1,https://apps.bea.gov/regional/zip/SAINC.zip
North Carolina,1940,1154.5,323,current USD millions,BEA_SAINC1,https://apps.bea.gov/regional/zip/SAINC.zip
North Carolina,1941,1545.2,430,current USD millions,BEA_SAINC1,https://apps.bea.gov/regional/zip/SAINC.zip
North Carolina,1942,2111.4,588,current USD millions,BEA_SAINC1,https://apps.bea.gov/regional/zip/SAINC.zip
North Carolina,1943,2597.7,713,current USD millions,BEA_SAINC1,https://apps.bea.gov/regional/zip/SAINC.zip
North Carolina,1944,2826.6,778,current USD millions,BEA_SAINC1,https://apps.bea.gov/regional/zip/SAINC.zip
North Carolina,1945,2941.9,835,current USD millions,BEA_SAINC1,https://apps.bea.gov/regional/zip/SAINC.zip
North Carolina,1946,3262.1,875,current USD millions,BEA_SAINC1,https://apps.bea.gov/regional/zip/SAINC.zip
North Carolina,1947,3414.3,905,current USD millions,BEA_SAINC1,https://apps.bea.gov/regional/zip/SAINC.zip
North Carolina,1948,3868.1,1008,current USD millions,BEA_SAINC1,https://apps.bea.gov/regional/zip/SAINC.zip
North Carolina,1949,3826.1,978,current USD millions,BEA_SAINC1,https://apps.bea.gov/regional/zip/SAINC.zip
North Carolina,1950,4453.0,1095,current USD millions,BEA_SAINC1,https://apps.bea.gov/regional/zip/SAINC.zip
North Carolina,1951,5012.6,1217,current USD millions,BEA_SAINC1,https://apps.bea.gov/regional/zip/SAINC.zip
North Carolina,1952,5162.4,1256,current USD millions,BEA_SAINC1,https://apps.bea.gov/regional/zip/SAINC.zip
North Carolina,1953,5371.5,1304,current USD millions,BEA_SAINC1,https://apps.bea.gov/regional/zip/SAINC.zip
North Carolina,1954,5493.1,1330,current USD millions,BEA_SAINC1,https://apps.bea.gov/regional/zip/SAINC.zip
North Carolina,1955,5953.8,1404,current USD millions,BEA_SAINC1,https://apps.bea.gov/regional/zip/SAINC.zip
North Carolina,1956,6345.5,1473,current USD millions,BEA_SAINC1,https://apps.bea.gov/regional/zip/SAINC.zip
North Carolina,1957,6387.0,1462,current USD millions,BEA_SAINC1,https://apps.bea.gov/regional/zip/SAINC.zip
North Carolina,1958,6738.3,1540,current USD millions,BEA_SAINC1,https://apps.bea.gov/regional/zip/SAINC.zip
North Carolina,1959,7217.1,1619,current USD millions,BEA_SAINC1,https://apps.bea.gov/regional/zip/SAINC.zip
North Carolina,1960,7617.6,1666,current USD millions,BEA_SAINC1,https://apps.bea.gov/regional/zip/SAINC.zip
North Carolina,1961,8064.4,1729,current USD millions,BEA_SAINC1,https://apps.bea.gov/regional/zip/SAINC.zip
North Carolina,1962,8661.2,1840,current USD millions,BEA_SAINC1,https://apps.bea.gov/regional/zip/SAINC.zip
North Carolina,1963,9109.7,1921,current USD millions,BEA_SAINC1,https://apps.bea.gov/regional/zip/SAINC.zip
North Carolina,1964,9868.3,2055,current USD millions,BEA_SAINC1,https://apps.bea.gov/regional/zip/SAINC.zip
North Carolina,1965,10671.1,2194,current USD millions,BEA_SAINC1,https://apps.bea.gov/regional/zip/SAINC.zip
North Carolina,1966,11855.1,2421,current USD millions,BEA_SAINC1,https://apps.bea.gov/regional/zip/SAINC.zip
North Carolina,1967,12817.2,2588,current USD millions,BEA_SAINC1,https://apps.bea.gov/regional/zip/SAINC.zip
North Carolina,1968,14135.7,2825,current USD millions,BEA_SAINC1,https://apps.bea.gov/regional/zip/SAINC.zip
North Carolina,1969,15858.1,3152,current USD millions,BEA_SAINC1,https://apps.bea.gov/regional/zip/SAINC.zip
North Carolina,1970,17320.4,3397,current USD millions,BEA_SAINC1,https://apps.bea.gov/regional/zip/SAINC.zip
North Carolina,1971,18856.8,3626,current USD millions,BEA_SAINC1,https://apps.bea.gov/regional/zip/SAINC.zip
North Carolina,1972,21319.0,4025,current USD millions,BEA_SAINC1,https://apps.bea.gov/regional/zip/SAINC.zip
North Carolina,1973,24174.5,4491,current USD millions,BEA_SAINC1,https://apps.bea.gov/regional/zip/SAINC.zip
North Carolina,1974,26653.9,4881,current USD millions,BEA_SAINC1,https://apps.bea.gov/regional/zip/SAINC.zip
North Carolina,1975,28942.8,5229,current USD millions,BEA_SAINC1,https://apps.bea.gov/regional/zip/SAINC.zip
North Carolina,1976,32132.3,5745,current USD millions,BEA_SAINC1,https://apps.bea.gov/regional/zip/SAINC.zip
North Carolina,1977,35208.1,6211,current USD millions,BEA_SAINC1,https://apps.bea.gov/regional/zip/SAINC.zip
North Carolina,1978,39736.2,6922,current USD millions,BEA_SAINC1,https://apps.bea.gov/regional/zip/SAINC.zip
North Carolina,1979,43906.8,7568,current USD millions,BEA_SAINC1,https://apps.bea.gov/regional/zip/SAINC.zip
North Carolina,1980,49256.2,8350,current USD millions,BEA_SAINC1,https://apps.bea.gov/regional/zip/SAINC.zip
North Carolina,1981,55448.4,9309,current USD millions,BEA_SAINC1,https://apps.bea.gov/regional/zip/SAINC.zip
North Carolina,1982,59374.7,9864,current USD millions,BEA_SAINC1,https://apps.bea.gov/regional/zip/SAINC.zip
North Carolina,1983,64651.8,10639,current USD millions,BEA_SAINC1,https://apps.bea.gov/regional/zip/SAINC.zip
North Carolina,1984,73042.5,11850,current USD millions,BEA_SAINC1,https://apps.bea.gov/regional/zip/SAINC.zip
North Carolina,1985,78975.6,12628,current USD millions,BEA_SAINC1,https://apps.bea.gov/regional/zip/SAINC.zip
North Carolina,1986,85149.3,13470,current USD millions,BEA_SAINC1,https://apps.bea.gov/regional/zip/SAINC.zip
North Carolina,1987,91578.6,14301,current USD millions,BEA_SAINC1,https://apps.bea.gov/regional/zip/SAINC.zip
North Carolina,1988,100512.0,15510,current USD millions,BEA_SAINC1,https://apps.bea.gov/regional/zip/SAINC.zip
North Carolina,1989,109591.5,16692,current USD millions,BEA_SAINC1,https://apps.bea.gov/regional/zip/SAINC.zip
North Carolina,1990,116495.2,17481,current USD millions,BEA_SAINC1,https://apps.bea.gov/regional/zip/SAINC.zip
North Carolina,1991,121968.5,17978,current USD millions,BEA_SAINC1,https://apps.bea.gov/regional/zip/SAINC.zip
North Carolina,1992,132578.4,19222,current USD millions,BEA_SAINC1,https://apps.bea.gov/regional/zip/SAINC.zip
North Carolina,1993,141327.2,20067,current USD millions,BEA_SAINC1,https://apps.bea.gov/regional/zip/SAINC.zip
North Carolina,1994,150419.5,20928,current USD millions,BEA_SAINC1,https://apps.bea.gov/regional/zip/SAINC.zip
North Carolina,1995,161278.5,21959,current USD millions,BEA_SAINC1,https://apps.bea.gov/regional/zip/SAINC.zip
North Carolina,1996,172515.8,23000,current USD millions,BEA_SAINC1,https://apps.bea.gov/regional/zip/SAINC.zip
North Carolina,1997,185209.4,24189,current USD millions,BEA_SAINC1,https://apps.bea.gov/regional/zip/SAINC.zip
North Carolina,1998,198232.0,25385,current USD millions,BEA_SAINC1,https://apps.bea.gov/regional/zip/SAINC.zip
North Carolina,1999,207943.0,26158,current USD millions,BEA_SAINC1,https://apps.bea.gov/regional/zip/SAINC.zip
North Carolina,2000,221516.2,27410,current USD millions,BEA_SAINC1,https://apps.bea.gov/regional/zip/SAINC.zip
North Carolina,2001,228090.9,27782,current USD millions,BEA_SAINC1,https://apps.bea.gov/regional/zip/SAINC.zip
North Carolina,2002,231930.9,27856,current USD millions,BEA_SAINC1,https://apps.bea.gov/regional/zip/SAINC.zip
North Carolina,2003,241805.1,28709,current USD millions,BEA_SAINC1,https://apps.bea.gov/regional/zip/SAINC.zip
North Carolina,2004,261603.4,30586,current USD millions,BEA_SAINC1,https://apps.bea.gov/regional/zip/SAINC.zip
North Carolina,2005,280391.8,32209,current USD millions,BEA_SAINC1,https://apps.bea.gov/regional/zip/SAINC.zip
North Carolina,2006,304872.7,34189,current USD millions,BEA_SAINC1,https://apps.bea.gov/regional/zip/SAINC.zip
North Carolina,2007,327886.5,35960,current USD millions,BEA_SAINC1,https://apps.bea.gov/regional/zip/SAINC.zip
North Carolina,2008,351637.5,37772,current USD millions,BEA_SAINC1,https://apps.bea.gov/regional/zip/SAINC.zip
North Carolina,2009,339441.5,35921,current USD millions,BEA_SAINC1,https://apps.bea.gov/regional/zip/SAINC.zip
North Carolina,2010,343104.3,35848,current USD millions,BEA_SAINC1,https://apps.bea.gov/regional/zip/SAINC.zip
North Carolina,2011,355001.6,36822,current USD millions,BEA_SAINC1,https://apps.bea.gov/regional/zip/SAINC.zip
North Carolina,2012,377867.2,38876,current USD millions,BEA_SAINC1,https://apps.bea.gov/regional/zip/SAINC.zip
North Carolina,2013,373140.6,38074,current USD millions,BEA_SAINC1,https://apps.bea.gov/regional/zip/SAINC.zip
North Carolina,2014,393886.1,39880,current USD millions,BEA_SAINC1,https://apps.bea.gov/regional/zip/SAINC.zip
North Carolina,2015,414760.4,41632,current USD millions,BEA_SAINC1,https://apps.bea.gov/regional/zip/SAINC.zip
North Carolina,2016,429054.9,42596,current USD millions,BEA_SAINC1,https://apps.bea.gov/regional/zip/SAINC.zip
North Carolina,2017,449817.7,44219,current USD millions,BEA_SAINC1,https://apps.bea.gov/regional/zip/SAINC.zip
North Carolina,2018,473093.3,46048,current USD millions,BEA_SAINC1,https://apps.bea.gov/regional/zip/SAINC.zip
North Carolina,2019,501618.1,48374,current USD millions,BEA_SAINC1,https://apps.bea.gov/regional/zip/SAINC.zip
North Carolina,2020,541462.5,51814,current USD millions,BEA_SAINC1,https://apps.bea.gov/regional/zip/SAINC.zip
North Carolina,2021,604630.7,57227,current USD millions,BEA_SAINC1,https://apps.bea.gov/regional/zip/SAINC.zip
North Carolina,2022,632926.5,59120,current USD millions,BEA_SAINC1,https://apps.bea.gov/regional/zip/SAINC.zip
North Carolina,2023,677170.4,62287,current USD millions,BEA_SAINC1,https://apps.bea.gov/regional/zip/SAINC.zip
North Carolina,2024,724994.6,65598,current USD millions,BEA_SAINC1,https://apps.bea.gov/regional/zip/SAINC.zip
North Carolina,2025,767182.6,68511,current USD millions,BEA_SAINC1,https://apps.bea.gov/regional/zip/SAINC.zip
North Dakota,1929,254.0,377,current USD millions,BEA_SAINC1,https://apps.bea.gov/regional/zip/SAINC.zip
North Dakota,1930,210.1,308,current USD millions,BEA_SAINC1,https://apps.bea.gov/regional/zip/SAINC.zip
North Dakota,1931,132.3,195,current USD millions,BEA_SAINC1,https://apps.bea.gov/regional/zip/SAINC.zip
North Dakota,1932,120.3,178,current USD millions,BEA_SAINC1,https://apps.bea.gov/regional/zip/SAINC.zip
North Dakota,1933,101.7,151,current USD millions,BEA_SAINC1,https://apps.bea.gov/regional/zip/SAINC.zip
North Dakota,1934,123.9,184,current USD millions,BEA_SAINC1,https://apps.bea.gov/regional/zip/SAINC.zip
North Dakota,1935,181.3,271,current USD millions,BEA_SAINC1,https://apps.bea.gov/regional/zip/SAINC.zip
North Dakota,1936,158.0,238,current USD millions,BEA_SAINC1,https://apps.bea.gov/regional/zip/SAINC.zip
North Dakota,1937,212.2,324,current USD millions,BEA_SAINC1,https://apps.bea.gov/regional/zip/SAINC.zip
North Dakota,1938,182.6,282,current USD millions,BEA_SAINC1,https://apps.bea.gov/regional/zip/SAINC.zip
North Dakota,1939,203.7,316,current USD millions,BEA_SAINC1,https://apps.bea.gov/regional/zip/SAINC.zip
North Dakota,1940,225.0,352,current USD millions,BEA_SAINC1,https://apps.bea.gov/regional/zip/SAINC.zip
North Dakota,1941,320.4,521,current USD millions,BEA_SAINC1,https://apps.bea.gov/regional/zip/SAINC.zip
North Dakota,1942,383.8,658,current USD millions,BEA_SAINC1,https://apps.bea.gov/regional/zip/SAINC.zip
North Dakota,1943,523.7,959,current USD millions,BEA_SAINC1,https://apps.bea.gov/regional/zip/SAINC.zip
North Dakota,1944,544.8,1020,current USD millions,BEA_SAINC1,https://apps.bea.gov/regional/zip/SAINC.zip
North Dakota,1945,563.9,1037,current USD millions,BEA_SAINC1,https://apps.bea.gov/regional/zip/SAINC.zip
North Dakota,1946,615.1,1079,current USD millions,BEA_SAINC1,https://apps.bea.gov/regional/zip/SAINC.zip
North Dakota,1947,847.7,1467,current USD millions,BEA_SAINC1,https://apps.bea.gov/regional/zip/SAINC.zip
North Dakota,1948,847.7,1462,current USD millions,BEA_SAINC1,https://apps.bea.gov/regional/zip/SAINC.zip
North Dakota,1949,734.7,1231,current USD millions,BEA_SAINC1,https://apps.bea.gov/regional/zip/SAINC.zip
North Dakota,1950,859.4,1388,current USD millions,BEA_SAINC1,https://apps.bea.gov/regional/zip/SAINC.zip
North Dakota,1951,894.2,1480,current USD millions,BEA_SAINC1,https://apps.bea.gov/regional/zip/SAINC.zip
North Dakota,1952,821.3,1351,current USD millions,BEA_SAINC1,https://apps.bea.gov/regional/zip/SAINC.zip
North Dakota,1953,835.6,1372,current USD millions,BEA_SAINC1,https://apps.bea.gov/regional/zip/SAINC.zip
North Dakota,1954,859.6,1407,current USD millions,BEA_SAINC1,https://apps.bea.gov/regional/zip/SAINC.zip
North Dakota,1955,949.3,1544,current USD millions,BEA_SAINC1,https://apps.bea.gov/regional/zip/SAINC.zip
North Dakota,1956,989.9,1615,current USD millions,BEA_SAINC1,https://apps.bea.gov/regional/zip/SAINC.zip
North Dakota,1957,1017.4,1662,current USD millions,BEA_SAINC1,https://apps.bea.gov/regional/zip/SAINC.zip
North Dakota,1958,1170.4,1931,current USD millions,BEA_SAINC1,https://apps.bea.gov/regional/zip/SAINC.zip
North Dakota,1959,1085.6,1757,current USD millions,BEA_SAINC1,https://apps.bea.gov/regional/zip/SAINC.zip
North Dakota,1960,1210.3,1909,current USD millions,BEA_SAINC1,https://apps.bea.gov/regional/zip/SAINC.zip
North Dakota,1961,1109.2,1730,current USD millions,BEA_SAINC1,https://apps.bea.gov/regional/zip/SAINC.zip
North Dakota,1962,1554.9,2441,current USD millions,BEA_SAINC1,https://apps.bea.gov/regional/zip/SAINC.zip
North Dakota,1963,1448.2,2249,current USD millions,BEA_SAINC1,https://apps.bea.gov/regional/zip/SAINC.zip
North Dakota,1964,1440.7,2220,current USD millions,BEA_SAINC1,https://apps.bea.gov/regional/zip/SAINC.zip
North Dakota,1965,1677.2,2584,current USD millions,BEA_SAINC1,https://apps.bea.gov/regional/zip/SAINC.zip
North Dakota,1966,1697.1,2623,current USD millions,BEA_SAINC1,https://apps.bea.gov/regional/zip/SAINC.zip
North Dakota,1967,1699.1,2714,current USD millions,BEA_SAINC1,https://apps.bea.gov/regional/zip/SAINC.zip
North Dakota,1968,1778.3,2864,current USD millions,BEA_SAINC1,https://apps.bea.gov/regional/zip/SAINC.zip
North Dakota,1969,1990.6,3205,current USD millions,BEA_SAINC1,https://apps.bea.gov/regional/zip/SAINC.zip
North Dakota,1970,2102.4,3397,current USD millions,BEA_SAINC1,https://apps.bea.gov/regional/zip/SAINC.zip
North Dakota,1971,2424.2,3868,current USD millions,BEA_SAINC1,https://apps.bea.gov/regional/zip/SAINC.zip
North Dakota,1972,2887.4,4576,current USD millions,BEA_SAINC1,https://apps.bea.gov/regional/zip/SAINC.zip
North Dakota,1973,4036.8,6383,current USD millions,BEA_SAINC1,https://apps.bea.gov/regional/zip/SAINC.zip
North Dakota,1974,3998.2,6304,current USD millions,BEA_SAINC1,https://apps.bea.gov/regional/zip/SAINC.zip
North Dakota,1975,4181.5,6549,current USD millions,BEA_SAINC1,https://apps.bea.gov/regional/zip/SAINC.zip
North Dakota,1976,4101.9,6357,current USD millions,BEA_SAINC1,https://apps.bea.gov/regional/zip/SAINC.zip
North Dakota,1977,4261.1,6564,current USD millions,BEA_SAINC1,https://apps.bea.gov/regional/zip/SAINC.zip
North Dakota,1978,5357.9,8235,current USD millions,BEA_SAINC1,https://apps.bea.gov/regional/zip/SAINC.zip
North Dakota,1979,5507.8,8446,current USD millions,BEA_SAINC1,https://apps.bea.gov/regional/zip/SAINC.zip
North Dakota,1980,5274.0,8059,current USD millions,BEA_SAINC1,https://apps.bea.gov/regional/zip/SAINC.zip
North Dakota,1981,6904.3,10469,current USD millions,BEA_SAINC1,https://apps.bea.gov/regional/zip/SAINC.zip
North Dakota,1982,7454.9,11144,current USD millions,BEA_SAINC1,https://apps.bea.gov/regional/zip/SAINC.zip
North Dakota,1983,7838.2,11583,current USD millions,BEA_SAINC1,https://apps.bea.gov/regional/zip/SAINC.zip
North Dakota,1984,8456.5,12427,current USD millions,BEA_SAINC1,https://apps.bea.gov/regional/zip/SAINC.zip
North Dakota,1985,8743.0,12915,current USD millions,BEA_SAINC1,https://apps.bea.gov/regional/zip/SAINC.zip
North Dakota,1986,8871.0,13250,current USD millions,BEA_SAINC1,https://apps.bea.gov/regional/zip/SAINC.zip
North Dakota,1987,9105.9,13773,current USD millions,BEA_SAINC1,https://apps.bea.gov/regional/zip/SAINC.zip
North Dakota,1988,8460.8,12911,current USD millions,BEA_SAINC1,https://apps.bea.gov/regional/zip/SAINC.zip
North Dakota,1989,9472.8,14656,current USD millions,BEA_SAINC1,https://apps.bea.gov/regional/zip/SAINC.zip
North Dakota,1990,10256.3,16084,current USD millions,BEA_SAINC1,https://apps.bea.gov/regional/zip/SAINC.zip
North Dakota,1991,10401.9,16362,current USD millions,BEA_SAINC1,https://apps.bea.gov/regional/zip/SAINC.zip
North Dakota,1992,11385.0,17839,current USD millions,BEA_SAINC1,https://apps.bea.gov/regional/zip/SAINC.zip
North Dakota,1993,11536.4,17991,current USD millions,BEA_SAINC1,https://apps.bea.gov/regional/zip/SAINC.zip
North Dakota,1994,12531.7,19435,current USD millions,BEA_SAINC1,https://apps.bea.gov/regional/zip/SAINC.zip
North Dakota,1995,12552.3,19376,current USD millions,BEA_SAINC1,https://apps.bea.gov/regional/zip/SAINC.zip
North Dakota,1996,14037.6,21584,current USD millions,BEA_SAINC1,https://apps.bea.gov/regional/zip/SAINC.zip
North Dakota,1997,13770.1,21194,current USD millions,BEA_SAINC1,https://apps.bea.gov/regional/zip/SAINC.zip
North Dakota,1998,15078.7,23286,current USD millions,BEA_SAINC1,https://apps.bea.gov/regional/zip/SAINC.zip
North Dakota,1999,15257.9,23683,current USD millions,BEA_SAINC1,https://apps.bea.gov/regional/zip/SAINC.zip
North Dakota,2000,16591.1,25842,current USD millions,BEA_SAINC1,https://apps.bea.gov/regional/zip/SAINC.zip
North Dakota,2001,16930.7,26493,current USD millions,BEA_SAINC1,https://apps.bea.gov/regional/zip/SAINC.zip
North Dakota,2002,17356.1,27197,current USD millions,BEA_SAINC1,https://apps.bea.gov/regional/zip/SAINC.zip
North Dakota,2003,18949.5,29663,current USD millions,BEA_SAINC1,https://apps.bea.gov/regional/zip/SAINC.zip
North Dakota,2004,19330.9,29984,current USD millions,BEA_SAINC1,https://apps.bea.gov/regional/zip/SAINC.zip
North Dakota,2005,20501.4,31731,current USD millions,BEA_SAINC1,https://apps.bea.gov/regional/zip/SAINC.zip
North Dakota,2006,21508.5,33120,current USD millions,BEA_SAINC1,https://apps.bea.gov/regional/zip/SAINC.zip
North Dakota,2007,23828.8,36501,current USD millions,BEA_SAINC1,https://apps.bea.gov/regional/zip/SAINC.zip
North Dakota,2008,26942.6,40973,current USD millions,BEA_SAINC1,https://apps.bea.gov/regional/zip/SAINC.zip
North Dakota,2009,26722.1,40186,current USD millions,BEA_SAINC1,https://apps.bea.gov/regional/zip/SAINC.zip
North Dakota,2010,29758.8,44081,current USD millions,BEA_SAINC1,https://apps.bea.gov/regional/zip/SAINC.zip
North Dakota,2011,33588.0,48873,current USD millions,BEA_SAINC1,https://apps.bea.gov/regional/zip/SAINC.zip
North Dakota,2012,39538.6,56056,current USD millions,BEA_SAINC1,https://apps.bea.gov/regional/zip/SAINC.zip
North Dakota,2013,39538.7,54337,current USD millions,BEA_SAINC1,https://apps.bea.gov/regional/zip/SAINC.zip
North Dakota,2014,42181.3,56647,current USD millions,BEA_SAINC1,https://apps.bea.gov/regional/zip/SAINC.zip
North Dakota,2015,40408.2,52972,current USD millions,BEA_SAINC1,https://apps.bea.gov/regional/zip/SAINC.zip
North Dakota,2016,39232.0,51298,current USD millions,BEA_SAINC1,https://apps.bea.gov/regional/zip/SAINC.zip
North Dakota,2017,39743.7,51830,current USD millions,BEA_SAINC1,https://apps.bea.gov/regional/zip/SAINC.zip
North Dakota,2018,42565.9,55173,current USD millions,BEA_SAINC1,https://apps.bea.gov/regional/zip/SAINC.zip
North Dakota,2019,43997.2,56657,current USD millions,BEA_SAINC1,https://apps.bea.gov/regional/zip/SAINC.zip
North Dakota,2020,47122.5,60444,current USD millions,BEA_SAINC1,https://apps.bea.gov/regional/zip/SAINC.zip
North Dakota,2021,51468.4,66157,current USD millions,BEA_SAINC1,https://apps.bea.gov/regional/zip/SAINC.zip
North Dakota,2022,55463.3,71089,current USD millions,BEA_SAINC1,https://apps.bea.gov/regional/zip/SAINC.zip
North Dakota,2023,56452.5,71725,current USD millions,BEA_SAINC1,https://apps.bea.gov/regional/zip/SAINC.zip
North Dakota,2024,57153.4,72037,current USD millions,BEA_SAINC1,https://apps.bea.gov/regional/zip/SAINC.zip
North Dakota,2025,60077.4,75157,current USD millions,BEA_SAINC1,https://apps.bea.gov/regional/zip/SAINC.zip
Ohio,1929,5113.9,772,current USD millions,BEA_SAINC1,https://apps.bea.gov/regional/zip/SAINC.zip
Ohio,1930,4421.8,664,current USD millions,BEA_SAINC1,https://apps.bea.gov/regional/zip/SAINC.zip
Ohio,1931,3772.0,563,current USD millions,BEA_SAINC1,https://apps.bea.gov/regional/zip/SAINC.zip
Ohio,1932,2704.2,403,current USD millions,BEA_SAINC1,https://apps.bea.gov/regional/zip/SAINC.zip
Ohio,1933,2608.5,387,current USD millions,BEA_SAINC1,https://apps.bea.gov/regional/zip/SAINC.zip
Ohio,1934,3083.1,457,current USD millions,BEA_SAINC1,https://apps.bea.gov/regional/zip/SAINC.zip
Ohio,1935,3520.0,519,current USD millions,BEA_SAINC1,https://apps.bea.gov/regional/zip/SAINC.zip
Ohio,1936,4060.5,597,current USD millions,BEA_SAINC1,https://apps.bea.gov/regional/zip/SAINC.zip
Ohio,1937,4434.3,651,current USD millions,BEA_SAINC1,https://apps.bea.gov/regional/zip/SAINC.zip
Ohio,1938,3864.9,565,current USD millions,BEA_SAINC1,https://apps.bea.gov/regional/zip/SAINC.zip
Ohio,1939,4268.3,620,current USD millions,BEA_SAINC1,https://apps.bea.gov/regional/zip/SAINC.zip
Ohio,1940,4600.5,664,current USD millions,BEA_SAINC1,https://apps.bea.gov/regional/zip/SAINC.zip
Ohio,1941,5759.0,828,current USD millions,BEA_SAINC1,https://apps.bea.gov/regional/zip/SAINC.zip
Ohio,1942,7190.4,1032,current USD millions,BEA_SAINC1,https://apps.bea.gov/regional/zip/SAINC.zip
Ohio,1943,8740.5,1273,current USD millions,BEA_SAINC1,https://apps.bea.gov/regional/zip/SAINC.zip
Ohio,1944,9212.6,1330,current USD millions,BEA_SAINC1,https://apps.bea.gov/regional/zip/SAINC.zip
Ohio,1945,9414.6,1361,current USD millions,BEA_SAINC1,https://apps.bea.gov/regional/zip/SAINC.zip
Ohio,1946,9952.6,1324,current USD millions,BEA_SAINC1,https://apps.bea.gov/regional/zip/SAINC.zip
Ohio,1947,10873.5,1411,current USD millions,BEA_SAINC1,https://apps.bea.gov/regional/zip/SAINC.zip
Ohio,1948,12137.5,1541,current USD millions,BEA_SAINC1,https://apps.bea.gov/regional/zip/SAINC.zip
Ohio,1949,11610.5,1456,current USD millions,BEA_SAINC1,https://apps.bea.gov/regional/zip/SAINC.zip
Ohio,1950,12855.1,1611,current USD millions,BEA_SAINC1,https://apps.bea.gov/regional/zip/SAINC.zip
Ohio,1951,14837.9,1841,current USD millions,BEA_SAINC1,https://apps.bea.gov/regional/zip/SAINC.zip
Ohio,1952,15911.7,1923,current USD millions,BEA_SAINC1,https://apps.bea.gov/regional/zip/SAINC.zip
Ohio,1953,17450.0,2031,current USD millions,BEA_SAINC1,https://apps.bea.gov/regional/zip/SAINC.zip
Ohio,1954,17513.2,1974,current USD millions,BEA_SAINC1,https://apps.bea.gov/regional/zip/SAINC.zip
Ohio,1955,18913.7,2098,current USD millions,BEA_SAINC1,https://apps.bea.gov/regional/zip/SAINC.zip
Ohio,1956,20191.2,2193,current USD millions,BEA_SAINC1,https://apps.bea.gov/regional/zip/SAINC.zip
Ohio,1957,21231.9,2256,current USD millions,BEA_SAINC1,https://apps.bea.gov/regional/zip/SAINC.zip
Ohio,1958,21063.0,2194,current USD millions,BEA_SAINC1,https://apps.bea.gov/regional/zip/SAINC.zip
Ohio,1959,22540.2,2331,current USD millions,BEA_SAINC1,https://apps.bea.gov/regional/zip/SAINC.zip
Ohio,1960,23455.4,2410,current USD millions,BEA_SAINC1,https://apps.bea.gov/regional/zip/SAINC.zip
Ohio,1961,23909.9,2426,current USD millions,BEA_SAINC1,https://apps.bea.gov/regional/zip/SAINC.zip
Ohio,1962,25206.8,2539,current USD millions,BEA_SAINC1,https://apps.bea.gov/regional/zip/SAINC.zip
Ohio,1963,26265.4,2630,current USD millions,BEA_SAINC1,https://apps.bea.gov/regional/zip/SAINC.zip
Ohio,1964,28027.9,2781,current USD millions,BEA_SAINC1,https://apps.bea.gov/regional/zip/SAINC.zip
Ohio,1965,30301.8,2970,current USD millions,BEA_SAINC1,https://apps.bea.gov/regional/zip/SAINC.zip
Ohio,1966,33056.9,3200,current USD millions,BEA_SAINC1,https://apps.bea.gov/regional/zip/SAINC.zip
Ohio,1967,34629.9,3325,current USD millions,BEA_SAINC1,https://apps.bea.gov/regional/zip/SAINC.zip
Ohio,1968,38206.8,3633,current USD millions,BEA_SAINC1,https://apps.bea.gov/regional/zip/SAINC.zip
Ohio,1969,41801.0,3957,current USD millions,BEA_SAINC1,https://apps.bea.gov/regional/zip/SAINC.zip
Ohio,1970,44141.9,4137,current USD millions,BEA_SAINC1,https://apps.bea.gov/regional/zip/SAINC.zip
Ohio,1971,46980.4,4376,current USD millions,BEA_SAINC1,https://apps.bea.gov/regional/zip/SAINC.zip
Ohio,1972,50967.9,4743,current USD millions,BEA_SAINC1,https://apps.bea.gov/regional/zip/SAINC.zip
Ohio,1973,56552.4,5252,current USD millions,BEA_SAINC1,https://apps.bea.gov/regional/zip/SAINC.zip
Ohio,1974,61925.2,5752,current USD millions,BEA_SAINC1,https://apps.bea.gov/regional/zip/SAINC.zip
Ohio,1975,66162.2,6143,current USD millions,BEA_SAINC1,https://apps.bea.gov/regional/zip/SAINC.zip
Ohio,1976,72597.5,6752,current USD millions,BEA_SAINC1,https://apps.bea.gov/regional/zip/SAINC.zip
Ohio,1977,80397.2,7464,current USD millions,BEA_SAINC1,https://apps.bea.gov/regional/zip/SAINC.zip
Ohio,1978,88854.7,8231,current USD millions,BEA_SAINC1,https://apps.bea.gov/regional/zip/SAINC.zip
Ohio,1979,98139.9,9088,current USD millions,BEA_SAINC1,https://apps.bea.gov/regional/zip/SAINC.zip
Ohio,1980,107224.4,9928,current USD millions,BEA_SAINC1,https://apps.bea.gov/regional/zip/SAINC.zip
Ohio,1981,116584.4,10807,current USD millions,BEA_SAINC1,https://apps.bea.gov/regional/zip/SAINC.zip
Ohio,1982,122010.4,11342,current USD millions,BEA_SAINC1,https://apps.bea.gov/regional/zip/SAINC.zip
Ohio,1983,129165.2,12029,current USD millions,BEA_SAINC1,https://apps.bea.gov/regional/zip/SAINC.zip
Ohio,1984,142495.9,13271,current USD millions,BEA_SAINC1,https://apps.bea.gov/regional/zip/SAINC.zip
Ohio,1985,151344.8,14098,current USD millions,BEA_SAINC1,https://apps.bea.gov/regional/zip/SAINC.zip
Ohio,1986,158418.4,14764,current USD millions,BEA_SAINC1,https://apps.bea.gov/regional/zip/SAINC.zip
Ohio,1987,165483.9,15379,current USD millions,BEA_SAINC1,https://apps.bea.gov/regional/zip/SAINC.zip
Ohio,1988,178136.8,16496,current USD millions,BEA_SAINC1,https://apps.bea.gov/regional/zip/SAINC.zip
Ohio,1989,191537.1,17687,current USD millions,BEA_SAINC1,https://apps.bea.gov/regional/zip/SAINC.zip
Ohio,1990,202968.1,18682,current USD millions,BEA_SAINC1,https://apps.bea.gov/regional/zip/SAINC.zip
Ohio,1991,207868.4,18991,current USD millions,BEA_SAINC1,https://apps.bea.gov/regional/zip/SAINC.zip
Ohio,1992,221074.9,20044,current USD millions,BEA_SAINC1,https://apps.bea.gov/regional/zip/SAINC.zip
Ohio,1993,230183.6,20735,current USD millions,BEA_SAINC1,https://apps.bea.gov/regional/zip/SAINC.zip
Ohio,1994,243075.2,21796,current USD millions,BEA_SAINC1,https://apps.bea.gov/regional/zip/SAINC.zip
Ohio,1995,254778.3,22742,current USD millions,BEA_SAINC1,https://apps.bea.gov/regional/zip/SAINC.zip
Ohio,1996,266670.2,23719,current USD millions,BEA_SAINC1,https://apps.bea.gov/regional/zip/SAINC.zip
Ohio,1997,282199.0,25024,current USD millions,BEA_SAINC1,https://apps.bea.gov/regional/zip/SAINC.zip
Ohio,1998,298491.4,26388,current USD millions,BEA_SAINC1,https://apps.bea.gov/regional/zip/SAINC.zip
Ohio,1999,307407.0,27119,current USD millions,BEA_SAINC1,https://apps.bea.gov/regional/zip/SAINC.zip
Ohio,2000,323812.5,28496,current USD millions,BEA_SAINC1,https://apps.bea.gov/regional/zip/SAINC.zip
Ohio,2001,333209.3,29261,current USD millions,BEA_SAINC1,https://apps.bea.gov/regional/zip/SAINC.zip
Ohio,2002,338462.5,29669,current USD millions,BEA_SAINC1,https://apps.bea.gov/regional/zip/SAINC.zip
Ohio,2003,348428.7,30471,current USD millions,BEA_SAINC1,https://apps.bea.gov/regional/zip/SAINC.zip
Ohio,2004,361753.0,31588,current USD millions,BEA_SAINC1,https://apps.bea.gov/regional/zip/SAINC.zip
Ohio,2005,371633.8,32419,current USD millions,BEA_SAINC1,https://apps.bea.gov/regional/zip/SAINC.zip
Ohio,2006,390090.0,33976,current USD millions,BEA_SAINC1,https://apps.bea.gov/regional/zip/SAINC.zip
Ohio,2007,406786.5,35371,current USD millions,BEA_SAINC1,https://apps.bea.gov/regional/zip/SAINC.zip
Ohio,2008,422085.7,36654,current USD millions,BEA_SAINC1,https://apps.bea.gov/regional/zip/SAINC.zip
Ohio,2009,410350.4,35593,current USD millions,BEA_SAINC1,https://apps.bea.gov/regional/zip/SAINC.zip
Ohio,2010,422204.4,36580,current USD millions,BEA_SAINC1,https://apps.bea.gov/regional/zip/SAINC.zip
Ohio,2011,449923.8,38927,current USD millions,BEA_SAINC1,https://apps.bea.gov/regional/zip/SAINC.zip
Ohio,2012,466162.1,40279,current USD millions,BEA_SAINC1,https://apps.bea.gov/regional/zip/SAINC.zip
Ohio,2013,473218.8,40752,current USD millions,BEA_SAINC1,https://apps.bea.gov/regional/zip/SAINC.zip
Ohio,2014,492475.6,42277,current USD millions,BEA_SAINC1,https://apps.bea.gov/regional/zip/SAINC.zip
Ohio,2015,511339.8,43799,current USD millions,BEA_SAINC1,https://apps.bea.gov/regional/zip/SAINC.zip
Ohio,2016,521622.5,44574,current USD millions,BEA_SAINC1,https://apps.bea.gov/regional/zip/SAINC.zip
Ohio,2017,541289.4,46114,current USD millions,BEA_SAINC1,https://apps.bea.gov/regional/zip/SAINC.zip
Ohio,2018,562523.0,47821,current USD millions,BEA_SAINC1,https://apps.bea.gov/regional/zip/SAINC.zip
Ohio,2019,582299.9,49395,current USD millions,BEA_SAINC1,https://apps.bea.gov/regional/zip/SAINC.zip
Ohio,2020,623575.0,52852,current USD millions,BEA_SAINC1,https://apps.bea.gov/regional/zip/SAINC.zip
Ohio,2021,676718.3,57537,current USD millions,BEA_SAINC1,https://apps.bea.gov/regional/zip/SAINC.zip
Ohio,2022,685892.1,58300,current USD millions,BEA_SAINC1,https://apps.bea.gov/regional/zip/SAINC.zip
Ohio,2023,730013.2,61822,current USD millions,BEA_SAINC1,https://apps.bea.gov/regional/zip/SAINC.zip
Ohio,2024,766045.8,64587,current USD millions,BEA_SAINC1,https://apps.bea.gov/regional/zip/SAINC.zip
Ohio,2025,800799.1,67291,current USD millions,BEA_SAINC1,https://apps.bea.gov/regional/zip/SAINC.zip
Oklahoma,1929,1065.6,449,current USD millions,BEA_SAINC1,https://apps.bea.gov/regional/zip/SAINC.zip
Oklahoma,1930,876.0,365,current USD millions,BEA_SAINC1,https://apps.bea.gov/regional/zip/SAINC.zip
Oklahoma,1931,706.3,294,current USD millions,BEA_SAINC1,https://apps.bea.gov/regional/zip/SAINC.zip
Oklahoma,1932,511.4,214,current USD millions,BEA_SAINC1,https://apps.bea.gov/regional/zip/SAINC.zip
Oklahoma,1933,525.5,220,current USD millions,BEA_SAINC1,https://apps.bea.gov/regional/zip/SAINC.zip
Oklahoma,1934,598.9,250,current USD millions,BEA_SAINC1,https://apps.bea.gov/regional/zip/SAINC.zip
Oklahoma,1935,707.4,296,current USD millions,BEA_SAINC1,https://apps.bea.gov/regional/zip/SAINC.zip
Oklahoma,1936,761.9,322,current USD millions,BEA_SAINC1,https://apps.bea.gov/regional/zip/SAINC.zip
Oklahoma,1937,874.5,375,current USD millions,BEA_SAINC1,https://apps.bea.gov/regional/zip/SAINC.zip
Oklahoma,1938,802.8,345,current USD millions,BEA_SAINC1,https://apps.bea.gov/regional/zip/SAINC.zip
Oklahoma,1939,811.9,348,current USD millions,BEA_SAINC1,https://apps.bea.gov/regional/zip/SAINC.zip
Oklahoma,1940,869.2,374,current USD millions,BEA_SAINC1,https://apps.bea.gov/regional/zip/SAINC.zip
Oklahoma,1941,986.4,436,current USD millions,BEA_SAINC1,https://apps.bea.gov/regional/zip/SAINC.zip
Oklahoma,1942,1423.4,639,current USD millions,BEA_SAINC1,https://apps.bea.gov/regional/zip/SAINC.zip
Oklahoma,1943,1766.6,802,current USD millions,BEA_SAINC1,https://apps.bea.gov/regional/zip/SAINC.zip
Oklahoma,1944,1983.3,965,current USD millions,BEA_SAINC1,https://apps.bea.gov/regional/zip/SAINC.zip
Oklahoma,1945,2002.3,989,current USD millions,BEA_SAINC1,https://apps.bea.gov/regional/zip/SAINC.zip
Oklahoma,1946,2046.2,960,current USD millions,BEA_SAINC1,https://apps.bea.gov/regional/zip/SAINC.zip
Oklahoma,1947,2199.4,1031,current USD millions,BEA_SAINC1,https://apps.bea.gov/regional/zip/SAINC.zip
Oklahoma,1948,2390.6,1144,current USD millions,BEA_SAINC1,https://apps.bea.gov/regional/zip/SAINC.zip
Oklahoma,1949,2484.8,1180,current USD millions,BEA_SAINC1,https://apps.bea.gov/regional/zip/SAINC.zip
Oklahoma,1950,2593.9,1164,current USD millions,BEA_SAINC1,https://apps.bea.gov/regional/zip/SAINC.zip
Oklahoma,1951,2915.6,1319,current USD millions,BEA_SAINC1,https://apps.bea.gov/regional/zip/SAINC.zip
Oklahoma,1952,3192.0,1438,current USD millions,BEA_SAINC1,https://apps.bea.gov/regional/zip/SAINC.zip
Oklahoma,1953,3312.3,1518,current USD millions,BEA_SAINC1,https://apps.bea.gov/regional/zip/SAINC.zip
Oklahoma,1954,3322.5,1504,current USD millions,BEA_SAINC1,https://apps.bea.gov/regional/zip/SAINC.zip
Oklahoma,1955,3510.1,1560,current USD millions,BEA_SAINC1,https://apps.bea.gov/regional/zip/SAINC.zip
Oklahoma,1956,3732.4,1642,current USD millions,BEA_SAINC1,https://apps.bea.gov/regional/zip/SAINC.zip
Oklahoma,1957,3905.3,1711,current USD millions,BEA_SAINC1,https://apps.bea.gov/regional/zip/SAINC.zip
Oklahoma,1958,4208.2,1856,current USD millions,BEA_SAINC1,https://apps.bea.gov/regional/zip/SAINC.zip
Oklahoma,1959,4392.3,1919,current USD millions,BEA_SAINC1,https://apps.bea.gov/regional/zip/SAINC.zip
Oklahoma,1960,4611.8,1974,current USD millions,BEA_SAINC1,https://apps.bea.gov/regional/zip/SAINC.zip
Oklahoma,1961,4774.2,2006,current USD millions,BEA_SAINC1,https://apps.bea.gov/regional/zip/SAINC.zip
Oklahoma,1962,4985.2,2054,current USD millions,BEA_SAINC1,https://apps.bea.gov/regional/zip/SAINC.zip
Oklahoma,1963,5151.2,2112,current USD millions,BEA_SAINC1,https://apps.bea.gov/regional/zip/SAINC.zip
Oklahoma,1964,5519.0,2256,current USD millions,BEA_SAINC1,https://apps.bea.gov/regional/zip/SAINC.zip
Oklahoma,1965,5913.4,2424,current USD millions,BEA_SAINC1,https://apps.bea.gov/regional/zip/SAINC.zip
Oklahoma,1966,6343.0,2585,current USD millions,BEA_SAINC1,https://apps.bea.gov/regional/zip/SAINC.zip
Oklahoma,1967,6929.4,2784,current USD millions,BEA_SAINC1,https://apps.bea.gov/regional/zip/SAINC.zip
Oklahoma,1968,7589.4,3032,current USD millions,BEA_SAINC1,https://apps.bea.gov/regional/zip/SAINC.zip
Oklahoma,1969,8454.8,3335,current USD millions,BEA_SAINC1,https://apps.bea.gov/regional/zip/SAINC.zip
Oklahoma,1970,9325.6,3634,current USD millions,BEA_SAINC1,https://apps.bea.gov/regional/zip/SAINC.zip
Oklahoma,1971,10163.6,3882,current USD millions,BEA_SAINC1,https://apps.bea.gov/regional/zip/SAINC.zip
Oklahoma,1972,11153.4,4197,current USD millions,BEA_SAINC1,https://apps.bea.gov/regional/zip/SAINC.zip
Oklahoma,1973,12652.9,4696,current USD millions,BEA_SAINC1,https://apps.bea.gov/regional/zip/SAINC.zip
Oklahoma,1974,14079.6,5153,current USD millions,BEA_SAINC1,https://apps.bea.gov/regional/zip/SAINC.zip
Oklahoma,1975,15735.7,5677,current USD millions,BEA_SAINC1,https://apps.bea.gov/regional/zip/SAINC.zip
Oklahoma,1976,17348.7,6145,current USD millions,BEA_SAINC1,https://apps.bea.gov/regional/zip/SAINC.zip
Oklahoma,1977,19295.9,6733,current USD millions,BEA_SAINC1,https://apps.bea.gov/regional/zip/SAINC.zip
Oklahoma,1978,21896.0,7517,current USD millions,BEA_SAINC1,https://apps.bea.gov/regional/zip/SAINC.zip
Oklahoma,1979,25413.8,8557,current USD millions,BEA_SAINC1,https://apps.bea.gov/regional/zip/SAINC.zip
Oklahoma,1980,29287.0,9631,current USD millions,BEA_SAINC1,https://apps.bea.gov/regional/zip/SAINC.zip
Oklahoma,1981,34192.5,11044,current USD millions,BEA_SAINC1,https://apps.bea.gov/regional/zip/SAINC.zip
Oklahoma,1982,38159.4,11902,current USD millions,BEA_SAINC1,https://apps.bea.gov/regional/zip/SAINC.zip
Oklahoma,1983,39089.0,11880,current USD millions,BEA_SAINC1,https://apps.bea.gov/regional/zip/SAINC.zip
Oklahoma,1984,41896.9,12752,current USD millions,BEA_SAINC1,https://apps.bea.gov/regional/zip/SAINC.zip
Oklahoma,1985,43595.2,13326,current USD millions,BEA_SAINC1,https://apps.bea.gov/regional/zip/SAINC.zip
Oklahoma,1986,43867.7,13486,current USD millions,BEA_SAINC1,https://apps.bea.gov/regional/zip/SAINC.zip
Oklahoma,1987,43620.1,13588,current USD millions,BEA_SAINC1,https://apps.bea.gov/regional/zip/SAINC.zip
Oklahoma,1988,45584.7,14393,current USD millions,BEA_SAINC1,https://apps.bea.gov/regional/zip/SAINC.zip
Oklahoma,1989,48472.4,15387,current USD millions,BEA_SAINC1,https://apps.bea.gov/regional/zip/SAINC.zip
Oklahoma,1990,51112.1,16232,current USD millions,BEA_SAINC1,https://apps.bea.gov/regional/zip/SAINC.zip
Oklahoma,1991,52723.7,16604,current USD millions,BEA_SAINC1,https://apps.bea.gov/regional/zip/SAINC.zip
Oklahoma,1992,56001.4,17389,current USD millions,BEA_SAINC1,https://apps.bea.gov/regional/zip/SAINC.zip
Oklahoma,1993,58201.0,17895,current USD millions,BEA_SAINC1,https://apps.bea.gov/regional/zip/SAINC.zip
Oklahoma,1994,60763.0,18520,current USD millions,BEA_SAINC1,https://apps.bea.gov/regional/zip/SAINC.zip
Oklahoma,1995,63357.6,19152,current USD millions,BEA_SAINC1,https://apps.bea.gov/regional/zip/SAINC.zip
Oklahoma,1996,67111.4,20092,current USD millions,BEA_SAINC1,https://apps.bea.gov/regional/zip/SAINC.zip
Oklahoma,1997,71071.4,21071,current USD millions,BEA_SAINC1,https://apps.bea.gov/regional/zip/SAINC.zip
Oklahoma,1998,74943.6,22009,current USD millions,BEA_SAINC1,https://apps.bea.gov/regional/zip/SAINC.zip
Oklahoma,1999,76956.5,22390,current USD millions,BEA_SAINC1,https://apps.bea.gov/regional/zip/SAINC.zip
Oklahoma,2000,83332.1,24124,current USD millions,BEA_SAINC1,https://apps.bea.gov/regional/zip/SAINC.zip
Oklahoma,2001,88609.5,25557,current USD millions,BEA_SAINC1,https://apps.bea.gov/regional/zip/SAINC.zip
Oklahoma,2002,90711.6,25999,current USD millions,BEA_SAINC1,https://apps.bea.gov/regional/zip/SAINC.zip
Oklahoma,2003,95275.7,27184,current USD millions,BEA_SAINC1,https://apps.bea.gov/regional/zip/SAINC.zip
Oklahoma,2004,102917.3,29194,current USD millions,BEA_SAINC1,https://apps.bea.gov/regional/zip/SAINC.zip
Oklahoma,2005,112487.6,31699,current USD millions,BEA_SAINC1,https://apps.bea.gov/regional/zip/SAINC.zip
Oklahoma,2006,124536.5,34650,current USD millions,BEA_SAINC1,https://apps.bea.gov/regional/zip/SAINC.zip
Oklahoma,2007,128994.3,35493,current USD millions,BEA_SAINC1,https://apps.bea.gov/regional/zip/SAINC.zip
Oklahoma,2008,143654.9,39154,current USD millions,BEA_SAINC1,https://apps.bea.gov/regional/zip/SAINC.zip
Oklahoma,2009,133218.3,35835,current USD millions,BEA_SAINC1,https://apps.bea.gov/regional/zip/SAINC.zip
Oklahoma,2010,139695.1,37157,current USD millions,BEA_SAINC1,https://apps.bea.gov/regional/zip/SAINC.zip
Oklahoma,2011,150302.0,39694,current USD millions,BEA_SAINC1,https://apps.bea.gov/regional/zip/SAINC.zip
Oklahoma,2012,159875.4,41905,current USD millions,BEA_SAINC1,https://apps.bea.gov/regional/zip/SAINC.zip
Oklahoma,2013,167796.9,43607,current USD millions,BEA_SAINC1,https://apps.bea.gov/regional/zip/SAINC.zip
Oklahoma,2014,177635.7,45884,current USD millions,BEA_SAINC1,https://apps.bea.gov/regional/zip/SAINC.zip
Oklahoma,2015,172726.3,44279,current USD millions,BEA_SAINC1,https://apps.bea.gov/regional/zip/SAINC.zip
Oklahoma,2016,164709.0,42053,current USD millions,BEA_SAINC1,https://apps.bea.gov/regional/zip/SAINC.zip
Oklahoma,2017,171995.4,43873,current USD millions,BEA_SAINC1,https://apps.bea.gov/regional/zip/SAINC.zip
Oklahoma,2018,180824.0,46030,current USD millions,BEA_SAINC1,https://apps.bea.gov/regional/zip/SAINC.zip
Oklahoma,2019,189996.8,48177,current USD millions,BEA_SAINC1,https://apps.bea.gov/regional/zip/SAINC.zip
Oklahoma,2020,198234.3,49993,current USD millions,BEA_SAINC1,https://apps.bea.gov/regional/zip/SAINC.zip
Oklahoma,2021,217902.1,54574,current USD millions,BEA_SAINC1,https://apps.bea.gov/regional/zip/SAINC.zip
Oklahoma,2022,233182.3,57929,current USD millions,BEA_SAINC1,https://apps.bea.gov/regional/zip/SAINC.zip
Oklahoma,2023,247300.5,60871,current USD millions,BEA_SAINC1,https://apps.bea.gov/regional/zip/SAINC.zip
Oklahoma,2024,260910.2,63671,current USD millions,BEA_SAINC1,https://apps.bea.gov/regional/zip/SAINC.zip
Oklahoma,2025,274858.0,66660,current USD millions,BEA_SAINC1,https://apps.bea.gov/regional/zip/SAINC.zip
Oregon,1929,630.4,666,current USD millions,BEA_SAINC1,https://apps.bea.gov/regional/zip/SAINC.zip
Oregon,1930,578.3,605,current USD millions,BEA_SAINC1,https://apps.bea.gov/regional/zip/SAINC.zip
Oregon,1931,486.4,504,current USD millions,BEA_SAINC1,https://apps.bea.gov/regional/zip/SAINC.zip
Oregon,1932,366.8,377,current USD millions,BEA_SAINC1,https://apps.bea.gov/regional/zip/SAINC.zip
Oregon,1933,349.3,357,current USD millions,BEA_SAINC1,https://apps.bea.gov/regional/zip/SAINC.zip
Oregon,1934,430.2,437,current USD millions,BEA_SAINC1,https://apps.bea.gov/regional/zip/SAINC.zip
Oregon,1935,459.9,459,current USD millions,BEA_SAINC1,https://apps.bea.gov/regional/zip/SAINC.zip
Oregon,1936,560.2,547,current USD millions,BEA_SAINC1,https://apps.bea.gov/regional/zip/SAINC.zip
Oregon,1937,582.7,556,current USD millions,BEA_SAINC1,https://apps.bea.gov/regional/zip/SAINC.zip
Oregon,1938,566.7,531,current USD millions,BEA_SAINC1,https://apps.bea.gov/regional/zip/SAINC.zip
Oregon,1939,616.8,571,current USD millions,BEA_SAINC1,https://apps.bea.gov/regional/zip/SAINC.zip
Oregon,1940,663.8,611,current USD millions,BEA_SAINC1,https://apps.bea.gov/regional/zip/SAINC.zip
Oregon,1941,880.4,823,current USD millions,BEA_SAINC1,https://apps.bea.gov/regional/zip/SAINC.zip
Oregon,1942,1277.4,1132,current USD millions,BEA_SAINC1,https://apps.bea.gov/regional/zip/SAINC.zip
Oregon,1943,1723.3,1403,current USD millions,BEA_SAINC1,https://apps.bea.gov/regional/zip/SAINC.zip
Oregon,1944,1751.2,1402,current USD millions,BEA_SAINC1,https://apps.bea.gov/regional/zip/SAINC.zip
Oregon,1945,1728.6,1372,current USD millions,BEA_SAINC1,https://apps.bea.gov/regional/zip/SAINC.zip
Oregon,1946,1865.8,1390,current USD millions,BEA_SAINC1,https://apps.bea.gov/regional/zip/SAINC.zip
Oregon,1947,2066.7,1515,current USD millions,BEA_SAINC1,https://apps.bea.gov/regional/zip/SAINC.zip
Oregon,1948,2355.5,1676,current USD millions,BEA_SAINC1,https://apps.bea.gov/regional/zip/SAINC.zip
Oregon,1949,2348.7,1641,current USD millions,BEA_SAINC1,https://apps.bea.gov/regional/zip/SAINC.zip
Oregon,1950,2596.9,1695,current USD millions,BEA_SAINC1,https://apps.bea.gov/regional/zip/SAINC.zip
Oregon,1951,2918.6,1876,current USD millions,BEA_SAINC1,https://apps.bea.gov/regional/zip/SAINC.zip
Oregon,1952,3102.0,1961,current USD millions,BEA_SAINC1,https://apps.bea.gov/regional/zip/SAINC.zip
Oregon,1953,3159.4,1973,current USD millions,BEA_SAINC1,https://apps.bea.gov/regional/zip/SAINC.zip
Oregon,1954,3136.5,1929,current USD millions,BEA_SAINC1,https://apps.bea.gov/regional/zip/SAINC.zip
Oregon,1955,3397.3,2048,current USD millions,BEA_SAINC1,https://apps.bea.gov/regional/zip/SAINC.zip
Oregon,1956,3643.9,2146,current USD millions,BEA_SAINC1,https://apps.bea.gov/regional/zip/SAINC.zip
Oregon,1957,3651.9,2133,current USD millions,BEA_SAINC1,https://apps.bea.gov/regional/zip/SAINC.zip
Oregon,1958,3748.6,2182,current USD millions,BEA_SAINC1,https://apps.bea.gov/regional/zip/SAINC.zip
Oregon,1959,4053.7,2322,current USD millions,BEA_SAINC1,https://apps.bea.gov/regional/zip/SAINC.zip
Oregon,1960,4191.8,2366,current USD millions,BEA_SAINC1,https://apps.bea.gov/regional/zip/SAINC.zip
Oregon,1961,4350.8,2435,current USD millions,BEA_SAINC1,https://apps.bea.gov/regional/zip/SAINC.zip
Oregon,1962,4621.5,2542,current USD millions,BEA_SAINC1,https://apps.bea.gov/regional/zip/SAINC.zip
Oregon,1963,4866.7,2626,current USD millions,BEA_SAINC1,https://apps.bea.gov/regional/zip/SAINC.zip
Oregon,1964,5236.3,2773,current USD millions,BEA_SAINC1,https://apps.bea.gov/regional/zip/SAINC.zip
Oregon,1965,5680.9,2933,current USD millions,BEA_SAINC1,https://apps.bea.gov/regional/zip/SAINC.zip
Oregon,1966,6118.4,3107,current USD millions,BEA_SAINC1,https://apps.bea.gov/regional/zip/SAINC.zip
Oregon,1967,6487.2,3278,current USD millions,BEA_SAINC1,https://apps.bea.gov/regional/zip/SAINC.zip
Oregon,1968,7062.6,3524,current USD millions,BEA_SAINC1,https://apps.bea.gov/regional/zip/SAINC.zip
Oregon,1969,7832.2,3798,current USD millions,BEA_SAINC1,https://apps.bea.gov/regional/zip/SAINC.zip
Oregon,1970,8537.1,4065,current USD millions,BEA_SAINC1,https://apps.bea.gov/regional/zip/SAINC.zip
Oregon,1971,9382.8,4364,current USD millions,BEA_SAINC1,https://apps.bea.gov/regional/zip/SAINC.zip
Oregon,1972,10511.4,4788,current USD millions,BEA_SAINC1,https://apps.bea.gov/regional/zip/SAINC.zip
Oregon,1973,11845.4,5291,current USD millions,BEA_SAINC1,https://apps.bea.gov/regional/zip/SAINC.zip
Oregon,1974,13431.8,5889,current USD millions,BEA_SAINC1,https://apps.bea.gov/regional/zip/SAINC.zip
Oregon,1975,14919.7,6418,current USD millions,BEA_SAINC1,https://apps.bea.gov/regional/zip/SAINC.zip
Oregon,1976,16821.7,7091,current USD millions,BEA_SAINC1,https://apps.bea.gov/regional/zip/SAINC.zip
Oregon,1977,18812.4,7712,current USD millions,BEA_SAINC1,https://apps.bea.gov/regional/zip/SAINC.zip
Oregon,1978,21563.4,8592,current USD millions,BEA_SAINC1,https://apps.bea.gov/regional/zip/SAINC.zip
Oregon,1979,24389.9,9460,current USD millions,BEA_SAINC1,https://apps.bea.gov/regional/zip/SAINC.zip
Oregon,1980,27037.6,10237,current USD millions,BEA_SAINC1,https://apps.bea.gov/regional/zip/SAINC.zip
Oregon,1981,29153.8,10927,current USD millions,BEA_SAINC1,https://apps.bea.gov/regional/zip/SAINC.zip
Oregon,1982,29990.2,11254,current USD millions,BEA_SAINC1,https://apps.bea.gov/regional/zip/SAINC.zip
Oregon,1983,31912.9,12029,current USD millions,BEA_SAINC1,https://apps.bea.gov/regional/zip/SAINC.zip
Oregon,1984,34539.9,12953,current USD millions,BEA_SAINC1,https://apps.bea.gov/regional/zip/SAINC.zip
Oregon,1985,36298.4,13581,current USD millions,BEA_SAINC1,https://apps.bea.gov/regional/zip/SAINC.zip
Oregon,1986,38195.5,14233,current USD millions,BEA_SAINC1,https://apps.bea.gov/regional/zip/SAINC.zip
Oregon,1987,40028.8,14820,current USD millions,BEA_SAINC1,https://apps.bea.gov/regional/zip/SAINC.zip
Oregon,1988,43729.9,15952,current USD millions,BEA_SAINC1,https://apps.bea.gov/regional/zip/SAINC.zip
Oregon,1989,48034.4,17213,current USD millions,BEA_SAINC1,https://apps.bea.gov/regional/zip/SAINC.zip
Oregon,1990,51925.0,18153,current USD millions,BEA_SAINC1,https://apps.bea.gov/regional/zip/SAINC.zip
Oregon,1991,54721.7,18686,current USD millions,BEA_SAINC1,https://apps.bea.gov/regional/zip/SAINC.zip
Oregon,1992,58422.1,19528,current USD millions,BEA_SAINC1,https://apps.bea.gov/regional/zip/SAINC.zip
Oregon,1993,62515.8,20428,current USD millions,BEA_SAINC1,https://apps.bea.gov/regional/zip/SAINC.zip
Oregon,1994,66933.2,21444,current USD millions,BEA_SAINC1,https://apps.bea.gov/regional/zip/SAINC.zip
Oregon,1995,72043.8,22624,current USD millions,BEA_SAINC1,https://apps.bea.gov/regional/zip/SAINC.zip
Oregon,1996,77668.5,23919,current USD millions,BEA_SAINC1,https://apps.bea.gov/regional/zip/SAINC.zip
Oregon,1997,82276.6,24900,current USD millions,BEA_SAINC1,https://apps.bea.gov/regional/zip/SAINC.zip
Oregon,1998,86877.8,25915,current USD millions,BEA_SAINC1,https://apps.bea.gov/regional/zip/SAINC.zip
Oregon,1999,89931.4,26498,current USD millions,BEA_SAINC1,https://apps.bea.gov/regional/zip/SAINC.zip
Oregon,2000,96913.7,28257,current USD millions,BEA_SAINC1,https://apps.bea.gov/regional/zip/SAINC.zip
Oregon,2001,99785.7,28774,current USD millions,BEA_SAINC1,https://apps.bea.gov/regional/zip/SAINC.zip
Oregon,2002,101042.1,28759,current USD millions,BEA_SAINC1,https://apps.bea.gov/regional/zip/SAINC.zip
Oregon,2003,104729.6,29523,current USD millions,BEA_SAINC1,https://apps.bea.gov/regional/zip/SAINC.zip
Oregon,2004,110580.7,30980,current USD millions,BEA_SAINC1,https://apps.bea.gov/regional/zip/SAINC.zip
Oregon,2005,116073.4,32125,current USD millions,BEA_SAINC1,https://apps.bea.gov/regional/zip/SAINC.zip
Oregon,2006,126600.1,34488,current USD millions,BEA_SAINC1,https://apps.bea.gov/regional/zip/SAINC.zip
Oregon,2007,132605.6,35624,current USD millions,BEA_SAINC1,https://apps.bea.gov/regional/zip/SAINC.zip
Oregon,2008,138899.9,36856,current USD millions,BEA_SAINC1,https://apps.bea.gov/regional/zip/SAINC.zip
Oregon,2009,134391.8,35286,current USD millions,BEA_SAINC1,https://apps.bea.gov/regional/zip/SAINC.zip
Oregon,2010,137926.3,35941,current USD millions,BEA_SAINC1,https://apps.bea.gov/regional/zip/SAINC.zip
Oregon,2011,145345.1,37531,current USD millions,BEA_SAINC1,https://apps.bea.gov/regional/zip/SAINC.zip
Oregon,2012,152601.5,39128,current USD millions,BEA_SAINC1,https://apps.bea.gov/regional/zip/SAINC.zip
Oregon,2013,154851.2,39462,current USD millions,BEA_SAINC1,https://apps.bea.gov/regional/zip/SAINC.zip
Oregon,2014,165171.9,41654,current USD millions,BEA_SAINC1,https://apps.bea.gov/regional/zip/SAINC.zip
Oregon,2015,177478.1,44166,current USD millions,BEA_SAINC1,https://apps.bea.gov/regional/zip/SAINC.zip
Oregon,2016,186105.0,45467,current USD millions,BEA_SAINC1,https://apps.bea.gov/regional/zip/SAINC.zip
Oregon,2017,197262.3,47566,current USD millions,BEA_SAINC1,https://apps.bea.gov/regional/zip/SAINC.zip
Oregon,2018,210044.9,50209,current USD millions,BEA_SAINC1,https://apps.bea.gov/regional/zip/SAINC.zip
Oregon,2019,220029.4,52190,current USD millions,BEA_SAINC1,https://apps.bea.gov/regional/zip/SAINC.zip
Oregon,2020,240450.4,56663,current USD millions,BEA_SAINC1,https://apps.bea.gov/regional/zip/SAINC.zip
Oregon,2021,266544.6,62647,current USD millions,BEA_SAINC1,https://apps.bea.gov/regional/zip/SAINC.zip
Oregon,2022,270427.9,63691,current USD millions,BEA_SAINC1,https://apps.bea.gov/regional/zip/SAINC.zip
Oregon,2023,286979.9,67518,current USD millions,BEA_SAINC1,https://apps.bea.gov/regional/zip/SAINC.zip
Oregon,2024,302582.3,70940,current USD millions,BEA_SAINC1,https://apps.bea.gov/regional/zip/SAINC.zip
Oregon,2025,314868.7,73678,current USD millions,BEA_SAINC1,https://apps.bea.gov/regional/zip/SAINC.zip
Pennsylvania,1929,7545.0,776,current USD millions,BEA_SAINC1,https://apps.bea.gov/regional/zip/SAINC.zip
Pennsylvania,1930,6915.9,717,current USD millions,BEA_SAINC1,https://apps.bea.gov/regional/zip/SAINC.zip
Pennsylvania,1931,5869.1,605,current USD millions,BEA_SAINC1,https://apps.bea.gov/regional/zip/SAINC.zip
Pennsylvania,1932,4442.9,455,current USD millions,BEA_SAINC1,https://apps.bea.gov/regional/zip/SAINC.zip
Pennsylvania,1933,4137.0,423,current USD millions,BEA_SAINC1,https://apps.bea.gov/regional/zip/SAINC.zip
Pennsylvania,1934,4770.6,487,current USD millions,BEA_SAINC1,https://apps.bea.gov/regional/zip/SAINC.zip
Pennsylvania,1935,5120.2,524,current USD millions,BEA_SAINC1,https://apps.bea.gov/regional/zip/SAINC.zip
Pennsylvania,1936,5937.4,608,current USD millions,BEA_SAINC1,https://apps.bea.gov/regional/zip/SAINC.zip
Pennsylvania,1937,6299.4,643,current USD millions,BEA_SAINC1,https://apps.bea.gov/regional/zip/SAINC.zip
Pennsylvania,1938,5674.8,570,current USD millions,BEA_SAINC1,https://apps.bea.gov/regional/zip/SAINC.zip
Pennsylvania,1939,6028.8,609,current USD millions,BEA_SAINC1,https://apps.bea.gov/regional/zip/SAINC.zip
Pennsylvania,1940,6518.9,659,current USD millions,BEA_SAINC1,https://apps.bea.gov/regional/zip/SAINC.zip
Pennsylvania,1941,7793.6,786,current USD millions,BEA_SAINC1,https://apps.bea.gov/regional/zip/SAINC.zip
Pennsylvania,1942,9375.2,965,current USD millions,BEA_SAINC1,https://apps.bea.gov/regional/zip/SAINC.zip
Pennsylvania,1943,11014.1,1169,current USD millions,BEA_SAINC1,https://apps.bea.gov/regional/zip/SAINC.zip
Pennsylvania,1944,11762.5,1272,current USD millions,BEA_SAINC1,https://apps.bea.gov/regional/zip/SAINC.zip
Pennsylvania,1945,11983.0,1305,current USD millions,BEA_SAINC1,https://apps.bea.gov/regional/zip/SAINC.zip
Pennsylvania,1946,12895.7,1305,current USD millions,BEA_SAINC1,https://apps.bea.gov/regional/zip/SAINC.zip
Pennsylvania,1947,14060.4,1378,current USD millions,BEA_SAINC1,https://apps.bea.gov/regional/zip/SAINC.zip
Pennsylvania,1948,14779.8,1437,current USD millions,BEA_SAINC1,https://apps.bea.gov/regional/zip/SAINC.zip
Pennsylvania,1949,14575.5,1403,current USD millions,BEA_SAINC1,https://apps.bea.gov/regional/zip/SAINC.zip
Pennsylvania,1950,16307.3,1552,current USD millions,BEA_SAINC1,https://apps.bea.gov/regional/zip/SAINC.zip
Pennsylvania,1951,17977.8,1719,current USD millions,BEA_SAINC1,https://apps.bea.gov/regional/zip/SAINC.zip
Pennsylvania,1952,18876.1,1797,current USD millions,BEA_SAINC1,https://apps.bea.gov/regional/zip/SAINC.zip
Pennsylvania,1953,20291.8,1903,current USD millions,BEA_SAINC1,https://apps.bea.gov/regional/zip/SAINC.zip
Pennsylvania,1954,19846.0,1835,current USD millions,BEA_SAINC1,https://apps.bea.gov/regional/zip/SAINC.zip
Pennsylvania,1955,21033.3,1923,current USD millions,BEA_SAINC1,https://apps.bea.gov/regional/zip/SAINC.zip
Pennsylvania,1956,22725.6,2071,current USD millions,BEA_SAINC1,https://apps.bea.gov/regional/zip/SAINC.zip
Pennsylvania,1957,23920.4,2184,current USD millions,BEA_SAINC1,https://apps.bea.gov/regional/zip/SAINC.zip
Pennsylvania,1958,24046.8,2175,current USD millions,BEA_SAINC1,https://apps.bea.gov/regional/zip/SAINC.zip
Pennsylvania,1959,25239.8,2247,current USD millions,BEA_SAINC1,https://apps.bea.gov/regional/zip/SAINC.zip
Pennsylvania,1960,26118.7,2305,current USD millions,BEA_SAINC1,https://apps.bea.gov/regional/zip/SAINC.zip
Pennsylvania,1961,26685.5,2342,current USD millions,BEA_SAINC1,https://apps.bea.gov/regional/zip/SAINC.zip
Pennsylvania,1962,27845.4,2452,current USD millions,BEA_SAINC1,https://apps.bea.gov/regional/zip/SAINC.zip
Pennsylvania,1963,28908.3,2530,current USD millions,BEA_SAINC1,https://apps.bea.gov/regional/zip/SAINC.zip
Pennsylvania,1964,30915.2,2684,current USD millions,BEA_SAINC1,https://apps.bea.gov/regional/zip/SAINC.zip
Pennsylvania,1965,33158.5,2854,current USD millions,BEA_SAINC1,https://apps.bea.gov/regional/zip/SAINC.zip
Pennsylvania,1966,35757.2,3066,current USD millions,BEA_SAINC1,https://apps.bea.gov/regional/zip/SAINC.zip
Pennsylvania,1967,38299.2,3279,current USD millions,BEA_SAINC1,https://apps.bea.gov/regional/zip/SAINC.zip
Pennsylvania,1968,41637.9,3546,current USD millions,BEA_SAINC1,https://apps.bea.gov/regional/zip/SAINC.zip
Pennsylvania,1969,45346.1,3862,current USD millions,BEA_SAINC1,https://apps.bea.gov/regional/zip/SAINC.zip
Pennsylvania,1970,48843.7,4135,current USD millions,BEA_SAINC1,https://apps.bea.gov/regional/zip/SAINC.zip
Pennsylvania,1971,51835.5,4362,current USD millions,BEA_SAINC1,https://apps.bea.gov/regional/zip/SAINC.zip
Pennsylvania,1972,56579.8,4753,current USD millions,BEA_SAINC1,https://apps.bea.gov/regional/zip/SAINC.zip
Pennsylvania,1973,62032.9,5219,current USD millions,BEA_SAINC1,https://apps.bea.gov/regional/zip/SAINC.zip
Pennsylvania,1974,68133.2,5743,current USD millions,BEA_SAINC1,https://apps.bea.gov/regional/zip/SAINC.zip
Pennsylvania,1975,74472.7,6259,current USD millions,BEA_SAINC1,https://apps.bea.gov/regional/zip/SAINC.zip
Pennsylvania,1976,81283.2,6838,current USD millions,BEA_SAINC1,https://apps.bea.gov/regional/zip/SAINC.zip
Pennsylvania,1977,89174.1,7505,current USD millions,BEA_SAINC1,https://apps.bea.gov/regional/zip/SAINC.zip
Pennsylvania,1978,98272.0,8283,current USD millions,BEA_SAINC1,https://apps.bea.gov/regional/zip/SAINC.zip
Pennsylvania,1979,108710.1,9156,current USD millions,BEA_SAINC1,https://apps.bea.gov/regional/zip/SAINC.zip
Pennsylvania,1980,119133.9,10038,current USD millions,BEA_SAINC1,https://apps.bea.gov/regional/zip/SAINC.zip
Pennsylvania,1981,131383.6,11079,current USD millions,BEA_SAINC1,https://apps.bea.gov/regional/zip/SAINC.zip
Pennsylvania,1982,140328.3,11847,current USD millions,BEA_SAINC1,https://apps.bea.gov/regional/zip/SAINC.zip
Pennsylvania,1983,147211.7,12436,current USD millions,BEA_SAINC1,https://apps.bea.gov/regional/zip/SAINC.zip
Pennsylvania,1984,158758.8,13437,current USD millions,BEA_SAINC1,https://apps.bea.gov/regional/zip/SAINC.zip
Pennsylvania,1985,168297.9,14298,current USD millions,BEA_SAINC1,https://apps.bea.gov/regional/zip/SAINC.zip
Pennsylvania,1986,177003.2,15022,current USD millions,BEA_SAINC1,https://apps.bea.gov/regional/zip/SAINC.zip
Pennsylvania,1987,186827.6,15818,current USD millions,BEA_SAINC1,https://apps.bea.gov/regional/zip/SAINC.zip
Pennsylvania,1988,203001.5,17137,current USD millions,BEA_SAINC1,https://apps.bea.gov/regional/zip/SAINC.zip
Pennsylvania,1989,219827.0,18526,current USD millions,BEA_SAINC1,https://apps.bea.gov/regional/zip/SAINC.zip
Pennsylvania,1990,232899.9,19566,current USD millions,BEA_SAINC1,https://apps.bea.gov/regional/zip/SAINC.zip
Pennsylvania,1991,242842.8,20267,current USD millions,BEA_SAINC1,https://apps.bea.gov/regional/zip/SAINC.zip
Pennsylvania,1992,255911.5,21238,current USD millions,BEA_SAINC1,https://apps.bea.gov/regional/zip/SAINC.zip
Pennsylvania,1993,265557.2,21911,current USD millions,BEA_SAINC1,https://apps.bea.gov/regional/zip/SAINC.zip
Pennsylvania,1994,274855.9,22592,current USD millions,BEA_SAINC1,https://apps.bea.gov/regional/zip/SAINC.zip
Pennsylvania,1995,287343.8,23556,current USD millions,BEA_SAINC1,https://apps.bea.gov/regional/zip/SAINC.zip
Pennsylvania,1996,301835.6,24699,current USD millions,BEA_SAINC1,https://apps.bea.gov/regional/zip/SAINC.zip
Pennsylvania,1997,317130.5,25935,current USD millions,BEA_SAINC1,https://apps.bea.gov/regional/zip/SAINC.zip
Pennsylvania,1998,334421.8,27309,current USD millions,BEA_SAINC1,https://apps.bea.gov/regional/zip/SAINC.zip
Pennsylvania,1999,348489.2,28416,current USD millions,BEA_SAINC1,https://apps.bea.gov/regional/zip/SAINC.zip
Pennsylvania,2000,372690.7,30339,current USD millions,BEA_SAINC1,https://apps.bea.gov/regional/zip/SAINC.zip
Pennsylvania,2001,388186.3,31563,current USD millions,BEA_SAINC1,https://apps.bea.gov/regional/zip/SAINC.zip
Pennsylvania,2002,395633.3,32084,current USD millions,BEA_SAINC1,https://apps.bea.gov/regional/zip/SAINC.zip
Pennsylvania,2003,409185.8,33066,current USD millions,BEA_SAINC1,https://apps.bea.gov/regional/zip/SAINC.zip
Pennsylvania,2004,432634.7,34860,current USD millions,BEA_SAINC1,https://apps.bea.gov/regional/zip/SAINC.zip
Pennsylvania,2005,450359.7,36173,current USD millions,BEA_SAINC1,https://apps.bea.gov/regional/zip/SAINC.zip
Pennsylvania,2006,472940.6,37803,current USD millions,BEA_SAINC1,https://apps.bea.gov/regional/zip/SAINC.zip
Pennsylvania,2007,502658.8,40008,current USD millions,BEA_SAINC1,https://apps.bea.gov/regional/zip/SAINC.zip
Pennsylvania,2008,522993.8,41467,current USD millions,BEA_SAINC1,https://apps.bea.gov/regional/zip/SAINC.zip
Pennsylvania,2009,512318.2,40446,current USD millions,BEA_SAINC1,https://apps.bea.gov/regional/zip/SAINC.zip
Pennsylvania,2010,535335.5,42097,current USD millions,BEA_SAINC1,https://apps.bea.gov/regional/zip/SAINC.zip
Pennsylvania,2011,563528.9,44119,current USD millions,BEA_SAINC1,https://apps.bea.gov/regional/zip/SAINC.zip
Pennsylvania,2012,584880.3,45637,current USD millions,BEA_SAINC1,https://apps.bea.gov/regional/zip/SAINC.zip
Pennsylvania,2013,589720.2,45902,current USD millions,BEA_SAINC1,https://apps.bea.gov/regional/zip/SAINC.zip
Pennsylvania,2014,611421.7,47467,current USD millions,BEA_SAINC1,https://apps.bea.gov/regional/zip/SAINC.zip
Pennsylvania,2015,635818.0,49291,current USD millions,BEA_SAINC1,https://apps.bea.gov/regional/zip/SAINC.zip
Pennsylvania,2016,653328.9,50572,current USD millions,BEA_SAINC1,https://apps.bea.gov/regional/zip/SAINC.zip
Pennsylvania,2017,671702.8,51886,current USD millions,BEA_SAINC1,https://apps.bea.gov/regional/zip/SAINC.zip
Pennsylvania,2018,707043.4,54468,current USD millions,BEA_SAINC1,https://apps.bea.gov/regional/zip/SAINC.zip
Pennsylvania,2019,729329.5,56139,current USD millions,BEA_SAINC1,https://apps.bea.gov/regional/zip/SAINC.zip
Pennsylvania,2020,783389.5,60281,current USD millions,BEA_SAINC1,https://apps.bea.gov/regional/zip/SAINC.zip
Pennsylvania,2021,833103.4,64003,current USD millions,BEA_SAINC1,https://apps.bea.gov/regional/zip/SAINC.zip
Pennsylvania,2022,845037.9,65080,current USD millions,BEA_SAINC1,https://apps.bea.gov/regional/zip/SAINC.zip
Pennsylvania,2023,885950.0,68101,current USD millions,BEA_SAINC1,https://apps.bea.gov/regional/zip/SAINC.zip
Pennsylvania,2024,924379.6,70856,current USD millions,BEA_SAINC1,https://apps.bea.gov/regional/zip/SAINC.zip
Pennsylvania,2025,969412.5,74231,current USD millions,BEA_SAINC1,https://apps.bea.gov/regional/zip/SAINC.zip
Rhode Island,1929,602.8,881,current USD millions,BEA_SAINC1,https://apps.bea.gov/regional/zip/SAINC.zip
Rhode Island,1930,545.2,795,current USD millions,BEA_SAINC1,https://apps.bea.gov/regional/zip/SAINC.zip
Rhode Island,1931,489.1,718,current USD millions,BEA_SAINC1,https://apps.bea.gov/regional/zip/SAINC.zip
Rhode Island,1932,395.1,584,current USD millions,BEA_SAINC1,https://apps.bea.gov/regional/zip/SAINC.zip
Rhode Island,1933,383.8,569,current USD millions,BEA_SAINC1,https://apps.bea.gov/regional/zip/SAINC.zip
Rhode Island,1934,411.0,609,current USD millions,BEA_SAINC1,https://apps.bea.gov/regional/zip/SAINC.zip
Rhode Island,1935,444.0,655,current USD millions,BEA_SAINC1,https://apps.bea.gov/regional/zip/SAINC.zip
Rhode Island,1936,494.8,721,current USD millions,BEA_SAINC1,https://apps.bea.gov/regional/zip/SAINC.zip
Rhode Island,1937,514.9,742,current USD millions,BEA_SAINC1,https://apps.bea.gov/regional/zip/SAINC.zip
Rhode Island,1938,474.3,683,current USD millions,BEA_SAINC1,https://apps.bea.gov/regional/zip/SAINC.zip
Rhode Island,1939,513.1,732,current USD millions,BEA_SAINC1,https://apps.bea.gov/regional/zip/SAINC.zip
Rhode Island,1940,551.3,767,current USD millions,BEA_SAINC1,https://apps.bea.gov/regional/zip/SAINC.zip
Rhode Island,1941,712.9,958,current USD millions,BEA_SAINC1,https://apps.bea.gov/regional/zip/SAINC.zip
Rhode Island,1942,925.3,1189,current USD millions,BEA_SAINC1,https://apps.bea.gov/regional/zip/SAINC.zip
Rhode Island,1943,1081.8,1246,current USD millions,BEA_SAINC1,https://apps.bea.gov/regional/zip/SAINC.zip
Rhode Island,1944,1109.9,1312,current USD millions,BEA_SAINC1,https://apps.bea.gov/regional/zip/SAINC.zip
Rhode Island,1945,1109.5,1318,current USD millions,BEA_SAINC1,https://apps.bea.gov/regional/zip/SAINC.zip
Rhode Island,1946,1110.2,1405,current USD millions,BEA_SAINC1,https://apps.bea.gov/regional/zip/SAINC.zip
Rhode Island,1947,1166.7,1488,current USD millions,BEA_SAINC1,https://apps.bea.gov/regional/zip/SAINC.zip
Rhode Island,1948,1155.2,1468,current USD millions,BEA_SAINC1,https://apps.bea.gov/regional/zip/SAINC.zip
Rhode Island,1949,1132.3,1414,current USD millions,BEA_SAINC1,https://apps.bea.gov/regional/zip/SAINC.zip
Rhode Island,1950,1258.6,1601,current USD millions,BEA_SAINC1,https://apps.bea.gov/regional/zip/SAINC.zip
Rhode Island,1951,1394.7,1779,current USD millions,BEA_SAINC1,https://apps.bea.gov/regional/zip/SAINC.zip
Rhode Island,1952,1471.3,1835,current USD millions,BEA_SAINC1,https://apps.bea.gov/regional/zip/SAINC.zip
Rhode Island,1953,1573.3,1930,current USD millions,BEA_SAINC1,https://apps.bea.gov/regional/zip/SAINC.zip
Rhode Island,1954,1576.1,1931,current USD millions,BEA_SAINC1,https://apps.bea.gov/regional/zip/SAINC.zip
Rhode Island,1955,1679.1,2040,current USD millions,BEA_SAINC1,https://apps.bea.gov/regional/zip/SAINC.zip
Rhode Island,1956,1748.4,2081,current USD millions,BEA_SAINC1,https://apps.bea.gov/regional/zip/SAINC.zip
Rhode Island,1957,1795.3,2110,current USD millions,BEA_SAINC1,https://apps.bea.gov/regional/zip/SAINC.zip
Rhode Island,1958,1885.2,2197,current USD millions,BEA_SAINC1,https://apps.bea.gov/regional/zip/SAINC.zip
Rhode Island,1959,1985.6,2317,current USD millions,BEA_SAINC1,https://apps.bea.gov/regional/zip/SAINC.zip
Rhode Island,1960,2015.7,2358,current USD millions,BEA_SAINC1,https://apps.bea.gov/regional/zip/SAINC.zip
Rhode Island,1961,2107.9,2457,current USD millions,BEA_SAINC1,https://apps.bea.gov/regional/zip/SAINC.zip
Rhode Island,1962,2266.9,2603,current USD millions,BEA_SAINC1,https://apps.bea.gov/regional/zip/SAINC.zip
Rhode Island,1963,2368.1,2703,current USD millions,BEA_SAINC1,https://apps.bea.gov/regional/zip/SAINC.zip
Rhode Island,1964,2521.8,2849,current USD millions,BEA_SAINC1,https://apps.bea.gov/regional/zip/SAINC.zip
Rhode Island,1965,2722.8,3049,current USD millions,BEA_SAINC1,https://apps.bea.gov/regional/zip/SAINC.zip
Rhode Island,1966,2973.2,3307,current USD millions,BEA_SAINC1,https://apps.bea.gov/regional/zip/SAINC.zip
Rhode Island,1967,3223.2,3546,current USD millions,BEA_SAINC1,https://apps.bea.gov/regional/zip/SAINC.zip
Rhode Island,1968,3522.1,3820,current USD millions,BEA_SAINC1,https://apps.bea.gov/regional/zip/SAINC.zip
Rhode Island,1969,3741.8,4015,current USD millions,BEA_SAINC1,https://apps.bea.gov/regional/zip/SAINC.zip
Rhode Island,1970,4093.0,4306,current USD millions,BEA_SAINC1,https://apps.bea.gov/regional/zip/SAINC.zip
Rhode Island,1971,4336.6,4499,current USD millions,BEA_SAINC1,https://apps.bea.gov/regional/zip/SAINC.zip
Rhode Island,1972,4722.0,4836,current USD millions,BEA_SAINC1,https://apps.bea.gov/regional/zip/SAINC.zip
Rhode Island,1973,5044.6,5158,current USD millions,BEA_SAINC1,https://apps.bea.gov/regional/zip/SAINC.zip
Rhode Island,1974,5288.9,5547,current USD millions,BEA_SAINC1,https://apps.bea.gov/regional/zip/SAINC.zip
Rhode Island,1975,5742.4,6068,current USD millions,BEA_SAINC1,https://apps.bea.gov/regional/zip/SAINC.zip
Rhode Island,1976,6272.4,6600,current USD millions,BEA_SAINC1,https://apps.bea.gov/regional/zip/SAINC.zip
Rhode Island,1977,6864.9,7187,current USD millions,BEA_SAINC1,https://apps.bea.gov/regional/zip/SAINC.zip
Rhode Island,1978,7531.2,7868,current USD millions,BEA_SAINC1,https://apps.bea.gov/regional/zip/SAINC.zip
Rhode Island,1979,8362.7,8742,current USD millions,BEA_SAINC1,https://apps.bea.gov/regional/zip/SAINC.zip
Rhode Island,1980,9393.4,9901,current USD millions,BEA_SAINC1,https://apps.bea.gov/regional/zip/SAINC.zip
Rhode Island,1981,10455.1,10971,current USD millions,BEA_SAINC1,https://apps.bea.gov/regional/zip/SAINC.zip
Rhode Island,1982,11258.5,11799,current USD millions,BEA_SAINC1,https://apps.bea.gov/regional/zip/SAINC.zip
Rhode Island,1983,12185.5,12741,current USD millions,BEA_SAINC1,https://apps.bea.gov/regional/zip/SAINC.zip
Rhode Island,1984,13361.0,13890,current USD millions,BEA_SAINC1,https://apps.bea.gov/regional/zip/SAINC.zip
Rhode Island,1985,14402.4,14864,current USD millions,BEA_SAINC1,https://apps.bea.gov/regional/zip/SAINC.zip
Rhode Island,1986,15441.4,15799,current USD millions,BEA_SAINC1,https://apps.bea.gov/regional/zip/SAINC.zip
Rhode Island,1987,16481.7,16655,current USD millions,BEA_SAINC1,https://apps.bea.gov/regional/zip/SAINC.zip
Rhode Island,1988,18223.0,18289,current USD millions,BEA_SAINC1,https://apps.bea.gov/regional/zip/SAINC.zip
Rhode Island,1989,19829.2,19816,current USD millions,BEA_SAINC1,https://apps.bea.gov/regional/zip/SAINC.zip
Rhode Island,1990,20430.4,20309,current USD millions,BEA_SAINC1,https://apps.bea.gov/regional/zip/SAINC.zip
Rhode Island,1991,20648.3,20431,current USD millions,BEA_SAINC1,https://apps.bea.gov/regional/zip/SAINC.zip
Rhode Island,1992,21572.6,21305,current USD millions,BEA_SAINC1,https://apps.bea.gov/regional/zip/SAINC.zip
Rhode Island,1993,22483.7,22149,current USD millions,BEA_SAINC1,https://apps.bea.gov/regional/zip/SAINC.zip
Rhode Island,1994,23050.7,22689,current USD millions,BEA_SAINC1,https://apps.bea.gov/regional/zip/SAINC.zip
Rhode Island,1995,24279.0,23873,current USD millions,BEA_SAINC1,https://apps.bea.gov/regional/zip/SAINC.zip
Rhode Island,1996,25113.2,24599,current USD millions,BEA_SAINC1,https://apps.bea.gov/regional/zip/SAINC.zip
Rhode Island,1997,26554.3,25898,current USD millions,BEA_SAINC1,https://apps.bea.gov/regional/zip/SAINC.zip
Rhode Island,1998,28349.7,27493,current USD millions,BEA_SAINC1,https://apps.bea.gov/regional/zip/SAINC.zip
Rhode Island,1999,29581.1,28432,current USD millions,BEA_SAINC1,https://apps.bea.gov/regional/zip/SAINC.zip
Rhode Island,2000,31875.3,30350,current USD millions,BEA_SAINC1,https://apps.bea.gov/regional/zip/SAINC.zip
Rhode Island,2001,33611.8,31795,current USD millions,BEA_SAINC1,https://apps.bea.gov/regional/zip/SAINC.zip
Rhode Island,2002,34965.7,32801,current USD millions,BEA_SAINC1,https://apps.bea.gov/regional/zip/SAINC.zip
Rhode Island,2003,36700.2,34256,current USD millions,BEA_SAINC1,https://apps.bea.gov/regional/zip/SAINC.zip
Rhode Island,2004,38541.5,35867,current USD millions,BEA_SAINC1,https://apps.bea.gov/regional/zip/SAINC.zip
Rhode Island,2005,39241.3,36746,current USD millions,BEA_SAINC1,https://apps.bea.gov/regional/zip/SAINC.zip
Rhode Island,2006,41162.0,38719,current USD millions,BEA_SAINC1,https://apps.bea.gov/regional/zip/SAINC.zip
Rhode Island,2007,42935.2,40608,current USD millions,BEA_SAINC1,https://apps.bea.gov/regional/zip/SAINC.zip
Rhode Island,2008,43768.6,41487,current USD millions,BEA_SAINC1,https://apps.bea.gov/regional/zip/SAINC.zip
Rhode Island,2009,42764.9,40588,current USD millions,BEA_SAINC1,https://apps.bea.gov/regional/zip/SAINC.zip
Rhode Island,2010,44973.9,42630,current USD millions,BEA_SAINC1,https://apps.bea.gov/regional/zip/SAINC.zip
Rhode Island,2011,46685.4,44095,current USD millions,BEA_SAINC1,https://apps.bea.gov/regional/zip/SAINC.zip
Rhode Island,2012,48186.5,45298,current USD millions,BEA_SAINC1,https://apps.bea.gov/regional/zip/SAINC.zip
Rhode Island,2013,48187.0,45104,current USD millions,BEA_SAINC1,https://apps.bea.gov/regional/zip/SAINC.zip
Rhode Island,2014,50045.1,46630,current USD millions,BEA_SAINC1,https://apps.bea.gov/regional/zip/SAINC.zip
Rhode Island,2015,51775.2,48049,current USD millions,BEA_SAINC1,https://apps.bea.gov/regional/zip/SAINC.zip
Rhode Island,2016,52514.5,48515,current USD millions,BEA_SAINC1,https://apps.bea.gov/regional/zip/SAINC.zip
Rhode Island,2017,54704.3,50414,current USD millions,BEA_SAINC1,https://apps.bea.gov/regional/zip/SAINC.zip
Rhode Island,2018,56918.9,52132,current USD millions,BEA_SAINC1,https://apps.bea.gov/regional/zip/SAINC.zip
Rhode Island,2019,60337.0,55123,current USD millions,BEA_SAINC1,https://apps.bea.gov/regional/zip/SAINC.zip
Rhode Island,2020,64996.8,59277,current USD millions,BEA_SAINC1,https://apps.bea.gov/regional/zip/SAINC.zip
Rhode Island,2021,69245.5,63101,current USD millions,BEA_SAINC1,https://apps.bea.gov/regional/zip/SAINC.zip
Rhode Island,2022,70880.1,64538,current USD millions,BEA_SAINC1,https://apps.bea.gov/regional/zip/SAINC.zip
Rhode Island,2023,74777.8,67907,current USD millions,BEA_SAINC1,https://apps.bea.gov/regional/zip/SAINC.zip
Rhode Island,2024,78553.7,70743,current USD millions,BEA_SAINC1,https://apps.bea.gov/regional/zip/SAINC.zip
Rhode Island,2025,82465.2,73992,current USD millions,BEA_SAINC1,https://apps.bea.gov/regional/zip/SAINC.zip
South Carolina,1929,464.7,267,current USD millions,BEA_SAINC1,https://apps.bea.gov/regional/zip/SAINC.zip
South Carolina,1930,417.2,239,current USD millions,BEA_SAINC1,https://apps.bea.gov/regional/zip/SAINC.zip
South Carolina,1931,355.8,203,current USD millions,BEA_SAINC1,https://apps.bea.gov/regional/zip/SAINC.zip
South Carolina,1932,273.5,156,current USD millions,BEA_SAINC1,https://apps.bea.gov/regional/zip/SAINC.zip
South Carolina,1933,301.7,172,current USD millions,BEA_SAINC1,https://apps.bea.gov/regional/zip/SAINC.zip
South Carolina,1934,364.6,207,current USD millions,BEA_SAINC1,https://apps.bea.gov/regional/zip/SAINC.zip
South Carolina,1935,402.8,228,current USD millions,BEA_SAINC1,https://apps.bea.gov/regional/zip/SAINC.zip
South Carolina,1936,456.0,256,current USD millions,BEA_SAINC1,https://apps.bea.gov/regional/zip/SAINC.zip
South Carolina,1937,488.7,271,current USD millions,BEA_SAINC1,https://apps.bea.gov/regional/zip/SAINC.zip
South Carolina,1938,455.7,248,current USD millions,BEA_SAINC1,https://apps.bea.gov/regional/zip/SAINC.zip
South Carolina,1939,514.5,275,current USD millions,BEA_SAINC1,https://apps.bea.gov/regional/zip/SAINC.zip
South Carolina,1940,597.9,314,current USD millions,BEA_SAINC1,https://apps.bea.gov/regional/zip/SAINC.zip
South Carolina,1941,814.3,415,current USD millions,BEA_SAINC1,https://apps.bea.gov/regional/zip/SAINC.zip
South Carolina,1942,1170.3,580,current USD millions,BEA_SAINC1,https://apps.bea.gov/regional/zip/SAINC.zip
South Carolina,1943,1332.6,675,current USD millions,BEA_SAINC1,https://apps.bea.gov/regional/zip/SAINC.zip
South Carolina,1944,1468.8,753,current USD millions,BEA_SAINC1,https://apps.bea.gov/regional/zip/SAINC.zip
South Carolina,1945,1482.6,772,current USD millions,BEA_SAINC1,https://apps.bea.gov/regional/zip/SAINC.zip
South Carolina,1946,1538.5,791,current USD millions,BEA_SAINC1,https://apps.bea.gov/regional/zip/SAINC.zip
South Carolina,1947,1602.9,803,current USD millions,BEA_SAINC1,https://apps.bea.gov/regional/zip/SAINC.zip
South Carolina,1948,1848.7,926,current USD millions,BEA_SAINC1,https://apps.bea.gov/regional/zip/SAINC.zip
South Carolina,1949,1795.0,885,current USD millions,BEA_SAINC1,https://apps.bea.gov/regional/zip/SAINC.zip
South Carolina,1950,1992.4,943,current USD millions,BEA_SAINC1,https://apps.bea.gov/regional/zip/SAINC.zip
South Carolina,1951,2509.1,1158,current USD millions,BEA_SAINC1,https://apps.bea.gov/regional/zip/SAINC.zip
South Carolina,1952,2696.2,1238,current USD millions,BEA_SAINC1,https://apps.bea.gov/regional/zip/SAINC.zip
South Carolina,1953,2778.2,1274,current USD millions,BEA_SAINC1,https://apps.bea.gov/regional/zip/SAINC.zip
South Carolina,1954,2633.6,1210,current USD millions,BEA_SAINC1,https://apps.bea.gov/regional/zip/SAINC.zip
South Carolina,1955,2798.1,1272,current USD millions,BEA_SAINC1,https://apps.bea.gov/regional/zip/SAINC.zip
South Carolina,1956,2910.7,1306,current USD millions,BEA_SAINC1,https://apps.bea.gov/regional/zip/SAINC.zip
South Carolina,1957,3041.1,1337,current USD millions,BEA_SAINC1,https://apps.bea.gov/regional/zip/SAINC.zip
South Carolina,1958,3150.8,1368,current USD millions,BEA_SAINC1,https://apps.bea.gov/regional/zip/SAINC.zip
South Carolina,1959,3400.1,1448,current USD millions,BEA_SAINC1,https://apps.bea.gov/regional/zip/SAINC.zip
South Carolina,1960,3570.1,1493,current USD millions,BEA_SAINC1,https://apps.bea.gov/regional/zip/SAINC.zip
South Carolina,1961,3748.4,1556,current USD millions,BEA_SAINC1,https://apps.bea.gov/regional/zip/SAINC.zip
South Carolina,1962,4018.4,1658,current USD millions,BEA_SAINC1,https://apps.bea.gov/regional/zip/SAINC.zip
South Carolina,1963,4252.0,1728,current USD millions,BEA_SAINC1,https://apps.bea.gov/regional/zip/SAINC.zip
South Carolina,1964,4567.3,1845,current USD millions,BEA_SAINC1,https://apps.bea.gov/regional/zip/SAINC.zip
South Carolina,1965,5047.7,2024,current USD millions,BEA_SAINC1,https://apps.bea.gov/regional/zip/SAINC.zip
South Carolina,1966,5672.0,2251,current USD millions,BEA_SAINC1,https://apps.bea.gov/regional/zip/SAINC.zip
South Carolina,1967,6120.6,2416,current USD millions,BEA_SAINC1,https://apps.bea.gov/regional/zip/SAINC.zip
South Carolina,1968,6796.3,2656,current USD millions,BEA_SAINC1,https://apps.bea.gov/regional/zip/SAINC.zip
South Carolina,1969,7604.4,2959,current USD millions,BEA_SAINC1,https://apps.bea.gov/regional/zip/SAINC.zip
South Carolina,1970,8380.4,3225,current USD millions,BEA_SAINC1,https://apps.bea.gov/regional/zip/SAINC.zip
South Carolina,1971,9180.9,3449,current USD millions,BEA_SAINC1,https://apps.bea.gov/regional/zip/SAINC.zip
South Carolina,1972,10308.9,3792,current USD millions,BEA_SAINC1,https://apps.bea.gov/regional/zip/SAINC.zip
South Carolina,1973,11692.3,4213,current USD millions,BEA_SAINC1,https://apps.bea.gov/regional/zip/SAINC.zip
South Carolina,1974,13234.6,4655,current USD millions,BEA_SAINC1,https://apps.bea.gov/regional/zip/SAINC.zip
South Carolina,1975,14394.3,4963,current USD millions,BEA_SAINC1,https://apps.bea.gov/regional/zip/SAINC.zip
South Carolina,1976,16096.3,5472,current USD millions,BEA_SAINC1,https://apps.bea.gov/regional/zip/SAINC.zip
South Carolina,1977,17592.5,5886,current USD millions,BEA_SAINC1,https://apps.bea.gov/regional/zip/SAINC.zip
South Carolina,1978,19879.1,6537,current USD millions,BEA_SAINC1,https://apps.bea.gov/regional/zip/SAINC.zip
South Carolina,1979,22283.2,7219,current USD millions,BEA_SAINC1,https://apps.bea.gov/regional/zip/SAINC.zip
South Carolina,1980,24971.8,7967,current USD millions,BEA_SAINC1,https://apps.bea.gov/regional/zip/SAINC.zip
South Carolina,1981,28101.8,8839,current USD millions,BEA_SAINC1,https://apps.bea.gov/regional/zip/SAINC.zip
South Carolina,1982,29878.3,9315,current USD millions,BEA_SAINC1,https://apps.bea.gov/regional/zip/SAINC.zip
South Carolina,1983,32452.2,10034,current USD millions,BEA_SAINC1,https://apps.bea.gov/regional/zip/SAINC.zip
South Carolina,1984,36148.9,11048,current USD millions,BEA_SAINC1,https://apps.bea.gov/regional/zip/SAINC.zip
South Carolina,1985,38691.6,11713,current USD millions,BEA_SAINC1,https://apps.bea.gov/regional/zip/SAINC.zip
South Carolina,1986,41354.9,12371,current USD millions,BEA_SAINC1,https://apps.bea.gov/regional/zip/SAINC.zip
South Carolina,1987,44239.8,13087,current USD millions,BEA_SAINC1,https://apps.bea.gov/regional/zip/SAINC.zip
South Carolina,1988,48206.1,14128,current USD millions,BEA_SAINC1,https://apps.bea.gov/regional/zip/SAINC.zip
South Carolina,1989,52466.5,15178,current USD millions,BEA_SAINC1,https://apps.bea.gov/regional/zip/SAINC.zip
South Carolina,1990,56391.0,16106,current USD millions,BEA_SAINC1,https://apps.bea.gov/regional/zip/SAINC.zip
South Carolina,1991,58930.9,16505,current USD millions,BEA_SAINC1,https://apps.bea.gov/regional/zip/SAINC.zip
South Carolina,1992,62654.7,17306,current USD millions,BEA_SAINC1,https://apps.bea.gov/regional/zip/SAINC.zip
South Carolina,1993,65852.0,17976,current USD millions,BEA_SAINC1,https://apps.bea.gov/regional/zip/SAINC.zip
South Carolina,1994,69837.5,18848,current USD millions,BEA_SAINC1,https://apps.bea.gov/regional/zip/SAINC.zip
South Carolina,1995,73997.4,19740,current USD millions,BEA_SAINC1,https://apps.bea.gov/regional/zip/SAINC.zip
South Carolina,1996,78652.0,20719,current USD millions,BEA_SAINC1,https://apps.bea.gov/regional/zip/SAINC.zip
South Carolina,1997,83696.8,21685,current USD millions,BEA_SAINC1,https://apps.bea.gov/regional/zip/SAINC.zip
South Carolina,1998,89751.9,22900,current USD millions,BEA_SAINC1,https://apps.bea.gov/regional/zip/SAINC.zip
South Carolina,1999,94148.5,23687,current USD millions,BEA_SAINC1,https://apps.bea.gov/regional/zip/SAINC.zip
South Carolina,2000,100705.3,25025,current USD millions,BEA_SAINC1,https://apps.bea.gov/regional/zip/SAINC.zip
South Carolina,2001,104242.1,25644,current USD millions,BEA_SAINC1,https://apps.bea.gov/regional/zip/SAINC.zip
South Carolina,2002,107305.3,26122,current USD millions,BEA_SAINC1,https://apps.bea.gov/regional/zip/SAINC.zip
South Carolina,2003,111196.7,26792,current USD millions,BEA_SAINC1,https://apps.bea.gov/regional/zip/SAINC.zip
South Carolina,2004,117451.8,27892,current USD millions,BEA_SAINC1,https://apps.bea.gov/regional/zip/SAINC.zip
South Carolina,2005,124417.0,29136,current USD millions,BEA_SAINC1,https://apps.bea.gov/regional/zip/SAINC.zip
South Carolina,2006,134174.2,30789,current USD millions,BEA_SAINC1,https://apps.bea.gov/regional/zip/SAINC.zip
South Carolina,2007,143055.1,32190,current USD millions,BEA_SAINC1,https://apps.bea.gov/regional/zip/SAINC.zip
South Carolina,2008,149954.4,33110,current USD millions,BEA_SAINC1,https://apps.bea.gov/regional/zip/SAINC.zip
South Carolina,2009,146753.7,31973,current USD millions,BEA_SAINC1,https://apps.bea.gov/regional/zip/SAINC.zip
South Carolina,2010,151745.9,32749,current USD millions,BEA_SAINC1,https://apps.bea.gov/regional/zip/SAINC.zip
South Carolina,2011,160391.1,34406,current USD millions,BEA_SAINC1,https://apps.bea.gov/regional/zip/SAINC.zip
South Carolina,2012,168271.2,35807,current USD millions,BEA_SAINC1,https://apps.bea.gov/regional/zip/SAINC.zip
South Carolina,2013,170204.8,35923,current USD millions,BEA_SAINC1,https://apps.bea.gov/regional/zip/SAINC.zip
South Carolina,2014,180837.7,37755,current USD millions,BEA_SAINC1,https://apps.bea.gov/regional/zip/SAINC.zip
South Carolina,2015,192054.7,39598,current USD millions,BEA_SAINC1,https://apps.bea.gov/regional/zip/SAINC.zip
South Carolina,2016,200027.4,40752,current USD millions,BEA_SAINC1,https://apps.bea.gov/regional/zip/SAINC.zip
South Carolina,2017,210387.6,42385,current USD millions,BEA_SAINC1,https://apps.bea.gov/regional/zip/SAINC.zip
South Carolina,2018,219942.1,43817,current USD millions,BEA_SAINC1,https://apps.bea.gov/regional/zip/SAINC.zip
South Carolina,2019,234295.4,46150,current USD millions,BEA_SAINC1,https://apps.bea.gov/regional/zip/SAINC.zip
South Carolina,2020,250250.5,48763,current USD millions,BEA_SAINC1,https://apps.bea.gov/regional/zip/SAINC.zip
South Carolina,2021,277322.6,53389,current USD millions,BEA_SAINC1,https://apps.bea.gov/regional/zip/SAINC.zip
South Carolina,2022,288512.6,54550,current USD millions,BEA_SAINC1,https://apps.bea.gov/regional/zip/SAINC.zip
South Carolina,2023,311235.5,57735,current USD millions,BEA_SAINC1,https://apps.bea.gov/regional/zip/SAINC.zip
South Carolina,2024,332982.7,60649,current USD millions,BEA_SAINC1,https://apps.bea.gov/regional/zip/SAINC.zip
South Carolina,2025,351926.0,63179,current USD millions,BEA_SAINC1,https://apps.bea.gov/regional/zip/SAINC.zip
South Dakota,1929,286.2,415,current USD millions,BEA_SAINC1,https://apps.bea.gov/regional/zip/SAINC.zip
South Dakota,1930,247.3,357,current USD millions,BEA_SAINC1,https://apps.bea.gov/regional/zip/SAINC.zip
South Dakota,1931,167.8,242,current USD millions,BEA_SAINC1,https://apps.bea.gov/regional/zip/SAINC.zip
South Dakota,1932,130.9,189,current USD millions,BEA_SAINC1,https://apps.bea.gov/regional/zip/SAINC.zip
South Dakota,1933,93.9,136,current USD millions,BEA_SAINC1,https://apps.bea.gov/regional/zip/SAINC.zip
South Dakota,1934,129.3,190,current USD millions,BEA_SAINC1,https://apps.bea.gov/regional/zip/SAINC.zip
South Dakota,1935,205.6,305,current USD millions,BEA_SAINC1,https://apps.bea.gov/regional/zip/SAINC.zip
South Dakota,1936,164.9,248,current USD millions,BEA_SAINC1,https://apps.bea.gov/regional/zip/SAINC.zip
South Dakota,1937,210.5,321,current USD millions,BEA_SAINC1,https://apps.bea.gov/regional/zip/SAINC.zip
South Dakota,1938,205.8,317,current USD millions,BEA_SAINC1,https://apps.bea.gov/regional/zip/SAINC.zip
South Dakota,1939,219.9,341,current USD millions,BEA_SAINC1,https://apps.bea.gov/regional/zip/SAINC.zip
South Dakota,1940,228.9,357,current USD millions,BEA_SAINC1,https://apps.bea.gov/regional/zip/SAINC.zip
South Dakota,1941,288.0,470,current USD millions,BEA_SAINC1,https://apps.bea.gov/regional/zip/SAINC.zip
South Dakota,1942,450.8,755,current USD millions,BEA_SAINC1,https://apps.bea.gov/regional/zip/SAINC.zip
South Dakota,1943,500.9,853,current USD millions,BEA_SAINC1,https://apps.bea.gov/regional/zip/SAINC.zip
South Dakota,1944,548.6,976,current USD millions,BEA_SAINC1,https://apps.bea.gov/regional/zip/SAINC.zip
South Dakota,1945,620.8,1083,current USD millions,BEA_SAINC1,https://apps.bea.gov/regional/zip/SAINC.zip
South Dakota,1946,659.3,1121,current USD millions,BEA_SAINC1,https://apps.bea.gov/regional/zip/SAINC.zip
South Dakota,1947,752.2,1254,current USD millions,BEA_SAINC1,https://apps.bea.gov/regional/zip/SAINC.zip
South Dakota,1948,920.1,1503,current USD millions,BEA_SAINC1,https://apps.bea.gov/regional/zip/SAINC.zip
South Dakota,1949,707.6,1121,current USD millions,BEA_SAINC1,https://apps.bea.gov/regional/zip/SAINC.zip
South Dakota,1950,850.2,1298,current USD millions,BEA_SAINC1,https://apps.bea.gov/regional/zip/SAINC.zip
South Dakota,1951,995.7,1520,current USD millions,BEA_SAINC1,https://apps.bea.gov/regional/zip/SAINC.zip
South Dakota,1952,883.5,1357,current USD millions,BEA_SAINC1,https://apps.bea.gov/regional/zip/SAINC.zip
South Dakota,1953,960.8,1483,current USD millions,BEA_SAINC1,https://apps.bea.gov/regional/zip/SAINC.zip
South Dakota,1954,988.1,1509,current USD millions,BEA_SAINC1,https://apps.bea.gov/regional/zip/SAINC.zip
South Dakota,1955,922.3,1391,current USD millions,BEA_SAINC1,https://apps.bea.gov/regional/zip/SAINC.zip
South Dakota,1956,987.4,1474,current USD millions,BEA_SAINC1,https://apps.bea.gov/regional/zip/SAINC.zip
South Dakota,1957,1156.9,1737,current USD millions,BEA_SAINC1,https://apps.bea.gov/regional/zip/SAINC.zip
South Dakota,1958,1188.0,1811,current USD millions,BEA_SAINC1,https://apps.bea.gov/regional/zip/SAINC.zip
South Dakota,1959,1080.9,1621,current USD millions,BEA_SAINC1,https://apps.bea.gov/regional/zip/SAINC.zip
South Dakota,1960,1324.8,1940,current USD millions,BEA_SAINC1,https://apps.bea.gov/regional/zip/SAINC.zip
South Dakota,1961,1333.0,1924,current USD millions,BEA_SAINC1,https://apps.bea.gov/regional/zip/SAINC.zip
South Dakota,1962,1518.9,2154,current USD millions,BEA_SAINC1,https://apps.bea.gov/regional/zip/SAINC.zip
South Dakota,1963,1473.1,2081,current USD millions,BEA_SAINC1,https://apps.bea.gov/regional/zip/SAINC.zip
South Dakota,1964,1445.2,2062,current USD millions,BEA_SAINC1,https://apps.bea.gov/regional/zip/SAINC.zip
South Dakota,1965,1625.9,2350,current USD millions,BEA_SAINC1,https://apps.bea.gov/regional/zip/SAINC.zip
South Dakota,1966,1758.0,2574,current USD millions,BEA_SAINC1,https://apps.bea.gov/regional/zip/SAINC.zip
South Dakota,1967,1786.1,2662,current USD millions,BEA_SAINC1,https://apps.bea.gov/regional/zip/SAINC.zip
South Dakota,1968,1914.3,2861,current USD millions,BEA_SAINC1,https://apps.bea.gov/regional/zip/SAINC.zip
South Dakota,1969,2076.4,3108,current USD millions,BEA_SAINC1,https://apps.bea.gov/regional/zip/SAINC.zip
South Dakota,1970,2257.4,3386,current USD millions,BEA_SAINC1,https://apps.bea.gov/regional/zip/SAINC.zip
South Dakota,1971,2473.1,3684,current USD millions,BEA_SAINC1,https://apps.bea.gov/regional/zip/SAINC.zip
South Dakota,1972,2855.4,4215,current USD millions,BEA_SAINC1,https://apps.bea.gov/regional/zip/SAINC.zip
South Dakota,1973,3605.3,5310,current USD millions,BEA_SAINC1,https://apps.bea.gov/regional/zip/SAINC.zip
South Dakota,1974,3612.0,5313,current USD millions,BEA_SAINC1,https://apps.bea.gov/regional/zip/SAINC.zip
South Dakota,1975,3972.0,5829,current USD millions,BEA_SAINC1,https://apps.bea.gov/regional/zip/SAINC.zip
South Dakota,1976,3932.8,5726,current USD millions,BEA_SAINC1,https://apps.bea.gov/regional/zip/SAINC.zip
South Dakota,1977,4462.6,6477,current USD millions,BEA_SAINC1,https://apps.bea.gov/regional/zip/SAINC.zip
South Dakota,1978,5142.5,7460,current USD millions,BEA_SAINC1,https://apps.bea.gov/regional/zip/SAINC.zip
South Dakota,1979,5665.4,8222,current USD millions,BEA_SAINC1,https://apps.bea.gov/regional/zip/SAINC.zip
South Dakota,1980,5716.5,8275,current USD millions,BEA_SAINC1,https://apps.bea.gov/regional/zip/SAINC.zip
South Dakota,1981,6653.4,9648,current USD millions,BEA_SAINC1,https://apps.bea.gov/regional/zip/SAINC.zip
South Dakota,1982,7011.8,10153,current USD millions,BEA_SAINC1,https://apps.bea.gov/regional/zip/SAINC.zip
South Dakota,1983,7277.1,10501,current USD millions,BEA_SAINC1,https://apps.bea.gov/regional/zip/SAINC.zip
South Dakota,1984,8268.3,11858,current USD millions,BEA_SAINC1,https://apps.bea.gov/regional/zip/SAINC.zip
South Dakota,1985,8481.2,12144,current USD millions,BEA_SAINC1,https://apps.bea.gov/regional/zip/SAINC.zip
South Dakota,1986,8847.0,12711,current USD millions,BEA_SAINC1,https://apps.bea.gov/regional/zip/SAINC.zip
South Dakota,1987,9303.5,13366,current USD millions,BEA_SAINC1,https://apps.bea.gov/regional/zip/SAINC.zip
South Dakota,1988,9740.4,13952,current USD millions,BEA_SAINC1,https://apps.bea.gov/regional/zip/SAINC.zip
South Dakota,1989,10481.3,15044,current USD millions,BEA_SAINC1,https://apps.bea.gov/regional/zip/SAINC.zip
South Dakota,1990,11483.9,16474,current USD millions,BEA_SAINC1,https://apps.bea.gov/regional/zip/SAINC.zip
South Dakota,1991,11982.0,17028,current USD millions,BEA_SAINC1,https://apps.bea.gov/regional/zip/SAINC.zip
South Dakota,1992,12935.1,18147,current USD millions,BEA_SAINC1,https://apps.bea.gov/regional/zip/SAINC.zip
South Dakota,1993,13520.2,18722,current USD millions,BEA_SAINC1,https://apps.bea.gov/regional/zip/SAINC.zip
South Dakota,1994,14573.9,19943,current USD millions,BEA_SAINC1,https://apps.bea.gov/regional/zip/SAINC.zip
South Dakota,1995,14864.8,20144,current USD millions,BEA_SAINC1,https://apps.bea.gov/regional/zip/SAINC.zip
South Dakota,1996,16415.5,22117,current USD millions,BEA_SAINC1,https://apps.bea.gov/regional/zip/SAINC.zip
South Dakota,1997,16797.7,22571,current USD millions,BEA_SAINC1,https://apps.bea.gov/regional/zip/SAINC.zip
South Dakota,1998,18102.9,24265,current USD millions,BEA_SAINC1,https://apps.bea.gov/regional/zip/SAINC.zip
South Dakota,1999,18948.9,25251,current USD millions,BEA_SAINC1,https://apps.bea.gov/regional/zip/SAINC.zip
South Dakota,2000,20201.2,26727,current USD millions,BEA_SAINC1,https://apps.bea.gov/regional/zip/SAINC.zip
South Dakota,2001,20892.2,27563,current USD millions,BEA_SAINC1,https://apps.bea.gov/regional/zip/SAINC.zip
South Dakota,2002,20898.5,27497,current USD millions,BEA_SAINC1,https://apps.bea.gov/regional/zip/SAINC.zip
South Dakota,2003,22822.7,29883,current USD millions,BEA_SAINC1,https://apps.bea.gov/regional/zip/SAINC.zip
South Dakota,2004,24553.2,31871,current USD millions,BEA_SAINC1,https://apps.bea.gov/regional/zip/SAINC.zip
South Dakota,2005,26005.4,33534,current USD millions,BEA_SAINC1,https://apps.bea.gov/regional/zip/SAINC.zip
South Dakota,2006,27393.1,34983,current USD millions,BEA_SAINC1,https://apps.bea.gov/regional/zip/SAINC.zip
South Dakota,2007,30342.5,38330,current USD millions,BEA_SAINC1,https://apps.bea.gov/regional/zip/SAINC.zip
South Dakota,2008,32676.8,40891,current USD millions,BEA_SAINC1,https://apps.bea.gov/regional/zip/SAINC.zip
South Dakota,2009,31827.1,39435,current USD millions,BEA_SAINC1,https://apps.bea.gov/regional/zip/SAINC.zip
South Dakota,2010,33682.9,41275,current USD millions,BEA_SAINC1,https://apps.bea.gov/regional/zip/SAINC.zip
South Dakota,2011,36655.0,44532,current USD millions,BEA_SAINC1,https://apps.bea.gov/regional/zip/SAINC.zip
South Dakota,2012,37469.6,44996,current USD millions,BEA_SAINC1,https://apps.bea.gov/regional/zip/SAINC.zip
South Dakota,2013,37840.2,44988,current USD millions,BEA_SAINC1,https://apps.bea.gov/regional/zip/SAINC.zip
South Dakota,2014,39607.1,46732,current USD millions,BEA_SAINC1,https://apps.bea.gov/regional/zip/SAINC.zip
South Dakota,2015,41160.1,48308,current USD millions,BEA_SAINC1,https://apps.bea.gov/regional/zip/SAINC.zip
South Dakota,2016,41551.5,48284,current USD millions,BEA_SAINC1,https://apps.bea.gov/regional/zip/SAINC.zip
South Dakota,2017,42989.3,49408,current USD millions,BEA_SAINC1,https://apps.bea.gov/regional/zip/SAINC.zip
South Dakota,2018,45144.0,51579,current USD millions,BEA_SAINC1,https://apps.bea.gov/regional/zip/SAINC.zip
South Dakota,2019,48013.9,54408,current USD millions,BEA_SAINC1,https://apps.bea.gov/regional/zip/SAINC.zip
South Dakota,2020,52908.8,59595,current USD millions,BEA_SAINC1,https://apps.bea.gov/regional/zip/SAINC.zip
South Dakota,2021,60221.0,67188,current USD millions,BEA_SAINC1,https://apps.bea.gov/regional/zip/SAINC.zip
South Dakota,2022,63454.7,69795,current USD millions,BEA_SAINC1,https://apps.bea.gov/regional/zip/SAINC.zip
South Dakota,2023,68097.0,74201,current USD millions,BEA_SAINC1,https://apps.bea.gov/regional/zip/SAINC.zip
South Dakota,2024,69996.3,75499,current USD millions,BEA_SAINC1,https://apps.bea.gov/regional/zip/SAINC.zip
South Dakota,2025,74150.0,79297,current USD millions,BEA_SAINC1,https://apps.bea.gov/regional/zip/SAINC.zip
Tennessee,1929,971.2,373,current USD millions,BEA_SAINC1,https://apps.bea.gov/regional/zip/SAINC.zip
Tennessee,1930,841.9,321,current USD millions,BEA_SAINC1,https://apps.bea.gov/regional/zip/SAINC.zip
Tennessee,1931,724.9,273,current USD millions,BEA_SAINC1,https://apps.bea.gov/regional/zip/SAINC.zip
Tennessee,1932,526.2,194,current USD millions,BEA_SAINC1,https://apps.bea.gov/regional/zip/SAINC.zip
Tennessee,1933,552.6,201,current USD millions,BEA_SAINC1,https://apps.bea.gov/regional/zip/SAINC.zip
Tennessee,1934,674.5,242,current USD millions,BEA_SAINC1,https://apps.bea.gov/regional/zip/SAINC.zip
Tennessee,1935,735.1,263,current USD millions,BEA_SAINC1,https://apps.bea.gov/regional/zip/SAINC.zip
Tennessee,1936,844.4,303,current USD millions,BEA_SAINC1,https://apps.bea.gov/regional/zip/SAINC.zip
Tennessee,1937,927.9,332,current USD millions,BEA_SAINC1,https://apps.bea.gov/regional/zip/SAINC.zip
Tennessee,1938,840.9,298,current USD millions,BEA_SAINC1,https://apps.bea.gov/regional/zip/SAINC.zip
Tennessee,1939,891.1,310,current USD millions,BEA_SAINC1,https://apps.bea.gov/regional/zip/SAINC.zip
Tennessee,1940,994.8,339,current USD millions,BEA_SAINC1,https://apps.bea.gov/regional/zip/SAINC.zip
Tennessee,1941,1311.2,441,current USD millions,BEA_SAINC1,https://apps.bea.gov/regional/zip/SAINC.zip
Tennessee,1942,1684.7,570,current USD millions,BEA_SAINC1,https://apps.bea.gov/regional/zip/SAINC.zip
Tennessee,1943,2189.4,745,current USD millions,BEA_SAINC1,https://apps.bea.gov/regional/zip/SAINC.zip
Tennessee,1944,2528.3,879,current USD millions,BEA_SAINC1,https://apps.bea.gov/regional/zip/SAINC.zip
Tennessee,1945,2662.4,926,current USD millions,BEA_SAINC1,https://apps.bea.gov/regional/zip/SAINC.zip
Tennessee,1946,2708.3,880,current USD millions,BEA_SAINC1,https://apps.bea.gov/regional/zip/SAINC.zip
Tennessee,1947,2839.5,896,current USD millions,BEA_SAINC1,https://apps.bea.gov/regional/zip/SAINC.zip
Tennessee,1948,3118.1,970,current USD millions,BEA_SAINC1,https://apps.bea.gov/regional/zip/SAINC.zip
Tennessee,1949,3104.1,959,current USD millions,BEA_SAINC1,https://apps.bea.gov/regional/zip/SAINC.zip
Tennessee,1950,3448.3,1040,current USD millions,BEA_SAINC1,https://apps.bea.gov/regional/zip/SAINC.zip
Tennessee,1951,3844.1,1140,current USD millions,BEA_SAINC1,https://apps.bea.gov/regional/zip/SAINC.zip
Tennessee,1952,4021.5,1200,current USD millions,BEA_SAINC1,https://apps.bea.gov/regional/zip/SAINC.zip
Tennessee,1953,4313.6,1300,current USD millions,BEA_SAINC1,https://apps.bea.gov/regional/zip/SAINC.zip
Tennessee,1954,4368.1,1300,current USD millions,BEA_SAINC1,https://apps.bea.gov/regional/zip/SAINC.zip
Tennessee,1955,4612.1,1351,current USD millions,BEA_SAINC1,https://apps.bea.gov/regional/zip/SAINC.zip
Tennessee,1956,4945.7,1448,current USD millions,BEA_SAINC1,https://apps.bea.gov/regional/zip/SAINC.zip
Tennessee,1957,5175.1,1507,current USD millions,BEA_SAINC1,https://apps.bea.gov/regional/zip/SAINC.zip
Tennessee,1958,5389.6,1553,current USD millions,BEA_SAINC1,https://apps.bea.gov/regional/zip/SAINC.zip
Tennessee,1959,5775.7,1640,current USD millions,BEA_SAINC1,https://apps.bea.gov/regional/zip/SAINC.zip
Tennessee,1960,5931.0,1659,current USD millions,BEA_SAINC1,https://apps.bea.gov/regional/zip/SAINC.zip
Tennessee,1961,6277.8,1733,current USD millions,BEA_SAINC1,https://apps.bea.gov/regional/zip/SAINC.zip
Tennessee,1962,6667.6,1815,current USD millions,BEA_SAINC1,https://apps.bea.gov/regional/zip/SAINC.zip
Tennessee,1963,7071.8,1902,current USD millions,BEA_SAINC1,https://apps.bea.gov/regional/zip/SAINC.zip
Tennessee,1964,7604.2,2016,current USD millions,BEA_SAINC1,https://apps.bea.gov/regional/zip/SAINC.zip
Tennessee,1965,8286.5,2182,current USD millions,BEA_SAINC1,https://apps.bea.gov/regional/zip/SAINC.zip
Tennessee,1966,9123.2,2387,current USD millions,BEA_SAINC1,https://apps.bea.gov/regional/zip/SAINC.zip
Tennessee,1967,9769.9,2532,current USD millions,BEA_SAINC1,https://apps.bea.gov/regional/zip/SAINC.zip
Tennessee,1968,10893.8,2809,current USD millions,BEA_SAINC1,https://apps.bea.gov/regional/zip/SAINC.zip
Tennessee,1969,11815.6,3032,current USD millions,BEA_SAINC1,https://apps.bea.gov/regional/zip/SAINC.zip
Tennessee,1970,12849.4,3264,current USD millions,BEA_SAINC1,https://apps.bea.gov/regional/zip/SAINC.zip
Tennessee,1971,14188.1,3538,current USD millions,BEA_SAINC1,https://apps.bea.gov/regional/zip/SAINC.zip
Tennessee,1972,15970.6,3906,current USD millions,BEA_SAINC1,https://apps.bea.gov/regional/zip/SAINC.zip
Tennessee,1973,18141.7,4384,current USD millions,BEA_SAINC1,https://apps.bea.gov/regional/zip/SAINC.zip
Tennessee,1974,20073.6,4778,current USD millions,BEA_SAINC1,https://apps.bea.gov/regional/zip/SAINC.zip
Tennessee,1975,21893.6,5138,current USD millions,BEA_SAINC1,https://apps.bea.gov/regional/zip/SAINC.zip
Tennessee,1976,24519.7,5664,current USD millions,BEA_SAINC1,https://apps.bea.gov/regional/zip/SAINC.zip
Tennessee,1977,27175.8,6174,current USD millions,BEA_SAINC1,https://apps.bea.gov/regional/zip/SAINC.zip
Tennessee,1978,30979.3,6943,current USD millions,BEA_SAINC1,https://apps.bea.gov/regional/zip/SAINC.zip
Tennessee,1979,34544.0,7620,current USD millions,BEA_SAINC1,https://apps.bea.gov/regional/zip/SAINC.zip
Tennessee,1980,38090.0,8280,current USD millions,BEA_SAINC1,https://apps.bea.gov/regional/zip/SAINC.zip
Tennessee,1981,42374.4,9157,current USD millions,BEA_SAINC1,https://apps.bea.gov/regional/zip/SAINC.zip
Tennessee,1982,45036.0,9693,current USD millions,BEA_SAINC1,https://apps.bea.gov/regional/zip/SAINC.zip
Tennessee,1983,48073.6,10317,current USD millions,BEA_SAINC1,https://apps.bea.gov/regional/zip/SAINC.zip
Tennessee,1984,53445.3,11403,current USD millions,BEA_SAINC1,https://apps.bea.gov/regional/zip/SAINC.zip
Tennessee,1985,57197.6,12130,current USD millions,BEA_SAINC1,https://apps.bea.gov/regional/zip/SAINC.zip
Tennessee,1986,61206.5,12916,current USD millions,BEA_SAINC1,https://apps.bea.gov/regional/zip/SAINC.zip
Tennessee,1987,65770.3,13751,current USD millions,BEA_SAINC1,https://apps.bea.gov/regional/zip/SAINC.zip
Tennessee,1988,71613.1,14850,current USD millions,BEA_SAINC1,https://apps.bea.gov/regional/zip/SAINC.zip
Tennessee,1989,76875.7,15836,current USD millions,BEA_SAINC1,https://apps.bea.gov/regional/zip/SAINC.zip
Tennessee,1990,81787.2,16710,current USD millions,BEA_SAINC1,https://apps.bea.gov/regional/zip/SAINC.zip
Tennessee,1991,86093.1,17334,current USD millions,BEA_SAINC1,https://apps.bea.gov/regional/zip/SAINC.zip
Tennessee,1992,94022.4,18619,current USD millions,BEA_SAINC1,https://apps.bea.gov/regional/zip/SAINC.zip
Tennessee,1993,100041.6,19472,current USD millions,BEA_SAINC1,https://apps.bea.gov/regional/zip/SAINC.zip
Tennessee,1994,106434.0,20345,current USD millions,BEA_SAINC1,https://apps.bea.gov/regional/zip/SAINC.zip
Tennessee,1995,114276.1,21452,current USD millions,BEA_SAINC1,https://apps.bea.gov/regional/zip/SAINC.zip
Tennessee,1996,120649.3,22274,current USD millions,BEA_SAINC1,https://apps.bea.gov/regional/zip/SAINC.zip
Tennessee,1997,127785.2,23237,current USD millions,BEA_SAINC1,https://apps.bea.gov/regional/zip/SAINC.zip
Tennessee,1998,139760.3,25091,current USD millions,BEA_SAINC1,https://apps.bea.gov/regional/zip/SAINC.zip
Tennessee,1999,145231.9,25756,current USD millions,BEA_SAINC1,https://apps.bea.gov/regional/zip/SAINC.zip
Tennessee,2000,153990.1,26998,current USD millions,BEA_SAINC1,https://apps.bea.gov/regional/zip/SAINC.zip
Tennessee,2001,158125.3,27496,current USD millions,BEA_SAINC1,https://apps.bea.gov/regional/zip/SAINC.zip
Tennessee,2002,162879.4,28102,current USD millions,BEA_SAINC1,https://apps.bea.gov/regional/zip/SAINC.zip
Tennessee,2003,169929.5,29059,current USD millions,BEA_SAINC1,https://apps.bea.gov/regional/zip/SAINC.zip
Tennessee,2004,179892.9,30435,current USD millions,BEA_SAINC1,https://apps.bea.gov/regional/zip/SAINC.zip
Tennessee,2005,188177.6,31410,current USD millions,BEA_SAINC1,https://apps.bea.gov/regional/zip/SAINC.zip
Tennessee,2006,200188.9,32878,current USD millions,BEA_SAINC1,https://apps.bea.gov/regional/zip/SAINC.zip
Tennessee,2007,209746.8,33963,current USD millions,BEA_SAINC1,https://apps.bea.gov/regional/zip/SAINC.zip
Tennessee,2008,218372.5,34954,current USD millions,BEA_SAINC1,https://apps.bea.gov/regional/zip/SAINC.zip
Tennessee,2009,217094.7,34427,current USD millions,BEA_SAINC1,https://apps.bea.gov/regional/zip/SAINC.zip
Tennessee,2010,227613.0,35809,current USD millions,BEA_SAINC1,https://apps.bea.gov/regional/zip/SAINC.zip
Tennessee,2011,241431.7,37696,current USD millions,BEA_SAINC1,https://apps.bea.gov/regional/zip/SAINC.zip
Tennessee,2012,252592.3,39079,current USD millions,BEA_SAINC1,https://apps.bea.gov/regional/zip/SAINC.zip
Tennessee,2013,254464.6,39099,current USD millions,BEA_SAINC1,https://apps.bea.gov/regional/zip/SAINC.zip
Tennessee,2014,263856.0,40225,current USD millions,BEA_SAINC1,https://apps.bea.gov/regional/zip/SAINC.zip
Tennessee,2015,277356.1,41937,current USD millions,BEA_SAINC1,https://apps.bea.gov/regional/zip/SAINC.zip
Tennessee,2016,286532.3,42938,current USD millions,BEA_SAINC1,https://apps.bea.gov/regional/zip/SAINC.zip
Tennessee,2017,299307.7,44407,current USD millions,BEA_SAINC1,https://apps.bea.gov/regional/zip/SAINC.zip
Tennessee,2018,316176.5,46449,current USD millions,BEA_SAINC1,https://apps.bea.gov/regional/zip/SAINC.zip
Tennessee,2019,335601.7,48903,current USD millions,BEA_SAINC1,https://apps.bea.gov/regional/zip/SAINC.zip
Tennessee,2020,360094.7,51979,current USD millions,BEA_SAINC1,https://apps.bea.gov/regional/zip/SAINC.zip
Tennessee,2021,402024.7,57707,current USD millions,BEA_SAINC1,https://apps.bea.gov/regional/zip/SAINC.zip
Tennessee,2022,417424.4,59097,current USD millions,BEA_SAINC1,https://apps.bea.gov/regional/zip/SAINC.zip
Tennessee,2023,453765.7,63437,current USD millions,BEA_SAINC1,https://apps.bea.gov/regional/zip/SAINC.zip
Tennessee,2024,480671.2,66288,current USD millions,BEA_SAINC1,https://apps.bea.gov/regional/zip/SAINC.zip
Tennessee,2025,505698.3,69131,current USD millions,BEA_SAINC1,https://apps.bea.gov/regional/zip/SAINC.zip
Texas,1929,2728.7,474,current USD millions,BEA_SAINC1,https://apps.bea.gov/regional/zip/SAINC.zip
Texas,1930,2381.2,407,current USD millions,BEA_SAINC1,https://apps.bea.gov/regional/zip/SAINC.zip
Texas,1931,2038.5,345,current USD millions,BEA_SAINC1,https://apps.bea.gov/regional/zip/SAINC.zip
Texas,1932,1560.7,262,current USD millions,BEA_SAINC1,https://apps.bea.gov/regional/zip/SAINC.zip
Texas,1933,1530.0,254,current USD millions,BEA_SAINC1,https://apps.bea.gov/regional/zip/SAINC.zip
Texas,1934,1763.9,291,current USD millions,BEA_SAINC1,https://apps.bea.gov/regional/zip/SAINC.zip
Texas,1935,1989.8,325,current USD millions,BEA_SAINC1,https://apps.bea.gov/regional/zip/SAINC.zip
Texas,1936,2301.7,372,current USD millions,BEA_SAINC1,https://apps.bea.gov/regional/zip/SAINC.zip
Texas,1937,2613.6,418,current USD millions,BEA_SAINC1,https://apps.bea.gov/regional/zip/SAINC.zip
Texas,1938,2545.6,404,current USD millions,BEA_SAINC1,https://apps.bea.gov/regional/zip/SAINC.zip
Texas,1939,2653.3,417,current USD millions,BEA_SAINC1,https://apps.bea.gov/regional/zip/SAINC.zip
Texas,1940,2817.3,438,current USD millions,BEA_SAINC1,https://apps.bea.gov/regional/zip/SAINC.zip
Texas,1941,3553.7,539,current USD millions,BEA_SAINC1,https://apps.bea.gov/regional/zip/SAINC.zip
Texas,1942,5023.5,742,current USD millions,BEA_SAINC1,https://apps.bea.gov/regional/zip/SAINC.zip
Texas,1943,6739.0,970,current USD millions,BEA_SAINC1,https://apps.bea.gov/regional/zip/SAINC.zip
Texas,1944,7329.1,1068,current USD millions,BEA_SAINC1,https://apps.bea.gov/regional/zip/SAINC.zip
Texas,1945,7380.7,1082,current USD millions,BEA_SAINC1,https://apps.bea.gov/regional/zip/SAINC.zip
Texas,1946,7637.2,1061,current USD millions,BEA_SAINC1,https://apps.bea.gov/regional/zip/SAINC.zip
Texas,1947,8518.1,1154,current USD millions,BEA_SAINC1,https://apps.bea.gov/regional/zip/SAINC.zip
Texas,1948,9312.5,1221,current USD millions,BEA_SAINC1,https://apps.bea.gov/regional/zip/SAINC.zip
Texas,1949,10054.4,1319,current USD millions,BEA_SAINC1,https://apps.bea.gov/regional/zip/SAINC.zip
Texas,1950,10827.6,1392,current USD millions,BEA_SAINC1,https://apps.bea.gov/regional/zip/SAINC.zip
Texas,1951,12357.8,1524,current USD millions,BEA_SAINC1,https://apps.bea.gov/regional/zip/SAINC.zip
Texas,1952,13356.1,1606,current USD millions,BEA_SAINC1,https://apps.bea.gov/regional/zip/SAINC.zip
Texas,1953,13679.2,1641,current USD millions,BEA_SAINC1,https://apps.bea.gov/regional/zip/SAINC.zip
Texas,1954,14086.2,1681,current USD millions,BEA_SAINC1,https://apps.bea.gov/regional/zip/SAINC.zip
Texas,1955,15169.9,1752,current USD millions,BEA_SAINC1,https://apps.bea.gov/regional/zip/SAINC.zip
Texas,1956,16223.5,1837,current USD millions,BEA_SAINC1,https://apps.bea.gov/regional/zip/SAINC.zip
Texas,1957,17355.1,1913,current USD millions,BEA_SAINC1,https://apps.bea.gov/regional/zip/SAINC.zip
Texas,1958,17896.0,1934,current USD millions,BEA_SAINC1,https://apps.bea.gov/regional/zip/SAINC.zip
Texas,1959,18929.4,2013,current USD millions,BEA_SAINC1,https://apps.bea.gov/regional/zip/SAINC.zip
Texas,1960,19437.8,2020,current USD millions,BEA_SAINC1,https://apps.bea.gov/regional/zip/SAINC.zip
Texas,1961,20546.0,2092,current USD millions,BEA_SAINC1,https://apps.bea.gov/regional/zip/SAINC.zip
Texas,1962,21582.3,2147,current USD millions,BEA_SAINC1,https://apps.bea.gov/regional/zip/SAINC.zip
Texas,1963,22539.1,2219,current USD millions,BEA_SAINC1,https://apps.bea.gov/regional/zip/SAINC.zip
Texas,1964,24171.3,2354,current USD millions,BEA_SAINC1,https://apps.bea.gov/regional/zip/SAINC.zip
Texas,1965,26016.7,2507,current USD millions,BEA_SAINC1,https://apps.bea.gov/regional/zip/SAINC.zip
Texas,1966,28468.5,2713,current USD millions,BEA_SAINC1,https://apps.bea.gov/regional/zip/SAINC.zip
Texas,1967,31101.0,2934,current USD millions,BEA_SAINC1,https://apps.bea.gov/regional/zip/SAINC.zip
Texas,1968,34653.9,3203,current USD millions,BEA_SAINC1,https://apps.bea.gov/regional/zip/SAINC.zip
Texas,1969,38575.0,3493,current USD millions,BEA_SAINC1,https://apps.bea.gov/regional/zip/SAINC.zip
Texas,1970,42497.0,3782,current USD millions,BEA_SAINC1,https://apps.bea.gov/regional/zip/SAINC.zip
Texas,1971,46116.2,4007,current USD millions,BEA_SAINC1,https://apps.bea.gov/regional/zip/SAINC.zip
Texas,1972,51173.4,4352,current USD millions,BEA_SAINC1,https://apps.bea.gov/regional/zip/SAINC.zip
Texas,1973,58113.0,4835,current USD millions,BEA_SAINC1,https://apps.bea.gov/regional/zip/SAINC.zip
Texas,1974,65532.3,5342,current USD millions,BEA_SAINC1,https://apps.bea.gov/regional/zip/SAINC.zip
Texas,1975,74746.7,5947,current USD millions,BEA_SAINC1,https://apps.bea.gov/regional/zip/SAINC.zip
Texas,1976,84227.6,6528,current USD millions,BEA_SAINC1,https://apps.bea.gov/regional/zip/SAINC.zip
Texas,1977,93978.6,7124,current USD millions,BEA_SAINC1,https://apps.bea.gov/regional/zip/SAINC.zip
Texas,1978,108293.3,8023,current USD millions,BEA_SAINC1,https://apps.bea.gov/regional/zip/SAINC.zip
Texas,1979,124674.9,8978,current USD millions,BEA_SAINC1,https://apps.bea.gov/regional/zip/SAINC.zip
Texas,1980,143179.4,9986,current USD millions,BEA_SAINC1,https://apps.bea.gov/regional/zip/SAINC.zip
Texas,1981,168206.0,11407,current USD millions,BEA_SAINC1,https://apps.bea.gov/regional/zip/SAINC.zip
Texas,1982,185427.4,12095,current USD millions,BEA_SAINC1,https://apps.bea.gov/regional/zip/SAINC.zip
Texas,1983,198102.2,12577,current USD millions,BEA_SAINC1,https://apps.bea.gov/regional/zip/SAINC.zip
Texas,1984,216621.1,13533,current USD millions,BEA_SAINC1,https://apps.bea.gov/regional/zip/SAINC.zip
Texas,1985,233449.0,14346,current USD millions,BEA_SAINC1,https://apps.bea.gov/regional/zip/SAINC.zip
Texas,1986,238841.0,14422,current USD millions,BEA_SAINC1,https://apps.bea.gov/regional/zip/SAINC.zip
Texas,1987,242766.1,14605,current USD millions,BEA_SAINC1,https://apps.bea.gov/regional/zip/SAINC.zip
Texas,1988,258008.1,15480,current USD millions,BEA_SAINC1,https://apps.bea.gov/regional/zip/SAINC.zip
Texas,1989,275613.3,16399,current USD millions,BEA_SAINC1,https://apps.bea.gov/regional/zip/SAINC.zip
Texas,1990,297664.4,17451,current USD millions,BEA_SAINC1,https://apps.bea.gov/regional/zip/SAINC.zip
Texas,1991,311648.5,17913,current USD millions,BEA_SAINC1,https://apps.bea.gov/regional/zip/SAINC.zip
Texas,1992,336384.6,18941,current USD millions,BEA_SAINC1,https://apps.bea.gov/regional/zip/SAINC.zip
Texas,1993,356047.5,19604,current USD millions,BEA_SAINC1,https://apps.bea.gov/regional/zip/SAINC.zip
Texas,1994,376212.5,20266,current USD millions,BEA_SAINC1,https://apps.bea.gov/regional/zip/SAINC.zip
Texas,1995,402352.7,21223,current USD millions,BEA_SAINC1,https://apps.bea.gov/regional/zip/SAINC.zip
Texas,1996,432484.5,22362,current USD millions,BEA_SAINC1,https://apps.bea.gov/regional/zip/SAINC.zip
Texas,1997,472267.8,23924,current USD millions,BEA_SAINC1,https://apps.bea.gov/regional/zip/SAINC.zip
Texas,1998,514882.6,25543,current USD millions,BEA_SAINC1,https://apps.bea.gov/regional/zip/SAINC.zip
Texas,1999,543797.6,26452,current USD millions,BEA_SAINC1,https://apps.bea.gov/regional/zip/SAINC.zip
Texas,2000,591738.3,28253,current USD millions,BEA_SAINC1,https://apps.bea.gov/regional/zip/SAINC.zip
Texas,2001,631080.2,29601,current USD millions,BEA_SAINC1,https://apps.bea.gov/regional/zip/SAINC.zip
Texas,2002,639443.1,29481,current USD millions,BEA_SAINC1,https://apps.bea.gov/regional/zip/SAINC.zip
Texas,2003,664814.9,30176,current USD millions,BEA_SAINC1,https://apps.bea.gov/regional/zip/SAINC.zip
Texas,2004,696381.3,31097,current USD millions,BEA_SAINC1,https://apps.bea.gov/regional/zip/SAINC.zip
Texas,2005,754775.9,33136,current USD millions,BEA_SAINC1,https://apps.bea.gov/regional/zip/SAINC.zip
Texas,2006,827439.7,35422,current USD millions,BEA_SAINC1,https://apps.bea.gov/regional/zip/SAINC.zip
Texas,2007,878902.4,36879,current USD millions,BEA_SAINC1,https://apps.bea.gov/regional/zip/SAINC.zip
Texas,2008,968499.3,39841,current USD millions,BEA_SAINC1,https://apps.bea.gov/regional/zip/SAINC.zip
Texas,2009,923470.7,37234,current USD millions,BEA_SAINC1,https://apps.bea.gov/regional/zip/SAINC.zip
Texas,2010,982052.8,38911,current USD millions,BEA_SAINC1,https://apps.bea.gov/regional/zip/SAINC.zip
Texas,2011,1074858.0,41941,current USD millions,BEA_SAINC1,https://apps.bea.gov/regional/zip/SAINC.zip
Texas,2012,1142887.5,43869,current USD millions,BEA_SAINC1,https://apps.bea.gov/regional/zip/SAINC.zip
Texas,2013,1173747.4,44403,current USD millions,BEA_SAINC1,https://apps.bea.gov/regional/zip/SAINC.zip
Texas,2014,1257639.6,46747,current USD millions,BEA_SAINC1,https://apps.bea.gov/regional/zip/SAINC.zip
Texas,2015,1281170.1,46767,current USD millions,BEA_SAINC1,https://apps.bea.gov/regional/zip/SAINC.zip
Texas,2016,1276330.6,45868,current USD millions,BEA_SAINC1,https://apps.bea.gov/regional/zip/SAINC.zip
Texas,2017,1367826.0,48524,current USD millions,BEA_SAINC1,https://apps.bea.gov/regional/zip/SAINC.zip
Texas,2018,1463789.8,51346,current USD millions,BEA_SAINC1,https://apps.bea.gov/regional/zip/SAINC.zip
Texas,2019,1537205.7,53271,current USD millions,BEA_SAINC1,https://apps.bea.gov/regional/zip/SAINC.zip
Texas,2020,1602962.6,54825,current USD millions,BEA_SAINC1,https://apps.bea.gov/regional/zip/SAINC.zip
Texas,2021,1786060.9,60396,current USD millions,BEA_SAINC1,https://apps.bea.gov/regional/zip/SAINC.zip
Texas,2022,1920254.6,63758,current USD millions,BEA_SAINC1,https://apps.bea.gov/regional/zip/SAINC.zip
Texas,2023,2074225.2,67522,current USD millions,BEA_SAINC1,https://apps.bea.gov/regional/zip/SAINC.zip
Texas,2024,2184833.3,69762,current USD millions,BEA_SAINC1,https://apps.bea.gov/regional/zip/SAINC.zip
Texas,2025,2294646.6,72364,current USD millions,BEA_SAINC1,https://apps.bea.gov/regional/zip/SAINC.zip
United States,1929,85151.0,699,current USD millions,BEA_SAINC1,https://apps.bea.gov/regional/zip/SAINC.zip
United States,1930,76394.0,621,current USD millions,BEA_SAINC1,https://apps.bea.gov/regional/zip/SAINC.zip
United States,1931,65531.0,528,current USD millions,BEA_SAINC1,https://apps.bea.gov/regional/zip/SAINC.zip
United States,1932,50162.0,402,current USD millions,BEA_SAINC1,https://apps.bea.gov/regional/zip/SAINC.zip
United States,1933,47114.0,375,current USD millions,BEA_SAINC1,https://apps.bea.gov/regional/zip/SAINC.zip
United States,1934,53967.0,427,current USD millions,BEA_SAINC1,https://apps.bea.gov/regional/zip/SAINC.zip
United States,1935,60704.0,477,current USD millions,BEA_SAINC1,https://apps.bea.gov/regional/zip/SAINC.zip
United States,1936,69063.0,539,current USD millions,BEA_SAINC1,https://apps.bea.gov/regional/zip/SAINC.zip
United States,1937,74556.0,579,current USD millions,BEA_SAINC1,https://apps.bea.gov/regional/zip/SAINC.zip
United States,1938,68924.0,531,current USD millions,BEA_SAINC1,https://apps.bea.gov/regional/zip/SAINC.zip
United States,1939,73456.0,561,current USD millions,BEA_SAINC1,https://apps.bea.gov/regional/zip/SAINC.zip
United States,1940,79178.0,600,current USD millions,BEA_SAINC1,https://apps.bea.gov/regional/zip/SAINC.zip
United States,1941,97407.0,730,current USD millions,BEA_SAINC1,https://apps.bea.gov/regional/zip/SAINC.zip
United States,1942,125269.0,930,current USD millions,BEA_SAINC1,https://apps.bea.gov/regional/zip/SAINC.zip
United States,1943,152637.0,1133,current USD millions,BEA_SAINC1,https://apps.bea.gov/regional/zip/SAINC.zip
United States,1944,163275.0,1218,current USD millions,BEA_SAINC1,https://apps.bea.gov/regional/zip/SAINC.zip
United States,1945,168186.0,1261,current USD millions,BEA_SAINC1,https://apps.bea.gov/regional/zip/SAINC.zip
United States,1946,179710.0,1278,current USD millions,BEA_SAINC1,https://apps.bea.gov/regional/zip/SAINC.zip
United States,1947,192525.0,1340,current USD millions,BEA_SAINC1,https://apps.bea.gov/regional/zip/SAINC.zip
United States,1948,211495.0,1448,current USD millions,BEA_SAINC1,https://apps.bea.gov/regional/zip/SAINC.zip
United States,1949,209009.0,1406,current USD millions,BEA_SAINC1,https://apps.bea.gov/regional/zip/SAINC.zip
United States,1950,232835.6,1533,current USD millions,BEA_SAINC1,https://apps.bea.gov/regional/zip/SAINC.zip
United States,1951,262330.7,1704,current USD millions,BEA_SAINC1,https://apps.bea.gov/regional/zip/SAINC.zip
United States,1952,280335.8,1793,current USD millions,BEA_SAINC1,https://apps.bea.gov/regional/zip/SAINC.zip
United States,1953,297142.9,1869,current USD millions,BEA_SAINC1,https://apps.bea.gov/regional/zip/SAINC.zip
United States,1954,300302.0,1855,current USD millions,BEA_SAINC1,https://apps.bea.gov/regional/zip/SAINC.zip
United States,1955,322134.3,1952,current USD millions,BEA_SAINC1,https://apps.bea.gov/regional/zip/SAINC.zip
United States,1956,346083.5,2059,current USD millions,BEA_SAINC1,https://apps.bea.gov/regional/zip/SAINC.zip
United States,1957,366021.2,2138,current USD millions,BEA_SAINC1,https://apps.bea.gov/regional/zip/SAINC.zip
United States,1958,376151.3,2160,current USD millions,BEA_SAINC1,https://apps.bea.gov/regional/zip/SAINC.zip
United States,1959,400328.8,2260,current USD millions,BEA_SAINC1,https://apps.bea.gov/regional/zip/SAINC.zip
United States,1960,417700.0,2321,current USD millions,BEA_SAINC1,https://apps.bea.gov/regional/zip/SAINC.zip
United States,1961,436047.0,2383,current USD millions,BEA_SAINC1,https://apps.bea.gov/regional/zip/SAINC.zip
United States,1962,464000.0,2498,current USD millions,BEA_SAINC1,https://apps.bea.gov/regional/zip/SAINC.zip
United States,1963,487780.0,2589,current USD millions,BEA_SAINC1,https://apps.bea.gov/regional/zip/SAINC.zip
United States,1964,522633.0,2735,current USD millions,BEA_SAINC1,https://apps.bea.gov/regional/zip/SAINC.zip
United States,1965,564444.0,2918,current USD millions,BEA_SAINC1,https://apps.bea.gov/regional/zip/SAINC.zip
United States,1966,612713.0,3134,current USD millions,BEA_SAINC1,https://apps.bea.gov/regional/zip/SAINC.zip
United States,1967,656828.0,3328,current USD millions,BEA_SAINC1,https://apps.bea.gov/regional/zip/SAINC.zip
United States,1968,720877.0,3617,current USD millions,BEA_SAINC1,https://apps.bea.gov/regional/zip/SAINC.zip
United States,1969,791229.0,3931,current USD millions,BEA_SAINC1,https://apps.bea.gov/regional/zip/SAINC.zip
United States,1970,855525.0,4198,current USD millions,BEA_SAINC1,https://apps.bea.gov/regional/zip/SAINC.zip
United States,1971,924613.0,4471,current USD millions,BEA_SAINC1,https://apps.bea.gov/regional/zip/SAINC.zip
United States,1972,1016408.0,4857,current USD millions,BEA_SAINC1,https://apps.bea.gov/regional/zip/SAINC.zip
United States,1973,1133468.0,5363,current USD millions,BEA_SAINC1,https://apps.bea.gov/regional/zip/SAINC.zip
United States,1974,1244912.0,5836,current USD millions,BEA_SAINC1,https://apps.bea.gov/regional/zip/SAINC.zip
United States,1975,1362505.0,6324,current USD millions,BEA_SAINC1,https://apps.bea.gov/regional/zip/SAINC.zip
United States,1976,1495704.0,6875,current USD millions,BEA_SAINC1,https://apps.bea.gov/regional/zip/SAINC.zip
United States,1977,1651632.0,7516,current USD millions,BEA_SAINC1,https://apps.bea.gov/regional/zip/SAINC.zip
United States,1978,1855849.0,8356,current USD millions,BEA_SAINC1,https://apps.bea.gov/regional/zip/SAINC.zip
United States,1979,2073296.0,9232,current USD millions,BEA_SAINC1,https://apps.bea.gov/regional/zip/SAINC.zip
United States,1980,2313972.0,10184,current USD millions,BEA_SAINC1,https://apps.bea.gov/regional/zip/SAINC.zip
United States,1981,2590995.0,11291,current USD millions,BEA_SAINC1,https://apps.bea.gov/regional/zip/SAINC.zip
United States,1982,2777640.0,11990,current USD millions,BEA_SAINC1,https://apps.bea.gov/regional/zip/SAINC.zip
United States,1983,2969333.0,12701,current USD millions,BEA_SAINC1,https://apps.bea.gov/regional/zip/SAINC.zip
United States,1984,3275415.0,13889,current USD millions,BEA_SAINC1,https://apps.bea.gov/regional/zip/SAINC.zip
United States,1985,3508482.0,14746,current USD millions,BEA_SAINC1,https://apps.bea.gov/regional/zip/SAINC.zip
United States,1986,3717756.0,15482,current USD millions,BEA_SAINC1,https://apps.bea.gov/regional/zip/SAINC.zip
United States,1987,3931800.0,16228,current USD millions,BEA_SAINC1,https://apps.bea.gov/regional/zip/SAINC.zip
United States,1988,4264433.0,17442,current USD millions,BEA_SAINC1,https://apps.bea.gov/regional/zip/SAINC.zip
United States,1989,4605107.0,18658,current USD millions,BEA_SAINC1,https://apps.bea.gov/regional/zip/SAINC.zip
United States,1990,4897332.0,19619,current USD millions,BEA_SAINC1,https://apps.bea.gov/regional/zip/SAINC.zip
United States,1991,5072291.0,20050,current USD millions,BEA_SAINC1,https://apps.bea.gov/regional/zip/SAINC.zip
United States,1992,5406546.0,21077,current USD millions,BEA_SAINC1,https://apps.bea.gov/regional/zip/SAINC.zip
United States,1993,5643648.0,21713,current USD millions,BEA_SAINC1,https://apps.bea.gov/regional/zip/SAINC.zip
United States,1994,5933938.0,22552,current USD millions,BEA_SAINC1,https://apps.bea.gov/regional/zip/SAINC.zip
United States,1995,6278125.0,23577,current USD millions,BEA_SAINC1,https://apps.bea.gov/regional/zip/SAINC.zip
United States,1996,6660854.0,24725,current USD millions,BEA_SAINC1,https://apps.bea.gov/regional/zip/SAINC.zip
United States,1997,7068422.0,25925,current USD millions,BEA_SAINC1,https://apps.bea.gov/regional/zip/SAINC.zip
United States,1998,7584003.0,27493,current USD millions,BEA_SAINC1,https://apps.bea.gov/regional/zip/SAINC.zip
United States,1999,7978449.0,28592,current USD millions,BEA_SAINC1,https://apps.bea.gov/regional/zip/SAINC.zip
United States,2000,8620234.0,30551,current USD millions,BEA_SAINC1,https://apps.bea.gov/regional/zip/SAINC.zip
United States,2001,8990104.0,31548,current USD millions,BEA_SAINC1,https://apps.bea.gov/regional/zip/SAINC.zip
United States,2002,9146700.0,31801,current USD millions,BEA_SAINC1,https://apps.bea.gov/regional/zip/SAINC.zip
United States,2003,9474684.0,32659,current USD millions,BEA_SAINC1,https://apps.bea.gov/regional/zip/SAINC.zip
United States,2004,10008929.0,34183,current USD millions,BEA_SAINC1,https://apps.bea.gov/regional/zip/SAINC.zip
United States,2005,10540800.0,35669,current USD millions,BEA_SAINC1,https://apps.bea.gov/regional/zip/SAINC.zip
United States,2006,11291446.0,37843,current USD millions,BEA_SAINC1,https://apps.bea.gov/regional/zip/SAINC.zip
United States,2007,11925044.0,39588,current USD millions,BEA_SAINC1,https://apps.bea.gov/regional/zip/SAINC.zip
United States,2008,12423410.0,40854,current USD millions,BEA_SAINC1,https://apps.bea.gov/regional/zip/SAINC.zip
United States,2009,12058253.0,39307,current USD millions,BEA_SAINC1,https://apps.bea.gov/regional/zip/SAINC.zip
United States,2010,12547501.0,40557,current USD millions,BEA_SAINC1,https://apps.bea.gov/regional/zip/SAINC.zip
United States,2011,13299818.0,42650,current USD millions,BEA_SAINC1,https://apps.bea.gov/regional/zip/SAINC.zip
United States,2012,13905749.0,44238,current USD millions,BEA_SAINC1,https://apps.bea.gov/regional/zip/SAINC.zip
United States,2013,14063283.0,44402,current USD millions,BEA_SAINC1,https://apps.bea.gov/regional/zip/SAINC.zip
United States,2014,14778160.0,46289,current USD millions,BEA_SAINC1,https://apps.bea.gov/regional/zip/SAINC.zip
United States,2015,15467113.0,48062,current USD millions,BEA_SAINC1,https://apps.bea.gov/regional/zip/SAINC.zip
United States,2016,15884741.0,48974,current USD millions,BEA_SAINC1,https://apps.bea.gov/regional/zip/SAINC.zip
United States,2017,16658962.0,51006,current USD millions,BEA_SAINC1,https://apps.bea.gov/regional/zip/SAINC.zip
United States,2018,17514402.0,53311,current USD millions,BEA_SAINC1,https://apps.bea.gov/regional/zip/SAINC.zip
United States,2019,18349584.0,55567,current USD millions,BEA_SAINC1,https://apps.bea.gov/regional/zip/SAINC.zip
United States,2020,19613059.0,59151,current USD millions,BEA_SAINC1,https://apps.bea.gov/regional/zip/SAINC.zip
United States,2021,21484168.0,64692,current USD millions,BEA_SAINC1,https://apps.bea.gov/regional/zip/SAINC.zip
United States,2022,22144814.0,66303,current USD millions,BEA_SAINC1,https://apps.bea.gov/regional/zip/SAINC.zip
United States,2023,23577208.0,70013,current USD millions,BEA_SAINC1,https://apps.bea.gov/regional/zip/SAINC.zip
United States,2024,24897613.0,73227,current USD millions,BEA_SAINC1,https://apps.bea.gov/regional/zip/SAINC.zip
United States,2025,26109831.2,76393,current USD millions,BEA_SAINC1,https://apps.bea.gov/regional/zip/SAINC.zip
Utah,1929,278.2,548,current USD millions,BEA_SAINC1,https://apps.bea.gov/regional/zip/SAINC.zip
Utah,1930,251.6,494,current USD millions,BEA_SAINC1,https://apps.bea.gov/regional/zip/SAINC.zip
Utah,1931,190.8,372,current USD millions,BEA_SAINC1,https://apps.bea.gov/regional/zip/SAINC.zip
Utah,1932,157.4,304,current USD millions,BEA_SAINC1,https://apps.bea.gov/regional/zip/SAINC.zip
Utah,1933,154.6,297,current USD millions,BEA_SAINC1,https://apps.bea.gov/regional/zip/SAINC.zip
Utah,1934,163.9,314,current USD millions,BEA_SAINC1,https://apps.bea.gov/regional/zip/SAINC.zip
Utah,1935,205.5,391,current USD millions,BEA_SAINC1,https://apps.bea.gov/regional/zip/SAINC.zip
Utah,1936,243.8,463,current USD millions,BEA_SAINC1,https://apps.bea.gov/regional/zip/SAINC.zip
Utah,1937,236.5,447,current USD millions,BEA_SAINC1,https://apps.bea.gov/regional/zip/SAINC.zip
Utah,1938,238.4,446,current USD millions,BEA_SAINC1,https://apps.bea.gov/regional/zip/SAINC.zip
Utah,1939,249.5,460,current USD millions,BEA_SAINC1,https://apps.bea.gov/regional/zip/SAINC.zip
Utah,1940,267.0,484,current USD millions,BEA_SAINC1,https://apps.bea.gov/regional/zip/SAINC.zip
Utah,1941,330.8,600,current USD millions,BEA_SAINC1,https://apps.bea.gov/regional/zip/SAINC.zip
Utah,1942,527.7,907,current USD millions,BEA_SAINC1,https://apps.bea.gov/regional/zip/SAINC.zip
Utah,1943,730.1,1164,current USD millions,BEA_SAINC1,https://apps.bea.gov/regional/zip/SAINC.zip
Utah,1944,664.0,1078,current USD millions,BEA_SAINC1,https://apps.bea.gov/regional/zip/SAINC.zip
Utah,1945,686.9,1153,current USD millions,BEA_SAINC1,https://apps.bea.gov/regional/zip/SAINC.zip
Utah,1946,715.4,1121,current USD millions,BEA_SAINC1,https://apps.bea.gov/regional/zip/SAINC.zip
Utah,1947,760.8,1196,current USD millions,BEA_SAINC1,https://apps.bea.gov/regional/zip/SAINC.zip
Utah,1948,840.2,1287,current USD millions,BEA_SAINC1,https://apps.bea.gov/regional/zip/SAINC.zip
Utah,1949,869.3,1295,current USD millions,BEA_SAINC1,https://apps.bea.gov/regional/zip/SAINC.zip
Utah,1950,968.1,1391,current USD millions,BEA_SAINC1,https://apps.bea.gov/regional/zip/SAINC.zip
Utah,1951,1129.7,1600,current USD millions,BEA_SAINC1,https://apps.bea.gov/regional/zip/SAINC.zip
Utah,1952,1199.6,1657,current USD millions,BEA_SAINC1,https://apps.bea.gov/regional/zip/SAINC.zip
Utah,1953,1232.0,1667,current USD millions,BEA_SAINC1,https://apps.bea.gov/regional/zip/SAINC.zip
Utah,1954,1230.0,1640,current USD millions,BEA_SAINC1,https://apps.bea.gov/regional/zip/SAINC.zip
Utah,1955,1360.6,1738,current USD millions,BEA_SAINC1,https://apps.bea.gov/regional/zip/SAINC.zip
Utah,1956,1484.5,1835,current USD millions,BEA_SAINC1,https://apps.bea.gov/regional/zip/SAINC.zip
Utah,1957,1610.3,1950,current USD millions,BEA_SAINC1,https://apps.bea.gov/regional/zip/SAINC.zip
Utah,1958,1666.9,1973,current USD millions,BEA_SAINC1,https://apps.bea.gov/regional/zip/SAINC.zip
Utah,1959,1787.3,2054,current USD millions,BEA_SAINC1,https://apps.bea.gov/regional/zip/SAINC.zip
Utah,1960,1909.8,2122,current USD millions,BEA_SAINC1,https://apps.bea.gov/regional/zip/SAINC.zip
Utah,1961,2046.9,2187,current USD millions,BEA_SAINC1,https://apps.bea.gov/regional/zip/SAINC.zip
Utah,1962,2228.1,2326,current USD millions,BEA_SAINC1,https://apps.bea.gov/regional/zip/SAINC.zip
Utah,1963,2315.1,2377,current USD millions,BEA_SAINC1,https://apps.bea.gov/regional/zip/SAINC.zip
Utah,1964,2436.9,2492,current USD millions,BEA_SAINC1,https://apps.bea.gov/regional/zip/SAINC.zip
Utah,1965,2583.2,2599,current USD millions,BEA_SAINC1,https://apps.bea.gov/regional/zip/SAINC.zip
Utah,1966,2751.3,2727,current USD millions,BEA_SAINC1,https://apps.bea.gov/regional/zip/SAINC.zip
Utah,1967,2903.5,2849,current USD millions,BEA_SAINC1,https://apps.bea.gov/regional/zip/SAINC.zip
Utah,1968,3111.6,3024,current USD millions,BEA_SAINC1,https://apps.bea.gov/regional/zip/SAINC.zip
Utah,1969,3406.9,3254,current USD millions,BEA_SAINC1,https://apps.bea.gov/regional/zip/SAINC.zip
Utah,1970,3791.4,3558,current USD millions,BEA_SAINC1,https://apps.bea.gov/regional/zip/SAINC.zip
Utah,1971,4243.1,3855,current USD millions,BEA_SAINC1,https://apps.bea.gov/regional/zip/SAINC.zip
Utah,1972,4741.4,4179,current USD millions,BEA_SAINC1,https://apps.bea.gov/regional/zip/SAINC.zip
Utah,1973,5282.9,4520,current USD millions,BEA_SAINC1,https://apps.bea.gov/regional/zip/SAINC.zip
Utah,1974,5910.4,4930,current USD millions,BEA_SAINC1,https://apps.bea.gov/regional/zip/SAINC.zip
Utah,1975,6590.5,5341,current USD millions,BEA_SAINC1,https://apps.bea.gov/regional/zip/SAINC.zip
Utah,1976,7463.6,5866,current USD millions,BEA_SAINC1,https://apps.bea.gov/regional/zip/SAINC.zip
Utah,1977,8440.5,6412,current USD millions,BEA_SAINC1,https://apps.bea.gov/regional/zip/SAINC.zip
Utah,1978,9711.7,7119,current USD millions,BEA_SAINC1,https://apps.bea.gov/regional/zip/SAINC.zip
Utah,1979,10970.2,7747,current USD millions,BEA_SAINC1,https://apps.bea.gov/regional/zip/SAINC.zip
Utah,1980,12318.4,8365,current USD millions,BEA_SAINC1,https://apps.bea.gov/regional/zip/SAINC.zip
Utah,1981,13878.4,9158,current USD millions,BEA_SAINC1,https://apps.bea.gov/regional/zip/SAINC.zip
Utah,1982,15058.0,9663,current USD millions,BEA_SAINC1,https://apps.bea.gov/regional/zip/SAINC.zip
Utah,1983,16136.1,10117,current USD millions,BEA_SAINC1,https://apps.bea.gov/regional/zip/SAINC.zip
Utah,1984,17800.9,10972,current USD millions,BEA_SAINC1,https://apps.bea.gov/regional/zip/SAINC.zip
Utah,1985,19059.8,11601,current USD millions,BEA_SAINC1,https://apps.bea.gov/regional/zip/SAINC.zip
Utah,1986,20029.9,12046,current USD millions,BEA_SAINC1,https://apps.bea.gov/regional/zip/SAINC.zip
Utah,1987,20928.1,12471,current USD millions,BEA_SAINC1,https://apps.bea.gov/regional/zip/SAINC.zip
Utah,1988,22309.3,13206,current USD millions,BEA_SAINC1,https://apps.bea.gov/regional/zip/SAINC.zip
Utah,1989,23942.1,14035,current USD millions,BEA_SAINC1,https://apps.bea.gov/regional/zip/SAINC.zip
Utah,1990,25975.9,15004,current USD millions,BEA_SAINC1,https://apps.bea.gov/regional/zip/SAINC.zip
Utah,1991,27877.5,15663,current USD millions,BEA_SAINC1,https://apps.bea.gov/regional/zip/SAINC.zip
Utah,1992,30105.9,16390,current USD millions,BEA_SAINC1,https://apps.bea.gov/regional/zip/SAINC.zip
Utah,1993,32466.5,17102,current USD millions,BEA_SAINC1,https://apps.bea.gov/regional/zip/SAINC.zip
Utah,1994,35131.1,17920,current USD millions,BEA_SAINC1,https://apps.bea.gov/regional/zip/SAINC.zip
Utah,1995,38274.8,19003,current USD millions,BEA_SAINC1,https://apps.bea.gov/regional/zip/SAINC.zip
Utah,1996,41682.8,20156,current USD millions,BEA_SAINC1,https://apps.bea.gov/regional/zip/SAINC.zip
Utah,1997,45000.5,21229,current USD millions,BEA_SAINC1,https://apps.bea.gov/regional/zip/SAINC.zip
Utah,1998,48098.5,22207,current USD millions,BEA_SAINC1,https://apps.bea.gov/regional/zip/SAINC.zip
Utah,1999,50670.0,22995,current USD millions,BEA_SAINC1,https://apps.bea.gov/regional/zip/SAINC.zip
Utah,2000,54230.6,24162,current USD millions,BEA_SAINC1,https://apps.bea.gov/regional/zip/SAINC.zip
Utah,2001,56788.7,24867,current USD millions,BEA_SAINC1,https://apps.bea.gov/regional/zip/SAINC.zip
Utah,2002,58508.6,25167,current USD millions,BEA_SAINC1,https://apps.bea.gov/regional/zip/SAINC.zip
Utah,2003,60770.4,25749,current USD millions,BEA_SAINC1,https://apps.bea.gov/regional/zip/SAINC.zip
Utah,2004,64795.0,26980,current USD millions,BEA_SAINC1,https://apps.bea.gov/regional/zip/SAINC.zip
Utah,2005,70661.8,28751,current USD millions,BEA_SAINC1,https://apps.bea.gov/regional/zip/SAINC.zip
Utah,2006,78561.1,31107,current USD millions,BEA_SAINC1,https://apps.bea.gov/regional/zip/SAINC.zip
Utah,2007,85528.5,32924,current USD millions,BEA_SAINC1,https://apps.bea.gov/regional/zip/SAINC.zip
Utah,2008,89967.8,33784,current USD millions,BEA_SAINC1,https://apps.bea.gov/regional/zip/SAINC.zip
Utah,2009,86594.7,31796,current USD millions,BEA_SAINC1,https://apps.bea.gov/regional/zip/SAINC.zip
Utah,2010,88940.5,32037,current USD millions,BEA_SAINC1,https://apps.bea.gov/regional/zip/SAINC.zip
Utah,2011,95881.7,34015,current USD millions,BEA_SAINC1,https://apps.bea.gov/regional/zip/SAINC.zip
Utah,2012,101928.1,35622,current USD millions,BEA_SAINC1,https://apps.bea.gov/regional/zip/SAINC.zip
Utah,2013,105028.0,36102,current USD millions,BEA_SAINC1,https://apps.bea.gov/regional/zip/SAINC.zip
Utah,2014,111056.4,37621,current USD millions,BEA_SAINC1,https://apps.bea.gov/regional/zip/SAINC.zip
Utah,2015,119661.5,39881,current USD millions,BEA_SAINC1,https://apps.bea.gov/regional/zip/SAINC.zip
Utah,2016,126540.6,41295,current USD millions,BEA_SAINC1,https://apps.bea.gov/regional/zip/SAINC.zip
Utah,2017,134546.7,43030,current USD millions,BEA_SAINC1,https://apps.bea.gov/regional/zip/SAINC.zip
Utah,2018,144645.5,45463,current USD millions,BEA_SAINC1,https://apps.bea.gov/regional/zip/SAINC.zip
Utah,2019,155711.5,48163,current USD millions,BEA_SAINC1,https://apps.bea.gov/regional/zip/SAINC.zip
Utah,2020,169991.6,51764,current USD millions,BEA_SAINC1,https://apps.bea.gov/regional/zip/SAINC.zip
Utah,2021,194799.1,58325,current USD millions,BEA_SAINC1,https://apps.bea.gov/regional/zip/SAINC.zip
Utah,2022,206055.7,60713,current USD millions,BEA_SAINC1,https://apps.bea.gov/regional/zip/SAINC.zip
Utah,2023,222237.8,64431,current USD millions,BEA_SAINC1,https://apps.bea.gov/regional/zip/SAINC.zip
Utah,2024,235907.4,67345,current USD millions,BEA_SAINC1,https://apps.bea.gov/regional/zip/SAINC.zip
Utah,2025,247691.4,69991,current USD millions,BEA_SAINC1,https://apps.bea.gov/regional/zip/SAINC.zip
Vermont,1929,226.3,630,current USD millions,BEA_SAINC1,https://apps.bea.gov/regional/zip/SAINC.zip
Vermont,1930,206.0,572,current USD millions,BEA_SAINC1,https://apps.bea.gov/regional/zip/SAINC.zip
Vermont,1931,169.2,471,current USD millions,BEA_SAINC1,https://apps.bea.gov/regional/zip/SAINC.zip
Vermont,1932,129.9,363,current USD millions,BEA_SAINC1,https://apps.bea.gov/regional/zip/SAINC.zip
Vermont,1933,120.4,337,current USD millions,BEA_SAINC1,https://apps.bea.gov/regional/zip/SAINC.zip
Vermont,1934,136.2,381,current USD millions,BEA_SAINC1,https://apps.bea.gov/regional/zip/SAINC.zip
Vermont,1935,148.0,415,current USD millions,BEA_SAINC1,https://apps.bea.gov/regional/zip/SAINC.zip
Vermont,1936,167.7,470,current USD millions,BEA_SAINC1,https://apps.bea.gov/regional/zip/SAINC.zip
Vermont,1937,172.7,485,current USD millions,BEA_SAINC1,https://apps.bea.gov/regional/zip/SAINC.zip
Vermont,1938,162.9,458,current USD millions,BEA_SAINC1,https://apps.bea.gov/regional/zip/SAINC.zip
Vermont,1939,176.0,492,current USD millions,BEA_SAINC1,https://apps.bea.gov/regional/zip/SAINC.zip
Vermont,1940,188.4,519,current USD millions,BEA_SAINC1,https://apps.bea.gov/regional/zip/SAINC.zip
Vermont,1941,226.3,650,current USD millions,BEA_SAINC1,https://apps.bea.gov/regional/zip/SAINC.zip
Vermont,1942,270.0,783,current USD millions,BEA_SAINC1,https://apps.bea.gov/regional/zip/SAINC.zip
Vermont,1943,307.7,947,current USD millions,BEA_SAINC1,https://apps.bea.gov/regional/zip/SAINC.zip
Vermont,1944,303.2,963,current USD millions,BEA_SAINC1,https://apps.bea.gov/regional/zip/SAINC.zip
Vermont,1945,329.9,1047,current USD millions,BEA_SAINC1,https://apps.bea.gov/regional/zip/SAINC.zip
Vermont,1946,374.8,1096,current USD millions,BEA_SAINC1,https://apps.bea.gov/regional/zip/SAINC.zip
Vermont,1947,400.6,1132,current USD millions,BEA_SAINC1,https://apps.bea.gov/regional/zip/SAINC.zip
Vermont,1948,437.9,1220,current USD millions,BEA_SAINC1,https://apps.bea.gov/regional/zip/SAINC.zip
Vermont,1949,423.1,1147,current USD millions,BEA_SAINC1,https://apps.bea.gov/regional/zip/SAINC.zip
Vermont,1950,450.6,1189,current USD millions,BEA_SAINC1,https://apps.bea.gov/regional/zip/SAINC.zip
Vermont,1951,515.6,1364,current USD millions,BEA_SAINC1,https://apps.bea.gov/regional/zip/SAINC.zip
Vermont,1952,528.7,1410,current USD millions,BEA_SAINC1,https://apps.bea.gov/regional/zip/SAINC.zip
Vermont,1953,554.3,1463,current USD millions,BEA_SAINC1,https://apps.bea.gov/regional/zip/SAINC.zip
Vermont,1954,562.1,1491,current USD millions,BEA_SAINC1,https://apps.bea.gov/regional/zip/SAINC.zip
Vermont,1955,584.9,1560,current USD millions,BEA_SAINC1,https://apps.bea.gov/regional/zip/SAINC.zip
Vermont,1956,639.7,1697,current USD millions,BEA_SAINC1,https://apps.bea.gov/regional/zip/SAINC.zip
Vermont,1957,663.1,1764,current USD millions,BEA_SAINC1,https://apps.bea.gov/regional/zip/SAINC.zip
Vermont,1958,676.3,1780,current USD millions,BEA_SAINC1,https://apps.bea.gov/regional/zip/SAINC.zip
Vermont,1959,727.1,1879,current USD millions,BEA_SAINC1,https://apps.bea.gov/regional/zip/SAINC.zip
Vermont,1960,768.3,1975,current USD millions,BEA_SAINC1,https://apps.bea.gov/regional/zip/SAINC.zip
Vermont,1961,800.8,2053,current USD millions,BEA_SAINC1,https://apps.bea.gov/regional/zip/SAINC.zip
Vermont,1962,840.5,2139,current USD millions,BEA_SAINC1,https://apps.bea.gov/regional/zip/SAINC.zip
Vermont,1963,871.3,2195,current USD millions,BEA_SAINC1,https://apps.bea.gov/regional/zip/SAINC.zip
Vermont,1964,933.7,2340,current USD millions,BEA_SAINC1,https://apps.bea.gov/regional/zip/SAINC.zip
Vermont,1965,1022.2,2530,current USD millions,BEA_SAINC1,https://apps.bea.gov/regional/zip/SAINC.zip
Vermont,1966,1159.8,2808,current USD millions,BEA_SAINC1,https://apps.bea.gov/regional/zip/SAINC.zip
Vermont,1967,1256.1,2969,current USD millions,BEA_SAINC1,https://apps.bea.gov/regional/zip/SAINC.zip
Vermont,1968,1382.4,3215,current USD millions,BEA_SAINC1,https://apps.bea.gov/regional/zip/SAINC.zip
Vermont,1969,1515.4,3468,current USD millions,BEA_SAINC1,https://apps.bea.gov/regional/zip/SAINC.zip
Vermont,1970,1663.9,3728,current USD millions,BEA_SAINC1,https://apps.bea.gov/regional/zip/SAINC.zip
Vermont,1971,1802.3,3967,current USD millions,BEA_SAINC1,https://apps.bea.gov/regional/zip/SAINC.zip
Vermont,1972,1989.1,4294,current USD millions,BEA_SAINC1,https://apps.bea.gov/regional/zip/SAINC.zip
Vermont,1973,2183.9,4661,current USD millions,BEA_SAINC1,https://apps.bea.gov/regional/zip/SAINC.zip
Vermont,1974,2364.0,4996,current USD millions,BEA_SAINC1,https://apps.bea.gov/regional/zip/SAINC.zip
Vermont,1975,2591.8,5401,current USD millions,BEA_SAINC1,https://apps.bea.gov/regional/zip/SAINC.zip
Vermont,1976,2876.0,5928,current USD millions,BEA_SAINC1,https://apps.bea.gov/regional/zip/SAINC.zip
Vermont,1977,3120.1,6339,current USD millions,BEA_SAINC1,https://apps.bea.gov/regional/zip/SAINC.zip
Vermont,1978,3573.4,7171,current USD millions,BEA_SAINC1,https://apps.bea.gov/regional/zip/SAINC.zip
Vermont,1979,4014.9,7939,current USD millions,BEA_SAINC1,https://apps.bea.gov/regional/zip/SAINC.zip
Vermont,1980,4506.5,8793,current USD millions,BEA_SAINC1,https://apps.bea.gov/regional/zip/SAINC.zip
Vermont,1981,5061.3,9817,current USD millions,BEA_SAINC1,https://apps.bea.gov/regional/zip/SAINC.zip
Vermont,1982,5491.1,10578,current USD millions,BEA_SAINC1,https://apps.bea.gov/regional/zip/SAINC.zip
Vermont,1983,5906.0,11286,current USD millions,BEA_SAINC1,https://apps.bea.gov/regional/zip/SAINC.zip
Vermont,1984,6480.3,12305,current USD millions,BEA_SAINC1,https://apps.bea.gov/regional/zip/SAINC.zip
Vermont,1985,7031.2,13265,current USD millions,BEA_SAINC1,https://apps.bea.gov/regional/zip/SAINC.zip
Vermont,1986,7564.8,14165,current USD millions,BEA_SAINC1,https://apps.bea.gov/regional/zip/SAINC.zip
Vermont,1987,8173.3,15128,current USD millions,BEA_SAINC1,https://apps.bea.gov/regional/zip/SAINC.zip
Vermont,1988,8965.1,16307,current USD millions,BEA_SAINC1,https://apps.bea.gov/regional/zip/SAINC.zip
Vermont,1989,9903.1,17757,current USD millions,BEA_SAINC1,https://apps.bea.gov/regional/zip/SAINC.zip
Vermont,1990,10293.9,18226,current USD millions,BEA_SAINC1,https://apps.bea.gov/regional/zip/SAINC.zip
Vermont,1991,10507.3,18479,current USD millions,BEA_SAINC1,https://apps.bea.gov/regional/zip/SAINC.zip
Vermont,1992,11227.0,19602,current USD millions,BEA_SAINC1,https://apps.bea.gov/regional/zip/SAINC.zip
Vermont,1993,11661.1,20184,current USD millions,BEA_SAINC1,https://apps.bea.gov/regional/zip/SAINC.zip
Vermont,1994,12223.0,20936,current USD millions,BEA_SAINC1,https://apps.bea.gov/regional/zip/SAINC.zip
Vermont,1995,12862.2,21837,current USD millions,BEA_SAINC1,https://apps.bea.gov/regional/zip/SAINC.zip
Vermont,1996,13545.6,22816,current USD millions,BEA_SAINC1,https://apps.bea.gov/regional/zip/SAINC.zip
Vermont,1997,14359.0,24042,current USD millions,BEA_SAINC1,https://apps.bea.gov/regional/zip/SAINC.zip
Vermont,1998,15458.6,25747,current USD millions,BEA_SAINC1,https://apps.bea.gov/regional/zip/SAINC.zip
Vermont,1999,16326.2,27000,current USD millions,BEA_SAINC1,https://apps.bea.gov/regional/zip/SAINC.zip
Vermont,2000,17680.2,29002,current USD millions,BEA_SAINC1,https://apps.bea.gov/regional/zip/SAINC.zip
Vermont,2001,18797.4,30704,current USD millions,BEA_SAINC1,https://apps.bea.gov/regional/zip/SAINC.zip
Vermont,2002,19198.1,31194,current USD millions,BEA_SAINC1,https://apps.bea.gov/regional/zip/SAINC.zip
Vermont,2003,19945.8,32282,current USD millions,BEA_SAINC1,https://apps.bea.gov/regional/zip/SAINC.zip
Vermont,2004,21049.1,33955,current USD millions,BEA_SAINC1,https://apps.bea.gov/regional/zip/SAINC.zip
Vermont,2005,21477.4,34573,current USD millions,BEA_SAINC1,https://apps.bea.gov/regional/zip/SAINC.zip
Vermont,2006,22803.5,36609,current USD millions,BEA_SAINC1,https://apps.bea.gov/regional/zip/SAINC.zip
Vermont,2007,24063.0,38595,current USD millions,BEA_SAINC1,https://apps.bea.gov/regional/zip/SAINC.zip
Vermont,2008,25449.4,40774,current USD millions,BEA_SAINC1,https://apps.bea.gov/regional/zip/SAINC.zip
Vermont,2009,25216.4,40358,current USD millions,BEA_SAINC1,https://apps.bea.gov/regional/zip/SAINC.zip
Vermont,2010,25988.7,41491,current USD millions,BEA_SAINC1,https://apps.bea.gov/regional/zip/SAINC.zip
Vermont,2011,27547.8,43754,current USD millions,BEA_SAINC1,https://apps.bea.gov/regional/zip/SAINC.zip
Vermont,2012,28291.9,44858,current USD millions,BEA_SAINC1,https://apps.bea.gov/regional/zip/SAINC.zip
Vermont,2013,28666.0,45296,current USD millions,BEA_SAINC1,https://apps.bea.gov/regional/zip/SAINC.zip
Vermont,2014,29724.5,46894,current USD millions,BEA_SAINC1,https://apps.bea.gov/regional/zip/SAINC.zip
Vermont,2015,30598.0,48117,current USD millions,BEA_SAINC1,https://apps.bea.gov/regional/zip/SAINC.zip
Vermont,2016,31073.3,48827,current USD millions,BEA_SAINC1,https://apps.bea.gov/regional/zip/SAINC.zip
Vermont,2017,31960.2,50009,current USD millions,BEA_SAINC1,https://apps.bea.gov/regional/zip/SAINC.zip
Vermont,2018,33117.1,51691,current USD millions,BEA_SAINC1,https://apps.bea.gov/regional/zip/SAINC.zip
Vermont,2019,34838.0,54278,current USD millions,BEA_SAINC1,https://apps.bea.gov/regional/zip/SAINC.zip
Vermont,2020,37392.8,58157,current USD millions,BEA_SAINC1,https://apps.bea.gov/regional/zip/SAINC.zip
Vermont,2021,39552.8,61110,current USD millions,BEA_SAINC1,https://apps.bea.gov/regional/zip/SAINC.zip
Vermont,2022,41336.5,63829,current USD millions,BEA_SAINC1,https://apps.bea.gov/regional/zip/SAINC.zip
Vermont,2023,44058.6,68021,current USD millions,BEA_SAINC1,https://apps.bea.gov/regional/zip/SAINC.zip
Vermont,2024,46229.3,71505,current USD millions,BEA_SAINC1,https://apps.bea.gov/regional/zip/SAINC.zip
Vermont,2025,48079.2,74580,current USD millions,BEA_SAINC1,https://apps.bea.gov/regional/zip/SAINC.zip
Virginia,1929,1054.5,435,current USD millions,BEA_SAINC1,https://apps.bea.gov/regional/zip/SAINC.zip
Virginia,1930,938.4,387,current USD millions,BEA_SAINC1,https://apps.bea.gov/regional/zip/SAINC.zip
Virginia,1931,906.9,371,current USD millions,BEA_SAINC1,https://apps.bea.gov/regional/zip/SAINC.zip
Virginia,1932,701.9,286,current USD millions,BEA_SAINC1,https://apps.bea.gov/regional/zip/SAINC.zip
Virginia,1933,704.4,286,current USD millions,BEA_SAINC1,https://apps.bea.gov/regional/zip/SAINC.zip
Virginia,1934,801.9,323,current USD millions,BEA_SAINC1,https://apps.bea.gov/regional/zip/SAINC.zip
Virginia,1935,891.2,354,current USD millions,BEA_SAINC1,https://apps.bea.gov/regional/zip/SAINC.zip
Virginia,1936,1004.3,394,current USD millions,BEA_SAINC1,https://apps.bea.gov/regional/zip/SAINC.zip
Virginia,1937,1104.1,426,current USD millions,BEA_SAINC1,https://apps.bea.gov/regional/zip/SAINC.zip
Virginia,1938,1038.1,394,current USD millions,BEA_SAINC1,https://apps.bea.gov/regional/zip/SAINC.zip
Virginia,1939,1149.7,431,current USD millions,BEA_SAINC1,https://apps.bea.gov/regional/zip/SAINC.zip
Virginia,1940,1304.5,480,current USD millions,BEA_SAINC1,https://apps.bea.gov/regional/zip/SAINC.zip
Virginia,1941,1827.8,614,current USD millions,BEA_SAINC1,https://apps.bea.gov/regional/zip/SAINC.zip
Virginia,1942,2804.5,847,current USD millions,BEA_SAINC1,https://apps.bea.gov/regional/zip/SAINC.zip
Virginia,1943,3114.9,887,current USD millions,BEA_SAINC1,https://apps.bea.gov/regional/zip/SAINC.zip
Virginia,1944,3416.8,938,current USD millions,BEA_SAINC1,https://apps.bea.gov/regional/zip/SAINC.zip
Virginia,1945,3521.2,987,current USD millions,BEA_SAINC1,https://apps.bea.gov/regional/zip/SAINC.zip
Virginia,1946,3540.3,1050,current USD millions,BEA_SAINC1,https://apps.bea.gov/regional/zip/SAINC.zip
Virginia,1947,3442.2,1052,current USD millions,BEA_SAINC1,https://apps.bea.gov/regional/zip/SAINC.zip
Virginia,1948,3854.1,1202,current USD millions,BEA_SAINC1,https://apps.bea.gov/regional/zip/SAINC.zip
Virginia,1949,3900.4,1185,current USD millions,BEA_SAINC1,https://apps.bea.gov/regional/zip/SAINC.zip
Virginia,1950,4399.0,1327,current USD millions,BEA_SAINC1,https://apps.bea.gov/regional/zip/SAINC.zip
Virginia,1951,5192.7,1512,current USD millions,BEA_SAINC1,https://apps.bea.gov/regional/zip/SAINC.zip
Virginia,1952,5657.7,1615,current USD millions,BEA_SAINC1,https://apps.bea.gov/regional/zip/SAINC.zip
Virginia,1953,5858.4,1647,current USD millions,BEA_SAINC1,https://apps.bea.gov/regional/zip/SAINC.zip
Virginia,1954,5960.0,1677,current USD millions,BEA_SAINC1,https://apps.bea.gov/regional/zip/SAINC.zip
Virginia,1955,6293.3,1754,current USD millions,BEA_SAINC1,https://apps.bea.gov/regional/zip/SAINC.zip
Virginia,1956,6809.3,1829,current USD millions,BEA_SAINC1,https://apps.bea.gov/regional/zip/SAINC.zip
Virginia,1957,7179.4,1868,current USD millions,BEA_SAINC1,https://apps.bea.gov/regional/zip/SAINC.zip
Virginia,1958,7416.3,1895,current USD millions,BEA_SAINC1,https://apps.bea.gov/regional/zip/SAINC.zip
Virginia,1959,7925.4,2006,current USD millions,BEA_SAINC1,https://apps.bea.gov/regional/zip/SAINC.zip
Virginia,1960,8173.2,2050,current USD millions,BEA_SAINC1,https://apps.bea.gov/regional/zip/SAINC.zip
Virginia,1961,8705.5,2126,current USD millions,BEA_SAINC1,https://apps.bea.gov/regional/zip/SAINC.zip
Virginia,1962,9395.7,2248,current USD millions,BEA_SAINC1,https://apps.bea.gov/regional/zip/SAINC.zip
Virginia,1963,10106.6,2364,current USD millions,BEA_SAINC1,https://apps.bea.gov/regional/zip/SAINC.zip
Virginia,1964,11151.0,2559,current USD millions,BEA_SAINC1,https://apps.bea.gov/regional/zip/SAINC.zip
Virginia,1965,12037.5,2729,current USD millions,BEA_SAINC1,https://apps.bea.gov/regional/zip/SAINC.zip
Virginia,1966,13026.7,2923,current USD millions,BEA_SAINC1,https://apps.bea.gov/regional/zip/SAINC.zip
Virginia,1967,14251.2,3161,current USD millions,BEA_SAINC1,https://apps.bea.gov/regional/zip/SAINC.zip
Virginia,1968,15768.2,3459,current USD millions,BEA_SAINC1,https://apps.bea.gov/regional/zip/SAINC.zip
Virginia,1969,17847.7,3868,current USD millions,BEA_SAINC1,https://apps.bea.gov/regional/zip/SAINC.zip
Virginia,1970,19371.6,4157,current USD millions,BEA_SAINC1,https://apps.bea.gov/regional/zip/SAINC.zip
Virginia,1971,21411.0,4505,current USD millions,BEA_SAINC1,https://apps.bea.gov/regional/zip/SAINC.zip
Virginia,1972,23764.2,4922,current USD millions,BEA_SAINC1,https://apps.bea.gov/regional/zip/SAINC.zip
Virginia,1973,26612.7,5424,current USD millions,BEA_SAINC1,https://apps.bea.gov/regional/zip/SAINC.zip
Virginia,1974,29489.6,5924,current USD millions,BEA_SAINC1,https://apps.bea.gov/regional/zip/SAINC.zip
Virginia,1975,32379.8,6404,current USD millions,BEA_SAINC1,https://apps.bea.gov/regional/zip/SAINC.zip
Virginia,1976,35770.8,6969,current USD millions,BEA_SAINC1,https://apps.bea.gov/regional/zip/SAINC.zip
Virginia,1977,39631.2,7613,current USD millions,BEA_SAINC1,https://apps.bea.gov/regional/zip/SAINC.zip
Virginia,1978,44990.4,8514,current USD millions,BEA_SAINC1,https://apps.bea.gov/regional/zip/SAINC.zip
Virginia,1979,50186.3,9425,current USD millions,BEA_SAINC1,https://apps.bea.gov/regional/zip/SAINC.zip
Virginia,1980,56746.1,10571,current USD millions,BEA_SAINC1,https://apps.bea.gov/regional/zip/SAINC.zip
Virginia,1981,63651.3,11692,current USD millions,BEA_SAINC1,https://apps.bea.gov/regional/zip/SAINC.zip
Virginia,1982,68805.2,12526,current USD millions,BEA_SAINC1,https://apps.bea.gov/regional/zip/SAINC.zip
Virginia,1983,74253.8,13344,current USD millions,BEA_SAINC1,https://apps.bea.gov/regional/zip/SAINC.zip
Virginia,1984,82549.8,14626,current USD millions,BEA_SAINC1,https://apps.bea.gov/regional/zip/SAINC.zip
Virginia,1985,89269.1,15620,current USD millions,BEA_SAINC1,https://apps.bea.gov/regional/zip/SAINC.zip
Virginia,1986,96310.3,16572,current USD millions,BEA_SAINC1,https://apps.bea.gov/regional/zip/SAINC.zip
Virginia,1987,103737.7,17487,current USD millions,BEA_SAINC1,https://apps.bea.gov/regional/zip/SAINC.zip
Virginia,1988,113855.8,18860,current USD millions,BEA_SAINC1,https://apps.bea.gov/regional/zip/SAINC.zip
Virginia,1989,123151.2,20122,current USD millions,BEA_SAINC1,https://apps.bea.gov/regional/zip/SAINC.zip
Virginia,1990,129561.6,20840,current USD millions,BEA_SAINC1,https://apps.bea.gov/regional/zip/SAINC.zip
Virginia,1991,135176.0,21452,current USD millions,BEA_SAINC1,https://apps.bea.gov/regional/zip/SAINC.zip
Virginia,1992,143616.9,22390,current USD millions,BEA_SAINC1,https://apps.bea.gov/regional/zip/SAINC.zip
Virginia,1993,150892.5,23180,current USD millions,BEA_SAINC1,https://apps.bea.gov/regional/zip/SAINC.zip
Virginia,1994,158792.7,24085,current USD millions,BEA_SAINC1,https://apps.bea.gov/regional/zip/SAINC.zip
Virginia,1995,166843.9,25011,current USD millions,BEA_SAINC1,https://apps.bea.gov/regional/zip/SAINC.zip
Virginia,1996,175083.8,25935,current USD millions,BEA_SAINC1,https://apps.bea.gov/regional/zip/SAINC.zip
Virginia,1997,186626.6,27328,current USD millions,BEA_SAINC1,https://apps.bea.gov/regional/zip/SAINC.zip
Virginia,1998,199883.6,28965,current USD millions,BEA_SAINC1,https://apps.bea.gov/regional/zip/SAINC.zip
Virginia,1999,214025.7,30574,current USD millions,BEA_SAINC1,https://apps.bea.gov/regional/zip/SAINC.zip
Virginia,2000,231869.8,32631,current USD millions,BEA_SAINC1,https://apps.bea.gov/regional/zip/SAINC.zip
Virginia,2001,244314.3,33940,current USD millions,BEA_SAINC1,https://apps.bea.gov/regional/zip/SAINC.zip
Virginia,2002,251357.7,34495,current USD millions,BEA_SAINC1,https://apps.bea.gov/regional/zip/SAINC.zip
Virginia,2003,266325.2,36151,current USD millions,BEA_SAINC1,https://apps.bea.gov/regional/zip/SAINC.zip
Virginia,2004,284687.3,38082,current USD millions,BEA_SAINC1,https://apps.bea.gov/regional/zip/SAINC.zip
Virginia,2005,303288.9,40027,current USD millions,BEA_SAINC1,https://apps.bea.gov/regional/zip/SAINC.zip
Virginia,2006,323553.8,42164,current USD millions,BEA_SAINC1,https://apps.bea.gov/regional/zip/SAINC.zip
Virginia,2007,341200.3,44020,current USD millions,BEA_SAINC1,https://apps.bea.gov/regional/zip/SAINC.zip
Virginia,2008,355506.4,45383,current USD millions,BEA_SAINC1,https://apps.bea.gov/regional/zip/SAINC.zip
Virginia,2009,349465.4,44091,current USD millions,BEA_SAINC1,https://apps.bea.gov/regional/zip/SAINC.zip
Virginia,2010,364677.9,45442,current USD millions,BEA_SAINC1,https://apps.bea.gov/regional/zip/SAINC.zip
Virginia,2011,385635.1,47563,current USD millions,BEA_SAINC1,https://apps.bea.gov/regional/zip/SAINC.zip
Virginia,2012,402072.1,49049,current USD millions,BEA_SAINC1,https://apps.bea.gov/regional/zip/SAINC.zip
Virginia,2013,398579.8,48195,current USD millions,BEA_SAINC1,https://apps.bea.gov/regional/zip/SAINC.zip
Virginia,2014,414710.1,49760,current USD millions,BEA_SAINC1,https://apps.bea.gov/regional/zip/SAINC.zip
Virginia,2015,433088.2,51617,current USD millions,BEA_SAINC1,https://apps.bea.gov/regional/zip/SAINC.zip
Virginia,2016,444691.4,52656,current USD millions,BEA_SAINC1,https://apps.bea.gov/regional/zip/SAINC.zip
Virginia,2017,462372.2,54377,current USD millions,BEA_SAINC1,https://apps.bea.gov/regional/zip/SAINC.zip
Virginia,2018,479766.6,56130,current USD millions,BEA_SAINC1,https://apps.bea.gov/regional/zip/SAINC.zip
Virginia,2019,501770.8,58362,current USD millions,BEA_SAINC1,https://apps.bea.gov/regional/zip/SAINC.zip
Virginia,2020,530771.6,61451,current USD millions,BEA_SAINC1,https://apps.bea.gov/regional/zip/SAINC.zip
Virginia,2021,582077.9,67214,current USD millions,BEA_SAINC1,https://apps.bea.gov/regional/zip/SAINC.zip
Virginia,2022,604039.5,69581,current USD millions,BEA_SAINC1,https://apps.bea.gov/regional/zip/SAINC.zip
Virginia,2023,645405.9,73912,current USD millions,BEA_SAINC1,https://apps.bea.gov/regional/zip/SAINC.zip
Virginia,2024,681552.2,77277,current USD millions,BEA_SAINC1,https://apps.bea.gov/regional/zip/SAINC.zip
Virginia,2025,712992.6,80291,current USD millions,BEA_SAINC1,https://apps.bea.gov/regional/zip/SAINC.zip
Washington,1929,1150.5,740,current USD millions,BEA_SAINC1,https://apps.bea.gov/regional/zip/SAINC.zip
Washington,1930,1030.7,657,current USD millions,BEA_SAINC1,https://apps.bea.gov/regional/zip/SAINC.zip
Washington,1931,844.7,534,current USD millions,BEA_SAINC1,https://apps.bea.gov/regional/zip/SAINC.zip
Washington,1932,637.4,402,current USD millions,BEA_SAINC1,https://apps.bea.gov/regional/zip/SAINC.zip
Washington,1933,598.8,376,current USD millions,BEA_SAINC1,https://apps.bea.gov/regional/zip/SAINC.zip
Washington,1934,712.4,442,current USD millions,BEA_SAINC1,https://apps.bea.gov/regional/zip/SAINC.zip
Washington,1935,799.6,491,current USD millions,BEA_SAINC1,https://apps.bea.gov/regional/zip/SAINC.zip
Washington,1936,942.3,570,current USD millions,BEA_SAINC1,https://apps.bea.gov/regional/zip/SAINC.zip
Washington,1937,1009.8,601,current USD millions,BEA_SAINC1,https://apps.bea.gov/regional/zip/SAINC.zip
Washington,1938,990.0,583,current USD millions,BEA_SAINC1,https://apps.bea.gov/regional/zip/SAINC.zip
Washington,1939,1059.1,618,current USD millions,BEA_SAINC1,https://apps.bea.gov/regional/zip/SAINC.zip
Washington,1940,1160.8,667,current USD millions,BEA_SAINC1,https://apps.bea.gov/regional/zip/SAINC.zip
Washington,1941,1586.8,885,current USD millions,BEA_SAINC1,https://apps.bea.gov/regional/zip/SAINC.zip
Washington,1942,2348.4,1233,current USD millions,BEA_SAINC1,https://apps.bea.gov/regional/zip/SAINC.zip
Washington,1943,3046.8,1507,current USD millions,BEA_SAINC1,https://apps.bea.gov/regional/zip/SAINC.zip
Washington,1944,3328.5,1557,current USD millions,BEA_SAINC1,https://apps.bea.gov/regional/zip/SAINC.zip
Washington,1945,3248.5,1452,current USD millions,BEA_SAINC1,https://apps.bea.gov/regional/zip/SAINC.zip
Washington,1946,3293.1,1432,current USD millions,BEA_SAINC1,https://apps.bea.gov/regional/zip/SAINC.zip
Washington,1947,3406.6,1531,current USD millions,BEA_SAINC1,https://apps.bea.gov/regional/zip/SAINC.zip
Washington,1948,3783.9,1678,current USD millions,BEA_SAINC1,https://apps.bea.gov/regional/zip/SAINC.zip
Washington,1949,3799.7,1656,current USD millions,BEA_SAINC1,https://apps.bea.gov/regional/zip/SAINC.zip
Washington,1950,4289.9,1797,current USD millions,BEA_SAINC1,https://apps.bea.gov/regional/zip/SAINC.zip
Washington,1951,4740.1,1955,current USD millions,BEA_SAINC1,https://apps.bea.gov/regional/zip/SAINC.zip
Washington,1952,5051.2,2063,current USD millions,BEA_SAINC1,https://apps.bea.gov/regional/zip/SAINC.zip
Washington,1953,5346.5,2168,current USD millions,BEA_SAINC1,https://apps.bea.gov/regional/zip/SAINC.zip
Washington,1954,5492.7,2183,current USD millions,BEA_SAINC1,https://apps.bea.gov/regional/zip/SAINC.zip
Washington,1955,5785.1,2222,current USD millions,BEA_SAINC1,https://apps.bea.gov/regional/zip/SAINC.zip
Washington,1956,6076.0,2277,current USD millions,BEA_SAINC1,https://apps.bea.gov/regional/zip/SAINC.zip
Washington,1957,6459.3,2371,current USD millions,BEA_SAINC1,https://apps.bea.gov/regional/zip/SAINC.zip
Washington,1958,6588.3,2376,current USD millions,BEA_SAINC1,https://apps.bea.gov/regional/zip/SAINC.zip
Washington,1959,6994.8,2480,current USD millions,BEA_SAINC1,https://apps.bea.gov/regional/zip/SAINC.zip
Washington,1960,7248.0,2539,current USD millions,BEA_SAINC1,https://apps.bea.gov/regional/zip/SAINC.zip
Washington,1961,7609.3,2640,current USD millions,BEA_SAINC1,https://apps.bea.gov/regional/zip/SAINC.zip
Washington,1962,8203.1,2788,current USD millions,BEA_SAINC1,https://apps.bea.gov/regional/zip/SAINC.zip
Washington,1963,8393.9,2841,current USD millions,BEA_SAINC1,https://apps.bea.gov/regional/zip/SAINC.zip
Washington,1964,8787.3,2968,current USD millions,BEA_SAINC1,https://apps.bea.gov/regional/zip/SAINC.zip
Washington,1965,9465.1,3190,current USD millions,BEA_SAINC1,https://apps.bea.gov/regional/zip/SAINC.zip
Washington,1966,10693.3,3498,current USD millions,BEA_SAINC1,https://apps.bea.gov/regional/zip/SAINC.zip
Washington,1967,11710.4,3689,current USD millions,BEA_SAINC1,https://apps.bea.gov/regional/zip/SAINC.zip
Washington,1968,13034.8,3986,current USD millions,BEA_SAINC1,https://apps.bea.gov/regional/zip/SAINC.zip
Washington,1969,14235.8,4258,current USD millions,BEA_SAINC1,https://apps.bea.gov/regional/zip/SAINC.zip
Washington,1970,15036.7,4400,current USD millions,BEA_SAINC1,https://apps.bea.gov/regional/zip/SAINC.zip
Washington,1971,15838.6,4595,current USD millions,BEA_SAINC1,https://apps.bea.gov/regional/zip/SAINC.zip
Washington,1972,17079.0,4955,current USD millions,BEA_SAINC1,https://apps.bea.gov/regional/zip/SAINC.zip
Washington,1973,19236.0,5532,current USD millions,BEA_SAINC1,https://apps.bea.gov/regional/zip/SAINC.zip
Washington,1974,21826.7,6152,current USD millions,BEA_SAINC1,https://apps.bea.gov/regional/zip/SAINC.zip
Washington,1975,24719.6,6831,current USD millions,BEA_SAINC1,https://apps.bea.gov/regional/zip/SAINC.zip
Washington,1976,27398.8,7424,current USD millions,BEA_SAINC1,https://apps.bea.gov/regional/zip/SAINC.zip
Washington,1977,30412.0,8062,current USD millions,BEA_SAINC1,https://apps.bea.gov/regional/zip/SAINC.zip
Washington,1978,35366.6,9101,current USD millions,BEA_SAINC1,https://apps.bea.gov/regional/zip/SAINC.zip
Washington,1979,40752.9,10156,current USD millions,BEA_SAINC1,https://apps.bea.gov/regional/zip/SAINC.zip
Washington,1980,46254.7,11133,current USD millions,BEA_SAINC1,https://apps.bea.gov/regional/zip/SAINC.zip
Washington,1981,51365.1,12127,current USD millions,BEA_SAINC1,https://apps.bea.gov/regional/zip/SAINC.zip
Washington,1982,54573.6,12761,current USD millions,BEA_SAINC1,https://apps.bea.gov/regional/zip/SAINC.zip
Washington,1983,58291.8,13555,current USD millions,BEA_SAINC1,https://apps.bea.gov/regional/zip/SAINC.zip
Washington,1984,62358.7,14356,current USD millions,BEA_SAINC1,https://apps.bea.gov/regional/zip/SAINC.zip
Washington,1985,66336.8,15076,current USD millions,BEA_SAINC1,https://apps.bea.gov/regional/zip/SAINC.zip
Washington,1986,70834.0,15908,current USD millions,BEA_SAINC1,https://apps.bea.gov/regional/zip/SAINC.zip
Washington,1987,74745.7,16493,current USD millions,BEA_SAINC1,https://apps.bea.gov/regional/zip/SAINC.zip
Washington,1988,81651.8,17598,current USD millions,BEA_SAINC1,https://apps.bea.gov/regional/zip/SAINC.zip
Washington,1989,90213.8,19007,current USD millions,BEA_SAINC1,https://apps.bea.gov/regional/zip/SAINC.zip
Washington,1990,99135.2,20219,current USD millions,BEA_SAINC1,https://apps.bea.gov/regional/zip/SAINC.zip
Washington,1991,106288.3,21149,current USD millions,BEA_SAINC1,https://apps.bea.gov/regional/zip/SAINC.zip
Washington,1992,114669.9,22220,current USD millions,BEA_SAINC1,https://apps.bea.gov/regional/zip/SAINC.zip
Washington,1993,120546.4,22836,current USD millions,BEA_SAINC1,https://apps.bea.gov/regional/zip/SAINC.zip
Washington,1994,126690.1,23570,current USD millions,BEA_SAINC1,https://apps.bea.gov/regional/zip/SAINC.zip
Washington,1995,133934.8,24436,current USD millions,BEA_SAINC1,https://apps.bea.gov/regional/zip/SAINC.zip
Washington,1996,143929.2,25841,current USD millions,BEA_SAINC1,https://apps.bea.gov/regional/zip/SAINC.zip
Washington,1997,154610.9,27245,current USD millions,BEA_SAINC1,https://apps.bea.gov/regional/zip/SAINC.zip
Washington,1998,169365.4,29355,current USD millions,BEA_SAINC1,https://apps.bea.gov/regional/zip/SAINC.zip
Washington,1999,179870.3,30786,current USD millions,BEA_SAINC1,https://apps.bea.gov/regional/zip/SAINC.zip
Washington,2000,192317.8,32538,current USD millions,BEA_SAINC1,https://apps.bea.gov/regional/zip/SAINC.zip
Washington,2001,197445.7,32986,current USD millions,BEA_SAINC1,https://apps.bea.gov/regional/zip/SAINC.zip
Washington,2002,201073.1,33222,current USD millions,BEA_SAINC1,https://apps.bea.gov/regional/zip/SAINC.zip
Washington,2003,209167.8,34267,current USD millions,BEA_SAINC1,https://apps.bea.gov/regional/zip/SAINC.zip
Washington,2004,224342.9,36309,current USD millions,BEA_SAINC1,https://apps.bea.gov/regional/zip/SAINC.zip
Washington,2005,232783.8,37202,current USD millions,BEA_SAINC1,https://apps.bea.gov/regional/zip/SAINC.zip
Washington,2006,253199.9,39744,current USD millions,BEA_SAINC1,https://apps.bea.gov/regional/zip/SAINC.zip
Washington,2007,274770.4,42524,current USD millions,BEA_SAINC1,https://apps.bea.gov/regional/zip/SAINC.zip
Washington,2008,289381.1,44098,current USD millions,BEA_SAINC1,https://apps.bea.gov/regional/zip/SAINC.zip
Washington,2009,277889.8,41679,current USD millions,BEA_SAINC1,https://apps.bea.gov/regional/zip/SAINC.zip
Washington,2010,285436.7,42327,current USD millions,BEA_SAINC1,https://apps.bea.gov/regional/zip/SAINC.zip
Washington,2011,302460.8,44279,current USD millions,BEA_SAINC1,https://apps.bea.gov/regional/zip/SAINC.zip
Washington,2012,324882.7,47053,current USD millions,BEA_SAINC1,https://apps.bea.gov/regional/zip/SAINC.zip
Washington,2013,330952.6,47448,current USD millions,BEA_SAINC1,https://apps.bea.gov/regional/zip/SAINC.zip
Washington,2014,355276.6,50259,current USD millions,BEA_SAINC1,https://apps.bea.gov/regional/zip/SAINC.zip
Washington,2015,376360.8,52408,current USD millions,BEA_SAINC1,https://apps.bea.gov/regional/zip/SAINC.zip
Washington,2016,397270.6,54296,current USD millions,BEA_SAINC1,https://apps.bea.gov/regional/zip/SAINC.zip
Washington,2017,423017.2,56800,current USD millions,BEA_SAINC1,https://apps.bea.gov/regional/zip/SAINC.zip
Washington,2018,451609.2,59824,current USD millions,BEA_SAINC1,https://apps.bea.gov/regional/zip/SAINC.zip
Washington,2019,484540.9,63431,current USD millions,BEA_SAINC1,https://apps.bea.gov/regional/zip/SAINC.zip
Washington,2020,522862.2,67669,current USD millions,BEA_SAINC1,https://apps.bea.gov/regional/zip/SAINC.zip
Washington,2021,572644.9,73944,current USD millions,BEA_SAINC1,https://apps.bea.gov/regional/zip/SAINC.zip
Washington,2022,592733.0,76120,current USD millions,BEA_SAINC1,https://apps.bea.gov/regional/zip/SAINC.zip
Washington,2023,637129.4,81280,current USD millions,BEA_SAINC1,https://apps.bea.gov/regional/zip/SAINC.zip
Washington,2024,677934.6,85512,current USD millions,BEA_SAINC1,https://apps.bea.gov/regional/zip/SAINC.zip
Washington,2025,715263.1,89396,current USD millions,BEA_SAINC1,https://apps.bea.gov/regional/zip/SAINC.zip
West Virginia,1929,787.4,459,current USD millions,BEA_SAINC1,https://apps.bea.gov/regional/zip/SAINC.zip
West Virginia,1930,706.1,407,current USD millions,BEA_SAINC1,https://apps.bea.gov/regional/zip/SAINC.zip
West Virginia,1931,616.3,354,current USD millions,BEA_SAINC1,https://apps.bea.gov/regional/zip/SAINC.zip
West Virginia,1932,448.2,257,current USD millions,BEA_SAINC1,https://apps.bea.gov/regional/zip/SAINC.zip
West Virginia,1933,453.0,259,current USD millions,BEA_SAINC1,https://apps.bea.gov/regional/zip/SAINC.zip
West Virginia,1934,554.0,313,current USD millions,BEA_SAINC1,https://apps.bea.gov/regional/zip/SAINC.zip
West Virginia,1935,606.3,338,current USD millions,BEA_SAINC1,https://apps.bea.gov/regional/zip/SAINC.zip
West Virginia,1936,707.2,391,current USD millions,BEA_SAINC1,https://apps.bea.gov/regional/zip/SAINC.zip
West Virginia,1937,760.3,419,current USD millions,BEA_SAINC1,https://apps.bea.gov/regional/zip/SAINC.zip
West Virginia,1938,678.0,371,current USD millions,BEA_SAINC1,https://apps.bea.gov/regional/zip/SAINC.zip
West Virginia,1939,727.8,390,current USD millions,BEA_SAINC1,https://apps.bea.gov/regional/zip/SAINC.zip
West Virginia,1940,779.5,409,current USD millions,BEA_SAINC1,https://apps.bea.gov/regional/zip/SAINC.zip
West Virginia,1941,942.5,500,current USD millions,BEA_SAINC1,https://apps.bea.gov/regional/zip/SAINC.zip
West Virginia,1942,1130.7,617,current USD millions,BEA_SAINC1,https://apps.bea.gov/regional/zip/SAINC.zip
West Virginia,1943,1302.5,748,current USD millions,BEA_SAINC1,https://apps.bea.gov/regional/zip/SAINC.zip
West Virginia,1944,1415.2,829,current USD millions,BEA_SAINC1,https://apps.bea.gov/regional/zip/SAINC.zip
West Virginia,1945,1536.1,900,current USD millions,BEA_SAINC1,https://apps.bea.gov/regional/zip/SAINC.zip
West Virginia,1946,1702.6,931,current USD millions,BEA_SAINC1,https://apps.bea.gov/regional/zip/SAINC.zip
West Virginia,1947,1948.8,1036,current USD millions,BEA_SAINC1,https://apps.bea.gov/regional/zip/SAINC.zip
West Virginia,1948,2099.1,1105,current USD millions,BEA_SAINC1,https://apps.bea.gov/regional/zip/SAINC.zip
West Virginia,1949,1960.4,1016,current USD millions,BEA_SAINC1,https://apps.bea.gov/regional/zip/SAINC.zip
West Virginia,1950,2107.4,1051,current USD millions,BEA_SAINC1,https://apps.bea.gov/regional/zip/SAINC.zip
West Virginia,1951,2339.1,1179,current USD millions,BEA_SAINC1,https://apps.bea.gov/regional/zip/SAINC.zip
West Virginia,1952,2435.3,1244,current USD millions,BEA_SAINC1,https://apps.bea.gov/regional/zip/SAINC.zip
West Virginia,1953,2455.9,1273,current USD millions,BEA_SAINC1,https://apps.bea.gov/regional/zip/SAINC.zip
West Virginia,1954,2329.4,1223,current USD millions,BEA_SAINC1,https://apps.bea.gov/regional/zip/SAINC.zip
West Virginia,1955,2477.0,1318,current USD millions,BEA_SAINC1,https://apps.bea.gov/regional/zip/SAINC.zip
West Virginia,1956,2744.8,1478,current USD millions,BEA_SAINC1,https://apps.bea.gov/regional/zip/SAINC.zip
West Virginia,1957,2942.5,1597,current USD millions,BEA_SAINC1,https://apps.bea.gov/regional/zip/SAINC.zip
West Virginia,1958,2928.0,1587,current USD millions,BEA_SAINC1,https://apps.bea.gov/regional/zip/SAINC.zip
West Virginia,1959,3028.7,1633,current USD millions,BEA_SAINC1,https://apps.bea.gov/regional/zip/SAINC.zip
West Virginia,1960,3075.7,1660,current USD millions,BEA_SAINC1,https://apps.bea.gov/regional/zip/SAINC.zip
West Virginia,1961,3117.2,1705,current USD millions,BEA_SAINC1,https://apps.bea.gov/regional/zip/SAINC.zip
West Virginia,1962,3255.6,1800,current USD millions,BEA_SAINC1,https://apps.bea.gov/regional/zip/SAINC.zip
West Virginia,1963,3400.1,1893,current USD millions,BEA_SAINC1,https://apps.bea.gov/regional/zip/SAINC.zip
West Virginia,1964,3628.1,2019,current USD millions,BEA_SAINC1,https://apps.bea.gov/regional/zip/SAINC.zip
West Virginia,1965,3877.8,2171,current USD millions,BEA_SAINC1,https://apps.bea.gov/regional/zip/SAINC.zip
West Virginia,1966,4115.3,2318,current USD millions,BEA_SAINC1,https://apps.bea.gov/regional/zip/SAINC.zip
West Virginia,1967,4360.6,2465,current USD millions,BEA_SAINC1,https://apps.bea.gov/regional/zip/SAINC.zip
West Virginia,1968,4622.8,2622,current USD millions,BEA_SAINC1,https://apps.bea.gov/regional/zip/SAINC.zip
West Virginia,1969,4944.1,2832,current USD millions,BEA_SAINC1,https://apps.bea.gov/regional/zip/SAINC.zip
West Virginia,1970,5511.8,3156,current USD millions,BEA_SAINC1,https://apps.bea.gov/regional/zip/SAINC.zip
West Virginia,1971,6051.6,3418,current USD millions,BEA_SAINC1,https://apps.bea.gov/regional/zip/SAINC.zip
West Virginia,1972,6700.7,3729,current USD millions,BEA_SAINC1,https://apps.bea.gov/regional/zip/SAINC.zip
West Virginia,1973,7333.2,4062,current USD millions,BEA_SAINC1,https://apps.bea.gov/regional/zip/SAINC.zip
West Virginia,1974,8128.7,4481,current USD millions,BEA_SAINC1,https://apps.bea.gov/regional/zip/SAINC.zip
West Virginia,1975,9186.1,4991,current USD millions,BEA_SAINC1,https://apps.bea.gov/regional/zip/SAINC.zip
West Virginia,1976,10241.1,5455,current USD millions,BEA_SAINC1,https://apps.bea.gov/regional/zip/SAINC.zip
West Virginia,1977,11457.3,6012,current USD millions,BEA_SAINC1,https://apps.bea.gov/regional/zip/SAINC.zip
West Virginia,1978,12752.7,6641,current USD millions,BEA_SAINC1,https://apps.bea.gov/regional/zip/SAINC.zip
West Virginia,1979,14222.8,7335,current USD millions,BEA_SAINC1,https://apps.bea.gov/regional/zip/SAINC.zip
West Virginia,1980,15637.5,8014,current USD millions,BEA_SAINC1,https://apps.bea.gov/regional/zip/SAINC.zip
West Virginia,1981,17045.0,8723,current USD millions,BEA_SAINC1,https://apps.bea.gov/regional/zip/SAINC.zip
West Virginia,1982,18060.0,9263,current USD millions,BEA_SAINC1,https://apps.bea.gov/regional/zip/SAINC.zip
West Virginia,1983,18554.2,9539,current USD millions,BEA_SAINC1,https://apps.bea.gov/regional/zip/SAINC.zip
West Virginia,1984,19921.9,10335,current USD millions,BEA_SAINC1,https://apps.bea.gov/regional/zip/SAINC.zip
West Virginia,1985,20756.7,10885,current USD millions,BEA_SAINC1,https://apps.bea.gov/regional/zip/SAINC.zip
West Virginia,1986,21253.2,11291,current USD millions,BEA_SAINC1,https://apps.bea.gov/regional/zip/SAINC.zip
West Virginia,1987,21714.8,11690,current USD millions,BEA_SAINC1,https://apps.bea.gov/regional/zip/SAINC.zip
West Virginia,1988,23221.5,12688,current USD millions,BEA_SAINC1,https://apps.bea.gov/regional/zip/SAINC.zip
West Virginia,1989,24579.3,13606,current USD millions,BEA_SAINC1,https://apps.bea.gov/regional/zip/SAINC.zip
West Virginia,1990,26184.2,14607,current USD millions,BEA_SAINC1,https://apps.bea.gov/regional/zip/SAINC.zip
West Virginia,1991,27331.6,15195,current USD millions,BEA_SAINC1,https://apps.bea.gov/regional/zip/SAINC.zip
West Virginia,1992,29388.6,16269,current USD millions,BEA_SAINC1,https://apps.bea.gov/regional/zip/SAINC.zip
West Virginia,1993,30475.6,16767,current USD millions,BEA_SAINC1,https://apps.bea.gov/regional/zip/SAINC.zip
West Virginia,1994,31790.5,17463,current USD millions,BEA_SAINC1,https://apps.bea.gov/regional/zip/SAINC.zip
West Virginia,1995,32855.6,18016,current USD millions,BEA_SAINC1,https://apps.bea.gov/regional/zip/SAINC.zip
West Virginia,1996,34152.0,18736,current USD millions,BEA_SAINC1,https://apps.bea.gov/regional/zip/SAINC.zip
West Virginia,1997,35627.8,19585,current USD millions,BEA_SAINC1,https://apps.bea.gov/regional/zip/SAINC.zip
West Virginia,1998,37130.6,20451,current USD millions,BEA_SAINC1,https://apps.bea.gov/regional/zip/SAINC.zip
West Virginia,1999,38078.6,21017,current USD millions,BEA_SAINC1,https://apps.bea.gov/regional/zip/SAINC.zip
West Virginia,2000,40251.6,22275,current USD millions,BEA_SAINC1,https://apps.bea.gov/regional/zip/SAINC.zip
West Virginia,2001,42750.3,23731,current USD millions,BEA_SAINC1,https://apps.bea.gov/regional/zip/SAINC.zip
West Virginia,2002,44243.2,24506,current USD millions,BEA_SAINC1,https://apps.bea.gov/regional/zip/SAINC.zip
West Virginia,2003,44952.8,24804,current USD millions,BEA_SAINC1,https://apps.bea.gov/regional/zip/SAINC.zip
West Virginia,2004,46551.2,25628,current USD millions,BEA_SAINC1,https://apps.bea.gov/regional/zip/SAINC.zip
West Virginia,2005,48854.3,26836,current USD millions,BEA_SAINC1,https://apps.bea.gov/regional/zip/SAINC.zip
West Virginia,2006,52147.0,28528,current USD millions,BEA_SAINC1,https://apps.bea.gov/regional/zip/SAINC.zip
West Virginia,2007,54184.7,29544,current USD millions,BEA_SAINC1,https://apps.bea.gov/regional/zip/SAINC.zip
West Virginia,2008,57958.9,31494,current USD millions,BEA_SAINC1,https://apps.bea.gov/regional/zip/SAINC.zip
West Virginia,2009,58487.5,31653,current USD millions,BEA_SAINC1,https://apps.bea.gov/regional/zip/SAINC.zip
West Virginia,2010,60532.1,32642,current USD millions,BEA_SAINC1,https://apps.bea.gov/regional/zip/SAINC.zip
West Virginia,2011,64059.0,34490,current USD millions,BEA_SAINC1,https://apps.bea.gov/regional/zip/SAINC.zip
West Virginia,2012,65488.4,35233,current USD millions,BEA_SAINC1,https://apps.bea.gov/regional/zip/SAINC.zip
West Virginia,2013,65152.6,35093,current USD millions,BEA_SAINC1,https://apps.bea.gov/regional/zip/SAINC.zip
West Virginia,2014,67156.8,36243,current USD millions,BEA_SAINC1,https://apps.bea.gov/regional/zip/SAINC.zip
West Virginia,2015,68437.8,37068,current USD millions,BEA_SAINC1,https://apps.bea.gov/regional/zip/SAINC.zip
West Virginia,2016,68067.9,37075,current USD millions,BEA_SAINC1,https://apps.bea.gov/regional/zip/SAINC.zip
West Virginia,2017,70797.6,38841,current USD millions,BEA_SAINC1,https://apps.bea.gov/regional/zip/SAINC.zip
West Virginia,2018,74235.0,41001,current USD millions,BEA_SAINC1,https://apps.bea.gov/regional/zip/SAINC.zip
West Virginia,2019,76725.0,42615,current USD millions,BEA_SAINC1,https://apps.bea.gov/regional/zip/SAINC.zip
West Virginia,2020,80440.3,44897,current USD millions,BEA_SAINC1,https://apps.bea.gov/regional/zip/SAINC.zip
West Virginia,2021,87322.5,48895,current USD millions,BEA_SAINC1,https://apps.bea.gov/regional/zip/SAINC.zip
West Virginia,2022,88990.1,50163,current USD millions,BEA_SAINC1,https://apps.bea.gov/regional/zip/SAINC.zip
West Virginia,2023,93771.0,52977,current USD millions,BEA_SAINC1,https://apps.bea.gov/regional/zip/SAINC.zip
West Virginia,2024,97970.7,55432,current USD millions,BEA_SAINC1,https://apps.bea.gov/regional/zip/SAINC.zip
West Virginia,2025,102315.6,57932,current USD millions,BEA_SAINC1,https://apps.bea.gov/regional/zip/SAINC.zip
Wisconsin,1929,1966.8,670,current USD millions,BEA_SAINC1,https://apps.bea.gov/regional/zip/SAINC.zip
Wisconsin,1930,1724.7,585,current USD millions,BEA_SAINC1,https://apps.bea.gov/regional/zip/SAINC.zip
Wisconsin,1931,1402.6,469,current USD millions,BEA_SAINC1,https://apps.bea.gov/regional/zip/SAINC.zip
Wisconsin,1932,1094.0,362,current USD millions,BEA_SAINC1,https://apps.bea.gov/regional/zip/SAINC.zip
Wisconsin,1933,1014.1,334,current USD millions,BEA_SAINC1,https://apps.bea.gov/regional/zip/SAINC.zip
Wisconsin,1934,1160.9,380,current USD millions,BEA_SAINC1,https://apps.bea.gov/regional/zip/SAINC.zip
Wisconsin,1935,1415.6,461,current USD millions,BEA_SAINC1,https://apps.bea.gov/regional/zip/SAINC.zip
Wisconsin,1936,1596.7,518,current USD millions,BEA_SAINC1,https://apps.bea.gov/regional/zip/SAINC.zip
Wisconsin,1937,1702.8,551,current USD millions,BEA_SAINC1,https://apps.bea.gov/regional/zip/SAINC.zip
Wisconsin,1938,1573.0,508,current USD millions,BEA_SAINC1,https://apps.bea.gov/regional/zip/SAINC.zip
Wisconsin,1939,1606.8,515,current USD millions,BEA_SAINC1,https://apps.bea.gov/regional/zip/SAINC.zip
Wisconsin,1940,1723.3,548,current USD millions,BEA_SAINC1,https://apps.bea.gov/regional/zip/SAINC.zip
Wisconsin,1941,2114.7,673,current USD millions,BEA_SAINC1,https://apps.bea.gov/regional/zip/SAINC.zip
Wisconsin,1942,2673.6,872,current USD millions,BEA_SAINC1,https://apps.bea.gov/regional/zip/SAINC.zip
Wisconsin,1943,3203.8,1065,current USD millions,BEA_SAINC1,https://apps.bea.gov/regional/zip/SAINC.zip
Wisconsin,1944,3316.3,1116,current USD millions,BEA_SAINC1,https://apps.bea.gov/regional/zip/SAINC.zip
Wisconsin,1945,3527.0,1191,current USD millions,BEA_SAINC1,https://apps.bea.gov/regional/zip/SAINC.zip
Wisconsin,1946,3847.2,1214,current USD millions,BEA_SAINC1,https://apps.bea.gov/regional/zip/SAINC.zip
Wisconsin,1947,4218.7,1298,current USD millions,BEA_SAINC1,https://apps.bea.gov/regional/zip/SAINC.zip
Wisconsin,1948,4759.6,1436,current USD millions,BEA_SAINC1,https://apps.bea.gov/regional/zip/SAINC.zip
Wisconsin,1949,4716.8,1391,current USD millions,BEA_SAINC1,https://apps.bea.gov/regional/zip/SAINC.zip
Wisconsin,1950,5209.0,1515,current USD millions,BEA_SAINC1,https://apps.bea.gov/regional/zip/SAINC.zip
Wisconsin,1951,6016.9,1750,current USD millions,BEA_SAINC1,https://apps.bea.gov/regional/zip/SAINC.zip
Wisconsin,1952,6293.8,1814,current USD millions,BEA_SAINC1,https://apps.bea.gov/regional/zip/SAINC.zip
Wisconsin,1953,6485.6,1850,current USD millions,BEA_SAINC1,https://apps.bea.gov/regional/zip/SAINC.zip
Wisconsin,1954,6443.6,1786,current USD millions,BEA_SAINC1,https://apps.bea.gov/regional/zip/SAINC.zip
Wisconsin,1955,6955.7,1891,current USD millions,BEA_SAINC1,https://apps.bea.gov/regional/zip/SAINC.zip
Wisconsin,1956,7511.7,2007,current USD millions,BEA_SAINC1,https://apps.bea.gov/regional/zip/SAINC.zip
Wisconsin,1957,7876.9,2078,current USD millions,BEA_SAINC1,https://apps.bea.gov/regional/zip/SAINC.zip
Wisconsin,1958,8026.6,2089,current USD millions,BEA_SAINC1,https://apps.bea.gov/regional/zip/SAINC.zip
Wisconsin,1959,8702.7,2237,current USD millions,BEA_SAINC1,https://apps.bea.gov/regional/zip/SAINC.zip
Wisconsin,1960,8994.3,2270,current USD millions,BEA_SAINC1,https://apps.bea.gov/regional/zip/SAINC.zip
Wisconsin,1961,9282.4,2315,current USD millions,BEA_SAINC1,https://apps.bea.gov/regional/zip/SAINC.zip
Wisconsin,1962,9809.7,2423,current USD millions,BEA_SAINC1,https://apps.bea.gov/regional/zip/SAINC.zip
Wisconsin,1963,10135.2,2465,current USD millions,BEA_SAINC1,https://apps.bea.gov/regional/zip/SAINC.zip
Wisconsin,1964,10909.4,2619,current USD millions,BEA_SAINC1,https://apps.bea.gov/regional/zip/SAINC.zip
Wisconsin,1965,11798.4,2788,current USD millions,BEA_SAINC1,https://apps.bea.gov/regional/zip/SAINC.zip
Wisconsin,1966,12888.4,3016,current USD millions,BEA_SAINC1,https://apps.bea.gov/regional/zip/SAINC.zip
Wisconsin,1967,13602.2,3161,current USD millions,BEA_SAINC1,https://apps.bea.gov/regional/zip/SAINC.zip
Wisconsin,1968,14896.3,3428,current USD millions,BEA_SAINC1,https://apps.bea.gov/regional/zip/SAINC.zip
Wisconsin,1969,16424.6,3752,current USD millions,BEA_SAINC1,https://apps.bea.gov/regional/zip/SAINC.zip
Wisconsin,1970,17648.8,3988,current USD millions,BEA_SAINC1,https://apps.bea.gov/regional/zip/SAINC.zip
Wisconsin,1971,18959.2,4251,current USD millions,BEA_SAINC1,https://apps.bea.gov/regional/zip/SAINC.zip
Wisconsin,1972,20731.6,4609,current USD millions,BEA_SAINC1,https://apps.bea.gov/regional/zip/SAINC.zip
Wisconsin,1973,23157.8,5125,current USD millions,BEA_SAINC1,https://apps.bea.gov/regional/zip/SAINC.zip
Wisconsin,1974,25436.5,5605,current USD millions,BEA_SAINC1,https://apps.bea.gov/regional/zip/SAINC.zip
Wisconsin,1975,27872.0,6099,current USD millions,BEA_SAINC1,https://apps.bea.gov/regional/zip/SAINC.zip
Wisconsin,1976,30609.1,6676,current USD millions,BEA_SAINC1,https://apps.bea.gov/regional/zip/SAINC.zip
Wisconsin,1977,34210.4,7416,current USD millions,BEA_SAINC1,https://apps.bea.gov/regional/zip/SAINC.zip
Wisconsin,1978,38209.9,8249,current USD millions,BEA_SAINC1,https://apps.bea.gov/regional/zip/SAINC.zip
Wisconsin,1979,42797.8,9172,current USD millions,BEA_SAINC1,https://apps.bea.gov/regional/zip/SAINC.zip
Wisconsin,1980,47299.0,10038,current USD millions,BEA_SAINC1,https://apps.bea.gov/regional/zip/SAINC.zip
Wisconsin,1981,51586.5,10915,current USD millions,BEA_SAINC1,https://apps.bea.gov/regional/zip/SAINC.zip
Wisconsin,1982,54426.0,11509,current USD millions,BEA_SAINC1,https://apps.bea.gov/regional/zip/SAINC.zip
Wisconsin,1983,57213.7,12118,current USD millions,BEA_SAINC1,https://apps.bea.gov/regional/zip/SAINC.zip
Wisconsin,1984,62839.3,13270,current USD millions,BEA_SAINC1,https://apps.bea.gov/regional/zip/SAINC.zip
Wisconsin,1985,66243.9,13953,current USD millions,BEA_SAINC1,https://apps.bea.gov/regional/zip/SAINC.zip
Wisconsin,1986,69881.4,14694,current USD millions,BEA_SAINC1,https://apps.bea.gov/regional/zip/SAINC.zip
Wisconsin,1987,73507.2,15385,current USD millions,BEA_SAINC1,https://apps.bea.gov/regional/zip/SAINC.zip
Wisconsin,1988,78389.5,16255,current USD millions,BEA_SAINC1,https://apps.bea.gov/regional/zip/SAINC.zip
Wisconsin,1989,85446.6,17594,current USD millions,BEA_SAINC1,https://apps.bea.gov/regional/zip/SAINC.zip
Wisconsin,1990,90418.0,18435,current USD millions,BEA_SAINC1,https://apps.bea.gov/regional/zip/SAINC.zip
Wisconsin,1991,94089.1,18953,current USD millions,BEA_SAINC1,https://apps.bea.gov/regional/zip/SAINC.zip
Wisconsin,1992,101342.4,20166,current USD millions,BEA_SAINC1,https://apps.bea.gov/regional/zip/SAINC.zip
Wisconsin,1993,106615.0,20967,current USD millions,BEA_SAINC1,https://apps.bea.gov/regional/zip/SAINC.zip
Wisconsin,1994,113266.5,22063,current USD millions,BEA_SAINC1,https://apps.bea.gov/regional/zip/SAINC.zip
Wisconsin,1995,119152.5,22981,current USD millions,BEA_SAINC1,https://apps.bea.gov/regional/zip/SAINC.zip
Wisconsin,1996,125937.4,24080,current USD millions,BEA_SAINC1,https://apps.bea.gov/regional/zip/SAINC.zip
Wisconsin,1997,133808.7,25409,current USD millions,BEA_SAINC1,https://apps.bea.gov/regional/zip/SAINC.zip
Wisconsin,1998,143130.0,27018,current USD millions,BEA_SAINC1,https://apps.bea.gov/regional/zip/SAINC.zip
Wisconsin,1999,148737.0,27892,current USD millions,BEA_SAINC1,https://apps.bea.gov/regional/zip/SAINC.zip
Wisconsin,2000,158494.2,29493,current USD millions,BEA_SAINC1,https://apps.bea.gov/regional/zip/SAINC.zip
Wisconsin,2001,166593.2,30812,current USD millions,BEA_SAINC1,https://apps.bea.gov/regional/zip/SAINC.zip
Wisconsin,2002,171010.0,31406,current USD millions,BEA_SAINC1,https://apps.bea.gov/regional/zip/SAINC.zip
Wisconsin,2003,175794.3,32084,current USD millions,BEA_SAINC1,https://apps.bea.gov/regional/zip/SAINC.zip
Wisconsin,2004,183721.4,33319,current USD millions,BEA_SAINC1,https://apps.bea.gov/regional/zip/SAINC.zip
Wisconsin,2005,189779.2,34218,current USD millions,BEA_SAINC1,https://apps.bea.gov/regional/zip/SAINC.zip
Wisconsin,2006,201058.4,36047,current USD millions,BEA_SAINC1,https://apps.bea.gov/regional/zip/SAINC.zip
Wisconsin,2007,210529.9,37522,current USD millions,BEA_SAINC1,https://apps.bea.gov/regional/zip/SAINC.zip
Wisconsin,2008,219194.5,38857,current USD millions,BEA_SAINC1,https://apps.bea.gov/regional/zip/SAINC.zip
Wisconsin,2009,216211.9,38138,current USD millions,BEA_SAINC1,https://apps.bea.gov/regional/zip/SAINC.zip
Wisconsin,2010,222260.9,39048,current USD millions,BEA_SAINC1,https://apps.bea.gov/regional/zip/SAINC.zip
Wisconsin,2011,234631.6,41067,current USD millions,BEA_SAINC1,https://apps.bea.gov/regional/zip/SAINC.zip
Wisconsin,2012,244508.3,42639,current USD millions,BEA_SAINC1,https://apps.bea.gov/regional/zip/SAINC.zip
Wisconsin,2013,245762.3,42685,current USD millions,BEA_SAINC1,https://apps.bea.gov/regional/zip/SAINC.zip
Wisconsin,2014,255165.3,44156,current USD millions,BEA_SAINC1,https://apps.bea.gov/regional/zip/SAINC.zip
Wisconsin,2015,266132.0,45928,current USD millions,BEA_SAINC1,https://apps.bea.gov/regional/zip/SAINC.zip
Wisconsin,2016,270846.6,46595,current USD millions,BEA_SAINC1,https://apps.bea.gov/regional/zip/SAINC.zip
Wisconsin,2017,281979.5,48311,current USD millions,BEA_SAINC1,https://apps.bea.gov/regional/zip/SAINC.zip
Wisconsin,2018,295996.8,50520,current USD millions,BEA_SAINC1,https://apps.bea.gov/regional/zip/SAINC.zip
Wisconsin,2019,307947.5,52370,current USD millions,BEA_SAINC1,https://apps.bea.gov/regional/zip/SAINC.zip
Wisconsin,2020,327298.4,55499,current USD millions,BEA_SAINC1,https://apps.bea.gov/regional/zip/SAINC.zip
Wisconsin,2021,357005.4,60693,current USD millions,BEA_SAINC1,https://apps.bea.gov/regional/zip/SAINC.zip
Wisconsin,2022,365050.1,61837,current USD millions,BEA_SAINC1,https://apps.bea.gov/regional/zip/SAINC.zip
Wisconsin,2023,384719.8,64873,current USD millions,BEA_SAINC1,https://apps.bea.gov/regional/zip/SAINC.zip
Wisconsin,2024,403888.3,67799,current USD millions,BEA_SAINC1,https://apps.bea.gov/regional/zip/SAINC.zip
Wisconsin,2025,421498.1,70570,current USD millions,BEA_SAINC1,https://apps.bea.gov/regional/zip/SAINC.zip
Wyoming,1929,149.9,672,current USD millions,BEA_SAINC1,https://apps.bea.gov/regional/zip/SAINC.zip
Wyoming,1930,131.6,582,current USD millions,BEA_SAINC1,https://apps.bea.gov/regional/zip/SAINC.zip
Wyoming,1931,109.3,477,current USD millions,BEA_SAINC1,https://apps.bea.gov/regional/zip/SAINC.zip
Wyoming,1932,86.4,375,current USD millions,BEA_SAINC1,https://apps.bea.gov/regional/zip/SAINC.zip
Wyoming,1933,85.5,372,current USD millions,BEA_SAINC1,https://apps.bea.gov/regional/zip/SAINC.zip
Wyoming,1934,96.4,414,current USD millions,BEA_SAINC1,https://apps.bea.gov/regional/zip/SAINC.zip
Wyoming,1935,118.1,498,current USD millions,BEA_SAINC1,https://apps.bea.gov/regional/zip/SAINC.zip
Wyoming,1936,132.5,552,current USD millions,BEA_SAINC1,https://apps.bea.gov/regional/zip/SAINC.zip
Wyoming,1937,147.2,606,current USD millions,BEA_SAINC1,https://apps.bea.gov/regional/zip/SAINC.zip
Wyoming,1938,137.8,560,current USD millions,BEA_SAINC1,https://apps.bea.gov/regional/zip/SAINC.zip
Wyoming,1939,145.4,586,current USD millions,BEA_SAINC1,https://apps.bea.gov/regional/zip/SAINC.zip
Wyoming,1940,150.5,602,current USD millions,BEA_SAINC1,https://apps.bea.gov/regional/zip/SAINC.zip
Wyoming,1941,197.4,793,current USD millions,BEA_SAINC1,https://apps.bea.gov/regional/zip/SAINC.zip
Wyoming,1942,242.6,974,current USD millions,BEA_SAINC1,https://apps.bea.gov/regional/zip/SAINC.zip
Wyoming,1943,288.1,1171,current USD millions,BEA_SAINC1,https://apps.bea.gov/regional/zip/SAINC.zip
Wyoming,1944,298.3,1243,current USD millions,BEA_SAINC1,https://apps.bea.gov/regional/zip/SAINC.zip
Wyoming,1945,305.8,1274,current USD millions,BEA_SAINC1,https://apps.bea.gov/regional/zip/SAINC.zip
Wyoming,1946,345.3,1365,current USD millions,BEA_SAINC1,https://apps.bea.gov/regional/zip/SAINC.zip
Wyoming,1947,386.9,1511,current USD millions,BEA_SAINC1,https://apps.bea.gov/regional/zip/SAINC.zip
Wyoming,1948,439.8,1635,current USD millions,BEA_SAINC1,https://apps.bea.gov/regional/zip/SAINC.zip
Wyoming,1949,471.3,1702,current USD millions,BEA_SAINC1,https://apps.bea.gov/regional/zip/SAINC.zip
Wyoming,1950,519.6,1792,current USD millions,BEA_SAINC1,https://apps.bea.gov/regional/zip/SAINC.zip
Wyoming,1951,588.6,2023,current USD millions,BEA_SAINC1,https://apps.bea.gov/regional/zip/SAINC.zip
Wyoming,1952,582.0,1986,current USD millions,BEA_SAINC1,https://apps.bea.gov/regional/zip/SAINC.zip
Wyoming,1953,581.5,2005,current USD millions,BEA_SAINC1,https://apps.bea.gov/regional/zip/SAINC.zip
Wyoming,1954,567.1,1935,current USD millions,BEA_SAINC1,https://apps.bea.gov/regional/zip/SAINC.zip
Wyoming,1955,615.9,2006,current USD millions,BEA_SAINC1,https://apps.bea.gov/regional/zip/SAINC.zip
Wyoming,1956,660.0,2115,current USD millions,BEA_SAINC1,https://apps.bea.gov/regional/zip/SAINC.zip
Wyoming,1957,701.4,2234,current USD millions,BEA_SAINC1,https://apps.bea.gov/regional/zip/SAINC.zip
Wyoming,1958,711.1,2257,current USD millions,BEA_SAINC1,https://apps.bea.gov/regional/zip/SAINC.zip
Wyoming,1959,752.5,2352,current USD millions,BEA_SAINC1,https://apps.bea.gov/regional/zip/SAINC.zip
Wyoming,1960,788.5,2382,current USD millions,BEA_SAINC1,https://apps.bea.gov/regional/zip/SAINC.zip
Wyoming,1961,829.3,2461,current USD millions,BEA_SAINC1,https://apps.bea.gov/regional/zip/SAINC.zip
Wyoming,1962,859.0,2580,current USD millions,BEA_SAINC1,https://apps.bea.gov/regional/zip/SAINC.zip
Wyoming,1963,878.9,2616,current USD millions,BEA_SAINC1,https://apps.bea.gov/regional/zip/SAINC.zip
Wyoming,1964,906.3,2673,current USD millions,BEA_SAINC1,https://apps.bea.gov/regional/zip/SAINC.zip
Wyoming,1965,935.6,2818,current USD millions,BEA_SAINC1,https://apps.bea.gov/regional/zip/SAINC.zip
Wyoming,1966,958.3,2967,current USD millions,BEA_SAINC1,https://apps.bea.gov/regional/zip/SAINC.zip
Wyoming,1967,1025.4,3184,current USD millions,BEA_SAINC1,https://apps.bea.gov/regional/zip/SAINC.zip
Wyoming,1968,1093.6,3375,current USD millions,BEA_SAINC1,https://apps.bea.gov/regional/zip/SAINC.zip
Wyoming,1969,1218.6,3704,current USD millions,BEA_SAINC1,https://apps.bea.gov/regional/zip/SAINC.zip
Wyoming,1970,1347.9,4038,current USD millions,BEA_SAINC1,https://apps.bea.gov/regional/zip/SAINC.zip
Wyoming,1971,1497.5,4404,current USD millions,BEA_SAINC1,https://apps.bea.gov/regional/zip/SAINC.zip
Wyoming,1972,1684.5,4856,current USD millions,BEA_SAINC1,https://apps.bea.gov/regional/zip/SAINC.zip
Wyoming,1973,1968.6,5571,current USD millions,BEA_SAINC1,https://apps.bea.gov/regional/zip/SAINC.zip
Wyoming,1974,2302.7,6317,current USD millions,BEA_SAINC1,https://apps.bea.gov/regional/zip/SAINC.zip
Wyoming,1975,2607.4,6853,current USD millions,BEA_SAINC1,https://apps.bea.gov/regional/zip/SAINC.zip
Wyoming,1976,2890.4,7309,current USD millions,BEA_SAINC1,https://apps.bea.gov/regional/zip/SAINC.zip
Wyoming,1977,3375.6,8203,current USD millions,BEA_SAINC1,https://apps.bea.gov/regional/zip/SAINC.zip
Wyoming,1978,4033.7,9361,current USD millions,BEA_SAINC1,https://apps.bea.gov/regional/zip/SAINC.zip
Wyoming,1979,4715.7,10436,current USD millions,BEA_SAINC1,https://apps.bea.gov/regional/zip/SAINC.zip
Wyoming,1980,5507.3,11614,current USD millions,BEA_SAINC1,https://apps.bea.gov/regional/zip/SAINC.zip
Wyoming,1981,6294.2,12801,current USD millions,BEA_SAINC1,https://apps.bea.gov/regional/zip/SAINC.zip
Wyoming,1982,6611.5,13056,current USD millions,BEA_SAINC1,https://apps.bea.gov/regional/zip/SAINC.zip
Wyoming,1983,6569.0,12872,current USD millions,BEA_SAINC1,https://apps.bea.gov/regional/zip/SAINC.zip
Wyoming,1984,6848.3,13564,current USD millions,BEA_SAINC1,https://apps.bea.gov/regional/zip/SAINC.zip
Wyoming,1985,7156.1,14321,current USD millions,BEA_SAINC1,https://apps.bea.gov/regional/zip/SAINC.zip
Wyoming,1986,7125.3,14376,current USD millions,BEA_SAINC1,https://apps.bea.gov/regional/zip/SAINC.zip
Wyoming,1987,6833.6,14327,current USD millions,BEA_SAINC1,https://apps.bea.gov/regional/zip/SAINC.zip
Wyoming,1988,6993.9,15037,current USD millions,BEA_SAINC1,https://apps.bea.gov/regional/zip/SAINC.zip
Wyoming,1989,7632.0,16650,current USD millions,BEA_SAINC1,https://apps.bea.gov/regional/zip/SAINC.zip
Wyoming,1990,8231.0,18142,current USD millions,BEA_SAINC1,https://apps.bea.gov/regional/zip/SAINC.zip
Wyoming,1991,8650.7,18836,current USD millions,BEA_SAINC1,https://apps.bea.gov/regional/zip/SAINC.zip
Wyoming,1992,9122.2,19565,current USD millions,BEA_SAINC1,https://apps.bea.gov/regional/zip/SAINC.zip
Wyoming,1993,9646.8,20392,current USD millions,BEA_SAINC1,https://apps.bea.gov/regional/zip/SAINC.zip
Wyoming,1994,10085.7,21000,current USD millions,BEA_SAINC1,https://apps.bea.gov/regional/zip/SAINC.zip
Wyoming,1995,10563.2,21773,current USD millions,BEA_SAINC1,https://apps.bea.gov/regional/zip/SAINC.zip
Wyoming,1996,11043.4,22622,current USD millions,BEA_SAINC1,https://apps.bea.gov/regional/zip/SAINC.zip
Wyoming,1997,11864.6,24241,current USD millions,BEA_SAINC1,https://apps.bea.gov/regional/zip/SAINC.zip
Wyoming,1998,12615.1,25704,current USD millions,BEA_SAINC1,https://apps.bea.gov/regional/zip/SAINC.zip
Wyoming,1999,13476.8,27404,current USD millions,BEA_SAINC1,https://apps.bea.gov/regional/zip/SAINC.zip
Wyoming,2000,14545.3,29426,current USD millions,BEA_SAINC1,https://apps.bea.gov/regional/zip/SAINC.zip
Wyoming,2001,15440.8,31215,current USD millions,BEA_SAINC1,https://apps.bea.gov/regional/zip/SAINC.zip
Wyoming,2002,15905.3,31810,current USD millions,BEA_SAINC1,https://apps.bea.gov/regional/zip/SAINC.zip
Wyoming,2003,16937.2,33642,current USD millions,BEA_SAINC1,https://apps.bea.gov/regional/zip/SAINC.zip
Wyoming,2004,18287.4,35921,current USD millions,BEA_SAINC1,https://apps.bea.gov/regional/zip/SAINC.zip
Wyoming,2005,20004.4,38907,current USD millions,BEA_SAINC1,https://apps.bea.gov/regional/zip/SAINC.zip
Wyoming,2006,22895.5,43805,current USD millions,BEA_SAINC1,https://apps.bea.gov/regional/zip/SAINC.zip
Wyoming,2007,24408.3,45634,current USD millions,BEA_SAINC1,https://apps.bea.gov/regional/zip/SAINC.zip
Wyoming,2008,27002.5,49451,current USD millions,BEA_SAINC1,https://apps.bea.gov/regional/zip/SAINC.zip
Wyoming,2009,24912.8,44499,current USD millions,BEA_SAINC1,https://apps.bea.gov/regional/zip/SAINC.zip
Wyoming,2010,26185.4,46395,current USD millions,BEA_SAINC1,https://apps.bea.gov/regional/zip/SAINC.zip
Wyoming,2011,28699.9,50631,current USD millions,BEA_SAINC1,https://apps.bea.gov/regional/zip/SAINC.zip
Wyoming,2012,30844.4,53597,current USD millions,BEA_SAINC1,https://apps.bea.gov/regional/zip/SAINC.zip
Wyoming,2013,30694.1,52835,current USD millions,BEA_SAINC1,https://apps.bea.gov/regional/zip/SAINC.zip
Wyoming,2014,32679.6,56251,current USD millions,BEA_SAINC1,https://apps.bea.gov/regional/zip/SAINC.zip
Wyoming,2015,32755.6,56120,current USD millions,BEA_SAINC1,https://apps.bea.gov/regional/zip/SAINC.zip
Wyoming,2016,31090.1,53419,current USD millions,BEA_SAINC1,https://apps.bea.gov/regional/zip/SAINC.zip
Wyoming,2017,32487.4,56378,current USD millions,BEA_SAINC1,https://apps.bea.gov/regional/zip/SAINC.zip
Wyoming,2018,34025.2,59197,current USD millions,BEA_SAINC1,https://apps.bea.gov/regional/zip/SAINC.zip
Wyoming,2019,35585.6,61853,current USD millions,BEA_SAINC1,https://apps.bea.gov/regional/zip/SAINC.zip
Wyoming,2020,37602.9,65094,current USD millions,BEA_SAINC1,https://apps.bea.gov/regional/zip/SAINC.zip
Wyoming,2021,41420.5,71456,current USD millions,BEA_SAINC1,https://apps.bea.gov/regional/zip/SAINC.zip
Wyoming,2022,45259.3,77800,current USD millions,BEA_SAINC1,https://apps.bea.gov/regional/zip/SAINC.zip
Wyoming,2023,48583.0,83095,current USD millions,BEA_SAINC1,https://apps.bea.gov/regional/zip/SAINC.zip
Wyoming,2024,50815.4,86609,current USD millions,BEA_SAINC1,https://apps.bea.gov/regional/zip/SAINC.zip
Wyoming,2025,52873.5,89806,current USD millions,BEA_SAINC1,https://apps.bea.gov/regional/zip/SAINC.zip
Alabama,1963,7343.1,2187,current USD millions,BEA_SAGDP2S,https://apps.bea.gov/regional/zip/SAGDP_SIC.zip
Alabama,1964,8219.6,2421,current USD millions,BEA_SAGDP2S,https://apps.bea.gov/regional/zip/SAGDP_SIC.zip
Alabama,1965,8994.3,2612,current USD millions,BEA_SAGDP2S,https://apps.bea.gov/regional/zip/SAGDP_SIC.zip
Alabama,1966,9847.2,2843,current USD millions,BEA_SAGDP2S,https://apps.bea.gov/regional/zip/SAGDP_SIC.zip
Alabama,1967,10052.7,2907,current USD millions,BEA_SAGDP2S,https://apps.bea.gov/regional/zip/SAGDP_SIC.zip
Alabama,1968,10976.6,3185,current USD millions,BEA_SAGDP2S,https://apps.bea.gov/regional/zip/SAGDP_SIC.zip
Alabama,1969,11865.9,3449,current USD millions,BEA_SAGDP2S,https://apps.bea.gov/regional/zip/SAGDP_SIC.zip
Alabama,1970,12474.8,3616,current USD millions,BEA_SAGDP2S,https://apps.bea.gov/regional/zip/SAGDP_SIC.zip
Alabama,1971,13623.6,3895,current USD millions,BEA_SAGDP2S,https://apps.bea.gov/regional/zip/SAGDP_SIC.zip
Alabama,1972,15356.3,4338,current USD millions,BEA_SAGDP2S,https://apps.bea.gov/regional/zip/SAGDP_SIC.zip
Alabama,1973,17428.4,4867,current USD millions,BEA_SAGDP2S,https://apps.bea.gov/regional/zip/SAGDP_SIC.zip
Alabama,1974,19453.6,5362,current USD millions,BEA_SAGDP2S,https://apps.bea.gov/regional/zip/SAGDP_SIC.zip
Alabama,1975,21346.0,5800,current USD millions,BEA_SAGDP2S,https://apps.bea.gov/regional/zip/SAGDP_SIC.zip
Alabama,1976,24324.0,6509,current USD millions,BEA_SAGDP2S,https://apps.bea.gov/regional/zip/SAGDP_SIC.zip
Alabama,1977,26724.9,7065,current USD millions,BEA_SAGDP2S,https://apps.bea.gov/regional/zip/SAGDP_SIC.zip
Alabama,1978,30546.5,7967,current USD millions,BEA_SAGDP2S,https://apps.bea.gov/regional/zip/SAGDP_SIC.zip
Alabama,1979,33711.9,8712,current USD millions,BEA_SAGDP2S,https://apps.bea.gov/regional/zip/SAGDP_SIC.zip
Alabama,1980,36142.5,9266,current USD millions,BEA_SAGDP2S,https://apps.bea.gov/regional/zip/SAGDP_SIC.zip
Alabama,1981,40257.4,10274,current USD millions,BEA_SAGDP2S,https://apps.bea.gov/regional/zip/SAGDP_SIC.zip
Alabama,1982,41778.1,10643,current USD millions,BEA_SAGDP2S,https://apps.bea.gov/regional/zip/SAGDP_SIC.zip
Alabama,1983,45678.6,11611,current USD millions,BEA_SAGDP2S,https://apps.bea.gov/regional/zip/SAGDP_SIC.zip
Alabama,1984,50010.1,12655,current USD millions,BEA_SAGDP2S,https://apps.bea.gov/regional/zip/SAGDP_SIC.zip
Alabama,1985,53823.6,13549,current USD millions,BEA_SAGDP2S,https://apps.bea.gov/regional/zip/SAGDP_SIC.zip
Alabama,1986,56133.8,14063,current USD millions,BEA_SAGDP2S,https://apps.bea.gov/regional/zip/SAGDP_SIC.zip
Alabama,1987,60751.8,15130,current USD millions,BEA_SAGDP2S,https://apps.bea.gov/regional/zip/SAGDP_SIC.zip
Alabama,1988,66007.5,16404,current USD millions,BEA_SAGDP2S,https://apps.bea.gov/regional/zip/SAGDP_SIC.zip
Alabama,1989,68394.4,16970,current USD millions,BEA_SAGDP2S,https://apps.bea.gov/regional/zip/SAGDP_SIC.zip
Alabama,1990,71610.0,17681,current USD millions,BEA_SAGDP2S,https://apps.bea.gov/regional/zip/SAGDP_SIC.zip
Alabama,1991,76043.3,18551,current USD millions,BEA_SAGDP2S,https://apps.bea.gov/regional/zip/SAGDP_SIC.zip
Alabama,1992,81260.1,19562,current USD millions,BEA_SAGDP2S,https://apps.bea.gov/regional/zip/SAGDP_SIC.zip
Alabama,1993,84562.8,20066,current USD millions,BEA_SAGDP2S,https://apps.bea.gov/regional/zip/SAGDP_SIC.zip
Alabama,1994,90098.5,21149,current USD millions,BEA_SAGDP2S,https://apps.bea.gov/regional/zip/SAGDP_SIC.zip
Alabama,1995,95819.1,22300,current USD millions,BEA_SAGDP2S,https://apps.bea.gov/regional/zip/SAGDP_SIC.zip
Alabama,1996,100145.9,23122,current USD millions,BEA_SAGDP2S,https://apps.bea.gov/regional/zip/SAGDP_SIC.zip
Alabama,1997,104805.2,23994,current USD millions,BEA_SAGDP2S,https://apps.bea.gov/regional/zip/SAGDP_SIC.zip
Alaska,1963,1083.1,4231,current USD millions,BEA_SAGDP2S,https://apps.bea.gov/regional/zip/SAGDP_SIC.zip
Alaska,1964,1229.9,4676,current USD millions,BEA_SAGDP2S,https://apps.bea.gov/regional/zip/SAGDP_SIC.zip
Alaska,1965,1374.3,5071,current USD millions,BEA_SAGDP2S,https://apps.bea.gov/regional/zip/SAGDP_SIC.zip
Alaska,1966,1494.0,5513,current USD millions,BEA_SAGDP2S,https://apps.bea.gov/regional/zip/SAGDP_SIC.zip
Alaska,1967,1642.8,5909,current USD millions,BEA_SAGDP2S,https://apps.bea.gov/regional/zip/SAGDP_SIC.zip
Alaska,1968,1899.5,6665,current USD millions,BEA_SAGDP2S,https://apps.bea.gov/regional/zip/SAGDP_SIC.zip
Alaska,1969,2073.5,7005,current USD millions,BEA_SAGDP2S,https://apps.bea.gov/regional/zip/SAGDP_SIC.zip
Alaska,1970,2359.2,7752,current USD millions,BEA_SAGDP2S,https://apps.bea.gov/regional/zip/SAGDP_SIC.zip
Alaska,1971,2539.5,8024,current USD millions,BEA_SAGDP2S,https://apps.bea.gov/regional/zip/SAGDP_SIC.zip
Alaska,1972,2742.6,8400,current USD millions,BEA_SAGDP2S,https://apps.bea.gov/regional/zip/SAGDP_SIC.zip
Alaska,1973,3040.7,9125,current USD millions,BEA_SAGDP2S,https://apps.bea.gov/regional/zip/SAGDP_SIC.zip
Alaska,1974,3998.9,11601,current USD millions,BEA_SAGDP2S,https://apps.bea.gov/regional/zip/SAGDP_SIC.zip
Alaska,1975,6220.1,16767,current USD millions,BEA_SAGDP2S,https://apps.bea.gov/regional/zip/SAGDP_SIC.zip
Alaska,1976,7470.3,19003,current USD millions,BEA_SAGDP2S,https://apps.bea.gov/regional/zip/SAGDP_SIC.zip
Alaska,1977,7544.3,18986,current USD millions,BEA_SAGDP2S,https://apps.bea.gov/regional/zip/SAGDP_SIC.zip
Alaska,1978,9129.8,22700,current USD millions,BEA_SAGDP2S,https://apps.bea.gov/regional/zip/SAGDP_SIC.zip
Alaska,1979,10891.4,26989,current USD millions,BEA_SAGDP2S,https://apps.bea.gov/regional/zip/SAGDP_SIC.zip
Alaska,1980,15281.8,37704,current USD millions,BEA_SAGDP2S,https://apps.bea.gov/regional/zip/SAGDP_SIC.zip
Alaska,1981,21823.6,52148,current USD millions,BEA_SAGDP2S,https://apps.bea.gov/regional/zip/SAGDP_SIC.zip
Alaska,1982,23460.6,52180,current USD millions,BEA_SAGDP2S,https://apps.bea.gov/regional/zip/SAGDP_SIC.zip
Alaska,1983,22591.2,46254,current USD millions,BEA_SAGDP2S,https://apps.bea.gov/regional/zip/SAGDP_SIC.zip
Alaska,1984,23787.5,46306,current USD millions,BEA_SAGDP2S,https://apps.bea.gov/regional/zip/SAGDP_SIC.zip
Alaska,1985,26142.5,49094,current USD millions,BEA_SAGDP2S,https://apps.bea.gov/regional/zip/SAGDP_SIC.zip
Alaska,1986,19180.7,35241,current USD millions,BEA_SAGDP2S,https://apps.bea.gov/regional/zip/SAGDP_SIC.zip
Alaska,1987,22925.4,42509,current USD millions,BEA_SAGDP2S,https://apps.bea.gov/regional/zip/SAGDP_SIC.zip
Alaska,1988,21270.0,39245,current USD millions,BEA_SAGDP2S,https://apps.bea.gov/regional/zip/SAGDP_SIC.zip
Alaska,1989,23453.3,42864,current USD millions,BEA_SAGDP2S,https://apps.bea.gov/regional/zip/SAGDP_SIC.zip
Alaska,1990,25039.5,45256,current USD millions,BEA_SAGDP2S,https://apps.bea.gov/regional/zip/SAGDP_SIC.zip
Alaska,1991,22282.5,39079,current USD millions,BEA_SAGDP2S,https://apps.bea.gov/regional/zip/SAGDP_SIC.zip
Alaska,1992,22752.8,38647,current USD millions,BEA_SAGDP2S,https://apps.bea.gov/regional/zip/SAGDP_SIC.zip
Alaska,1993,23284.2,38844,current USD millions,BEA_SAGDP2S,https://apps.bea.gov/regional/zip/SAGDP_SIC.zip
Alaska,1994,23604.7,39125,current USD millions,BEA_SAGDP2S,https://apps.bea.gov/regional/zip/SAGDP_SIC.zip
Alaska,1995,25448.8,42105,current USD millions,BEA_SAGDP2S,https://apps.bea.gov/regional/zip/SAGDP_SIC.zip
Alaska,1996,26736.9,43934,current USD millions,BEA_SAGDP2S,https://apps.bea.gov/regional/zip/SAGDP_SIC.zip
Alaska,1997,27581.3,44996,current USD millions,BEA_SAGDP2S,https://apps.bea.gov/regional/zip/SAGDP_SIC.zip
Arizona,1963,4482.1,2947,current USD millions,BEA_SAGDP2S,https://apps.bea.gov/regional/zip/SAGDP_SIC.zip
Arizona,1964,4817.0,3096,current USD millions,BEA_SAGDP2S,https://apps.bea.gov/regional/zip/SAGDP_SIC.zip
Arizona,1965,5027.5,3174,current USD millions,BEA_SAGDP2S,https://apps.bea.gov/regional/zip/SAGDP_SIC.zip
Arizona,1966,5527.3,3425,current USD millions,BEA_SAGDP2S,https://apps.bea.gov/regional/zip/SAGDP_SIC.zip
Arizona,1967,5783.4,3514,current USD millions,BEA_SAGDP2S,https://apps.bea.gov/regional/zip/SAGDP_SIC.zip
Arizona,1968,6593.4,3920,current USD millions,BEA_SAGDP2S,https://apps.bea.gov/regional/zip/SAGDP_SIC.zip
Arizona,1969,7563.2,4354,current USD millions,BEA_SAGDP2S,https://apps.bea.gov/regional/zip/SAGDP_SIC.zip
Arizona,1970,8569.0,4774,current USD millions,BEA_SAGDP2S,https://apps.bea.gov/regional/zip/SAGDP_SIC.zip
Arizona,1971,9649.0,5089,current USD millions,BEA_SAGDP2S,https://apps.bea.gov/regional/zip/SAGDP_SIC.zip
Arizona,1972,11291.9,5621,current USD millions,BEA_SAGDP2S,https://apps.bea.gov/regional/zip/SAGDP_SIC.zip
Arizona,1973,13329.8,6272,current USD millions,BEA_SAGDP2S,https://apps.bea.gov/regional/zip/SAGDP_SIC.zip
Arizona,1974,14611.3,6569,current USD millions,BEA_SAGDP2S,https://apps.bea.gov/regional/zip/SAGDP_SIC.zip
Arizona,1975,15284.3,6685,current USD millions,BEA_SAGDP2S,https://apps.bea.gov/regional/zip/SAGDP_SIC.zip
Arizona,1976,16970.0,7228,current USD millions,BEA_SAGDP2S,https://apps.bea.gov/regional/zip/SAGDP_SIC.zip
Arizona,1977,19609.2,8079,current USD millions,BEA_SAGDP2S,https://apps.bea.gov/regional/zip/SAGDP_SIC.zip
Arizona,1978,23278.5,9245,current USD millions,BEA_SAGDP2S,https://apps.bea.gov/regional/zip/SAGDP_SIC.zip
Arizona,1979,27495.4,10421,current USD millions,BEA_SAGDP2S,https://apps.bea.gov/regional/zip/SAGDP_SIC.zip
Arizona,1980,30764.3,11237,current USD millions,BEA_SAGDP2S,https://apps.bea.gov/regional/zip/SAGDP_SIC.zip
Arizona,1981,34268.6,12195,current USD millions,BEA_SAGDP2S,https://apps.bea.gov/regional/zip/SAGDP_SIC.zip
Arizona,1982,35793.7,12386,current USD millions,BEA_SAGDP2S,https://apps.bea.gov/regional/zip/SAGDP_SIC.zip
Arizona,1983,39774.0,13397,current USD millions,BEA_SAGDP2S,https://apps.bea.gov/regional/zip/SAGDP_SIC.zip
Arizona,1984,46135.0,15042,current USD millions,BEA_SAGDP2S,https://apps.bea.gov/regional/zip/SAGDP_SIC.zip
Arizona,1985,50708.7,15928,current USD millions,BEA_SAGDP2S,https://apps.bea.gov/regional/zip/SAGDP_SIC.zip
Arizona,1986,55880.9,16891,current USD millions,BEA_SAGDP2S,https://apps.bea.gov/regional/zip/SAGDP_SIC.zip
Arizona,1987,60046.7,17470,current USD millions,BEA_SAGDP2S,https://apps.bea.gov/regional/zip/SAGDP_SIC.zip
Arizona,1988,64944.6,18371,current USD millions,BEA_SAGDP2S,https://apps.bea.gov/regional/zip/SAGDP_SIC.zip
Arizona,1989,67895.5,18744,current USD millions,BEA_SAGDP2S,https://apps.bea.gov/regional/zip/SAGDP_SIC.zip
Arizona,1990,70631.7,19172,current USD millions,BEA_SAGDP2S,https://apps.bea.gov/regional/zip/SAGDP_SIC.zip
Arizona,1991,73358.3,19363,current USD millions,BEA_SAGDP2S,https://apps.bea.gov/regional/zip/SAGDP_SIC.zip
Arizona,1992,82682.2,21115,current USD millions,BEA_SAGDP2S,https://apps.bea.gov/regional/zip/SAGDP_SIC.zip
Arizona,1993,89299.8,21966,current USD millions,BEA_SAGDP2S,https://apps.bea.gov/regional/zip/SAGDP_SIC.zip
Arizona,1994,100374.2,23645,current USD millions,BEA_SAGDP2S,https://apps.bea.gov/regional/zip/SAGDP_SIC.zip
Arizona,1995,109905.7,24795,current USD millions,BEA_SAGDP2S,https://apps.bea.gov/regional/zip/SAGDP_SIC.zip
Arizona,1996,119530.2,26059,current USD millions,BEA_SAGDP2S,https://apps.bea.gov/regional/zip/SAGDP_SIC.zip
Arizona,1997,129279.1,27291,current USD millions,BEA_SAGDP2S,https://apps.bea.gov/regional/zip/SAGDP_SIC.zip
Arkansas,1963,3791.2,2022,current USD millions,BEA_SAGDP2S,https://apps.bea.gov/regional/zip/SAGDP_SIC.zip
Arkansas,1964,4147.9,2187,current USD millions,BEA_SAGDP2S,https://apps.bea.gov/regional/zip/SAGDP_SIC.zip
Arkansas,1965,4445.8,2347,current USD millions,BEA_SAGDP2S,https://apps.bea.gov/regional/zip/SAGDP_SIC.zip
Arkansas,1966,4867.8,2563,current USD millions,BEA_SAGDP2S,https://apps.bea.gov/regional/zip/SAGDP_SIC.zip
Arkansas,1967,5131.7,2699,current USD millions,BEA_SAGDP2S,https://apps.bea.gov/regional/zip/SAGDP_SIC.zip
Arkansas,1968,5704.3,2999,current USD millions,BEA_SAGDP2S,https://apps.bea.gov/regional/zip/SAGDP_SIC.zip
Arkansas,1969,6231.9,3258,current USD millions,BEA_SAGDP2S,https://apps.bea.gov/regional/zip/SAGDP_SIC.zip
Arkansas,1970,6666.6,3454,current USD millions,BEA_SAGDP2S,https://apps.bea.gov/regional/zip/SAGDP_SIC.zip
Arkansas,1971,7440.2,3773,current USD millions,BEA_SAGDP2S,https://apps.bea.gov/regional/zip/SAGDP_SIC.zip
Arkansas,1972,8494.1,4209,current USD millions,BEA_SAGDP2S,https://apps.bea.gov/regional/zip/SAGDP_SIC.zip
Arkansas,1973,9886.4,4803,current USD millions,BEA_SAGDP2S,https://apps.bea.gov/regional/zip/SAGDP_SIC.zip
Arkansas,1974,10865.2,5173,current USD millions,BEA_SAGDP2S,https://apps.bea.gov/regional/zip/SAGDP_SIC.zip
Arkansas,1975,11942.0,5533,current USD millions,BEA_SAGDP2S,https://apps.bea.gov/regional/zip/SAGDP_SIC.zip
Arkansas,1976,13704.4,6319,current USD millions,BEA_SAGDP2S,https://apps.bea.gov/regional/zip/SAGDP_SIC.zip
Arkansas,1977,15182.3,6878,current USD millions,BEA_SAGDP2S,https://apps.bea.gov/regional/zip/SAGDP_SIC.zip
Arkansas,1978,17477.1,7799,current USD millions,BEA_SAGDP2S,https://apps.bea.gov/regional/zip/SAGDP_SIC.zip
Arkansas,1979,19099.1,8417,current USD millions,BEA_SAGDP2S,https://apps.bea.gov/regional/zip/SAGDP_SIC.zip
Arkansas,1980,20275.6,8859,current USD millions,BEA_SAGDP2S,https://apps.bea.gov/regional/zip/SAGDP_SIC.zip
Arkansas,1981,22890.8,9982,current USD millions,BEA_SAGDP2S,https://apps.bea.gov/regional/zip/SAGDP_SIC.zip
Arkansas,1982,23527.0,10255,current USD millions,BEA_SAGDP2S,https://apps.bea.gov/regional/zip/SAGDP_SIC.zip
Arkansas,1983,25291.9,10969,current USD millions,BEA_SAGDP2S,https://apps.bea.gov/regional/zip/SAGDP_SIC.zip
Arkansas,1984,28464.7,12270,current USD millions,BEA_SAGDP2S,https://apps.bea.gov/regional/zip/SAGDP_SIC.zip
Arkansas,1985,29325.7,12602,current USD millions,BEA_SAGDP2S,https://apps.bea.gov/regional/zip/SAGDP_SIC.zip
Arkansas,1986,30798.5,13207,current USD millions,BEA_SAGDP2S,https://apps.bea.gov/regional/zip/SAGDP_SIC.zip
Arkansas,1987,32663.6,13945,current USD millions,BEA_SAGDP2S,https://apps.bea.gov/regional/zip/SAGDP_SIC.zip
Arkansas,1988,35004.5,14942,current USD millions,BEA_SAGDP2S,https://apps.bea.gov/regional/zip/SAGDP_SIC.zip
Arkansas,1989,37127.6,15824,current USD millions,BEA_SAGDP2S,https://apps.bea.gov/regional/zip/SAGDP_SIC.zip
Arkansas,1990,38679.8,16413,current USD millions,BEA_SAGDP2S,https://apps.bea.gov/regional/zip/SAGDP_SIC.zip
Arkansas,1991,41571.7,17444,current USD millions,BEA_SAGDP2S,https://apps.bea.gov/regional/zip/SAGDP_SIC.zip
Arkansas,1992,45017.8,18633,current USD millions,BEA_SAGDP2S,https://apps.bea.gov/regional/zip/SAGDP_SIC.zip
Arkansas,1993,47566.0,19365,current USD millions,BEA_SAGDP2S,https://apps.bea.gov/regional/zip/SAGDP_SIC.zip
Arkansas,1994,51415.9,20616,current USD millions,BEA_SAGDP2S,https://apps.bea.gov/regional/zip/SAGDP_SIC.zip
Arkansas,1995,54611.8,21540,current USD millions,BEA_SAGDP2S,https://apps.bea.gov/regional/zip/SAGDP_SIC.zip
Arkansas,1996,57976.4,22540,current USD millions,BEA_SAGDP2S,https://apps.bea.gov/regional/zip/SAGDP_SIC.zip
Arkansas,1997,60332.9,23195,current USD millions,BEA_SAGDP2S,https://apps.bea.gov/regional/zip/SAGDP_SIC.zip
California,1963,67808.6,3838,current USD millions,BEA_SAGDP2S,https://apps.bea.gov/regional/zip/SAGDP_SIC.zip
California,1964,73512.7,4050,current USD millions,BEA_SAGDP2S,https://apps.bea.gov/regional/zip/SAGDP_SIC.zip
California,1965,78252.7,4211,current USD millions,BEA_SAGDP2S,https://apps.bea.gov/regional/zip/SAGDP_SIC.zip
California,1966,84627.5,4488,current USD millions,BEA_SAGDP2S,https://apps.bea.gov/regional/zip/SAGDP_SIC.zip
California,1967,89570.7,4671,current USD millions,BEA_SAGDP2S,https://apps.bea.gov/regional/zip/SAGDP_SIC.zip
California,1968,98721.0,5090,current USD millions,BEA_SAGDP2S,https://apps.bea.gov/regional/zip/SAGDP_SIC.zip
California,1969,106629.3,5410,current USD millions,BEA_SAGDP2S,https://apps.bea.gov/regional/zip/SAGDP_SIC.zip
California,1970,111984.6,5593,current USD millions,BEA_SAGDP2S,https://apps.bea.gov/regional/zip/SAGDP_SIC.zip
California,1971,120372.3,5916,current USD millions,BEA_SAGDP2S,https://apps.bea.gov/regional/zip/SAGDP_SIC.zip
California,1972,133142.6,6468,current USD millions,BEA_SAGDP2S,https://apps.bea.gov/regional/zip/SAGDP_SIC.zip
California,1973,147230.7,7055,current USD millions,BEA_SAGDP2S,https://apps.bea.gov/regional/zip/SAGDP_SIC.zip
California,1974,161815.4,7643,current USD millions,BEA_SAGDP2S,https://apps.bea.gov/regional/zip/SAGDP_SIC.zip
California,1975,178393.9,8283,current USD millions,BEA_SAGDP2S,https://apps.bea.gov/regional/zip/SAGDP_SIC.zip
California,1976,197346.7,8997,current USD millions,BEA_SAGDP2S,https://apps.bea.gov/regional/zip/SAGDP_SIC.zip
California,1977,229592.0,10272,current USD millions,BEA_SAGDP2S,https://apps.bea.gov/regional/zip/SAGDP_SIC.zip
California,1978,262802.6,11507,current USD millions,BEA_SAGDP2S,https://apps.bea.gov/regional/zip/SAGDP_SIC.zip
California,1979,293491.4,12621,current USD millions,BEA_SAGDP2S,https://apps.bea.gov/regional/zip/SAGDP_SIC.zip
California,1980,327958.5,13779,current USD millions,BEA_SAGDP2S,https://apps.bea.gov/regional/zip/SAGDP_SIC.zip
California,1981,368808.4,15186,current USD millions,BEA_SAGDP2S,https://apps.bea.gov/regional/zip/SAGDP_SIC.zip
California,1982,393787.7,15866,current USD millions,BEA_SAGDP2S,https://apps.bea.gov/regional/zip/SAGDP_SIC.zip
California,1983,426143.2,16804,current USD millions,BEA_SAGDP2S,https://apps.bea.gov/regional/zip/SAGDP_SIC.zip
California,1984,482166.1,18657,current USD millions,BEA_SAGDP2S,https://apps.bea.gov/regional/zip/SAGDP_SIC.zip
California,1985,523905.8,19814,current USD millions,BEA_SAGDP2S,https://apps.bea.gov/regional/zip/SAGDP_SIC.zip
California,1986,563081.9,20776,current USD millions,BEA_SAGDP2S,https://apps.bea.gov/regional/zip/SAGDP_SIC.zip
California,1987,615359.5,22153,current USD millions,BEA_SAGDP2S,https://apps.bea.gov/regional/zip/SAGDP_SIC.zip
California,1988,671575.0,23594,current USD millions,BEA_SAGDP2S,https://apps.bea.gov/regional/zip/SAGDP_SIC.zip
California,1989,722978.9,24744,current USD millions,BEA_SAGDP2S,https://apps.bea.gov/regional/zip/SAGDP_SIC.zip
California,1990,773460.0,25817,current USD millions,BEA_SAGDP2S,https://apps.bea.gov/regional/zip/SAGDP_SIC.zip
California,1991,790045.6,25928,current USD millions,BEA_SAGDP2S,https://apps.bea.gov/regional/zip/SAGDP_SIC.zip
California,1992,807358.4,26065,current USD millions,BEA_SAGDP2S,https://apps.bea.gov/regional/zip/SAGDP_SIC.zip
California,1993,826446.9,26425,current USD millions,BEA_SAGDP2S,https://apps.bea.gov/regional/zip/SAGDP_SIC.zip
California,1994,861360.0,27358,current USD millions,BEA_SAGDP2S,https://apps.bea.gov/regional/zip/SAGDP_SIC.zip
California,1995,911576.8,28759,current USD millions,BEA_SAGDP2S,https://apps.bea.gov/regional/zip/SAGDP_SIC.zip
California,1996,964185.5,30113,current USD millions,BEA_SAGDP2S,https://apps.bea.gov/regional/zip/SAGDP_SIC.zip
California,1997,1037091.2,31924,current USD millions,BEA_SAGDP2S,https://apps.bea.gov/regional/zip/SAGDP_SIC.zip
Colorado,1963,5925.2,3061,current USD millions,BEA_SAGDP2S,https://apps.bea.gov/regional/zip/SAGDP_SIC.zip
Colorado,1964,6227.9,3161,current USD millions,BEA_SAGDP2S,https://apps.bea.gov/regional/zip/SAGDP_SIC.zip
Colorado,1965,6631.3,3341,current USD millions,BEA_SAGDP2S,https://apps.bea.gov/regional/zip/SAGDP_SIC.zip
Colorado,1966,7274.8,3625,current USD millions,BEA_SAGDP2S,https://apps.bea.gov/regional/zip/SAGDP_SIC.zip
Colorado,1967,7665.8,3734,current USD millions,BEA_SAGDP2S,https://apps.bea.gov/regional/zip/SAGDP_SIC.zip
Colorado,1968,8540.1,4028,current USD millions,BEA_SAGDP2S,https://apps.bea.gov/regional/zip/SAGDP_SIC.zip
Colorado,1969,9479.9,4377,current USD millions,BEA_SAGDP2S,https://apps.bea.gov/regional/zip/SAGDP_SIC.zip
Colorado,1970,10431.4,4690,current USD millions,BEA_SAGDP2S,https://apps.bea.gov/regional/zip/SAGDP_SIC.zip
Colorado,1971,11998.0,5209,current USD millions,BEA_SAGDP2S,https://apps.bea.gov/regional/zip/SAGDP_SIC.zip
Colorado,1972,13784.0,5732,current USD millions,BEA_SAGDP2S,https://apps.bea.gov/regional/zip/SAGDP_SIC.zip
Colorado,1973,16119.9,6459,current USD millions,BEA_SAGDP2S,https://apps.bea.gov/regional/zip/SAGDP_SIC.zip
Colorado,1974,17852.3,7025,current USD millions,BEA_SAGDP2S,https://apps.bea.gov/regional/zip/SAGDP_SIC.zip
Colorado,1975,20165.9,7798,current USD millions,BEA_SAGDP2S,https://apps.bea.gov/regional/zip/SAGDP_SIC.zip
Colorado,1976,22253.4,8454,current USD millions,BEA_SAGDP2S,https://apps.bea.gov/regional/zip/SAGDP_SIC.zip
Colorado,1977,25428.4,9432,current USD millions,BEA_SAGDP2S,https://apps.bea.gov/regional/zip/SAGDP_SIC.zip
Colorado,1978,29398.1,10626,current USD millions,BEA_SAGDP2S,https://apps.bea.gov/regional/zip/SAGDP_SIC.zip
Colorado,1979,33784.7,11858,current USD millions,BEA_SAGDP2S,https://apps.bea.gov/regional/zip/SAGDP_SIC.zip
Colorado,1980,38332.3,13178,current USD millions,BEA_SAGDP2S,https://apps.bea.gov/regional/zip/SAGDP_SIC.zip
Colorado,1981,43974.1,14767,current USD millions,BEA_SAGDP2S,https://apps.bea.gov/regional/zip/SAGDP_SIC.zip
Colorado,1982,47654.0,15565,current USD millions,BEA_SAGDP2S,https://apps.bea.gov/regional/zip/SAGDP_SIC.zip
Colorado,1983,50717.6,16185,current USD millions,BEA_SAGDP2S,https://apps.bea.gov/regional/zip/SAGDP_SIC.zip
Colorado,1984,56230.0,17738,current USD millions,BEA_SAGDP2S,https://apps.bea.gov/regional/zip/SAGDP_SIC.zip
Colorado,1985,59640.7,18587,current USD millions,BEA_SAGDP2S,https://apps.bea.gov/regional/zip/SAGDP_SIC.zip
Colorado,1986,60969.7,18833,current USD millions,BEA_SAGDP2S,https://apps.bea.gov/regional/zip/SAGDP_SIC.zip
Colorado,1987,63919.8,19604,current USD millions,BEA_SAGDP2S,https://apps.bea.gov/regional/zip/SAGDP_SIC.zip
Colorado,1988,67757.3,20770,current USD millions,BEA_SAGDP2S,https://apps.bea.gov/regional/zip/SAGDP_SIC.zip
Colorado,1989,71179.2,21729,current USD millions,BEA_SAGDP2S,https://apps.bea.gov/regional/zip/SAGDP_SIC.zip
Colorado,1990,75570.5,22847,current USD millions,BEA_SAGDP2S,https://apps.bea.gov/regional/zip/SAGDP_SIC.zip
Colorado,1991,79766.2,23550,current USD millions,BEA_SAGDP2S,https://apps.bea.gov/regional/zip/SAGDP_SIC.zip
Colorado,1992,87302.1,24972,current USD millions,BEA_SAGDP2S,https://apps.bea.gov/regional/zip/SAGDP_SIC.zip
Colorado,1993,95658.7,26471,current USD millions,BEA_SAGDP2S,https://apps.bea.gov/regional/zip/SAGDP_SIC.zip
Colorado,1994,104506.8,28062,current USD millions,BEA_SAGDP2S,https://apps.bea.gov/regional/zip/SAGDP_SIC.zip
Colorado,1995,112707.9,29453,current USD millions,BEA_SAGDP2S,https://apps.bea.gov/regional/zip/SAGDP_SIC.zip
Colorado,1996,121081.0,30888,current USD millions,BEA_SAGDP2S,https://apps.bea.gov/regional/zip/SAGDP_SIC.zip
Colorado,1997,133203.8,33149,current USD millions,BEA_SAGDP2S,https://apps.bea.gov/regional/zip/SAGDP_SIC.zip
Connecticut,1963,9876.7,3622,current USD millions,BEA_SAGDP2S,https://apps.bea.gov/regional/zip/SAGDP_SIC.zip
Connecticut,1964,10550.8,3771,current USD millions,BEA_SAGDP2S,https://apps.bea.gov/regional/zip/SAGDP_SIC.zip
Connecticut,1965,11455.5,4010,current USD millions,BEA_SAGDP2S,https://apps.bea.gov/regional/zip/SAGDP_SIC.zip
Connecticut,1966,12812.3,4413,current USD millions,BEA_SAGDP2S,https://apps.bea.gov/regional/zip/SAGDP_SIC.zip
Connecticut,1967,13595.1,4632,current USD millions,BEA_SAGDP2S,https://apps.bea.gov/regional/zip/SAGDP_SIC.zip
Connecticut,1968,14303.2,4826,current USD millions,BEA_SAGDP2S,https://apps.bea.gov/regional/zip/SAGDP_SIC.zip
Connecticut,1969,15627.5,5209,current USD millions,BEA_SAGDP2S,https://apps.bea.gov/regional/zip/SAGDP_SIC.zip
Connecticut,1970,16347.0,5379,current USD millions,BEA_SAGDP2S,https://apps.bea.gov/regional/zip/SAGDP_SIC.zip
Connecticut,1971,17128.8,5595,current USD millions,BEA_SAGDP2S,https://apps.bea.gov/regional/zip/SAGDP_SIC.zip
Connecticut,1972,18798.6,6124,current USD millions,BEA_SAGDP2S,https://apps.bea.gov/regional/zip/SAGDP_SIC.zip
Connecticut,1973,20808.2,6780,current USD millions,BEA_SAGDP2S,https://apps.bea.gov/regional/zip/SAGDP_SIC.zip
Connecticut,1974,22502.4,7316,current USD millions,BEA_SAGDP2S,https://apps.bea.gov/regional/zip/SAGDP_SIC.zip
Connecticut,1975,23975.8,7772,current USD millions,BEA_SAGDP2S,https://apps.bea.gov/regional/zip/SAGDP_SIC.zip
Connecticut,1976,26233.5,8501,current USD millions,BEA_SAGDP2S,https://apps.bea.gov/regional/zip/SAGDP_SIC.zip
Connecticut,1977,29597.5,9582,current USD millions,BEA_SAGDP2S,https://apps.bea.gov/regional/zip/SAGDP_SIC.zip
Connecticut,1978,33230.9,10738,current USD millions,BEA_SAGDP2S,https://apps.bea.gov/regional/zip/SAGDP_SIC.zip
Connecticut,1979,36854.5,11889,current USD millions,BEA_SAGDP2S,https://apps.bea.gov/regional/zip/SAGDP_SIC.zip
Connecticut,1980,40770.4,13096,current USD millions,BEA_SAGDP2S,https://apps.bea.gov/regional/zip/SAGDP_SIC.zip
Connecticut,1981,45641.6,14587,current USD millions,BEA_SAGDP2S,https://apps.bea.gov/regional/zip/SAGDP_SIC.zip
Connecticut,1982,50196.2,15991,current USD millions,BEA_SAGDP2S,https://apps.bea.gov/regional/zip/SAGDP_SIC.zip
Connecticut,1983,55528.1,17559,current USD millions,BEA_SAGDP2S,https://apps.bea.gov/regional/zip/SAGDP_SIC.zip
Connecticut,1984,63617.9,20006,current USD millions,BEA_SAGDP2S,https://apps.bea.gov/regional/zip/SAGDP_SIC.zip
Connecticut,1985,69231.3,21627,current USD millions,BEA_SAGDP2S,https://apps.bea.gov/regional/zip/SAGDP_SIC.zip
Connecticut,1986,75305.4,23360,current USD millions,BEA_SAGDP2S,https://apps.bea.gov/regional/zip/SAGDP_SIC.zip
Connecticut,1987,82983.7,25555,current USD millions,BEA_SAGDP2S,https://apps.bea.gov/regional/zip/SAGDP_SIC.zip
Connecticut,1988,90706.7,27722,current USD millions,BEA_SAGDP2S,https://apps.bea.gov/regional/zip/SAGDP_SIC.zip
Connecticut,1989,95830.7,29186,current USD millions,BEA_SAGDP2S,https://apps.bea.gov/regional/zip/SAGDP_SIC.zip
Connecticut,1990,100169.0,30428,current USD millions,BEA_SAGDP2S,https://apps.bea.gov/regional/zip/SAGDP_SIC.zip
Connecticut,1991,101474.7,30723,current USD millions,BEA_SAGDP2S,https://apps.bea.gov/regional/zip/SAGDP_SIC.zip
Connecticut,1992,105758.8,32041,current USD millions,BEA_SAGDP2S,https://apps.bea.gov/regional/zip/SAGDP_SIC.zip
Connecticut,1993,107680.0,32540,current USD millions,BEA_SAGDP2S,https://apps.bea.gov/regional/zip/SAGDP_SIC.zip
Connecticut,1994,113115.1,34111,current USD millions,BEA_SAGDP2S,https://apps.bea.gov/regional/zip/SAGDP_SIC.zip
Connecticut,1995,123212.2,37066,current USD millions,BEA_SAGDP2S,https://apps.bea.gov/regional/zip/SAGDP_SIC.zip
Connecticut,1996,129111.3,38694,current USD millions,BEA_SAGDP2S,https://apps.bea.gov/regional/zip/SAGDP_SIC.zip
Connecticut,1997,140279.6,41883,current USD millions,BEA_SAGDP2S,https://apps.bea.gov/regional/zip/SAGDP_SIC.zip
Delaware,1963,1885.0,3903,current USD millions,BEA_SAGDP2S,https://apps.bea.gov/regional/zip/SAGDP_SIC.zip
Delaware,1964,2068.2,4161,current USD millions,BEA_SAGDP2S,https://apps.bea.gov/regional/zip/SAGDP_SIC.zip
Delaware,1965,2313.4,4563,current USD millions,BEA_SAGDP2S,https://apps.bea.gov/regional/zip/SAGDP_SIC.zip
Delaware,1966,2482.0,4810,current USD millions,BEA_SAGDP2S,https://apps.bea.gov/regional/zip/SAGDP_SIC.zip
Delaware,1967,2605.1,4962,current USD millions,BEA_SAGDP2S,https://apps.bea.gov/regional/zip/SAGDP_SIC.zip
Delaware,1968,2884.1,5401,current USD millions,BEA_SAGDP2S,https://apps.bea.gov/regional/zip/SAGDP_SIC.zip
Delaware,1969,3068.6,5683,current USD millions,BEA_SAGDP2S,https://apps.bea.gov/regional/zip/SAGDP_SIC.zip
Delaware,1970,3165.8,5753,current USD millions,BEA_SAGDP2S,https://apps.bea.gov/regional/zip/SAGDP_SIC.zip
Delaware,1971,3623.4,6411,current USD millions,BEA_SAGDP2S,https://apps.bea.gov/regional/zip/SAGDP_SIC.zip
Delaware,1972,3984.2,6943,current USD millions,BEA_SAGDP2S,https://apps.bea.gov/regional/zip/SAGDP_SIC.zip
Delaware,1973,4516.3,7799,current USD millions,BEA_SAGDP2S,https://apps.bea.gov/regional/zip/SAGDP_SIC.zip
Delaware,1974,4737.1,8123,current USD millions,BEA_SAGDP2S,https://apps.bea.gov/regional/zip/SAGDP_SIC.zip
Delaware,1975,5025.5,8536,current USD millions,BEA_SAGDP2S,https://apps.bea.gov/regional/zip/SAGDP_SIC.zip
Delaware,1976,5470.1,9228,current USD millions,BEA_SAGDP2S,https://apps.bea.gov/regional/zip/SAGDP_SIC.zip
Delaware,1977,6055.9,10181,current USD millions,BEA_SAGDP2S,https://apps.bea.gov/regional/zip/SAGDP_SIC.zip
Delaware,1978,6747.4,11280,current USD millions,BEA_SAGDP2S,https://apps.bea.gov/regional/zip/SAGDP_SIC.zip
Delaware,1979,7304.2,12197,current USD millions,BEA_SAGDP2S,https://apps.bea.gov/regional/zip/SAGDP_SIC.zip
Delaware,1980,7898.2,13276,current USD millions,BEA_SAGDP2S,https://apps.bea.gov/regional/zip/SAGDP_SIC.zip
Delaware,1981,8838.8,14831,current USD millions,BEA_SAGDP2S,https://apps.bea.gov/regional/zip/SAGDP_SIC.zip
Delaware,1982,9498.5,15853,current USD millions,BEA_SAGDP2S,https://apps.bea.gov/regional/zip/SAGDP_SIC.zip
Delaware,1983,10611.0,17526,current USD millions,BEA_SAGDP2S,https://apps.bea.gov/regional/zip/SAGDP_SIC.zip
Delaware,1984,11925.2,19499,current USD millions,BEA_SAGDP2S,https://apps.bea.gov/regional/zip/SAGDP_SIC.zip
Delaware,1985,13092.4,21176,current USD millions,BEA_SAGDP2S,https://apps.bea.gov/regional/zip/SAGDP_SIC.zip
Delaware,1986,14138.1,22529,current USD millions,BEA_SAGDP2S,https://apps.bea.gov/regional/zip/SAGDP_SIC.zip
Delaware,1987,15567.9,24441,current USD millions,BEA_SAGDP2S,https://apps.bea.gov/regional/zip/SAGDP_SIC.zip
Delaware,1988,16887.4,26076,current USD millions,BEA_SAGDP2S,https://apps.bea.gov/regional/zip/SAGDP_SIC.zip
Delaware,1989,18900.3,28712,current USD millions,BEA_SAGDP2S,https://apps.bea.gov/regional/zip/SAGDP_SIC.zip
Delaware,1990,19928.3,29763,current USD millions,BEA_SAGDP2S,https://apps.bea.gov/regional/zip/SAGDP_SIC.zip
Delaware,1991,21746.0,31835,current USD millions,BEA_SAGDP2S,https://apps.bea.gov/regional/zip/SAGDP_SIC.zip
Delaware,1992,22907.1,32963,current USD millions,BEA_SAGDP2S,https://apps.bea.gov/regional/zip/SAGDP_SIC.zip
Delaware,1993,23508.6,33280,current USD millions,BEA_SAGDP2S,https://apps.bea.gov/regional/zip/SAGDP_SIC.zip
Delaware,1994,25637.9,35730,current USD millions,BEA_SAGDP2S,https://apps.bea.gov/regional/zip/SAGDP_SIC.zip
Delaware,1995,27720.9,37988,current USD millions,BEA_SAGDP2S,https://apps.bea.gov/regional/zip/SAGDP_SIC.zip
Delaware,1996,29156.5,39349,current USD millions,BEA_SAGDP2S,https://apps.bea.gov/regional/zip/SAGDP_SIC.zip
Delaware,1997,31450.2,41851,current USD millions,BEA_SAGDP2S,https://apps.bea.gov/regional/zip/SAGDP_SIC.zip
District of Columbia,1963,5136.6,6437,current USD millions,BEA_SAGDP2S,https://apps.bea.gov/regional/zip/SAGDP_SIC.zip
District of Columbia,1964,5552.5,6958,current USD millions,BEA_SAGDP2S,https://apps.bea.gov/regional/zip/SAGDP_SIC.zip
District of Columbia,1965,6037.4,7575,current USD millions,BEA_SAGDP2S,https://apps.bea.gov/regional/zip/SAGDP_SIC.zip
District of Columbia,1966,6454.3,8160,current USD millions,BEA_SAGDP2S,https://apps.bea.gov/regional/zip/SAGDP_SIC.zip
District of Columbia,1967,7183.1,9081,current USD millions,BEA_SAGDP2S,https://apps.bea.gov/regional/zip/SAGDP_SIC.zip
District of Columbia,1968,7748.9,9960,current USD millions,BEA_SAGDP2S,https://apps.bea.gov/regional/zip/SAGDP_SIC.zip
District of Columbia,1969,8095.8,10624,current USD millions,BEA_SAGDP2S,https://apps.bea.gov/regional/zip/SAGDP_SIC.zip
District of Columbia,1970,8558.9,11335,current USD millions,BEA_SAGDP2S,https://apps.bea.gov/regional/zip/SAGDP_SIC.zip
District of Columbia,1971,9180.0,12230,current USD millions,BEA_SAGDP2S,https://apps.bea.gov/regional/zip/SAGDP_SIC.zip
District of Columbia,1972,9895.6,13305,current USD millions,BEA_SAGDP2S,https://apps.bea.gov/regional/zip/SAGDP_SIC.zip
District of Columbia,1973,10400.0,14175,current USD millions,BEA_SAGDP2S,https://apps.bea.gov/regional/zip/SAGDP_SIC.zip
District of Columbia,1974,11424.4,15851,current USD millions,BEA_SAGDP2S,https://apps.bea.gov/regional/zip/SAGDP_SIC.zip
District of Columbia,1975,12711.5,17896,current USD millions,BEA_SAGDP2S,https://apps.bea.gov/regional/zip/SAGDP_SIC.zip
District of Columbia,1976,13945.3,20028,current USD millions,BEA_SAGDP2S,https://apps.bea.gov/regional/zip/SAGDP_SIC.zip
District of Columbia,1977,15580.5,22853,current USD millions,BEA_SAGDP2S,https://apps.bea.gov/regional/zip/SAGDP_SIC.zip
District of Columbia,1978,16953.0,25301,current USD millions,BEA_SAGDP2S,https://apps.bea.gov/regional/zip/SAGDP_SIC.zip
District of Columbia,1979,18417.0,28091,current USD millions,BEA_SAGDP2S,https://apps.bea.gov/regional/zip/SAGDP_SIC.zip
District of Columbia,1980,19862.2,31118,current USD millions,BEA_SAGDP2S,https://apps.bea.gov/regional/zip/SAGDP_SIC.zip
District of Columbia,1981,21739.9,34134,current USD millions,BEA_SAGDP2S,https://apps.bea.gov/regional/zip/SAGDP_SIC.zip
District of Columbia,1982,22958.1,36202,current USD millions,BEA_SAGDP2S,https://apps.bea.gov/regional/zip/SAGDP_SIC.zip
District of Columbia,1983,24572.7,38854,current USD millions,BEA_SAGDP2S,https://apps.bea.gov/regional/zip/SAGDP_SIC.zip
District of Columbia,1984,26583.8,41971,current USD millions,BEA_SAGDP2S,https://apps.bea.gov/regional/zip/SAGDP_SIC.zip
District of Columbia,1985,28534.5,44968,current USD millions,BEA_SAGDP2S,https://apps.bea.gov/regional/zip/SAGDP_SIC.zip
District of Columbia,1986,30078.6,47125,current USD millions,BEA_SAGDP2S,https://apps.bea.gov/regional/zip/SAGDP_SIC.zip
District of Columbia,1987,32129.3,50444,current USD millions,BEA_SAGDP2S,https://apps.bea.gov/regional/zip/SAGDP_SIC.zip
District of Columbia,1988,35225.5,55875,current USD millions,BEA_SAGDP2S,https://apps.bea.gov/regional/zip/SAGDP_SIC.zip
District of Columbia,1989,37469.1,60030,current USD millions,BEA_SAGDP2S,https://apps.bea.gov/regional/zip/SAGDP_SIC.zip
District of Columbia,1990,39688.4,65566,current USD millions,BEA_SAGDP2S,https://apps.bea.gov/regional/zip/SAGDP_SIC.zip
District of Columbia,1991,41430.0,68950,current USD millions,BEA_SAGDP2S,https://apps.bea.gov/regional/zip/SAGDP_SIC.zip
District of Columbia,1992,43186.5,72271,current USD millions,BEA_SAGDP2S,https://apps.bea.gov/regional/zip/SAGDP_SIC.zip
District of Columbia,1993,45356.2,76190,current USD millions,BEA_SAGDP2S,https://apps.bea.gov/regional/zip/SAGDP_SIC.zip
District of Columbia,1994,46654.8,79178,current USD millions,BEA_SAGDP2S,https://apps.bea.gov/regional/zip/SAGDP_SIC.zip
District of Columbia,1995,47093.9,81124,current USD millions,BEA_SAGDP2S,https://apps.bea.gov/regional/zip/SAGDP_SIC.zip
District of Columbia,1996,47822.9,83551,current USD millions,BEA_SAGDP2S,https://apps.bea.gov/regional/zip/SAGDP_SIC.zip
District of Columbia,1997,49701.8,87544,current USD millions,BEA_SAGDP2S,https://apps.bea.gov/regional/zip/SAGDP_SIC.zip
Florida,1963,14684.0,2609,current USD millions,BEA_SAGDP2S,https://apps.bea.gov/regional/zip/SAGDP_SIC.zip
Florida,1964,16024.6,2772,current USD millions,BEA_SAGDP2S,https://apps.bea.gov/regional/zip/SAGDP_SIC.zip
Florida,1965,17444.5,2930,current USD millions,BEA_SAGDP2S,https://apps.bea.gov/regional/zip/SAGDP_SIC.zip
Florida,1966,19181.7,3142,current USD millions,BEA_SAGDP2S,https://apps.bea.gov/regional/zip/SAGDP_SIC.zip
Florida,1967,21122.9,3384,current USD millions,BEA_SAGDP2S,https://apps.bea.gov/regional/zip/SAGDP_SIC.zip
Florida,1968,23792.8,3699,current USD millions,BEA_SAGDP2S,https://apps.bea.gov/regional/zip/SAGDP_SIC.zip
Florida,1969,27427.5,4130,current USD millions,BEA_SAGDP2S,https://apps.bea.gov/regional/zip/SAGDP_SIC.zip
Florida,1970,30691.1,4483,current USD millions,BEA_SAGDP2S,https://apps.bea.gov/regional/zip/SAGDP_SIC.zip
Florida,1971,34161.0,4769,current USD millions,BEA_SAGDP2S,https://apps.bea.gov/regional/zip/SAGDP_SIC.zip
Florida,1972,39708.7,5280,current USD millions,BEA_SAGDP2S,https://apps.bea.gov/regional/zip/SAGDP_SIC.zip
Florida,1973,46972.7,5926,current USD millions,BEA_SAGDP2S,https://apps.bea.gov/regional/zip/SAGDP_SIC.zip
Florida,1974,52123.3,6267,current USD millions,BEA_SAGDP2S,https://apps.bea.gov/regional/zip/SAGDP_SIC.zip
Florida,1975,55288.1,6473,current USD millions,BEA_SAGDP2S,https://apps.bea.gov/regional/zip/SAGDP_SIC.zip
Florida,1976,58728.8,6754,current USD millions,BEA_SAGDP2S,https://apps.bea.gov/regional/zip/SAGDP_SIC.zip
Florida,1977,65272.2,7343,current USD millions,BEA_SAGDP2S,https://apps.bea.gov/regional/zip/SAGDP_SIC.zip
Florida,1978,75681.0,8288,current USD millions,BEA_SAGDP2S,https://apps.bea.gov/regional/zip/SAGDP_SIC.zip
Florida,1979,86263.0,9109,current USD millions,BEA_SAGDP2S,https://apps.bea.gov/regional/zip/SAGDP_SIC.zip
Florida,1980,97898.8,9949,current USD millions,BEA_SAGDP2S,https://apps.bea.gov/regional/zip/SAGDP_SIC.zip
Florida,1981,112166.8,11005,current USD millions,BEA_SAGDP2S,https://apps.bea.gov/regional/zip/SAGDP_SIC.zip
Florida,1982,122281.9,11678,current USD millions,BEA_SAGDP2S,https://apps.bea.gov/regional/zip/SAGDP_SIC.zip
Florida,1983,136768.3,12723,current USD millions,BEA_SAGDP2S,https://apps.bea.gov/regional/zip/SAGDP_SIC.zip
Florida,1984,155993.5,14130,current USD millions,BEA_SAGDP2S,https://apps.bea.gov/regional/zip/SAGDP_SIC.zip
Florida,1985,170893.8,15055,current USD millions,BEA_SAGDP2S,https://apps.bea.gov/regional/zip/SAGDP_SIC.zip
Florida,1986,185852.0,15929,current USD millions,BEA_SAGDP2S,https://apps.bea.gov/regional/zip/SAGDP_SIC.zip
Florida,1987,204816.4,17072,current USD millions,BEA_SAGDP2S,https://apps.bea.gov/regional/zip/SAGDP_SIC.zip
Florida,1988,224848.2,18271,current USD millions,BEA_SAGDP2S,https://apps.bea.gov/regional/zip/SAGDP_SIC.zip
Florida,1989,241633.2,19120,current USD millions,BEA_SAGDP2S,https://apps.bea.gov/regional/zip/SAGDP_SIC.zip
Florida,1990,256589.3,19687,current USD millions,BEA_SAGDP2S,https://apps.bea.gov/regional/zip/SAGDP_SIC.zip
Florida,1991,267669.1,20020,current USD millions,BEA_SAGDP2S,https://apps.bea.gov/regional/zip/SAGDP_SIC.zip
Florida,1992,284672.6,20854,current USD millions,BEA_SAGDP2S,https://apps.bea.gov/regional/zip/SAGDP_SIC.zip
Florida,1993,304403.0,21857,current USD millions,BEA_SAGDP2S,https://apps.bea.gov/regional/zip/SAGDP_SIC.zip
Florida,1994,327167.4,22976,current USD millions,BEA_SAGDP2S,https://apps.bea.gov/regional/zip/SAGDP_SIC.zip
Florida,1995,346951.2,23865,current USD millions,BEA_SAGDP2S,https://apps.bea.gov/regional/zip/SAGDP_SIC.zip
Florida,1996,370912.5,24972,current USD millions,BEA_SAGDP2S,https://apps.bea.gov/regional/zip/SAGDP_SIC.zip
Florida,1997,393074.5,25883,current USD millions,BEA_SAGDP2S,https://apps.bea.gov/regional/zip/SAGDP_SIC.zip
Georgia,1963,10318.3,2473,current USD millions,BEA_SAGDP2S,https://apps.bea.gov/regional/zip/SAGDP_SIC.zip
Georgia,1964,11252.6,2643,current USD millions,BEA_SAGDP2S,https://apps.bea.gov/regional/zip/SAGDP_SIC.zip
Georgia,1965,12519.4,2890,current USD millions,BEA_SAGDP2S,https://apps.bea.gov/regional/zip/SAGDP_SIC.zip
Georgia,1966,13807.8,3153,current USD millions,BEA_SAGDP2S,https://apps.bea.gov/regional/zip/SAGDP_SIC.zip
Georgia,1967,14711.0,3337,current USD millions,BEA_SAGDP2S,https://apps.bea.gov/regional/zip/SAGDP_SIC.zip
Georgia,1968,16424.1,3664,current USD millions,BEA_SAGDP2S,https://apps.bea.gov/regional/zip/SAGDP_SIC.zip
Georgia,1969,18081.7,3973,current USD millions,BEA_SAGDP2S,https://apps.bea.gov/regional/zip/SAGDP_SIC.zip
Georgia,1970,19365.0,4205,current USD millions,BEA_SAGDP2S,https://apps.bea.gov/regional/zip/SAGDP_SIC.zip
Georgia,1971,21570.3,4579,current USD millions,BEA_SAGDP2S,https://apps.bea.gov/regional/zip/SAGDP_SIC.zip
Georgia,1972,24609.8,5119,current USD millions,BEA_SAGDP2S,https://apps.bea.gov/regional/zip/SAGDP_SIC.zip
Georgia,1973,28225.9,5752,current USD millions,BEA_SAGDP2S,https://apps.bea.gov/regional/zip/SAGDP_SIC.zip
Georgia,1974,30377.9,6082,current USD millions,BEA_SAGDP2S,https://apps.bea.gov/regional/zip/SAGDP_SIC.zip
Georgia,1975,31994.6,6325,current USD millions,BEA_SAGDP2S,https://apps.bea.gov/regional/zip/SAGDP_SIC.zip
Georgia,1976,36424.6,7106,current USD millions,BEA_SAGDP2S,https://apps.bea.gov/regional/zip/SAGDP_SIC.zip
Georgia,1977,40785.3,7826,current USD millions,BEA_SAGDP2S,https://apps.bea.gov/regional/zip/SAGDP_SIC.zip
Georgia,1978,46153.9,8731,current USD millions,BEA_SAGDP2S,https://apps.bea.gov/regional/zip/SAGDP_SIC.zip
Georgia,1979,51550.0,9562,current USD millions,BEA_SAGDP2S,https://apps.bea.gov/regional/zip/SAGDP_SIC.zip
Georgia,1980,56228.6,10249,current USD millions,BEA_SAGDP2S,https://apps.bea.gov/regional/zip/SAGDP_SIC.zip
Georgia,1981,63750.7,11449,current USD millions,BEA_SAGDP2S,https://apps.bea.gov/regional/zip/SAGDP_SIC.zip
Georgia,1982,68451.2,12116,current USD millions,BEA_SAGDP2S,https://apps.bea.gov/regional/zip/SAGDP_SIC.zip
Georgia,1983,76737.6,13396,current USD millions,BEA_SAGDP2S,https://apps.bea.gov/regional/zip/SAGDP_SIC.zip
Georgia,1984,88466.4,15161,current USD millions,BEA_SAGDP2S,https://apps.bea.gov/regional/zip/SAGDP_SIC.zip
Georgia,1985,98222.5,16473,current USD millions,BEA_SAGDP2S,https://apps.bea.gov/regional/zip/SAGDP_SIC.zip
Georgia,1986,108088.9,17764,current USD millions,BEA_SAGDP2S,https://apps.bea.gov/regional/zip/SAGDP_SIC.zip
Georgia,1987,117032.8,18850,current USD millions,BEA_SAGDP2S,https://apps.bea.gov/regional/zip/SAGDP_SIC.zip
Georgia,1988,126565.2,20038,current USD millions,BEA_SAGDP2S,https://apps.bea.gov/regional/zip/SAGDP_SIC.zip
Georgia,1989,133793.9,20869,current USD millions,BEA_SAGDP2S,https://apps.bea.gov/regional/zip/SAGDP_SIC.zip
Georgia,1990,140646.1,21596,current USD millions,BEA_SAGDP2S,https://apps.bea.gov/regional/zip/SAGDP_SIC.zip
Georgia,1991,147759.8,22209,current USD millions,BEA_SAGDP2S,https://apps.bea.gov/regional/zip/SAGDP_SIC.zip
Georgia,1992,160061.8,23479,current USD millions,BEA_SAGDP2S,https://apps.bea.gov/regional/zip/SAGDP_SIC.zip
Georgia,1993,171658.9,24599,current USD millions,BEA_SAGDP2S,https://apps.bea.gov/regional/zip/SAGDP_SIC.zip
Georgia,1994,187995.6,26267,current USD millions,BEA_SAGDP2S,https://apps.bea.gov/regional/zip/SAGDP_SIC.zip
Georgia,1995,203397.1,27755,current USD millions,BEA_SAGDP2S,https://apps.bea.gov/regional/zip/SAGDP_SIC.zip
Georgia,1996,219989.0,29328,current USD millions,BEA_SAGDP2S,https://apps.bea.gov/regional/zip/SAGDP_SIC.zip
Georgia,1997,235200.1,30605,current USD millions,BEA_SAGDP2S,https://apps.bea.gov/regional/zip/SAGDP_SIC.zip
Hawaii,1963,2366.8,3470,current USD millions,BEA_SAGDP2S,https://apps.bea.gov/regional/zip/SAGDP_SIC.zip
Hawaii,1964,2571.5,3674,current USD millions,BEA_SAGDP2S,https://apps.bea.gov/regional/zip/SAGDP_SIC.zip
Hawaii,1965,2848.8,4047,current USD millions,BEA_SAGDP2S,https://apps.bea.gov/regional/zip/SAGDP_SIC.zip
Hawaii,1966,3109.9,4380,current USD millions,BEA_SAGDP2S,https://apps.bea.gov/regional/zip/SAGDP_SIC.zip
Hawaii,1967,3307.3,4574,current USD millions,BEA_SAGDP2S,https://apps.bea.gov/regional/zip/SAGDP_SIC.zip
Hawaii,1968,3721.5,5070,current USD millions,BEA_SAGDP2S,https://apps.bea.gov/regional/zip/SAGDP_SIC.zip
Hawaii,1969,4262.0,5736,current USD millions,BEA_SAGDP2S,https://apps.bea.gov/regional/zip/SAGDP_SIC.zip
Hawaii,1970,4812.6,6308,current USD millions,BEA_SAGDP2S,https://apps.bea.gov/regional/zip/SAGDP_SIC.zip
Hawaii,1971,5187.7,6554,current USD millions,BEA_SAGDP2S,https://apps.bea.gov/regional/zip/SAGDP_SIC.zip
Hawaii,1972,5624.0,6874,current USD millions,BEA_SAGDP2S,https://apps.bea.gov/regional/zip/SAGDP_SIC.zip
Hawaii,1973,6352.6,7546,current USD millions,BEA_SAGDP2S,https://apps.bea.gov/regional/zip/SAGDP_SIC.zip
Hawaii,1974,7143.3,8324,current USD millions,BEA_SAGDP2S,https://apps.bea.gov/regional/zip/SAGDP_SIC.zip
Hawaii,1975,8172.7,9340,current USD millions,BEA_SAGDP2S,https://apps.bea.gov/regional/zip/SAGDP_SIC.zip
Hawaii,1976,8526.1,9555,current USD millions,BEA_SAGDP2S,https://apps.bea.gov/regional/zip/SAGDP_SIC.zip
Hawaii,1977,9440.9,10309,current USD millions,BEA_SAGDP2S,https://apps.bea.gov/regional/zip/SAGDP_SIC.zip
Hawaii,1978,10508.5,11314,current USD millions,BEA_SAGDP2S,https://apps.bea.gov/regional/zip/SAGDP_SIC.zip
Hawaii,1979,11869.0,12493,current USD millions,BEA_SAGDP2S,https://apps.bea.gov/regional/zip/SAGDP_SIC.zip
Hawaii,1980,13380.3,13827,current USD millions,BEA_SAGDP2S,https://apps.bea.gov/regional/zip/SAGDP_SIC.zip
Hawaii,1981,14639.5,14966,current USD millions,BEA_SAGDP2S,https://apps.bea.gov/regional/zip/SAGDP_SIC.zip
Hawaii,1982,15740.4,15839,current USD millions,BEA_SAGDP2S,https://apps.bea.gov/regional/zip/SAGDP_SIC.zip
Hawaii,1983,17260.3,17044,current USD millions,BEA_SAGDP2S,https://apps.bea.gov/regional/zip/SAGDP_SIC.zip
Hawaii,1984,19132.3,18613,current USD millions,BEA_SAGDP2S,https://apps.bea.gov/regional/zip/SAGDP_SIC.zip
Hawaii,1985,20721.7,19930,current USD millions,BEA_SAGDP2S,https://apps.bea.gov/regional/zip/SAGDP_SIC.zip
Hawaii,1986,22437.0,21333,current USD millions,BEA_SAGDP2S,https://apps.bea.gov/regional/zip/SAGDP_SIC.zip
Hawaii,1987,24272.6,22729,current USD millions,BEA_SAGDP2S,https://apps.bea.gov/regional/zip/SAGDP_SIC.zip
Hawaii,1988,26799.0,24818,current USD millions,BEA_SAGDP2S,https://apps.bea.gov/regional/zip/SAGDP_SIC.zip
Hawaii,1989,29427.2,26884,current USD millions,BEA_SAGDP2S,https://apps.bea.gov/regional/zip/SAGDP_SIC.zip
Hawaii,1990,32534.3,29218,current USD millions,BEA_SAGDP2S,https://apps.bea.gov/regional/zip/SAGDP_SIC.zip
Hawaii,1991,34356.7,30224,current USD millions,BEA_SAGDP2S,https://apps.bea.gov/regional/zip/SAGDP_SIC.zip
Hawaii,1992,36129.5,31183,current USD millions,BEA_SAGDP2S,https://apps.bea.gov/regional/zip/SAGDP_SIC.zip
Hawaii,1993,36732.4,31319,current USD millions,BEA_SAGDP2S,https://apps.bea.gov/regional/zip/SAGDP_SIC.zip
Hawaii,1994,37394.9,31489,current USD millions,BEA_SAGDP2S,https://apps.bea.gov/regional/zip/SAGDP_SIC.zip
Hawaii,1995,37763.1,31552,current USD millions,BEA_SAGDP2S,https://apps.bea.gov/regional/zip/SAGDP_SIC.zip
Hawaii,1996,38124.6,31671,current USD millions,BEA_SAGDP2S,https://apps.bea.gov/regional/zip/SAGDP_SIC.zip
Hawaii,1997,39064.1,32241,current USD millions,BEA_SAGDP2S,https://apps.bea.gov/regional/zip/SAGDP_SIC.zip
Idaho,1963,1841.1,2696,current USD millions,BEA_SAGDP2S,https://apps.bea.gov/regional/zip/SAGDP_SIC.zip
Idaho,1964,1946.4,2862,current USD millions,BEA_SAGDP2S,https://apps.bea.gov/regional/zip/SAGDP_SIC.zip
Idaho,1965,2197.3,3203,current USD millions,BEA_SAGDP2S,https://apps.bea.gov/regional/zip/SAGDP_SIC.zip
Idaho,1966,2272.5,3298,current USD millions,BEA_SAGDP2S,https://apps.bea.gov/regional/zip/SAGDP_SIC.zip
Idaho,1967,2334.5,3393,current USD millions,BEA_SAGDP2S,https://apps.bea.gov/regional/zip/SAGDP_SIC.zip
Idaho,1968,2497.1,3593,current USD millions,BEA_SAGDP2S,https://apps.bea.gov/regional/zip/SAGDP_SIC.zip
Idaho,1969,2749.9,3890,current USD millions,BEA_SAGDP2S,https://apps.bea.gov/regional/zip/SAGDP_SIC.zip
Idaho,1970,3014.9,4203,current USD millions,BEA_SAGDP2S,https://apps.bea.gov/regional/zip/SAGDP_SIC.zip
Idaho,1971,3265.3,4420,current USD millions,BEA_SAGDP2S,https://apps.bea.gov/regional/zip/SAGDP_SIC.zip
Idaho,1972,3773.0,4943,current USD millions,BEA_SAGDP2S,https://apps.bea.gov/regional/zip/SAGDP_SIC.zip
Idaho,1973,4481.4,5730,current USD millions,BEA_SAGDP2S,https://apps.bea.gov/regional/zip/SAGDP_SIC.zip
Idaho,1974,5186.2,6419,current USD millions,BEA_SAGDP2S,https://apps.bea.gov/regional/zip/SAGDP_SIC.zip
Idaho,1975,5834.7,7013,current USD millions,BEA_SAGDP2S,https://apps.bea.gov/regional/zip/SAGDP_SIC.zip
Idaho,1976,6590.7,7691,current USD millions,BEA_SAGDP2S,https://apps.bea.gov/regional/zip/SAGDP_SIC.zip
Idaho,1977,7205.9,8157,current USD millions,BEA_SAGDP2S,https://apps.bea.gov/regional/zip/SAGDP_SIC.zip
Idaho,1978,8449.7,9276,current USD millions,BEA_SAGDP2S,https://apps.bea.gov/regional/zip/SAGDP_SIC.zip
Idaho,1979,9285.9,9957,current USD millions,BEA_SAGDP2S,https://apps.bea.gov/regional/zip/SAGDP_SIC.zip
Idaho,1980,9915.8,10460,current USD millions,BEA_SAGDP2S,https://apps.bea.gov/regional/zip/SAGDP_SIC.zip
Idaho,1981,10677.4,11097,current USD millions,BEA_SAGDP2S,https://apps.bea.gov/regional/zip/SAGDP_SIC.zip
Idaho,1982,10689.3,10978,current USD millions,BEA_SAGDP2S,https://apps.bea.gov/regional/zip/SAGDP_SIC.zip
Idaho,1983,11834.2,12053,current USD millions,BEA_SAGDP2S,https://apps.bea.gov/regional/zip/SAGDP_SIC.zip
Idaho,1984,12585.9,12702,current USD millions,BEA_SAGDP2S,https://apps.bea.gov/regional/zip/SAGDP_SIC.zip
Idaho,1985,13043.9,13122,current USD millions,BEA_SAGDP2S,https://apps.bea.gov/regional/zip/SAGDP_SIC.zip
Idaho,1986,13220.2,13351,current USD millions,BEA_SAGDP2S,https://apps.bea.gov/regional/zip/SAGDP_SIC.zip
Idaho,1987,13996.0,14209,current USD millions,BEA_SAGDP2S,https://apps.bea.gov/regional/zip/SAGDP_SIC.zip
Idaho,1988,15285.3,15508,current USD millions,BEA_SAGDP2S,https://apps.bea.gov/regional/zip/SAGDP_SIC.zip
Idaho,1989,16908.6,17003,current USD millions,BEA_SAGDP2S,https://apps.bea.gov/regional/zip/SAGDP_SIC.zip
Idaho,1990,18004.2,17784,current USD millions,BEA_SAGDP2S,https://apps.bea.gov/regional/zip/SAGDP_SIC.zip
Idaho,1991,18851.7,18104,current USD millions,BEA_SAGDP2S,https://apps.bea.gov/regional/zip/SAGDP_SIC.zip
Idaho,1992,20631.6,19252,current USD millions,BEA_SAGDP2S,https://apps.bea.gov/regional/zip/SAGDP_SIC.zip
Idaho,1993,23099.8,20834,current USD millions,BEA_SAGDP2S,https://apps.bea.gov/regional/zip/SAGDP_SIC.zip
Idaho,1994,25455.5,22229,current USD millions,BEA_SAGDP2S,https://apps.bea.gov/regional/zip/SAGDP_SIC.zip
Idaho,1995,27762.4,23581,current USD millions,BEA_SAGDP2S,https://apps.bea.gov/regional/zip/SAGDP_SIC.zip
Idaho,1996,28914.6,24034,current USD millions,BEA_SAGDP2S,https://apps.bea.gov/regional/zip/SAGDP_SIC.zip
Idaho,1997,30311.7,24673,current USD millions,BEA_SAGDP2S,https://apps.bea.gov/regional/zip/SAGDP_SIC.zip
Illinois,1963,39513.8,3799,current USD millions,BEA_SAGDP2S,https://apps.bea.gov/regional/zip/SAGDP_SIC.zip
Illinois,1964,42478.4,4015,current USD millions,BEA_SAGDP2S,https://apps.bea.gov/regional/zip/SAGDP_SIC.zip
Illinois,1965,45977.7,4300,current USD millions,BEA_SAGDP2S,https://apps.bea.gov/regional/zip/SAGDP_SIC.zip
Illinois,1966,50435.4,4654,current USD millions,BEA_SAGDP2S,https://apps.bea.gov/regional/zip/SAGDP_SIC.zip
Illinois,1967,52816.8,4825,current USD millions,BEA_SAGDP2S,https://apps.bea.gov/regional/zip/SAGDP_SIC.zip
Illinois,1968,56331.2,5123,current USD millions,BEA_SAGDP2S,https://apps.bea.gov/regional/zip/SAGDP_SIC.zip
Illinois,1969,60840.0,5511,current USD millions,BEA_SAGDP2S,https://apps.bea.gov/regional/zip/SAGDP_SIC.zip
Illinois,1970,62763.4,5642,current USD millions,BEA_SAGDP2S,https://apps.bea.gov/regional/zip/SAGDP_SIC.zip
Illinois,1971,67378.9,6013,current USD millions,BEA_SAGDP2S,https://apps.bea.gov/regional/zip/SAGDP_SIC.zip
Illinois,1972,73501.0,6529,current USD millions,BEA_SAGDP2S,https://apps.bea.gov/regional/zip/SAGDP_SIC.zip
Illinois,1973,81285.5,7219,current USD millions,BEA_SAGDP2S,https://apps.bea.gov/regional/zip/SAGDP_SIC.zip
Illinois,1974,88069.7,7812,current USD millions,BEA_SAGDP2S,https://apps.bea.gov/regional/zip/SAGDP_SIC.zip
Illinois,1975,95879.7,8480,current USD millions,BEA_SAGDP2S,https://apps.bea.gov/regional/zip/SAGDP_SIC.zip
Illinois,1976,104819.3,9227,current USD millions,BEA_SAGDP2S,https://apps.bea.gov/regional/zip/SAGDP_SIC.zip
Illinois,1977,115076.9,10089,current USD millions,BEA_SAGDP2S,https://apps.bea.gov/regional/zip/SAGDP_SIC.zip
Illinois,1978,128121.9,11205,current USD millions,BEA_SAGDP2S,https://apps.bea.gov/regional/zip/SAGDP_SIC.zip
Illinois,1979,139252.7,12191,current USD millions,BEA_SAGDP2S,https://apps.bea.gov/regional/zip/SAGDP_SIC.zip
Illinois,1980,145264.4,12704,current USD millions,BEA_SAGDP2S,https://apps.bea.gov/regional/zip/SAGDP_SIC.zip
Illinois,1981,159649.3,13951,current USD millions,BEA_SAGDP2S,https://apps.bea.gov/regional/zip/SAGDP_SIC.zip
Illinois,1982,164266.6,14380,current USD millions,BEA_SAGDP2S,https://apps.bea.gov/regional/zip/SAGDP_SIC.zip
Illinois,1983,173119.3,15174,current USD millions,BEA_SAGDP2S,https://apps.bea.gov/regional/zip/SAGDP_SIC.zip
Illinois,1984,194244.3,17021,current USD millions,BEA_SAGDP2S,https://apps.bea.gov/regional/zip/SAGDP_SIC.zip
Illinois,1985,206281.1,18095,current USD millions,BEA_SAGDP2S,https://apps.bea.gov/regional/zip/SAGDP_SIC.zip
Illinois,1986,218695.6,19205,current USD millions,BEA_SAGDP2S,https://apps.bea.gov/regional/zip/SAGDP_SIC.zip
Illinois,1987,231210.1,20297,current USD millions,BEA_SAGDP2S,https://apps.bea.gov/regional/zip/SAGDP_SIC.zip
Illinois,1988,252196.8,22142,current USD millions,BEA_SAGDP2S,https://apps.bea.gov/regional/zip/SAGDP_SIC.zip
Illinois,1989,266607.9,23367,current USD millions,BEA_SAGDP2S,https://apps.bea.gov/regional/zip/SAGDP_SIC.zip
Illinois,1990,279019.1,24361,current USD millions,BEA_SAGDP2S,https://apps.bea.gov/regional/zip/SAGDP_SIC.zip
Illinois,1991,288473.5,24935,current USD millions,BEA_SAGDP2S,https://apps.bea.gov/regional/zip/SAGDP_SIC.zip
Illinois,1992,306236.3,26187,current USD millions,BEA_SAGDP2S,https://apps.bea.gov/regional/zip/SAGDP_SIC.zip
Illinois,1993,320078.9,27103,current USD millions,BEA_SAGDP2S,https://apps.bea.gov/regional/zip/SAGDP_SIC.zip
Illinois,1994,347971.5,29210,current USD millions,BEA_SAGDP2S,https://apps.bea.gov/regional/zip/SAGDP_SIC.zip
Illinois,1995,364450.7,30350,current USD millions,BEA_SAGDP2S,https://apps.bea.gov/regional/zip/SAGDP_SIC.zip
Illinois,1996,383504.1,31689,current USD millions,BEA_SAGDP2S,https://apps.bea.gov/regional/zip/SAGDP_SIC.zip
Illinois,1997,408047.8,33486,current USD millions,BEA_SAGDP2S,https://apps.bea.gov/regional/zip/SAGDP_SIC.zip
Indiana,1963,15636.3,3258,current USD millions,BEA_SAGDP2S,https://apps.bea.gov/regional/zip/SAGDP_SIC.zip
Indiana,1964,16723.0,3444,current USD millions,BEA_SAGDP2S,https://apps.bea.gov/regional/zip/SAGDP_SIC.zip
Indiana,1965,18518.5,3762,current USD millions,BEA_SAGDP2S,https://apps.bea.gov/regional/zip/SAGDP_SIC.zip
Indiana,1966,20048.9,4011,current USD millions,BEA_SAGDP2S,https://apps.bea.gov/regional/zip/SAGDP_SIC.zip
Indiana,1967,20951.1,4146,current USD millions,BEA_SAGDP2S,https://apps.bea.gov/regional/zip/SAGDP_SIC.zip
Indiana,1968,22646.0,4446,current USD millions,BEA_SAGDP2S,https://apps.bea.gov/regional/zip/SAGDP_SIC.zip
Indiana,1969,24212.2,4708,current USD millions,BEA_SAGDP2S,https://apps.bea.gov/regional/zip/SAGDP_SIC.zip
Indiana,1970,24545.7,4717,current USD millions,BEA_SAGDP2S,https://apps.bea.gov/regional/zip/SAGDP_SIC.zip
Indiana,1971,26882.3,5121,current USD millions,BEA_SAGDP2S,https://apps.bea.gov/regional/zip/SAGDP_SIC.zip
Indiana,1972,29953.9,5656,current USD millions,BEA_SAGDP2S,https://apps.bea.gov/regional/zip/SAGDP_SIC.zip
Indiana,1973,33972.2,6375,current USD millions,BEA_SAGDP2S,https://apps.bea.gov/regional/zip/SAGDP_SIC.zip
Indiana,1974,35605.7,6655,current USD millions,BEA_SAGDP2S,https://apps.bea.gov/regional/zip/SAGDP_SIC.zip
Indiana,1975,37677.3,7041,current USD millions,BEA_SAGDP2S,https://apps.bea.gov/regional/zip/SAGDP_SIC.zip
Indiana,1976,43774.8,8149,current USD millions,BEA_SAGDP2S,https://apps.bea.gov/regional/zip/SAGDP_SIC.zip
Indiana,1977,47901.4,8862,current USD millions,BEA_SAGDP2S,https://apps.bea.gov/regional/zip/SAGDP_SIC.zip
Indiana,1978,53729.2,9865,current USD millions,BEA_SAGDP2S,https://apps.bea.gov/regional/zip/SAGDP_SIC.zip
Indiana,1979,57917.5,10579,current USD millions,BEA_SAGDP2S,https://apps.bea.gov/regional/zip/SAGDP_SIC.zip
Indiana,1980,58870.5,10722,current USD millions,BEA_SAGDP2S,https://apps.bea.gov/regional/zip/SAGDP_SIC.zip
Indiana,1981,64724.3,11810,current USD millions,BEA_SAGDP2S,https://apps.bea.gov/regional/zip/SAGDP_SIC.zip
Indiana,1982,64982.0,11884,current USD millions,BEA_SAGDP2S,https://apps.bea.gov/regional/zip/SAGDP_SIC.zip
Indiana,1983,69334.8,12721,current USD millions,BEA_SAGDP2S,https://apps.bea.gov/regional/zip/SAGDP_SIC.zip
Indiana,1984,78858.8,14447,current USD millions,BEA_SAGDP2S,https://apps.bea.gov/regional/zip/SAGDP_SIC.zip
Indiana,1985,82010.6,15022,current USD millions,BEA_SAGDP2S,https://apps.bea.gov/regional/zip/SAGDP_SIC.zip
Indiana,1986,86437.5,15848,current USD millions,BEA_SAGDP2S,https://apps.bea.gov/regional/zip/SAGDP_SIC.zip
Indiana,1987,91650.5,16746,current USD millions,BEA_SAGDP2S,https://apps.bea.gov/regional/zip/SAGDP_SIC.zip
Indiana,1988,99492.5,18117,current USD millions,BEA_SAGDP2S,https://apps.bea.gov/regional/zip/SAGDP_SIC.zip
Indiana,1989,107198.7,19407,current USD millions,BEA_SAGDP2S,https://apps.bea.gov/regional/zip/SAGDP_SIC.zip
Indiana,1990,110859.6,19947,current USD millions,BEA_SAGDP2S,https://apps.bea.gov/regional/zip/SAGDP_SIC.zip
Indiana,1991,114637.0,20411,current USD millions,BEA_SAGDP2S,https://apps.bea.gov/regional/zip/SAGDP_SIC.zip
Indiana,1992,124714.3,21978,current USD millions,BEA_SAGDP2S,https://apps.bea.gov/regional/zip/SAGDP_SIC.zip
Indiana,1993,132108.2,23019,current USD millions,BEA_SAGDP2S,https://apps.bea.gov/regional/zip/SAGDP_SIC.zip
Indiana,1994,143335.2,24741,current USD millions,BEA_SAGDP2S,https://apps.bea.gov/regional/zip/SAGDP_SIC.zip
Indiana,1995,150403.9,25704,current USD millions,BEA_SAGDP2S,https://apps.bea.gov/regional/zip/SAGDP_SIC.zip
Indiana,1996,158350.1,26812,current USD millions,BEA_SAGDP2S,https://apps.bea.gov/regional/zip/SAGDP_SIC.zip
Indiana,1997,167366.3,28104,current USD millions,BEA_SAGDP2S,https://apps.bea.gov/regional/zip/SAGDP_SIC.zip
Iowa,1963,7921.2,2884,current USD millions,BEA_SAGDP2S,https://apps.bea.gov/regional/zip/SAGDP_SIC.zip
Iowa,1964,8349.6,3041,current USD millions,BEA_SAGDP2S,https://apps.bea.gov/regional/zip/SAGDP_SIC.zip
Iowa,1965,9196.3,3354,current USD millions,BEA_SAGDP2S,https://apps.bea.gov/regional/zip/SAGDP_SIC.zip
Iowa,1966,10202.2,3694,current USD millions,BEA_SAGDP2S,https://apps.bea.gov/regional/zip/SAGDP_SIC.zip
Iowa,1967,10617.1,3801,current USD millions,BEA_SAGDP2S,https://apps.bea.gov/regional/zip/SAGDP_SIC.zip
Iowa,1968,11272.9,4022,current USD millions,BEA_SAGDP2S,https://apps.bea.gov/regional/zip/SAGDP_SIC.zip
Iowa,1969,12331.6,4396,current USD millions,BEA_SAGDP2S,https://apps.bea.gov/regional/zip/SAGDP_SIC.zip
Iowa,1970,12957.3,4581,current USD millions,BEA_SAGDP2S,https://apps.bea.gov/regional/zip/SAGDP_SIC.zip
Iowa,1971,13666.2,4792,current USD millions,BEA_SAGDP2S,https://apps.bea.gov/regional/zip/SAGDP_SIC.zip
Iowa,1972,15311.4,5353,current USD millions,BEA_SAGDP2S,https://apps.bea.gov/regional/zip/SAGDP_SIC.zip
Iowa,1973,18502.3,6460,current USD millions,BEA_SAGDP2S,https://apps.bea.gov/regional/zip/SAGDP_SIC.zip
Iowa,1974,19341.4,6744,current USD millions,BEA_SAGDP2S,https://apps.bea.gov/regional/zip/SAGDP_SIC.zip
Iowa,1975,21992.9,7633,current USD millions,BEA_SAGDP2S,https://apps.bea.gov/regional/zip/SAGDP_SIC.zip
Iowa,1976,24436.5,8415,current USD millions,BEA_SAGDP2S,https://apps.bea.gov/regional/zip/SAGDP_SIC.zip
Iowa,1977,27011.4,9269,current USD millions,BEA_SAGDP2S,https://apps.bea.gov/regional/zip/SAGDP_SIC.zip
Iowa,1978,30763.4,10539,current USD millions,BEA_SAGDP2S,https://apps.bea.gov/regional/zip/SAGDP_SIC.zip
Iowa,1979,33496.0,11484,current USD millions,BEA_SAGDP2S,https://apps.bea.gov/regional/zip/SAGDP_SIC.zip
Iowa,1980,34582.3,11868,current USD millions,BEA_SAGDP2S,https://apps.bea.gov/regional/zip/SAGDP_SIC.zip
Iowa,1981,38272.1,13161,current USD millions,BEA_SAGDP2S,https://apps.bea.gov/regional/zip/SAGDP_SIC.zip
Iowa,1982,37289.3,12911,current USD millions,BEA_SAGDP2S,https://apps.bea.gov/regional/zip/SAGDP_SIC.zip
Iowa,1983,37480.8,13057,current USD millions,BEA_SAGDP2S,https://apps.bea.gov/regional/zip/SAGDP_SIC.zip
Iowa,1984,41264.0,14435,current USD millions,BEA_SAGDP2S,https://apps.bea.gov/regional/zip/SAGDP_SIC.zip
Iowa,1985,42431.0,14995,current USD millions,BEA_SAGDP2S,https://apps.bea.gov/regional/zip/SAGDP_SIC.zip
Iowa,1986,43225.9,15482,current USD millions,BEA_SAGDP2S,https://apps.bea.gov/regional/zip/SAGDP_SIC.zip
Iowa,1987,45282.8,16365,current USD millions,BEA_SAGDP2S,https://apps.bea.gov/regional/zip/SAGDP_SIC.zip
Iowa,1988,49088.5,17732,current USD millions,BEA_SAGDP2S,https://apps.bea.gov/regional/zip/SAGDP_SIC.zip
Iowa,1989,52907.1,19096,current USD millions,BEA_SAGDP2S,https://apps.bea.gov/regional/zip/SAGDP_SIC.zip
Iowa,1990,56121.5,20180,current USD millions,BEA_SAGDP2S,https://apps.bea.gov/regional/zip/SAGDP_SIC.zip
Iowa,1991,57944.2,20712,current USD millions,BEA_SAGDP2S,https://apps.bea.gov/regional/zip/SAGDP_SIC.zip
Iowa,1992,61870.3,21952,current USD millions,BEA_SAGDP2S,https://apps.bea.gov/regional/zip/SAGDP_SIC.zip
Iowa,1993,63385.5,22343,current USD millions,BEA_SAGDP2S,https://apps.bea.gov/regional/zip/SAGDP_SIC.zip
Iowa,1994,70161.0,24611,current USD millions,BEA_SAGDP2S,https://apps.bea.gov/regional/zip/SAGDP_SIC.zip
Iowa,1995,73136.6,25506,current USD millions,BEA_SAGDP2S,https://apps.bea.gov/regional/zip/SAGDP_SIC.zip
Iowa,1996,78819.2,27368,current USD millions,BEA_SAGDP2S,https://apps.bea.gov/regional/zip/SAGDP_SIC.zip
Iowa,1997,83113.2,28748,current USD millions,BEA_SAGDP2S,https://apps.bea.gov/regional/zip/SAGDP_SIC.zip
Kansas,1963,6134.5,2767,current USD millions,BEA_SAGDP2S,https://apps.bea.gov/regional/zip/SAGDP_SIC.zip
Kansas,1964,6418.2,2905,current USD millions,BEA_SAGDP2S,https://apps.bea.gov/regional/zip/SAGDP_SIC.zip
Kansas,1965,6831.2,3097,current USD millions,BEA_SAGDP2S,https://apps.bea.gov/regional/zip/SAGDP_SIC.zip
Kansas,1966,7400.6,3364,current USD millions,BEA_SAGDP2S,https://apps.bea.gov/regional/zip/SAGDP_SIC.zip
Kansas,1967,7760.4,3532,current USD millions,BEA_SAGDP2S,https://apps.bea.gov/regional/zip/SAGDP_SIC.zip
Kansas,1968,8487.3,3830,current USD millions,BEA_SAGDP2S,https://apps.bea.gov/regional/zip/SAGDP_SIC.zip
Kansas,1969,9165.7,4099,current USD millions,BEA_SAGDP2S,https://apps.bea.gov/regional/zip/SAGDP_SIC.zip
Kansas,1970,9754.8,4340,current USD millions,BEA_SAGDP2S,https://apps.bea.gov/regional/zip/SAGDP_SIC.zip
Kansas,1971,10824.5,4819,current USD millions,BEA_SAGDP2S,https://apps.bea.gov/regional/zip/SAGDP_SIC.zip
Kansas,1972,12126.5,5376,current USD millions,BEA_SAGDP2S,https://apps.bea.gov/regional/zip/SAGDP_SIC.zip
Kansas,1973,13999.6,6183,current USD millions,BEA_SAGDP2S,https://apps.bea.gov/regional/zip/SAGDP_SIC.zip
Kansas,1974,15063.3,6642,current USD millions,BEA_SAGDP2S,https://apps.bea.gov/regional/zip/SAGDP_SIC.zip
Kansas,1975,16854.8,7397,current USD millions,BEA_SAGDP2S,https://apps.bea.gov/regional/zip/SAGDP_SIC.zip
Kansas,1976,18953.1,8245,current USD millions,BEA_SAGDP2S,https://apps.bea.gov/regional/zip/SAGDP_SIC.zip
Kansas,1977,20538.6,8861,current USD millions,BEA_SAGDP2S,https://apps.bea.gov/regional/zip/SAGDP_SIC.zip
Kansas,1978,22824.0,9784,current USD millions,BEA_SAGDP2S,https://apps.bea.gov/regional/zip/SAGDP_SIC.zip
Kansas,1979,26300.4,11204,current USD millions,BEA_SAGDP2S,https://apps.bea.gov/regional/zip/SAGDP_SIC.zip
Kansas,1980,28298.2,11945,current USD millions,BEA_SAGDP2S,https://apps.bea.gov/regional/zip/SAGDP_SIC.zip
Kansas,1981,31978.3,13409,current USD millions,BEA_SAGDP2S,https://apps.bea.gov/regional/zip/SAGDP_SIC.zip
Kansas,1982,33491.4,13948,current USD millions,BEA_SAGDP2S,https://apps.bea.gov/regional/zip/SAGDP_SIC.zip
Kansas,1983,35257.1,14596,current USD millions,BEA_SAGDP2S,https://apps.bea.gov/regional/zip/SAGDP_SIC.zip
Kansas,1984,38442.1,15858,current USD millions,BEA_SAGDP2S,https://apps.bea.gov/regional/zip/SAGDP_SIC.zip
Kansas,1985,40658.3,16750,current USD millions,BEA_SAGDP2S,https://apps.bea.gov/regional/zip/SAGDP_SIC.zip
Kansas,1986,41794.8,17181,current USD millions,BEA_SAGDP2S,https://apps.bea.gov/regional/zip/SAGDP_SIC.zip
Kansas,1987,44163.8,18060,current USD millions,BEA_SAGDP2S,https://apps.bea.gov/regional/zip/SAGDP_SIC.zip
Kansas,1988,46698.1,18968,current USD millions,BEA_SAGDP2S,https://apps.bea.gov/regional/zip/SAGDP_SIC.zip
Kansas,1989,48814.0,19740,current USD millions,BEA_SAGDP2S,https://apps.bea.gov/regional/zip/SAGDP_SIC.zip
Kansas,1990,51873.7,20905,current USD millions,BEA_SAGDP2S,https://apps.bea.gov/regional/zip/SAGDP_SIC.zip
Kansas,1991,53980.7,21603,current USD millions,BEA_SAGDP2S,https://apps.bea.gov/regional/zip/SAGDP_SIC.zip
Kansas,1992,56901.7,22470,current USD millions,BEA_SAGDP2S,https://apps.bea.gov/regional/zip/SAGDP_SIC.zip
Kansas,1993,58953.2,23060,current USD millions,BEA_SAGDP2S,https://apps.bea.gov/regional/zip/SAGDP_SIC.zip
Kansas,1994,63304.1,24532,current USD millions,BEA_SAGDP2S,https://apps.bea.gov/regional/zip/SAGDP_SIC.zip
Kansas,1995,65281.9,25099,current USD millions,BEA_SAGDP2S,https://apps.bea.gov/regional/zip/SAGDP_SIC.zip
Kansas,1996,69616.1,26626,current USD millions,BEA_SAGDP2S,https://apps.bea.gov/regional/zip/SAGDP_SIC.zip
Kansas,1997,74146.8,28136,current USD millions,BEA_SAGDP2S,https://apps.bea.gov/regional/zip/SAGDP_SIC.zip
Kentucky,1963,8355.1,2699,current USD millions,BEA_SAGDP2S,https://apps.bea.gov/regional/zip/SAGDP_SIC.zip
Kentucky,1964,8773.9,2804,current USD millions,BEA_SAGDP2S,https://apps.bea.gov/regional/zip/SAGDP_SIC.zip
Kentucky,1965,9518.1,3031,current USD millions,BEA_SAGDP2S,https://apps.bea.gov/regional/zip/SAGDP_SIC.zip
Kentucky,1966,10378.0,3298,current USD millions,BEA_SAGDP2S,https://apps.bea.gov/regional/zip/SAGDP_SIC.zip
Kentucky,1967,11041.2,3481,current USD millions,BEA_SAGDP2S,https://apps.bea.gov/regional/zip/SAGDP_SIC.zip
Kentucky,1968,12212.4,3822,current USD millions,BEA_SAGDP2S,https://apps.bea.gov/regional/zip/SAGDP_SIC.zip
Kentucky,1969,13206.2,4130,current USD millions,BEA_SAGDP2S,https://apps.bea.gov/regional/zip/SAGDP_SIC.zip
Kentucky,1970,13942.7,4316,current USD millions,BEA_SAGDP2S,https://apps.bea.gov/regional/zip/SAGDP_SIC.zip
Kentucky,1971,15568.2,4720,current USD millions,BEA_SAGDP2S,https://apps.bea.gov/regional/zip/SAGDP_SIC.zip
Kentucky,1972,16915.3,5070,current USD millions,BEA_SAGDP2S,https://apps.bea.gov/regional/zip/SAGDP_SIC.zip
Kentucky,1973,18903.1,5607,current USD millions,BEA_SAGDP2S,https://apps.bea.gov/regional/zip/SAGDP_SIC.zip
Kentucky,1974,21173.4,6196,current USD millions,BEA_SAGDP2S,https://apps.bea.gov/regional/zip/SAGDP_SIC.zip
Kentucky,1975,22809.9,6576,current USD millions,BEA_SAGDP2S,https://apps.bea.gov/regional/zip/SAGDP_SIC.zip
Kentucky,1976,26040.1,7376,current USD millions,BEA_SAGDP2S,https://apps.bea.gov/regional/zip/SAGDP_SIC.zip
Kentucky,1977,29176.5,8161,current USD millions,BEA_SAGDP2S,https://apps.bea.gov/regional/zip/SAGDP_SIC.zip
Kentucky,1978,32682.5,9050,current USD millions,BEA_SAGDP2S,https://apps.bea.gov/regional/zip/SAGDP_SIC.zip
Kentucky,1979,35838.0,9836,current USD millions,BEA_SAGDP2S,https://apps.bea.gov/regional/zip/SAGDP_SIC.zip
Kentucky,1980,37017.0,10102,current USD millions,BEA_SAGDP2S,https://apps.bea.gov/regional/zip/SAGDP_SIC.zip
Kentucky,1981,41068.1,11189,current USD millions,BEA_SAGDP2S,https://apps.bea.gov/regional/zip/SAGDP_SIC.zip
Kentucky,1982,42183.7,11452,current USD millions,BEA_SAGDP2S,https://apps.bea.gov/regional/zip/SAGDP_SIC.zip
Kentucky,1983,44091.8,11935,current USD millions,BEA_SAGDP2S,https://apps.bea.gov/regional/zip/SAGDP_SIC.zip
Kentucky,1984,49344.1,13353,current USD millions,BEA_SAGDP2S,https://apps.bea.gov/regional/zip/SAGDP_SIC.zip
Kentucky,1985,51892.8,14045,current USD millions,BEA_SAGDP2S,https://apps.bea.gov/regional/zip/SAGDP_SIC.zip
Kentucky,1986,53199.0,14426,current USD millions,BEA_SAGDP2S,https://apps.bea.gov/regional/zip/SAGDP_SIC.zip
Kentucky,1987,56282.2,15280,current USD millions,BEA_SAGDP2S,https://apps.bea.gov/regional/zip/SAGDP_SIC.zip
Kentucky,1988,61850.5,16807,current USD millions,BEA_SAGDP2S,https://apps.bea.gov/regional/zip/SAGDP_SIC.zip
Kentucky,1989,65525.5,17819,current USD millions,BEA_SAGDP2S,https://apps.bea.gov/regional/zip/SAGDP_SIC.zip
Kentucky,1990,68412.1,18520,current USD millions,BEA_SAGDP2S,https://apps.bea.gov/regional/zip/SAGDP_SIC.zip
Kentucky,1991,71679.2,19257,current USD millions,BEA_SAGDP2S,https://apps.bea.gov/regional/zip/SAGDP_SIC.zip
Kentucky,1992,77531.4,20590,current USD millions,BEA_SAGDP2S,https://apps.bea.gov/regional/zip/SAGDP_SIC.zip
Kentucky,1993,81618.1,21410,current USD millions,BEA_SAGDP2S,https://apps.bea.gov/regional/zip/SAGDP_SIC.zip
Kentucky,1994,87645.7,22771,current USD millions,BEA_SAGDP2S,https://apps.bea.gov/regional/zip/SAGDP_SIC.zip
Kentucky,1995,91914.7,23644,current USD millions,BEA_SAGDP2S,https://apps.bea.gov/regional/zip/SAGDP_SIC.zip
Kentucky,1996,96616.8,24650,current USD millions,BEA_SAGDP2S,https://apps.bea.gov/regional/zip/SAGDP_SIC.zip
Kentucky,1997,103621.2,26215,current USD millions,BEA_SAGDP2S,https://apps.bea.gov/regional/zip/SAGDP_SIC.zip
Louisiana,1963,9658.5,2860,current USD millions,BEA_SAGDP2S,https://apps.bea.gov/regional/zip/SAGDP_SIC.zip
Louisiana,1964,10468.4,3038,current USD millions,BEA_SAGDP2S,https://apps.bea.gov/regional/zip/SAGDP_SIC.zip
Louisiana,1965,11453.3,3276,current USD millions,BEA_SAGDP2S,https://apps.bea.gov/regional/zip/SAGDP_SIC.zip
Louisiana,1966,12774.5,3598,current USD millions,BEA_SAGDP2S,https://apps.bea.gov/regional/zip/SAGDP_SIC.zip
Louisiana,1967,14022.4,3916,current USD millions,BEA_SAGDP2S,https://apps.bea.gov/regional/zip/SAGDP_SIC.zip
Louisiana,1968,15075.9,4184,current USD millions,BEA_SAGDP2S,https://apps.bea.gov/regional/zip/SAGDP_SIC.zip
Louisiana,1969,16321.0,4510,current USD millions,BEA_SAGDP2S,https://apps.bea.gov/regional/zip/SAGDP_SIC.zip
Louisiana,1970,17176.6,4706,current USD millions,BEA_SAGDP2S,https://apps.bea.gov/regional/zip/SAGDP_SIC.zip
Louisiana,1971,18633.8,5022,current USD millions,BEA_SAGDP2S,https://apps.bea.gov/regional/zip/SAGDP_SIC.zip
Louisiana,1972,20293.7,5394,current USD millions,BEA_SAGDP2S,https://apps.bea.gov/regional/zip/SAGDP_SIC.zip
Louisiana,1973,22735.0,6001,current USD millions,BEA_SAGDP2S,https://apps.bea.gov/regional/zip/SAGDP_SIC.zip
Louisiana,1974,26892.3,7039,current USD millions,BEA_SAGDP2S,https://apps.bea.gov/regional/zip/SAGDP_SIC.zip
Louisiana,1975,30675.2,7892,current USD millions,BEA_SAGDP2S,https://apps.bea.gov/regional/zip/SAGDP_SIC.zip
Louisiana,1976,34412.8,8708,current USD millions,BEA_SAGDP2S,https://apps.bea.gov/regional/zip/SAGDP_SIC.zip
Louisiana,1977,39670.3,9879,current USD millions,BEA_SAGDP2S,https://apps.bea.gov/regional/zip/SAGDP_SIC.zip
Louisiana,1978,45212.1,11100,current USD millions,BEA_SAGDP2S,https://apps.bea.gov/regional/zip/SAGDP_SIC.zip
Louisiana,1979,51653.2,12479,current USD millions,BEA_SAGDP2S,https://apps.bea.gov/regional/zip/SAGDP_SIC.zip
Louisiana,1980,63925.5,15137,current USD millions,BEA_SAGDP2S,https://apps.bea.gov/regional/zip/SAGDP_SIC.zip
Louisiana,1981,77200.7,18024,current USD millions,BEA_SAGDP2S,https://apps.bea.gov/regional/zip/SAGDP_SIC.zip
Louisiana,1982,78066.8,17936,current USD millions,BEA_SAGDP2S,https://apps.bea.gov/regional/zip/SAGDP_SIC.zip
Louisiana,1983,76880.6,17492,current USD millions,BEA_SAGDP2S,https://apps.bea.gov/regional/zip/SAGDP_SIC.zip
Louisiana,1984,82622.6,18776,current USD millions,BEA_SAGDP2S,https://apps.bea.gov/regional/zip/SAGDP_SIC.zip
Louisiana,1985,84391.1,19144,current USD millions,BEA_SAGDP2S,https://apps.bea.gov/regional/zip/SAGDP_SIC.zip
Louisiana,1986,77107.4,17497,current USD millions,BEA_SAGDP2S,https://apps.bea.gov/regional/zip/SAGDP_SIC.zip
Louisiana,1987,78487.9,18067,current USD millions,BEA_SAGDP2S,https://apps.bea.gov/regional/zip/SAGDP_SIC.zip
Louisiana,1988,83195.9,19398,current USD millions,BEA_SAGDP2S,https://apps.bea.gov/regional/zip/SAGDP_SIC.zip
Louisiana,1989,87574.1,20592,current USD millions,BEA_SAGDP2S,https://apps.bea.gov/regional/zip/SAGDP_SIC.zip
Louisiana,1990,95177.1,22546,current USD millions,BEA_SAGDP2S,https://apps.bea.gov/regional/zip/SAGDP_SIC.zip
Louisiana,1991,96043.2,22581,current USD millions,BEA_SAGDP2S,https://apps.bea.gov/regional/zip/SAGDP_SIC.zip
Louisiana,1992,90889.7,21172,current USD millions,BEA_SAGDP2S,https://apps.bea.gov/regional/zip/SAGDP_SIC.zip
Louisiana,1993,95866.4,22210,current USD millions,BEA_SAGDP2S,https://apps.bea.gov/regional/zip/SAGDP_SIC.zip
Louisiana,1994,105118.9,24179,current USD millions,BEA_SAGDP2S,https://apps.bea.gov/regional/zip/SAGDP_SIC.zip
Louisiana,1995,112875.7,25778,current USD millions,BEA_SAGDP2S,https://apps.bea.gov/regional/zip/SAGDP_SIC.zip
Louisiana,1996,118807.2,27009,current USD millions,BEA_SAGDP2S,https://apps.bea.gov/regional/zip/SAGDP_SIC.zip
Louisiana,1997,126003.3,28501,current USD millions,BEA_SAGDP2S,https://apps.bea.gov/regional/zip/SAGDP_SIC.zip
Maine,1963,2420.5,2438,current USD millions,BEA_SAGDP2S,https://apps.bea.gov/regional/zip/SAGDP_SIC.zip
Maine,1964,2603.9,2622,current USD millions,BEA_SAGDP2S,https://apps.bea.gov/regional/zip/SAGDP_SIC.zip
Maine,1965,2807.0,2815,current USD millions,BEA_SAGDP2S,https://apps.bea.gov/regional/zip/SAGDP_SIC.zip
Maine,1966,3001.5,3005,current USD millions,BEA_SAGDP2S,https://apps.bea.gov/regional/zip/SAGDP_SIC.zip
Maine,1967,3153.5,3141,current USD millions,BEA_SAGDP2S,https://apps.bea.gov/regional/zip/SAGDP_SIC.zip
Maine,1968,3406.2,3427,current USD millions,BEA_SAGDP2S,https://apps.bea.gov/regional/zip/SAGDP_SIC.zip
Maine,1969,3694.7,3724,current USD millions,BEA_SAGDP2S,https://apps.bea.gov/regional/zip/SAGDP_SIC.zip
Maine,1970,3959.0,3972,current USD millions,BEA_SAGDP2S,https://apps.bea.gov/regional/zip/SAGDP_SIC.zip
Maine,1971,4207.2,4142,current USD millions,BEA_SAGDP2S,https://apps.bea.gov/regional/zip/SAGDP_SIC.zip
Maine,1972,4624.6,4469,current USD millions,BEA_SAGDP2S,https://apps.bea.gov/regional/zip/SAGDP_SIC.zip
Maine,1973,5202.7,4972,current USD millions,BEA_SAGDP2S,https://apps.bea.gov/regional/zip/SAGDP_SIC.zip
Maine,1974,5602.9,5286,current USD millions,BEA_SAGDP2S,https://apps.bea.gov/regional/zip/SAGDP_SIC.zip
Maine,1975,5995.6,5586,current USD millions,BEA_SAGDP2S,https://apps.bea.gov/regional/zip/SAGDP_SIC.zip
Maine,1976,6968.2,6393,current USD millions,BEA_SAGDP2S,https://apps.bea.gov/regional/zip/SAGDP_SIC.zip
Maine,1977,7647.2,6918,current USD millions,BEA_SAGDP2S,https://apps.bea.gov/regional/zip/SAGDP_SIC.zip
Maine,1978,8448.8,7574,current USD millions,BEA_SAGDP2S,https://apps.bea.gov/regional/zip/SAGDP_SIC.zip
Maine,1979,9335.0,8298,current USD millions,BEA_SAGDP2S,https://apps.bea.gov/regional/zip/SAGDP_SIC.zip
Maine,1980,10263.0,9108,current USD millions,BEA_SAGDP2S,https://apps.bea.gov/regional/zip/SAGDP_SIC.zip
Maine,1981,11255.0,9934,current USD millions,BEA_SAGDP2S,https://apps.bea.gov/regional/zip/SAGDP_SIC.zip
Maine,1982,12114.7,10658,current USD millions,BEA_SAGDP2S,https://apps.bea.gov/regional/zip/SAGDP_SIC.zip
Maine,1983,13238.6,11564,current USD millions,BEA_SAGDP2S,https://apps.bea.gov/regional/zip/SAGDP_SIC.zip
Maine,1984,14897.0,12891,current USD millions,BEA_SAGDP2S,https://apps.bea.gov/regional/zip/SAGDP_SIC.zip
Maine,1985,16045.7,13798,current USD millions,BEA_SAGDP2S,https://apps.bea.gov/regional/zip/SAGDP_SIC.zip
Maine,1986,17382.4,14855,current USD millions,BEA_SAGDP2S,https://apps.bea.gov/regional/zip/SAGDP_SIC.zip
Maine,1987,19166.2,16180,current USD millions,BEA_SAGDP2S,https://apps.bea.gov/regional/zip/SAGDP_SIC.zip
Maine,1988,21371.1,17752,current USD millions,BEA_SAGDP2S,https://apps.bea.gov/regional/zip/SAGDP_SIC.zip
Maine,1989,22669.6,18582,current USD millions,BEA_SAGDP2S,https://apps.bea.gov/regional/zip/SAGDP_SIC.zip
Maine,1990,23256.1,18881,current USD millions,BEA_SAGDP2S,https://apps.bea.gov/regional/zip/SAGDP_SIC.zip
Maine,1991,23378.6,18898,current USD millions,BEA_SAGDP2S,https://apps.bea.gov/regional/zip/SAGDP_SIC.zip
Maine,1992,24329.4,19644,current USD millions,BEA_SAGDP2S,https://apps.bea.gov/regional/zip/SAGDP_SIC.zip
Maine,1993,25201.9,20286,current USD millions,BEA_SAGDP2S,https://apps.bea.gov/regional/zip/SAGDP_SIC.zip
Maine,1994,26543.5,21360,current USD millions,BEA_SAGDP2S,https://apps.bea.gov/regional/zip/SAGDP_SIC.zip
Maine,1995,28152.6,22640,current USD millions,BEA_SAGDP2S,https://apps.bea.gov/regional/zip/SAGDP_SIC.zip
Maine,1996,29255.9,23422,current USD millions,BEA_SAGDP2S,https://apps.bea.gov/regional/zip/SAGDP_SIC.zip
Maine,1997,30774.7,24526,current USD millions,BEA_SAGDP2S,https://apps.bea.gov/regional/zip/SAGDP_SIC.zip
Maryland,1963,10260.9,3030,current USD millions,BEA_SAGDP2S,https://apps.bea.gov/regional/zip/SAGDP_SIC.zip
Maryland,1964,11171.4,3199,current USD millions,BEA_SAGDP2S,https://apps.bea.gov/regional/zip/SAGDP_SIC.zip
Maryland,1965,12263.1,3406,current USD millions,BEA_SAGDP2S,https://apps.bea.gov/regional/zip/SAGDP_SIC.zip
Maryland,1966,13562.6,3671,current USD millions,BEA_SAGDP2S,https://apps.bea.gov/regional/zip/SAGDP_SIC.zip
Maryland,1967,14318.7,3811,current USD millions,BEA_SAGDP2S,https://apps.bea.gov/regional/zip/SAGDP_SIC.zip
Maryland,1968,15852.5,4155,current USD millions,BEA_SAGDP2S,https://apps.bea.gov/regional/zip/SAGDP_SIC.zip
Maryland,1969,17385.1,4495,current USD millions,BEA_SAGDP2S,https://apps.bea.gov/regional/zip/SAGDP_SIC.zip
Maryland,1970,18720.1,4754,current USD millions,BEA_SAGDP2S,https://apps.bea.gov/regional/zip/SAGDP_SIC.zip
Maryland,1971,20501.2,5097,current USD millions,BEA_SAGDP2S,https://apps.bea.gov/regional/zip/SAGDP_SIC.zip
Maryland,1972,22644.4,5549,current USD millions,BEA_SAGDP2S,https://apps.bea.gov/regional/zip/SAGDP_SIC.zip
Maryland,1973,25111.8,6111,current USD millions,BEA_SAGDP2S,https://apps.bea.gov/regional/zip/SAGDP_SIC.zip
Maryland,1974,27381.3,6624,current USD millions,BEA_SAGDP2S,https://apps.bea.gov/regional/zip/SAGDP_SIC.zip
Maryland,1975,29596.7,7119,current USD millions,BEA_SAGDP2S,https://apps.bea.gov/regional/zip/SAGDP_SIC.zip
Maryland,1976,32612.4,7817,current USD millions,BEA_SAGDP2S,https://apps.bea.gov/regional/zip/SAGDP_SIC.zip
Maryland,1977,35555.2,8476,current USD millions,BEA_SAGDP2S,https://apps.bea.gov/regional/zip/SAGDP_SIC.zip
Maryland,1978,39525.6,9385,current USD millions,BEA_SAGDP2S,https://apps.bea.gov/regional/zip/SAGDP_SIC.zip
Maryland,1979,43627.7,10330,current USD millions,BEA_SAGDP2S,https://apps.bea.gov/regional/zip/SAGDP_SIC.zip
Maryland,1980,47522.4,11241,current USD millions,BEA_SAGDP2S,https://apps.bea.gov/regional/zip/SAGDP_SIC.zip
Maryland,1981,53117.1,12463,current USD millions,BEA_SAGDP2S,https://apps.bea.gov/regional/zip/SAGDP_SIC.zip
Maryland,1982,56339.0,13154,current USD millions,BEA_SAGDP2S,https://apps.bea.gov/regional/zip/SAGDP_SIC.zip
Maryland,1983,62205.1,14422,current USD millions,BEA_SAGDP2S,https://apps.bea.gov/regional/zip/SAGDP_SIC.zip
Maryland,1984,69919.6,16017,current USD millions,BEA_SAGDP2S,https://apps.bea.gov/regional/zip/SAGDP_SIC.zip
Maryland,1985,76878.3,17421,current USD millions,BEA_SAGDP2S,https://apps.bea.gov/regional/zip/SAGDP_SIC.zip
Maryland,1986,83743.6,18664,current USD millions,BEA_SAGDP2S,https://apps.bea.gov/regional/zip/SAGDP_SIC.zip
Maryland,1987,91380.5,20015,current USD millions,BEA_SAGDP2S,https://apps.bea.gov/regional/zip/SAGDP_SIC.zip
Maryland,1988,101280.3,21744,current USD millions,BEA_SAGDP2S,https://apps.bea.gov/regional/zip/SAGDP_SIC.zip
Maryland,1989,107444.0,22728,current USD millions,BEA_SAGDP2S,https://apps.bea.gov/regional/zip/SAGDP_SIC.zip
Maryland,1990,112834.8,23508,current USD millions,BEA_SAGDP2S,https://apps.bea.gov/regional/zip/SAGDP_SIC.zip
Maryland,1991,115427.6,23713,current USD millions,BEA_SAGDP2S,https://apps.bea.gov/regional/zip/SAGDP_SIC.zip
Maryland,1992,119535.3,24279,current USD millions,BEA_SAGDP2S,https://apps.bea.gov/regional/zip/SAGDP_SIC.zip
Maryland,1993,125515.4,25245,current USD millions,BEA_SAGDP2S,https://apps.bea.gov/regional/zip/SAGDP_SIC.zip
Maryland,1994,133311.3,26540,current USD millions,BEA_SAGDP2S,https://apps.bea.gov/regional/zip/SAGDP_SIC.zip
Maryland,1995,139070.1,27430,current USD millions,BEA_SAGDP2S,https://apps.bea.gov/regional/zip/SAGDP_SIC.zip
Maryland,1996,145023.1,28369,current USD millions,BEA_SAGDP2S,https://apps.bea.gov/regional/zip/SAGDP_SIC.zip
Maryland,1997,154782.9,30012,current USD millions,BEA_SAGDP2S,https://apps.bea.gov/regional/zip/SAGDP_SIC.zip
Massachusetts,1963,17414.8,3259,current USD millions,BEA_SAGDP2S,https://apps.bea.gov/regional/zip/SAGDP_SIC.zip
Massachusetts,1964,18625.2,3419,current USD millions,BEA_SAGDP2S,https://apps.bea.gov/regional/zip/SAGDP_SIC.zip
Massachusetts,1965,19997.2,3635,current USD millions,BEA_SAGDP2S,https://apps.bea.gov/regional/zip/SAGDP_SIC.zip
Massachusetts,1966,21837.4,3945,current USD millions,BEA_SAGDP2S,https://apps.bea.gov/regional/zip/SAGDP_SIC.zip
Massachusetts,1967,23275.3,4161,current USD millions,BEA_SAGDP2S,https://apps.bea.gov/regional/zip/SAGDP_SIC.zip
Massachusetts,1968,25225.9,4490,current USD millions,BEA_SAGDP2S,https://apps.bea.gov/regional/zip/SAGDP_SIC.zip
Massachusetts,1969,27475.6,4863,current USD millions,BEA_SAGDP2S,https://apps.bea.gov/regional/zip/SAGDP_SIC.zip
Massachusetts,1970,29052.1,5094,current USD millions,BEA_SAGDP2S,https://apps.bea.gov/regional/zip/SAGDP_SIC.zip
Massachusetts,1971,30988.5,5400,current USD millions,BEA_SAGDP2S,https://apps.bea.gov/regional/zip/SAGDP_SIC.zip
Massachusetts,1972,33806.5,5867,current USD millions,BEA_SAGDP2S,https://apps.bea.gov/regional/zip/SAGDP_SIC.zip
Massachusetts,1973,36911.7,6382,current USD millions,BEA_SAGDP2S,https://apps.bea.gov/regional/zip/SAGDP_SIC.zip
Massachusetts,1974,39313.4,6805,current USD millions,BEA_SAGDP2S,https://apps.bea.gov/regional/zip/SAGDP_SIC.zip
Massachusetts,1975,41910.2,7273,current USD millions,BEA_SAGDP2S,https://apps.bea.gov/regional/zip/SAGDP_SIC.zip
Massachusetts,1976,45498.0,7914,current USD millions,BEA_SAGDP2S,https://apps.bea.gov/regional/zip/SAGDP_SIC.zip
Massachusetts,1977,50718.9,8830,current USD millions,BEA_SAGDP2S,https://apps.bea.gov/regional/zip/SAGDP_SIC.zip
Massachusetts,1978,56883.4,9905,current USD millions,BEA_SAGDP2S,https://apps.bea.gov/regional/zip/SAGDP_SIC.zip
Massachusetts,1979,62964.5,10958,current USD millions,BEA_SAGDP2S,https://apps.bea.gov/regional/zip/SAGDP_SIC.zip
Massachusetts,1980,69684.1,12127,current USD millions,BEA_SAGDP2S,https://apps.bea.gov/regional/zip/SAGDP_SIC.zip
Massachusetts,1981,77833.0,13492,current USD millions,BEA_SAGDP2S,https://apps.bea.gov/regional/zip/SAGDP_SIC.zip
Massachusetts,1982,83777.1,14516,current USD millions,BEA_SAGDP2S,https://apps.bea.gov/regional/zip/SAGDP_SIC.zip
Massachusetts,1983,93053.6,16045,current USD millions,BEA_SAGDP2S,https://apps.bea.gov/regional/zip/SAGDP_SIC.zip
Massachusetts,1984,106424.9,18221,current USD millions,BEA_SAGDP2S,https://apps.bea.gov/regional/zip/SAGDP_SIC.zip
Massachusetts,1985,116612.7,19830,current USD millions,BEA_SAGDP2S,https://apps.bea.gov/regional/zip/SAGDP_SIC.zip
Massachusetts,1986,127155.3,21542,current USD millions,BEA_SAGDP2S,https://apps.bea.gov/regional/zip/SAGDP_SIC.zip
Massachusetts,1987,138899.5,23403,current USD millions,BEA_SAGDP2S,https://apps.bea.gov/regional/zip/SAGDP_SIC.zip
Massachusetts,1988,151625.5,25356,current USD millions,BEA_SAGDP2S,https://apps.bea.gov/regional/zip/SAGDP_SIC.zip
Massachusetts,1989,158199.6,26299,current USD millions,BEA_SAGDP2S,https://apps.bea.gov/regional/zip/SAGDP_SIC.zip
Massachusetts,1990,159504.9,26484,current USD millions,BEA_SAGDP2S,https://apps.bea.gov/regional/zip/SAGDP_SIC.zip
Massachusetts,1991,160727.6,26706,current USD millions,BEA_SAGDP2S,https://apps.bea.gov/regional/zip/SAGDP_SIC.zip
Massachusetts,1992,167434.9,27773,current USD millions,BEA_SAGDP2S,https://apps.bea.gov/regional/zip/SAGDP_SIC.zip
Massachusetts,1993,173527.4,28632,current USD millions,BEA_SAGDP2S,https://apps.bea.gov/regional/zip/SAGDP_SIC.zip
Massachusetts,1994,185710.2,30468,current USD millions,BEA_SAGDP2S,https://apps.bea.gov/regional/zip/SAGDP_SIC.zip
Massachusetts,1995,196408.7,31981,current USD millions,BEA_SAGDP2S,https://apps.bea.gov/regional/zip/SAGDP_SIC.zip
Massachusetts,1996,210630.5,34084,current USD millions,BEA_SAGDP2S,https://apps.bea.gov/regional/zip/SAGDP_SIC.zip
Massachusetts,1997,226879.6,36440,current USD millions,BEA_SAGDP2S,https://apps.bea.gov/regional/zip/SAGDP_SIC.zip
Michigan,1963,30466.4,3781,current USD millions,BEA_SAGDP2S,https://apps.bea.gov/regional/zip/SAGDP_SIC.zip
Michigan,1964,32574.7,3979,current USD millions,BEA_SAGDP2S,https://apps.bea.gov/regional/zip/SAGDP_SIC.zip
Michigan,1965,37000.0,4427,current USD millions,BEA_SAGDP2S,https://apps.bea.gov/regional/zip/SAGDP_SIC.zip
Michigan,1966,39260.3,4612,current USD millions,BEA_SAGDP2S,https://apps.bea.gov/regional/zip/SAGDP_SIC.zip
Michigan,1967,40024.7,4638,current USD millions,BEA_SAGDP2S,https://apps.bea.gov/regional/zip/SAGDP_SIC.zip
Michigan,1968,44727.3,5143,current USD millions,BEA_SAGDP2S,https://apps.bea.gov/regional/zip/SAGDP_SIC.zip
Michigan,1969,47894.5,5454,current USD millions,BEA_SAGDP2S,https://apps.bea.gov/regional/zip/SAGDP_SIC.zip
Michigan,1970,46178.3,5191,current USD millions,BEA_SAGDP2S,https://apps.bea.gov/regional/zip/SAGDP_SIC.zip
Michigan,1971,51704.2,5763,current USD millions,BEA_SAGDP2S,https://apps.bea.gov/regional/zip/SAGDP_SIC.zip
Michigan,1972,56579.1,6269,current USD millions,BEA_SAGDP2S,https://apps.bea.gov/regional/zip/SAGDP_SIC.zip
Michigan,1973,62907.4,6934,current USD millions,BEA_SAGDP2S,https://apps.bea.gov/regional/zip/SAGDP_SIC.zip
Michigan,1974,63034.4,6920,current USD millions,BEA_SAGDP2S,https://apps.bea.gov/regional/zip/SAGDP_SIC.zip
Michigan,1975,67045.6,7361,current USD millions,BEA_SAGDP2S,https://apps.bea.gov/regional/zip/SAGDP_SIC.zip
Michigan,1976,78770.1,8639,current USD millions,BEA_SAGDP2S,https://apps.bea.gov/regional/zip/SAGDP_SIC.zip
Michigan,1977,89325.9,9755,current USD millions,BEA_SAGDP2S,https://apps.bea.gov/regional/zip/SAGDP_SIC.zip
Michigan,1978,99335.3,10795,current USD millions,BEA_SAGDP2S,https://apps.bea.gov/regional/zip/SAGDP_SIC.zip
Michigan,1979,105413.4,11398,current USD millions,BEA_SAGDP2S,https://apps.bea.gov/regional/zip/SAGDP_SIC.zip
Michigan,1980,104134.5,11251,current USD millions,BEA_SAGDP2S,https://apps.bea.gov/regional/zip/SAGDP_SIC.zip
Michigan,1981,114676.3,12452,current USD millions,BEA_SAGDP2S,https://apps.bea.gov/regional/zip/SAGDP_SIC.zip
Michigan,1982,115166.4,12635,current USD millions,BEA_SAGDP2S,https://apps.bea.gov/regional/zip/SAGDP_SIC.zip
Michigan,1983,127754.0,14120,current USD millions,BEA_SAGDP2S,https://apps.bea.gov/regional/zip/SAGDP_SIC.zip
Michigan,1984,143677.7,15877,current USD millions,BEA_SAGDP2S,https://apps.bea.gov/regional/zip/SAGDP_SIC.zip
Michigan,1985,153604.8,16924,current USD millions,BEA_SAGDP2S,https://apps.bea.gov/regional/zip/SAGDP_SIC.zip
Michigan,1986,163458.0,17908,current USD millions,BEA_SAGDP2S,https://apps.bea.gov/regional/zip/SAGDP_SIC.zip
Michigan,1987,169236.9,18420,current USD millions,BEA_SAGDP2S,https://apps.bea.gov/regional/zip/SAGDP_SIC.zip
Michigan,1988,180620.7,19594,current USD millions,BEA_SAGDP2S,https://apps.bea.gov/regional/zip/SAGDP_SIC.zip
Michigan,1989,190626.0,20601,current USD millions,BEA_SAGDP2S,https://apps.bea.gov/regional/zip/SAGDP_SIC.zip
Michigan,1990,193102.7,20738,current USD millions,BEA_SAGDP2S,https://apps.bea.gov/regional/zip/SAGDP_SIC.zip
Michigan,1991,197717.2,21033,current USD millions,BEA_SAGDP2S,https://apps.bea.gov/regional/zip/SAGDP_SIC.zip
Michigan,1992,212056.8,22371,current USD millions,BEA_SAGDP2S,https://apps.bea.gov/regional/zip/SAGDP_SIC.zip
Michigan,1993,226368.0,23728,current USD millions,BEA_SAGDP2S,https://apps.bea.gov/regional/zip/SAGDP_SIC.zip
Michigan,1994,251483.9,26202,current USD millions,BEA_SAGDP2S,https://apps.bea.gov/regional/zip/SAGDP_SIC.zip
Michigan,1995,256614.9,26520,current USD millions,BEA_SAGDP2S,https://apps.bea.gov/regional/zip/SAGDP_SIC.zip
Michigan,1996,270319.7,27701,current USD millions,BEA_SAGDP2S,https://apps.bea.gov/regional/zip/SAGDP_SIC.zip
Michigan,1997,286408.4,29198,current USD millions,BEA_SAGDP2S,https://apps.bea.gov/regional/zip/SAGDP_SIC.zip
Minnesota,1963,10744.6,3043,current USD millions,BEA_SAGDP2S,https://apps.bea.gov/regional/zip/SAGDP_SIC.zip
Minnesota,1964,11353.4,3191,current USD millions,BEA_SAGDP2S,https://apps.bea.gov/regional/zip/SAGDP_SIC.zip
Minnesota,1965,12479.8,3474,current USD millions,BEA_SAGDP2S,https://apps.bea.gov/regional/zip/SAGDP_SIC.zip
Minnesota,1966,13746.6,3801,current USD millions,BEA_SAGDP2S,https://apps.bea.gov/regional/zip/SAGDP_SIC.zip
Minnesota,1967,14616.2,3995,current USD millions,BEA_SAGDP2S,https://apps.bea.gov/regional/zip/SAGDP_SIC.zip
Minnesota,1968,16148.6,4361,current USD millions,BEA_SAGDP2S,https://apps.bea.gov/regional/zip/SAGDP_SIC.zip
Minnesota,1969,17680.8,4705,current USD millions,BEA_SAGDP2S,https://apps.bea.gov/regional/zip/SAGDP_SIC.zip
Minnesota,1970,18699.5,4901,current USD millions,BEA_SAGDP2S,https://apps.bea.gov/regional/zip/SAGDP_SIC.zip
Minnesota,1971,20035.4,5201,current USD millions,BEA_SAGDP2S,https://apps.bea.gov/regional/zip/SAGDP_SIC.zip
Minnesota,1972,21924.9,5670,current USD millions,BEA_SAGDP2S,https://apps.bea.gov/regional/zip/SAGDP_SIC.zip
Minnesota,1973,26001.0,6692,current USD millions,BEA_SAGDP2S,https://apps.bea.gov/regional/zip/SAGDP_SIC.zip
Minnesota,1974,27689.2,7103,current USD millions,BEA_SAGDP2S,https://apps.bea.gov/regional/zip/SAGDP_SIC.zip
Minnesota,1975,29683.0,7561,current USD millions,BEA_SAGDP2S,https://apps.bea.gov/regional/zip/SAGDP_SIC.zip
Minnesota,1976,32839.9,8300,current USD millions,BEA_SAGDP2S,https://apps.bea.gov/regional/zip/SAGDP_SIC.zip
Minnesota,1977,36830.4,9254,current USD millions,BEA_SAGDP2S,https://apps.bea.gov/regional/zip/SAGDP_SIC.zip
Minnesota,1978,41641.0,10398,current USD millions,BEA_SAGDP2S,https://apps.bea.gov/regional/zip/SAGDP_SIC.zip
Minnesota,1979,46861.2,11605,current USD millions,BEA_SAGDP2S,https://apps.bea.gov/regional/zip/SAGDP_SIC.zip
Minnesota,1980,50218.6,12293,current USD millions,BEA_SAGDP2S,https://apps.bea.gov/regional/zip/SAGDP_SIC.zip
Minnesota,1981,55404.3,13475,current USD millions,BEA_SAGDP2S,https://apps.bea.gov/regional/zip/SAGDP_SIC.zip
Minnesota,1982,57472.0,13911,current USD millions,BEA_SAGDP2S,https://apps.bea.gov/regional/zip/SAGDP_SIC.zip
Minnesota,1983,61950.4,14959,current USD millions,BEA_SAGDP2S,https://apps.bea.gov/regional/zip/SAGDP_SIC.zip
Minnesota,1984,71368.6,17165,current USD millions,BEA_SAGDP2S,https://apps.bea.gov/regional/zip/SAGDP_SIC.zip
Minnesota,1985,75831.7,18123,current USD millions,BEA_SAGDP2S,https://apps.bea.gov/regional/zip/SAGDP_SIC.zip
Minnesota,1986,79449.7,18893,current USD millions,BEA_SAGDP2S,https://apps.bea.gov/regional/zip/SAGDP_SIC.zip
Minnesota,1987,85364.8,20156,current USD millions,BEA_SAGDP2S,https://apps.bea.gov/regional/zip/SAGDP_SIC.zip
Minnesota,1988,91896.4,21390,current USD millions,BEA_SAGDP2S,https://apps.bea.gov/regional/zip/SAGDP_SIC.zip
Minnesota,1989,98312.7,22663,current USD millions,BEA_SAGDP2S,https://apps.bea.gov/regional/zip/SAGDP_SIC.zip
Minnesota,1990,102756.6,23408,current USD millions,BEA_SAGDP2S,https://apps.bea.gov/regional/zip/SAGDP_SIC.zip
Minnesota,1991,106102.5,23892,current USD millions,BEA_SAGDP2S,https://apps.bea.gov/regional/zip/SAGDP_SIC.zip
Minnesota,1992,114517.8,25473,current USD millions,BEA_SAGDP2S,https://apps.bea.gov/regional/zip/SAGDP_SIC.zip
Minnesota,1993,117947.4,25889,current USD millions,BEA_SAGDP2S,https://apps.bea.gov/regional/zip/SAGDP_SIC.zip
Minnesota,1994,128167.2,27800,current USD millions,BEA_SAGDP2S,https://apps.bea.gov/regional/zip/SAGDP_SIC.zip
Minnesota,1995,135124.1,28995,current USD millions,BEA_SAGDP2S,https://apps.bea.gov/regional/zip/SAGDP_SIC.zip
Minnesota,1996,145880.3,30954,current USD millions,BEA_SAGDP2S,https://apps.bea.gov/regional/zip/SAGDP_SIC.zip
Minnesota,1997,156649.5,32886,current USD millions,BEA_SAGDP2S,https://apps.bea.gov/regional/zip/SAGDP_SIC.zip
Mississippi,1963,4425.1,1972,current USD millions,BEA_SAGDP2S,https://apps.bea.gov/regional/zip/SAGDP_SIC.zip
Mississippi,1964,4523.8,2019,current USD millions,BEA_SAGDP2S,https://apps.bea.gov/regional/zip/SAGDP_SIC.zip
Mississippi,1965,4925.4,2193,current USD millions,BEA_SAGDP2S,https://apps.bea.gov/regional/zip/SAGDP_SIC.zip
Mississippi,1966,5318.9,2369,current USD millions,BEA_SAGDP2S,https://apps.bea.gov/regional/zip/SAGDP_SIC.zip
Mississippi,1967,5651.9,2537,current USD millions,BEA_SAGDP2S,https://apps.bea.gov/regional/zip/SAGDP_SIC.zip
Mississippi,1968,6267.2,2824,current USD millions,BEA_SAGDP2S,https://apps.bea.gov/regional/zip/SAGDP_SIC.zip
Mississippi,1969,6801.0,3064,current USD millions,BEA_SAGDP2S,https://apps.bea.gov/regional/zip/SAGDP_SIC.zip
Mississippi,1970,7253.2,3266,current USD millions,BEA_SAGDP2S,https://apps.bea.gov/regional/zip/SAGDP_SIC.zip
Mississippi,1971,7923.1,3497,current USD millions,BEA_SAGDP2S,https://apps.bea.gov/regional/zip/SAGDP_SIC.zip
Mississippi,1972,9183.2,3980,current USD millions,BEA_SAGDP2S,https://apps.bea.gov/regional/zip/SAGDP_SIC.zip
Mississippi,1973,10557.4,4493,current USD millions,BEA_SAGDP2S,https://apps.bea.gov/regional/zip/SAGDP_SIC.zip
Mississippi,1974,11281.1,4743,current USD millions,BEA_SAGDP2S,https://apps.bea.gov/regional/zip/SAGDP_SIC.zip
Mississippi,1975,12292.0,5122,current USD millions,BEA_SAGDP2S,https://apps.bea.gov/regional/zip/SAGDP_SIC.zip
Mississippi,1976,14552.4,5988,current USD millions,BEA_SAGDP2S,https://apps.bea.gov/regional/zip/SAGDP_SIC.zip
Mississippi,1977,15957.4,6487,current USD millions,BEA_SAGDP2S,https://apps.bea.gov/regional/zip/SAGDP_SIC.zip
Mississippi,1978,17757.9,7137,current USD millions,BEA_SAGDP2S,https://apps.bea.gov/regional/zip/SAGDP_SIC.zip
Mississippi,1979,20010.8,7979,current USD millions,BEA_SAGDP2S,https://apps.bea.gov/regional/zip/SAGDP_SIC.zip
Mississippi,1980,21353.2,8456,current USD millions,BEA_SAGDP2S,https://apps.bea.gov/regional/zip/SAGDP_SIC.zip
Mississippi,1981,24023.1,9462,current USD millions,BEA_SAGDP2S,https://apps.bea.gov/regional/zip/SAGDP_SIC.zip
Mississippi,1982,24613.7,9627,current USD millions,BEA_SAGDP2S,https://apps.bea.gov/regional/zip/SAGDP_SIC.zip
Mississippi,1983,25967.3,10113,current USD millions,BEA_SAGDP2S,https://apps.bea.gov/regional/zip/SAGDP_SIC.zip
Mississippi,1984,28743.8,11149,current USD millions,BEA_SAGDP2S,https://apps.bea.gov/regional/zip/SAGDP_SIC.zip
Mississippi,1985,30138.0,11645,current USD millions,BEA_SAGDP2S,https://apps.bea.gov/regional/zip/SAGDP_SIC.zip
Mississippi,1986,30996.1,11951,current USD millions,BEA_SAGDP2S,https://apps.bea.gov/regional/zip/SAGDP_SIC.zip
Mississippi,1987,33530.8,12954,current USD millions,BEA_SAGDP2S,https://apps.bea.gov/regional/zip/SAGDP_SIC.zip
Mississippi,1988,35534.2,13771,current USD millions,BEA_SAGDP2S,https://apps.bea.gov/regional/zip/SAGDP_SIC.zip
Mississippi,1989,37208.5,14454,current USD millions,BEA_SAGDP2S,https://apps.bea.gov/regional/zip/SAGDP_SIC.zip
Mississippi,1990,38757.0,15029,current USD millions,BEA_SAGDP2S,https://apps.bea.gov/regional/zip/SAGDP_SIC.zip
Mississippi,1991,40862.1,15724,current USD millions,BEA_SAGDP2S,https://apps.bea.gov/regional/zip/SAGDP_SIC.zip
Mississippi,1992,44011.8,16774,current USD millions,BEA_SAGDP2S,https://apps.bea.gov/regional/zip/SAGDP_SIC.zip
Mississippi,1993,47340.3,17830,current USD millions,BEA_SAGDP2S,https://apps.bea.gov/regional/zip/SAGDP_SIC.zip
Mississippi,1994,51601.6,19190,current USD millions,BEA_SAGDP2S,https://apps.bea.gov/regional/zip/SAGDP_SIC.zip
Mississippi,1995,54984.3,20195,current USD millions,BEA_SAGDP2S,https://apps.bea.gov/regional/zip/SAGDP_SIC.zip
Mississippi,1996,57460.1,20909,current USD millions,BEA_SAGDP2S,https://apps.bea.gov/regional/zip/SAGDP_SIC.zip
Mississippi,1997,59874.8,21561,current USD millions,BEA_SAGDP2S,https://apps.bea.gov/regional/zip/SAGDP_SIC.zip
Missouri,1963,13613.1,3100,current USD millions,BEA_SAGDP2S,https://apps.bea.gov/regional/zip/SAGDP_SIC.zip
Missouri,1964,14454.0,3254,current USD millions,BEA_SAGDP2S,https://apps.bea.gov/regional/zip/SAGDP_SIC.zip
Missouri,1965,15624.6,3498,current USD millions,BEA_SAGDP2S,https://apps.bea.gov/regional/zip/SAGDP_SIC.zip
Missouri,1966,16843.1,3724,current USD millions,BEA_SAGDP2S,https://apps.bea.gov/regional/zip/SAGDP_SIC.zip
Missouri,1967,17842.6,3931,current USD millions,BEA_SAGDP2S,https://apps.bea.gov/regional/zip/SAGDP_SIC.zip
Missouri,1968,19711.2,4315,current USD millions,BEA_SAGDP2S,https://apps.bea.gov/regional/zip/SAGDP_SIC.zip
Missouri,1969,21095.1,4546,current USD millions,BEA_SAGDP2S,https://apps.bea.gov/regional/zip/SAGDP_SIC.zip
Missouri,1970,22229.5,4745,current USD millions,BEA_SAGDP2S,https://apps.bea.gov/regional/zip/SAGDP_SIC.zip
Missouri,1971,24244.7,5134,current USD millions,BEA_SAGDP2S,https://apps.bea.gov/regional/zip/SAGDP_SIC.zip
Missouri,1972,26414.4,5557,current USD millions,BEA_SAGDP2S,https://apps.bea.gov/regional/zip/SAGDP_SIC.zip
Missouri,1973,29274.8,6131,current USD millions,BEA_SAGDP2S,https://apps.bea.gov/regional/zip/SAGDP_SIC.zip
Missouri,1974,30467.9,6367,current USD millions,BEA_SAGDP2S,https://apps.bea.gov/regional/zip/SAGDP_SIC.zip
Missouri,1975,33001.4,6882,current USD millions,BEA_SAGDP2S,https://apps.bea.gov/regional/zip/SAGDP_SIC.zip
Missouri,1976,37211.0,7714,current USD millions,BEA_SAGDP2S,https://apps.bea.gov/regional/zip/SAGDP_SIC.zip
Missouri,1977,41149.6,8493,current USD millions,BEA_SAGDP2S,https://apps.bea.gov/regional/zip/SAGDP_SIC.zip
Missouri,1978,46176.1,9479,current USD millions,BEA_SAGDP2S,https://apps.bea.gov/regional/zip/SAGDP_SIC.zip
Missouri,1979,50600.7,10349,current USD millions,BEA_SAGDP2S,https://apps.bea.gov/regional/zip/SAGDP_SIC.zip
Missouri,1980,52419.9,10650,current USD millions,BEA_SAGDP2S,https://apps.bea.gov/regional/zip/SAGDP_SIC.zip
Missouri,1981,57762.9,11712,current USD millions,BEA_SAGDP2S,https://apps.bea.gov/regional/zip/SAGDP_SIC.zip
Missouri,1982,60698.6,12313,current USD millions,BEA_SAGDP2S,https://apps.bea.gov/regional/zip/SAGDP_SIC.zip
Missouri,1983,65538.0,13257,current USD millions,BEA_SAGDP2S,https://apps.bea.gov/regional/zip/SAGDP_SIC.zip
Missouri,1984,74538.8,14982,current USD millions,BEA_SAGDP2S,https://apps.bea.gov/regional/zip/SAGDP_SIC.zip
Missouri,1985,77912.0,15582,current USD millions,BEA_SAGDP2S,https://apps.bea.gov/regional/zip/SAGDP_SIC.zip
Missouri,1986,83330.3,16590,current USD millions,BEA_SAGDP2S,https://apps.bea.gov/regional/zip/SAGDP_SIC.zip
Missouri,1987,88911.9,17583,current USD millions,BEA_SAGDP2S,https://apps.bea.gov/regional/zip/SAGDP_SIC.zip
Missouri,1988,95760.1,18844,current USD millions,BEA_SAGDP2S,https://apps.bea.gov/regional/zip/SAGDP_SIC.zip
Missouri,1989,101411.9,19901,current USD millions,BEA_SAGDP2S,https://apps.bea.gov/regional/zip/SAGDP_SIC.zip
Missouri,1990,103565.7,20193,current USD millions,BEA_SAGDP2S,https://apps.bea.gov/regional/zip/SAGDP_SIC.zip
Missouri,1991,109161.6,21111,current USD millions,BEA_SAGDP2S,https://apps.bea.gov/regional/zip/SAGDP_SIC.zip
Missouri,1992,115288.4,22098,current USD millions,BEA_SAGDP2S,https://apps.bea.gov/regional/zip/SAGDP_SIC.zip
Missouri,1993,118905.6,22558,current USD millions,BEA_SAGDP2S,https://apps.bea.gov/regional/zip/SAGDP_SIC.zip
Missouri,1994,130566.7,24522,current USD millions,BEA_SAGDP2S,https://apps.bea.gov/regional/zip/SAGDP_SIC.zip
Missouri,1995,140059.8,26042,current USD millions,BEA_SAGDP2S,https://apps.bea.gov/regional/zip/SAGDP_SIC.zip
Missouri,1996,148256.8,27295,current USD millions,BEA_SAGDP2S,https://apps.bea.gov/regional/zip/SAGDP_SIC.zip
Missouri,1997,158308.0,28882,current USD millions,BEA_SAGDP2S,https://apps.bea.gov/regional/zip/SAGDP_SIC.zip
Montana,1963,1973.7,2808,current USD millions,BEA_SAGDP2S,https://apps.bea.gov/regional/zip/SAGDP_SIC.zip
Montana,1964,2023.9,2867,current USD millions,BEA_SAGDP2S,https://apps.bea.gov/regional/zip/SAGDP_SIC.zip
Montana,1965,2178.0,3085,current USD millions,BEA_SAGDP2S,https://apps.bea.gov/regional/zip/SAGDP_SIC.zip
Montana,1966,2348.6,3322,current USD millions,BEA_SAGDP2S,https://apps.bea.gov/regional/zip/SAGDP_SIC.zip
Montana,1967,2362.0,3369,current USD millions,BEA_SAGDP2S,https://apps.bea.gov/regional/zip/SAGDP_SIC.zip
Montana,1968,2530.9,3616,current USD millions,BEA_SAGDP2S,https://apps.bea.gov/regional/zip/SAGDP_SIC.zip
Montana,1969,2760.9,3978,current USD millions,BEA_SAGDP2S,https://apps.bea.gov/regional/zip/SAGDP_SIC.zip
Montana,1970,2918.7,4186,current USD millions,BEA_SAGDP2S,https://apps.bea.gov/regional/zip/SAGDP_SIC.zip
Montana,1971,3143.3,4421,current USD millions,BEA_SAGDP2S,https://apps.bea.gov/regional/zip/SAGDP_SIC.zip
Montana,1972,3661.0,5091,current USD millions,BEA_SAGDP2S,https://apps.bea.gov/regional/zip/SAGDP_SIC.zip
Montana,1973,4340.9,5968,current USD millions,BEA_SAGDP2S,https://apps.bea.gov/regional/zip/SAGDP_SIC.zip
Montana,1974,4661.0,6323,current USD millions,BEA_SAGDP2S,https://apps.bea.gov/regional/zip/SAGDP_SIC.zip
Montana,1975,5218.4,6965,current USD millions,BEA_SAGDP2S,https://apps.bea.gov/regional/zip/SAGDP_SIC.zip
Montana,1976,6032.1,7952,current USD millions,BEA_SAGDP2S,https://apps.bea.gov/regional/zip/SAGDP_SIC.zip
Montana,1977,6350.3,8233,current USD millions,BEA_SAGDP2S,https://apps.bea.gov/regional/zip/SAGDP_SIC.zip
Montana,1978,7443.0,9493,current USD millions,BEA_SAGDP2S,https://apps.bea.gov/regional/zip/SAGDP_SIC.zip
Montana,1979,8172.5,10356,current USD millions,BEA_SAGDP2S,https://apps.bea.gov/regional/zip/SAGDP_SIC.zip
Montana,1980,8924.9,11315,current USD millions,BEA_SAGDP2S,https://apps.bea.gov/regional/zip/SAGDP_SIC.zip
Montana,1981,10200.5,12826,current USD millions,BEA_SAGDP2S,https://apps.bea.gov/regional/zip/SAGDP_SIC.zip
Montana,1982,10206.5,12695,current USD millions,BEA_SAGDP2S,https://apps.bea.gov/regional/zip/SAGDP_SIC.zip
Montana,1983,10583.7,13002,current USD millions,BEA_SAGDP2S,https://apps.bea.gov/regional/zip/SAGDP_SIC.zip
Montana,1984,11010.2,13412,current USD millions,BEA_SAGDP2S,https://apps.bea.gov/regional/zip/SAGDP_SIC.zip
Montana,1985,10941.2,13305,current USD millions,BEA_SAGDP2S,https://apps.bea.gov/regional/zip/SAGDP_SIC.zip
Montana,1986,10978.7,13492,current USD millions,BEA_SAGDP2S,https://apps.bea.gov/regional/zip/SAGDP_SIC.zip
Montana,1987,11383.3,14140,current USD millions,BEA_SAGDP2S,https://apps.bea.gov/regional/zip/SAGDP_SIC.zip
Montana,1988,11702.9,14625,current USD millions,BEA_SAGDP2S,https://apps.bea.gov/regional/zip/SAGDP_SIC.zip
Montana,1989,12629.7,15794,current USD millions,BEA_SAGDP2S,https://apps.bea.gov/regional/zip/SAGDP_SIC.zip
Montana,1990,13241.9,16548,current USD millions,BEA_SAGDP2S,https://apps.bea.gov/regional/zip/SAGDP_SIC.zip
Montana,1991,13875.2,17137,current USD millions,BEA_SAGDP2S,https://apps.bea.gov/regional/zip/SAGDP_SIC.zip
Montana,1992,14936.9,18088,current USD millions,BEA_SAGDP2S,https://apps.bea.gov/regional/zip/SAGDP_SIC.zip
Montana,1993,16054.4,19005,current USD millions,BEA_SAGDP2S,https://apps.bea.gov/regional/zip/SAGDP_SIC.zip
Montana,1994,17062.1,19810,current USD millions,BEA_SAGDP2S,https://apps.bea.gov/regional/zip/SAGDP_SIC.zip
Montana,1995,17519.3,19987,current USD millions,BEA_SAGDP2S,https://apps.bea.gov/regional/zip/SAGDP_SIC.zip
Montana,1996,18118.7,20444,current USD millions,BEA_SAGDP2S,https://apps.bea.gov/regional/zip/SAGDP_SIC.zip
Montana,1997,18932.0,21275,current USD millions,BEA_SAGDP2S,https://apps.bea.gov/regional/zip/SAGDP_SIC.zip
Nebraska,1963,4262.1,2888,current USD millions,BEA_SAGDP2S,https://apps.bea.gov/regional/zip/SAGDP_SIC.zip
Nebraska,1964,4399.6,2969,current USD millions,BEA_SAGDP2S,https://apps.bea.gov/regional/zip/SAGDP_SIC.zip
Nebraska,1965,4748.9,3228,current USD millions,BEA_SAGDP2S,https://apps.bea.gov/regional/zip/SAGDP_SIC.zip
Nebraska,1966,5205.0,3575,current USD millions,BEA_SAGDP2S,https://apps.bea.gov/regional/zip/SAGDP_SIC.zip
Nebraska,1967,5486.5,3766,current USD millions,BEA_SAGDP2S,https://apps.bea.gov/regional/zip/SAGDP_SIC.zip
Nebraska,1968,5822.9,3969,current USD millions,BEA_SAGDP2S,https://apps.bea.gov/regional/zip/SAGDP_SIC.zip
Nebraska,1969,6537.4,4435,current USD millions,BEA_SAGDP2S,https://apps.bea.gov/regional/zip/SAGDP_SIC.zip
Nebraska,1970,6906.6,4642,current USD millions,BEA_SAGDP2S,https://apps.bea.gov/regional/zip/SAGDP_SIC.zip
Nebraska,1971,7660.1,5092,current USD millions,BEA_SAGDP2S,https://apps.bea.gov/regional/zip/SAGDP_SIC.zip
Nebraska,1972,8487.2,5590,current USD millions,BEA_SAGDP2S,https://apps.bea.gov/regional/zip/SAGDP_SIC.zip
Nebraska,1973,9961.3,6517,current USD millions,BEA_SAGDP2S,https://apps.bea.gov/regional/zip/SAGDP_SIC.zip
Nebraska,1974,10439.7,6789,current USD millions,BEA_SAGDP2S,https://apps.bea.gov/regional/zip/SAGDP_SIC.zip
Nebraska,1975,11874.9,7704,current USD millions,BEA_SAGDP2S,https://apps.bea.gov/regional/zip/SAGDP_SIC.zip
Nebraska,1976,13042.2,8420,current USD millions,BEA_SAGDP2S,https://apps.bea.gov/regional/zip/SAGDP_SIC.zip
Nebraska,1977,13874.2,8925,current USD millions,BEA_SAGDP2S,https://apps.bea.gov/regional/zip/SAGDP_SIC.zip
Nebraska,1978,15851.0,10156,current USD millions,BEA_SAGDP2S,https://apps.bea.gov/regional/zip/SAGDP_SIC.zip
Nebraska,1979,17422.9,11137,current USD millions,BEA_SAGDP2S,https://apps.bea.gov/regional/zip/SAGDP_SIC.zip
Nebraska,1980,18293.5,11635,current USD millions,BEA_SAGDP2S,https://apps.bea.gov/regional/zip/SAGDP_SIC.zip
Nebraska,1981,20863.4,13217,current USD millions,BEA_SAGDP2S,https://apps.bea.gov/regional/zip/SAGDP_SIC.zip
Nebraska,1982,21264.8,13444,current USD millions,BEA_SAGDP2S,https://apps.bea.gov/regional/zip/SAGDP_SIC.zip
Nebraska,1983,21820.0,13773,current USD millions,BEA_SAGDP2S,https://apps.bea.gov/regional/zip/SAGDP_SIC.zip
Nebraska,1984,24630.5,15504,current USD millions,BEA_SAGDP2S,https://apps.bea.gov/regional/zip/SAGDP_SIC.zip
Nebraska,1985,25716.8,16229,current USD millions,BEA_SAGDP2S,https://apps.bea.gov/regional/zip/SAGDP_SIC.zip
Nebraska,1986,26044.9,16544,current USD millions,BEA_SAGDP2S,https://apps.bea.gov/regional/zip/SAGDP_SIC.zip
Nebraska,1987,26759.5,17082,current USD millions,BEA_SAGDP2S,https://apps.bea.gov/regional/zip/SAGDP_SIC.zip
Nebraska,1988,29262.2,18621,current USD millions,BEA_SAGDP2S,https://apps.bea.gov/regional/zip/SAGDP_SIC.zip
Nebraska,1989,31332.3,19895,current USD millions,BEA_SAGDP2S,https://apps.bea.gov/regional/zip/SAGDP_SIC.zip
Nebraska,1990,33734.3,21328,current USD millions,BEA_SAGDP2S,https://apps.bea.gov/regional/zip/SAGDP_SIC.zip
Nebraska,1991,35613.3,22315,current USD millions,BEA_SAGDP2S,https://apps.bea.gov/regional/zip/SAGDP_SIC.zip
Nebraska,1992,38213.6,23710,current USD millions,BEA_SAGDP2S,https://apps.bea.gov/regional/zip/SAGDP_SIC.zip
Nebraska,1993,39353.4,24209,current USD millions,BEA_SAGDP2S,https://apps.bea.gov/regional/zip/SAGDP_SIC.zip
Nebraska,1994,43504.3,26543,current USD millions,BEA_SAGDP2S,https://apps.bea.gov/regional/zip/SAGDP_SIC.zip
Nebraska,1995,45111.3,27225,current USD millions,BEA_SAGDP2S,https://apps.bea.gov/regional/zip/SAGDP_SIC.zip
Nebraska,1996,49006.9,29280,current USD millions,BEA_SAGDP2S,https://apps.bea.gov/regional/zip/SAGDP_SIC.zip
Nebraska,1997,50308.0,29831,current USD millions,BEA_SAGDP2S,https://apps.bea.gov/regional/zip/SAGDP_SIC.zip
Nevada,1963,1819.1,4582,current USD millions,BEA_SAGDP2S,https://apps.bea.gov/regional/zip/SAGDP_SIC.zip
Nevada,1964,1932.8,4537,current USD millions,BEA_SAGDP2S,https://apps.bea.gov/regional/zip/SAGDP_SIC.zip
Nevada,1965,2031.7,4576,current USD millions,BEA_SAGDP2S,https://apps.bea.gov/regional/zip/SAGDP_SIC.zip
Nevada,1966,2130.9,4778,current USD millions,BEA_SAGDP2S,https://apps.bea.gov/regional/zip/SAGDP_SIC.zip
Nevada,1967,2247.8,5006,current USD millions,BEA_SAGDP2S,https://apps.bea.gov/regional/zip/SAGDP_SIC.zip
Nevada,1968,2549.4,5494,current USD millions,BEA_SAGDP2S,https://apps.bea.gov/regional/zip/SAGDP_SIC.zip
Nevada,1969,2947.2,6140,current USD millions,BEA_SAGDP2S,https://apps.bea.gov/regional/zip/SAGDP_SIC.zip
Nevada,1970,3262.1,6614,current USD millions,BEA_SAGDP2S,https://apps.bea.gov/regional/zip/SAGDP_SIC.zip
Nevada,1971,3611.1,6945,current USD millions,BEA_SAGDP2S,https://apps.bea.gov/regional/zip/SAGDP_SIC.zip
Nevada,1972,3990.1,7298,current USD millions,BEA_SAGDP2S,https://apps.bea.gov/regional/zip/SAGDP_SIC.zip
Nevada,1973,4530.2,7963,current USD millions,BEA_SAGDP2S,https://apps.bea.gov/regional/zip/SAGDP_SIC.zip
Nevada,1974,4965.6,8322,current USD millions,BEA_SAGDP2S,https://apps.bea.gov/regional/zip/SAGDP_SIC.zip
Nevada,1975,5529.4,8921,current USD millions,BEA_SAGDP2S,https://apps.bea.gov/regional/zip/SAGDP_SIC.zip
Nevada,1976,6262.6,9682,current USD millions,BEA_SAGDP2S,https://apps.bea.gov/regional/zip/SAGDP_SIC.zip
Nevada,1977,7415.8,10936,current USD millions,BEA_SAGDP2S,https://apps.bea.gov/regional/zip/SAGDP_SIC.zip
Nevada,1978,8931.7,12416,current USD millions,BEA_SAGDP2S,https://apps.bea.gov/regional/zip/SAGDP_SIC.zip
Nevada,1979,10294.9,13455,current USD millions,BEA_SAGDP2S,https://apps.bea.gov/regional/zip/SAGDP_SIC.zip
Nevada,1980,11633.4,14358,current USD millions,BEA_SAGDP2S,https://apps.bea.gov/regional/zip/SAGDP_SIC.zip
Nevada,1981,13202.5,15575,current USD millions,BEA_SAGDP2S,https://apps.bea.gov/regional/zip/SAGDP_SIC.zip
Nevada,1982,13884.6,15750,current USD millions,BEA_SAGDP2S,https://apps.bea.gov/regional/zip/SAGDP_SIC.zip
Nevada,1983,15059.8,16696,current USD millions,BEA_SAGDP2S,https://apps.bea.gov/regional/zip/SAGDP_SIC.zip
Nevada,1984,16514.0,17854,current USD millions,BEA_SAGDP2S,https://apps.bea.gov/regional/zip/SAGDP_SIC.zip
Nevada,1985,17944.9,18869,current USD millions,BEA_SAGDP2S,https://apps.bea.gov/regional/zip/SAGDP_SIC.zip
Nevada,1986,19731.1,20121,current USD millions,BEA_SAGDP2S,https://apps.bea.gov/regional/zip/SAGDP_SIC.zip
Nevada,1987,21950.7,21449,current USD millions,BEA_SAGDP2S,https://apps.bea.gov/regional/zip/SAGDP_SIC.zip
Nevada,1988,24987.0,23243,current USD millions,BEA_SAGDP2S,https://apps.bea.gov/regional/zip/SAGDP_SIC.zip
Nevada,1989,27846.7,24483,current USD millions,BEA_SAGDP2S,https://apps.bea.gov/regional/zip/SAGDP_SIC.zip
Nevada,1990,30980.0,25379,current USD millions,BEA_SAGDP2S,https://apps.bea.gov/regional/zip/SAGDP_SIC.zip
Nevada,1991,32785.6,25294,current USD millions,BEA_SAGDP2S,https://apps.bea.gov/regional/zip/SAGDP_SIC.zip
Nevada,1992,36051.6,26678,current USD millions,BEA_SAGDP2S,https://apps.bea.gov/regional/zip/SAGDP_SIC.zip
Nevada,1993,40039.1,28372,current USD millions,BEA_SAGDP2S,https://apps.bea.gov/regional/zip/SAGDP_SIC.zip
Nevada,1994,45172.8,30129,current USD millions,BEA_SAGDP2S,https://apps.bea.gov/regional/zip/SAGDP_SIC.zip
Nevada,1995,49249.3,31139,current USD millions,BEA_SAGDP2S,https://apps.bea.gov/regional/zip/SAGDP_SIC.zip
Nevada,1996,54418.6,32658,current USD millions,BEA_SAGDP2S,https://apps.bea.gov/regional/zip/SAGDP_SIC.zip
Nevada,1997,59467.2,33710,current USD millions,BEA_SAGDP2S,https://apps.bea.gov/regional/zip/SAGDP_SIC.zip
New Hampshire,1963,1650.9,2544,current USD millions,BEA_SAGDP2S,https://apps.bea.gov/regional/zip/SAGDP_SIC.zip
New Hampshire,1964,1812.3,2733,current USD millions,BEA_SAGDP2S,https://apps.bea.gov/regional/zip/SAGDP_SIC.zip
New Hampshire,1965,1961.0,2901,current USD millions,BEA_SAGDP2S,https://apps.bea.gov/regional/zip/SAGDP_SIC.zip
New Hampshire,1966,2168.8,3185,current USD millions,BEA_SAGDP2S,https://apps.bea.gov/regional/zip/SAGDP_SIC.zip
New Hampshire,1967,2370.4,3401,current USD millions,BEA_SAGDP2S,https://apps.bea.gov/regional/zip/SAGDP_SIC.zip
New Hampshire,1968,2595.6,3661,current USD millions,BEA_SAGDP2S,https://apps.bea.gov/regional/zip/SAGDP_SIC.zip
New Hampshire,1969,2816.5,3890,current USD millions,BEA_SAGDP2S,https://apps.bea.gov/regional/zip/SAGDP_SIC.zip
New Hampshire,1970,3050.4,4111,current USD millions,BEA_SAGDP2S,https://apps.bea.gov/regional/zip/SAGDP_SIC.zip
New Hampshire,1971,3332.2,4372,current USD millions,BEA_SAGDP2S,https://apps.bea.gov/regional/zip/SAGDP_SIC.zip
New Hampshire,1972,3625.9,4638,current USD millions,BEA_SAGDP2S,https://apps.bea.gov/regional/zip/SAGDP_SIC.zip
New Hampshire,1973,4172.8,5204,current USD millions,BEA_SAGDP2S,https://apps.bea.gov/regional/zip/SAGDP_SIC.zip
New Hampshire,1974,4469.6,5470,current USD millions,BEA_SAGDP2S,https://apps.bea.gov/regional/zip/SAGDP_SIC.zip
New Hampshire,1975,4841.7,5833,current USD millions,BEA_SAGDP2S,https://apps.bea.gov/regional/zip/SAGDP_SIC.zip
New Hampshire,1976,5510.9,6506,current USD millions,BEA_SAGDP2S,https://apps.bea.gov/regional/zip/SAGDP_SIC.zip
New Hampshire,1977,6298.1,7224,current USD millions,BEA_SAGDP2S,https://apps.bea.gov/regional/zip/SAGDP_SIC.zip
New Hampshire,1978,7389.2,8266,current USD millions,BEA_SAGDP2S,https://apps.bea.gov/regional/zip/SAGDP_SIC.zip
New Hampshire,1979,8351.2,9158,current USD millions,BEA_SAGDP2S,https://apps.bea.gov/regional/zip/SAGDP_SIC.zip
New Hampshire,1980,9262.5,10022,current USD millions,BEA_SAGDP2S,https://apps.bea.gov/regional/zip/SAGDP_SIC.zip
New Hampshire,1981,10480.2,11189,current USD millions,BEA_SAGDP2S,https://apps.bea.gov/regional/zip/SAGDP_SIC.zip
New Hampshire,1982,11407.4,12037,current USD millions,BEA_SAGDP2S,https://apps.bea.gov/regional/zip/SAGDP_SIC.zip
New Hampshire,1983,12629.2,13181,current USD millions,BEA_SAGDP2S,https://apps.bea.gov/regional/zip/SAGDP_SIC.zip
New Hampshire,1984,14766.9,15117,current USD millions,BEA_SAGDP2S,https://apps.bea.gov/regional/zip/SAGDP_SIC.zip
New Hampshire,1985,16577.5,16632,current USD millions,BEA_SAGDP2S,https://apps.bea.gov/regional/zip/SAGDP_SIC.zip
New Hampshire,1986,18369.2,17920,current USD millions,BEA_SAGDP2S,https://apps.bea.gov/regional/zip/SAGDP_SIC.zip
New Hampshire,1987,20994.0,19913,current USD millions,BEA_SAGDP2S,https://apps.bea.gov/regional/zip/SAGDP_SIC.zip
New Hampshire,1988,22937.3,21188,current USD millions,BEA_SAGDP2S,https://apps.bea.gov/regional/zip/SAGDP_SIC.zip
New Hampshire,1989,23777.2,21527,current USD millions,BEA_SAGDP2S,https://apps.bea.gov/regional/zip/SAGDP_SIC.zip
New Hampshire,1990,23767.8,21367,current USD millions,BEA_SAGDP2S,https://apps.bea.gov/regional/zip/SAGDP_SIC.zip
New Hampshire,1991,24762.6,22310,current USD millions,BEA_SAGDP2S,https://apps.bea.gov/regional/zip/SAGDP_SIC.zip
New Hampshire,1992,26331.8,23557,current USD millions,BEA_SAGDP2S,https://apps.bea.gov/regional/zip/SAGDP_SIC.zip
New Hampshire,1993,27362.1,24226,current USD millions,BEA_SAGDP2S,https://apps.bea.gov/regional/zip/SAGDP_SIC.zip
New Hampshire,1994,29190.1,25548,current USD millions,BEA_SAGDP2S,https://apps.bea.gov/regional/zip/SAGDP_SIC.zip
New Hampshire,1995,31875.5,27537,current USD millions,BEA_SAGDP2S,https://apps.bea.gov/regional/zip/SAGDP_SIC.zip
New Hampshire,1996,34560.6,29420,current USD millions,BEA_SAGDP2S,https://apps.bea.gov/regional/zip/SAGDP_SIC.zip
New Hampshire,1997,36935.0,31053,current USD millions,BEA_SAGDP2S,https://apps.bea.gov/regional/zip/SAGDP_SIC.zip
New Jersey,1963,23388.4,3581,current USD millions,BEA_SAGDP2S,https://apps.bea.gov/regional/zip/SAGDP_SIC.zip
New Jersey,1964,24774.2,3720,current USD millions,BEA_SAGDP2S,https://apps.bea.gov/regional/zip/SAGDP_SIC.zip
New Jersey,1965,26654.7,3939,current USD millions,BEA_SAGDP2S,https://apps.bea.gov/regional/zip/SAGDP_SIC.zip
New Jersey,1966,29026.9,4237,current USD millions,BEA_SAGDP2S,https://apps.bea.gov/regional/zip/SAGDP_SIC.zip
New Jersey,1967,30975.6,4471,current USD millions,BEA_SAGDP2S,https://apps.bea.gov/regional/zip/SAGDP_SIC.zip
New Jersey,1968,33656.8,4805,current USD millions,BEA_SAGDP2S,https://apps.bea.gov/regional/zip/SAGDP_SIC.zip
New Jersey,1969,35852.4,5053,current USD millions,BEA_SAGDP2S,https://apps.bea.gov/regional/zip/SAGDP_SIC.zip
New Jersey,1970,38491.7,5353,current USD millions,BEA_SAGDP2S,https://apps.bea.gov/regional/zip/SAGDP_SIC.zip
New Jersey,1971,41306.6,5672,current USD millions,BEA_SAGDP2S,https://apps.bea.gov/regional/zip/SAGDP_SIC.zip
New Jersey,1972,45388.3,6187,current USD millions,BEA_SAGDP2S,https://apps.bea.gov/regional/zip/SAGDP_SIC.zip
New Jersey,1973,49301.3,6721,current USD millions,BEA_SAGDP2S,https://apps.bea.gov/regional/zip/SAGDP_SIC.zip
New Jersey,1974,52986.6,7224,current USD millions,BEA_SAGDP2S,https://apps.bea.gov/regional/zip/SAGDP_SIC.zip
New Jersey,1975,56051.8,7635,current USD millions,BEA_SAGDP2S,https://apps.bea.gov/regional/zip/SAGDP_SIC.zip
New Jersey,1976,60496.0,8237,current USD millions,BEA_SAGDP2S,https://apps.bea.gov/regional/zip/SAGDP_SIC.zip
New Jersey,1977,65839.0,8967,current USD millions,BEA_SAGDP2S,https://apps.bea.gov/regional/zip/SAGDP_SIC.zip
New Jersey,1978,72918.4,9912,current USD millions,BEA_SAGDP2S,https://apps.bea.gov/regional/zip/SAGDP_SIC.zip
New Jersey,1979,81050.6,10993,current USD millions,BEA_SAGDP2S,https://apps.bea.gov/regional/zip/SAGDP_SIC.zip
New Jersey,1980,88333.5,11975,current USD millions,BEA_SAGDP2S,https://apps.bea.gov/regional/zip/SAGDP_SIC.zip
New Jersey,1981,98755.0,13332,current USD millions,BEA_SAGDP2S,https://apps.bea.gov/regional/zip/SAGDP_SIC.zip
New Jersey,1982,105759.0,14232,current USD millions,BEA_SAGDP2S,https://apps.bea.gov/regional/zip/SAGDP_SIC.zip
New Jersey,1983,117962.0,15796,current USD millions,BEA_SAGDP2S,https://apps.bea.gov/regional/zip/SAGDP_SIC.zip
New Jersey,1984,133571.7,17773,current USD millions,BEA_SAGDP2S,https://apps.bea.gov/regional/zip/SAGDP_SIC.zip
New Jersey,1985,145928.9,19289,current USD millions,BEA_SAGDP2S,https://apps.bea.gov/regional/zip/SAGDP_SIC.zip
New Jersey,1986,158836.4,20839,current USD millions,BEA_SAGDP2S,https://apps.bea.gov/regional/zip/SAGDP_SIC.zip
New Jersey,1987,174628.9,22766,current USD millions,BEA_SAGDP2S,https://apps.bea.gov/regional/zip/SAGDP_SIC.zip
New Jersey,1988,194708.6,25246,current USD millions,BEA_SAGDP2S,https://apps.bea.gov/regional/zip/SAGDP_SIC.zip
New Jersey,1989,205075.4,26543,current USD millions,BEA_SAGDP2S,https://apps.bea.gov/regional/zip/SAGDP_SIC.zip
New Jersey,1990,214357.0,27613,current USD millions,BEA_SAGDP2S,https://apps.bea.gov/regional/zip/SAGDP_SIC.zip
New Jersey,1991,221915.0,28397,current USD millions,BEA_SAGDP2S,https://apps.bea.gov/regional/zip/SAGDP_SIC.zip
New Jersey,1992,230774.5,29284,current USD millions,BEA_SAGDP2S,https://apps.bea.gov/regional/zip/SAGDP_SIC.zip
New Jersey,1993,240389.4,30242,current USD millions,BEA_SAGDP2S,https://apps.bea.gov/regional/zip/SAGDP_SIC.zip
New Jersey,1994,251572.6,31390,current USD millions,BEA_SAGDP2S,https://apps.bea.gov/regional/zip/SAGDP_SIC.zip
New Jersey,1995,263468.0,32594,current USD millions,BEA_SAGDP2S,https://apps.bea.gov/regional/zip/SAGDP_SIC.zip
New Jersey,1996,278191.1,34136,current USD millions,BEA_SAGDP2S,https://apps.bea.gov/regional/zip/SAGDP_SIC.zip
New Jersey,1997,292671.0,35610,current USD millions,BEA_SAGDP2S,https://apps.bea.gov/regional/zip/SAGDP_SIC.zip
New Mexico,1963,3029.5,3063,current USD millions,BEA_SAGDP2S,https://apps.bea.gov/regional/zip/SAGDP_SIC.zip
New Mexico,1964,3156.3,3137,current USD millions,BEA_SAGDP2S,https://apps.bea.gov/regional/zip/SAGDP_SIC.zip
New Mexico,1965,3310.7,3271,current USD millions,BEA_SAGDP2S,https://apps.bea.gov/regional/zip/SAGDP_SIC.zip
New Mexico,1966,3452.3,3428,current USD millions,BEA_SAGDP2S,https://apps.bea.gov/regional/zip/SAGDP_SIC.zip
New Mexico,1967,3514.0,3514,current USD millions,BEA_SAGDP2S,https://apps.bea.gov/regional/zip/SAGDP_SIC.zip
New Mexico,1968,3806.1,3829,current USD millions,BEA_SAGDP2S,https://apps.bea.gov/regional/zip/SAGDP_SIC.zip
New Mexico,1969,4090.8,4046,current USD millions,BEA_SAGDP2S,https://apps.bea.gov/regional/zip/SAGDP_SIC.zip
New Mexico,1970,4431.4,4331,current USD millions,BEA_SAGDP2S,https://apps.bea.gov/regional/zip/SAGDP_SIC.zip
New Mexico,1971,4821.5,4578,current USD millions,BEA_SAGDP2S,https://apps.bea.gov/regional/zip/SAGDP_SIC.zip
New Mexico,1972,5406.1,5016,current USD millions,BEA_SAGDP2S,https://apps.bea.gov/regional/zip/SAGDP_SIC.zip
New Mexico,1973,6189.0,5605,current USD millions,BEA_SAGDP2S,https://apps.bea.gov/regional/zip/SAGDP_SIC.zip
New Mexico,1974,7115.8,6300,current USD millions,BEA_SAGDP2S,https://apps.bea.gov/regional/zip/SAGDP_SIC.zip
New Mexico,1975,8098.3,6965,current USD millions,BEA_SAGDP2S,https://apps.bea.gov/regional/zip/SAGDP_SIC.zip
New Mexico,1976,9254.0,7743,current USD millions,BEA_SAGDP2S,https://apps.bea.gov/regional/zip/SAGDP_SIC.zip
New Mexico,1977,10102.1,8245,current USD millions,BEA_SAGDP2S,https://apps.bea.gov/regional/zip/SAGDP_SIC.zip
New Mexico,1978,11535.8,9215,current USD millions,BEA_SAGDP2S,https://apps.bea.gov/regional/zip/SAGDP_SIC.zip
New Mexico,1979,13140.5,10262,current USD millions,BEA_SAGDP2S,https://apps.bea.gov/regional/zip/SAGDP_SIC.zip
New Mexico,1980,15731.0,12014,current USD millions,BEA_SAGDP2S,https://apps.bea.gov/regional/zip/SAGDP_SIC.zip
New Mexico,1981,18511.3,13890,current USD millions,BEA_SAGDP2S,https://apps.bea.gov/regional/zip/SAGDP_SIC.zip
New Mexico,1982,19242.0,14109,current USD millions,BEA_SAGDP2S,https://apps.bea.gov/regional/zip/SAGDP_SIC.zip
New Mexico,1983,19882.2,14259,current USD millions,BEA_SAGDP2S,https://apps.bea.gov/regional/zip/SAGDP_SIC.zip
New Mexico,1984,21396.6,15103,current USD millions,BEA_SAGDP2S,https://apps.bea.gov/regional/zip/SAGDP_SIC.zip
New Mexico,1985,22534.5,15667,current USD millions,BEA_SAGDP2S,https://apps.bea.gov/regional/zip/SAGDP_SIC.zip
New Mexico,1986,21807.2,14909,current USD millions,BEA_SAGDP2S,https://apps.bea.gov/regional/zip/SAGDP_SIC.zip
New Mexico,1987,22429.4,15170,current USD millions,BEA_SAGDP2S,https://apps.bea.gov/regional/zip/SAGDP_SIC.zip
New Mexico,1988,23457.2,15740,current USD millions,BEA_SAGDP2S,https://apps.bea.gov/regional/zip/SAGDP_SIC.zip
New Mexico,1989,24927.4,16575,current USD millions,BEA_SAGDP2S,https://apps.bea.gov/regional/zip/SAGDP_SIC.zip
New Mexico,1990,26600.3,17482,current USD millions,BEA_SAGDP2S,https://apps.bea.gov/regional/zip/SAGDP_SIC.zip
New Mexico,1991,30295.3,19479,current USD millions,BEA_SAGDP2S,https://apps.bea.gov/regional/zip/SAGDP_SIC.zip
New Mexico,1992,32638.4,20457,current USD millions,BEA_SAGDP2S,https://apps.bea.gov/regional/zip/SAGDP_SIC.zip
New Mexico,1993,36876.1,22534,current USD millions,BEA_SAGDP2S,https://apps.bea.gov/regional/zip/SAGDP_SIC.zip
New Mexico,1994,41684.5,24777,current USD millions,BEA_SAGDP2S,https://apps.bea.gov/regional/zip/SAGDP_SIC.zip
New Mexico,1995,42145.9,24498,current USD millions,BEA_SAGDP2S,https://apps.bea.gov/regional/zip/SAGDP_SIC.zip
New Mexico,1996,44532.1,25413,current USD millions,BEA_SAGDP2S,https://apps.bea.gov/regional/zip/SAGDP_SIC.zip
New Mexico,1997,48682.7,27429,current USD millions,BEA_SAGDP2S,https://apps.bea.gov/regional/zip/SAGDP_SIC.zip
New York,1963,70640.0,4046,current USD millions,BEA_SAGDP2S,https://apps.bea.gov/regional/zip/SAGDP_SIC.zip
New York,1964,75542.3,4295,current USD millions,BEA_SAGDP2S,https://apps.bea.gov/regional/zip/SAGDP_SIC.zip
New York,1965,80346.7,4531,current USD millions,BEA_SAGDP2S,https://apps.bea.gov/regional/zip/SAGDP_SIC.zip
New York,1966,86558.7,4851,current USD millions,BEA_SAGDP2S,https://apps.bea.gov/regional/zip/SAGDP_SIC.zip
New York,1967,92077.9,5134,current USD millions,BEA_SAGDP2S,https://apps.bea.gov/regional/zip/SAGDP_SIC.zip
New York,1968,99816.9,5530,current USD millions,BEA_SAGDP2S,https://apps.bea.gov/regional/zip/SAGDP_SIC.zip
New York,1969,107031.0,5912,current USD millions,BEA_SAGDP2S,https://apps.bea.gov/regional/zip/SAGDP_SIC.zip
New York,1970,112349.2,6149,current USD millions,BEA_SAGDP2S,https://apps.bea.gov/regional/zip/SAGDP_SIC.zip
New York,1971,119145.0,6488,current USD millions,BEA_SAGDP2S,https://apps.bea.gov/regional/zip/SAGDP_SIC.zip
New York,1972,127221.4,6932,current USD millions,BEA_SAGDP2S,https://apps.bea.gov/regional/zip/SAGDP_SIC.zip
New York,1973,136395.9,7496,current USD millions,BEA_SAGDP2S,https://apps.bea.gov/regional/zip/SAGDP_SIC.zip
New York,1974,145418.9,8046,current USD millions,BEA_SAGDP2S,https://apps.bea.gov/regional/zip/SAGDP_SIC.zip
New York,1975,155255.6,8610,current USD millions,BEA_SAGDP2S,https://apps.bea.gov/regional/zip/SAGDP_SIC.zip
New York,1976,163284.3,9084,current USD millions,BEA_SAGDP2S,https://apps.bea.gov/regional/zip/SAGDP_SIC.zip
New York,1977,179890.3,10077,current USD millions,BEA_SAGDP2S,https://apps.bea.gov/regional/zip/SAGDP_SIC.zip
New York,1978,200062.9,11290,current USD millions,BEA_SAGDP2S,https://apps.bea.gov/regional/zip/SAGDP_SIC.zip
New York,1979,217724.6,12347,current USD millions,BEA_SAGDP2S,https://apps.bea.gov/regional/zip/SAGDP_SIC.zip
New York,1980,235746.1,13420,current USD millions,BEA_SAGDP2S,https://apps.bea.gov/regional/zip/SAGDP_SIC.zip
New York,1981,261839.6,14905,current USD millions,BEA_SAGDP2S,https://apps.bea.gov/regional/zip/SAGDP_SIC.zip
New York,1982,282226.5,16045,current USD millions,BEA_SAGDP2S,https://apps.bea.gov/regional/zip/SAGDP_SIC.zip
New York,1983,305287.9,17261,current USD millions,BEA_SAGDP2S,https://apps.bea.gov/regional/zip/SAGDP_SIC.zip
New York,1984,339427.1,19127,current USD millions,BEA_SAGDP2S,https://apps.bea.gov/regional/zip/SAGDP_SIC.zip
New York,1985,364281.1,20475,current USD millions,BEA_SAGDP2S,https://apps.bea.gov/regional/zip/SAGDP_SIC.zip
New York,1986,390103.7,21875,current USD millions,BEA_SAGDP2S,https://apps.bea.gov/regional/zip/SAGDP_SIC.zip
New York,1987,418305.6,23410,current USD millions,BEA_SAGDP2S,https://apps.bea.gov/regional/zip/SAGDP_SIC.zip
New York,1988,456556.7,25447,current USD millions,BEA_SAGDP2S,https://apps.bea.gov/regional/zip/SAGDP_SIC.zip
New York,1989,473252.3,26317,current USD millions,BEA_SAGDP2S,https://apps.bea.gov/regional/zip/SAGDP_SIC.zip
New York,1990,493191.9,27368,current USD millions,BEA_SAGDP2S,https://apps.bea.gov/regional/zip/SAGDP_SIC.zip
New York,1991,497336.0,27443,current USD millions,BEA_SAGDP2S,https://apps.bea.gov/regional/zip/SAGDP_SIC.zip
New York,1992,519703.9,28482,current USD millions,BEA_SAGDP2S,https://apps.bea.gov/regional/zip/SAGDP_SIC.zip
New York,1993,537504.2,29252,current USD millions,BEA_SAGDP2S,https://apps.bea.gov/regional/zip/SAGDP_SIC.zip
New York,1994,555321.8,30083,current USD millions,BEA_SAGDP2S,https://apps.bea.gov/regional/zip/SAGDP_SIC.zip
New York,1995,582656.3,31454,current USD millions,BEA_SAGDP2S,https://apps.bea.gov/regional/zip/SAGDP_SIC.zip
New York,1996,620153.4,33362,current USD millions,BEA_SAGDP2S,https://apps.bea.gov/regional/zip/SAGDP_SIC.zip
New York,1997,664679.0,35627,current USD millions,BEA_SAGDP2S,https://apps.bea.gov/regional/zip/SAGDP_SIC.zip
North Carolina,1963,12638.9,2665,current USD millions,BEA_SAGDP2S,https://apps.bea.gov/regional/zip/SAGDP_SIC.zip
North Carolina,1964,13481.5,2807,current USD millions,BEA_SAGDP2S,https://apps.bea.gov/regional/zip/SAGDP_SIC.zip
North Carolina,1965,14543.9,2991,current USD millions,BEA_SAGDP2S,https://apps.bea.gov/regional/zip/SAGDP_SIC.zip
North Carolina,1966,15966.3,3261,current USD millions,BEA_SAGDP2S,https://apps.bea.gov/regional/zip/SAGDP_SIC.zip
North Carolina,1967,17154.7,3464,current USD millions,BEA_SAGDP2S,https://apps.bea.gov/regional/zip/SAGDP_SIC.zip
North Carolina,1968,18962.3,3789,current USD millions,BEA_SAGDP2S,https://apps.bea.gov/regional/zip/SAGDP_SIC.zip
North Carolina,1969,20881.7,4151,current USD millions,BEA_SAGDP2S,https://apps.bea.gov/regional/zip/SAGDP_SIC.zip
North Carolina,1970,22840.2,4479,current USD millions,BEA_SAGDP2S,https://apps.bea.gov/regional/zip/SAGDP_SIC.zip
North Carolina,1971,25035.5,4814,current USD millions,BEA_SAGDP2S,https://apps.bea.gov/regional/zip/SAGDP_SIC.zip
North Carolina,1972,28004.7,5288,current USD millions,BEA_SAGDP2S,https://apps.bea.gov/regional/zip/SAGDP_SIC.zip
North Carolina,1973,31754.6,5900,current USD millions,BEA_SAGDP2S,https://apps.bea.gov/regional/zip/SAGDP_SIC.zip
North Carolina,1974,33607.2,6154,current USD millions,BEA_SAGDP2S,https://apps.bea.gov/regional/zip/SAGDP_SIC.zip
North Carolina,1975,35997.8,6504,current USD millions,BEA_SAGDP2S,https://apps.bea.gov/regional/zip/SAGDP_SIC.zip
North Carolina,1976,40454.1,7232,current USD millions,BEA_SAGDP2S,https://apps.bea.gov/regional/zip/SAGDP_SIC.zip
North Carolina,1977,43822.0,7731,current USD millions,BEA_SAGDP2S,https://apps.bea.gov/regional/zip/SAGDP_SIC.zip
North Carolina,1978,49866.6,8687,current USD millions,BEA_SAGDP2S,https://apps.bea.gov/regional/zip/SAGDP_SIC.zip
North Carolina,1979,54514.7,9397,current USD millions,BEA_SAGDP2S,https://apps.bea.gov/regional/zip/SAGDP_SIC.zip
North Carolina,1980,58790.6,9966,current USD millions,BEA_SAGDP2S,https://apps.bea.gov/regional/zip/SAGDP_SIC.zip
North Carolina,1981,65868.8,11058,current USD millions,BEA_SAGDP2S,https://apps.bea.gov/regional/zip/SAGDP_SIC.zip
North Carolina,1982,68971.4,11459,current USD millions,BEA_SAGDP2S,https://apps.bea.gov/regional/zip/SAGDP_SIC.zip
North Carolina,1983,77543.0,12760,current USD millions,BEA_SAGDP2S,https://apps.bea.gov/regional/zip/SAGDP_SIC.zip
North Carolina,1984,88151.2,14301,current USD millions,BEA_SAGDP2S,https://apps.bea.gov/regional/zip/SAGDP_SIC.zip
North Carolina,1985,96535.0,15436,current USD millions,BEA_SAGDP2S,https://apps.bea.gov/regional/zip/SAGDP_SIC.zip
North Carolina,1986,104785.3,16576,current USD millions,BEA_SAGDP2S,https://apps.bea.gov/regional/zip/SAGDP_SIC.zip
North Carolina,1987,113262.1,17687,current USD millions,BEA_SAGDP2S,https://apps.bea.gov/regional/zip/SAGDP_SIC.zip
North Carolina,1988,124302.5,19181,current USD millions,BEA_SAGDP2S,https://apps.bea.gov/regional/zip/SAGDP_SIC.zip
North Carolina,1989,133866.3,20389,current USD millions,BEA_SAGDP2S,https://apps.bea.gov/regional/zip/SAGDP_SIC.zip
North Carolina,1990,139658.4,20957,current USD millions,BEA_SAGDP2S,https://apps.bea.gov/regional/zip/SAGDP_SIC.zip
North Carolina,1991,146367.5,21575,current USD millions,BEA_SAGDP2S,https://apps.bea.gov/regional/zip/SAGDP_SIC.zip
North Carolina,1992,159337.0,23102,current USD millions,BEA_SAGDP2S,https://apps.bea.gov/regional/zip/SAGDP_SIC.zip
North Carolina,1993,168005.7,23855,current USD millions,BEA_SAGDP2S,https://apps.bea.gov/regional/zip/SAGDP_SIC.zip
North Carolina,1994,181287.8,25223,current USD millions,BEA_SAGDP2S,https://apps.bea.gov/regional/zip/SAGDP_SIC.zip
North Carolina,1995,193466.7,26341,current USD millions,BEA_SAGDP2S,https://apps.bea.gov/regional/zip/SAGDP_SIC.zip
North Carolina,1996,203815.0,27173,current USD millions,BEA_SAGDP2S,https://apps.bea.gov/regional/zip/SAGDP_SIC.zip
North Carolina,1997,221258.8,28897,current USD millions,BEA_SAGDP2S,https://apps.bea.gov/regional/zip/SAGDP_SIC.zip
North Dakota,1963,1623.7,2521,current USD millions,BEA_SAGDP2S,https://apps.bea.gov/regional/zip/SAGDP_SIC.zip
North Dakota,1964,1591.5,2452,current USD millions,BEA_SAGDP2S,https://apps.bea.gov/regional/zip/SAGDP_SIC.zip
North Dakota,1965,1824.7,2812,current USD millions,BEA_SAGDP2S,https://apps.bea.gov/regional/zip/SAGDP_SIC.zip
North Dakota,1966,1845.9,2853,current USD millions,BEA_SAGDP2S,https://apps.bea.gov/regional/zip/SAGDP_SIC.zip
North Dakota,1967,1874.1,2994,current USD millions,BEA_SAGDP2S,https://apps.bea.gov/regional/zip/SAGDP_SIC.zip
North Dakota,1968,1958.1,3153,current USD millions,BEA_SAGDP2S,https://apps.bea.gov/regional/zip/SAGDP_SIC.zip
North Dakota,1969,2178.1,3507,current USD millions,BEA_SAGDP2S,https://apps.bea.gov/regional/zip/SAGDP_SIC.zip
North Dakota,1970,2294.1,3707,current USD millions,BEA_SAGDP2S,https://apps.bea.gov/regional/zip/SAGDP_SIC.zip
North Dakota,1971,2631.9,4200,current USD millions,BEA_SAGDP2S,https://apps.bea.gov/regional/zip/SAGDP_SIC.zip
North Dakota,1972,3078.0,4878,current USD millions,BEA_SAGDP2S,https://apps.bea.gov/regional/zip/SAGDP_SIC.zip
North Dakota,1973,4404.0,6964,current USD millions,BEA_SAGDP2S,https://apps.bea.gov/regional/zip/SAGDP_SIC.zip
North Dakota,1974,4505.5,7104,current USD millions,BEA_SAGDP2S,https://apps.bea.gov/regional/zip/SAGDP_SIC.zip
North Dakota,1975,4869.0,7626,current USD millions,BEA_SAGDP2S,https://apps.bea.gov/regional/zip/SAGDP_SIC.zip
North Dakota,1976,5051.9,7829,current USD millions,BEA_SAGDP2S,https://apps.bea.gov/regional/zip/SAGDP_SIC.zip
North Dakota,1977,5243.1,8077,current USD millions,BEA_SAGDP2S,https://apps.bea.gov/regional/zip/SAGDP_SIC.zip
North Dakota,1978,6417.2,9863,current USD millions,BEA_SAGDP2S,https://apps.bea.gov/regional/zip/SAGDP_SIC.zip
North Dakota,1979,7218.4,11069,current USD millions,BEA_SAGDP2S,https://apps.bea.gov/regional/zip/SAGDP_SIC.zip
North Dakota,1980,7645.4,11683,current USD millions,BEA_SAGDP2S,https://apps.bea.gov/regional/zip/SAGDP_SIC.zip
North Dakota,1981,9954.5,15094,current USD millions,BEA_SAGDP2S,https://apps.bea.gov/regional/zip/SAGDP_SIC.zip
North Dakota,1982,9953.5,14879,current USD millions,BEA_SAGDP2S,https://apps.bea.gov/regional/zip/SAGDP_SIC.zip
North Dakota,1983,10045.5,14845,current USD millions,BEA_SAGDP2S,https://apps.bea.gov/regional/zip/SAGDP_SIC.zip
North Dakota,1984,10641.6,15638,current USD millions,BEA_SAGDP2S,https://apps.bea.gov/regional/zip/SAGDP_SIC.zip
North Dakota,1985,10655.0,15739,current USD millions,BEA_SAGDP2S,https://apps.bea.gov/regional/zip/SAGDP_SIC.zip
North Dakota,1986,9773.3,14598,current USD millions,BEA_SAGDP2S,https://apps.bea.gov/regional/zip/SAGDP_SIC.zip
North Dakota,1987,10305.9,15588,current USD millions,BEA_SAGDP2S,https://apps.bea.gov/regional/zip/SAGDP_SIC.zip
North Dakota,1988,9747.6,14874,current USD millions,BEA_SAGDP2S,https://apps.bea.gov/regional/zip/SAGDP_SIC.zip
North Dakota,1989,10729.5,16600,current USD millions,BEA_SAGDP2S,https://apps.bea.gov/regional/zip/SAGDP_SIC.zip
North Dakota,1990,11509.1,18048,current USD millions,BEA_SAGDP2S,https://apps.bea.gov/regional/zip/SAGDP_SIC.zip
North Dakota,1991,11691.3,18390,current USD millions,BEA_SAGDP2S,https://apps.bea.gov/regional/zip/SAGDP_SIC.zip
North Dakota,1992,12896.2,20206,current USD millions,BEA_SAGDP2S,https://apps.bea.gov/regional/zip/SAGDP_SIC.zip
North Dakota,1993,13049.3,20351,current USD millions,BEA_SAGDP2S,https://apps.bea.gov/regional/zip/SAGDP_SIC.zip
North Dakota,1994,14303.8,22183,current USD millions,BEA_SAGDP2S,https://apps.bea.gov/regional/zip/SAGDP_SIC.zip
North Dakota,1995,14841.9,22910,current USD millions,BEA_SAGDP2S,https://apps.bea.gov/regional/zip/SAGDP_SIC.zip
North Dakota,1996,16491.0,25356,current USD millions,BEA_SAGDP2S,https://apps.bea.gov/regional/zip/SAGDP_SIC.zip
North Dakota,1997,16500.7,25397,current USD millions,BEA_SAGDP2S,https://apps.bea.gov/regional/zip/SAGDP_SIC.zip
Ohio,1963,33269.5,3332,current USD millions,BEA_SAGDP2S,https://apps.bea.gov/regional/zip/SAGDP_SIC.zip
Ohio,1964,35651.9,3537,current USD millions,BEA_SAGDP2S,https://apps.bea.gov/regional/zip/SAGDP_SIC.zip
Ohio,1965,39070.7,3830,current USD millions,BEA_SAGDP2S,https://apps.bea.gov/regional/zip/SAGDP_SIC.zip
Ohio,1966,42671.9,4131,current USD millions,BEA_SAGDP2S,https://apps.bea.gov/regional/zip/SAGDP_SIC.zip
Ohio,1967,44419.5,4265,current USD millions,BEA_SAGDP2S,https://apps.bea.gov/regional/zip/SAGDP_SIC.zip
Ohio,1968,48696.3,4631,current USD millions,BEA_SAGDP2S,https://apps.bea.gov/regional/zip/SAGDP_SIC.zip
Ohio,1969,52816.9,5000,current USD millions,BEA_SAGDP2S,https://apps.bea.gov/regional/zip/SAGDP_SIC.zip
Ohio,1970,53714.0,5035,current USD millions,BEA_SAGDP2S,https://apps.bea.gov/regional/zip/SAGDP_SIC.zip
Ohio,1971,57974.7,5401,current USD millions,BEA_SAGDP2S,https://apps.bea.gov/regional/zip/SAGDP_SIC.zip
Ohio,1972,62940.5,5857,current USD millions,BEA_SAGDP2S,https://apps.bea.gov/regional/zip/SAGDP_SIC.zip
Ohio,1973,69836.5,6486,current USD millions,BEA_SAGDP2S,https://apps.bea.gov/regional/zip/SAGDP_SIC.zip
Ohio,1974,74205.7,6893,current USD millions,BEA_SAGDP2S,https://apps.bea.gov/regional/zip/SAGDP_SIC.zip
Ohio,1975,78141.2,7255,current USD millions,BEA_SAGDP2S,https://apps.bea.gov/regional/zip/SAGDP_SIC.zip
Ohio,1976,87418.6,8130,current USD millions,BEA_SAGDP2S,https://apps.bea.gov/regional/zip/SAGDP_SIC.zip
Ohio,1977,96995.5,9005,current USD millions,BEA_SAGDP2S,https://apps.bea.gov/regional/zip/SAGDP_SIC.zip
Ohio,1978,107554.1,9963,current USD millions,BEA_SAGDP2S,https://apps.bea.gov/regional/zip/SAGDP_SIC.zip
Ohio,1979,117117.3,10846,current USD millions,BEA_SAGDP2S,https://apps.bea.gov/regional/zip/SAGDP_SIC.zip
Ohio,1980,121228.2,11224,current USD millions,BEA_SAGDP2S,https://apps.bea.gov/regional/zip/SAGDP_SIC.zip
Ohio,1981,132781.5,12308,current USD millions,BEA_SAGDP2S,https://apps.bea.gov/regional/zip/SAGDP_SIC.zip
Ohio,1982,134636.0,12516,current USD millions,BEA_SAGDP2S,https://apps.bea.gov/regional/zip/SAGDP_SIC.zip
Ohio,1983,144896.6,13494,current USD millions,BEA_SAGDP2S,https://apps.bea.gov/regional/zip/SAGDP_SIC.zip
Ohio,1984,163854.3,15260,current USD millions,BEA_SAGDP2S,https://apps.bea.gov/regional/zip/SAGDP_SIC.zip
Ohio,1985,174165.4,16224,current USD millions,BEA_SAGDP2S,https://apps.bea.gov/regional/zip/SAGDP_SIC.zip
Ohio,1986,182643.6,17021,current USD millions,BEA_SAGDP2S,https://apps.bea.gov/regional/zip/SAGDP_SIC.zip
Ohio,1987,191784.2,17824,current USD millions,BEA_SAGDP2S,https://apps.bea.gov/regional/zip/SAGDP_SIC.zip
Ohio,1988,205307.8,19013,current USD millions,BEA_SAGDP2S,https://apps.bea.gov/regional/zip/SAGDP_SIC.zip
Ohio,1989,217816.6,20114,current USD millions,BEA_SAGDP2S,https://apps.bea.gov/regional/zip/SAGDP_SIC.zip
Ohio,1990,227412.9,20932,current USD millions,BEA_SAGDP2S,https://apps.bea.gov/regional/zip/SAGDP_SIC.zip
Ohio,1991,233975.4,21376,current USD millions,BEA_SAGDP2S,https://apps.bea.gov/regional/zip/SAGDP_SIC.zip
Ohio,1992,250649.6,22726,current USD millions,BEA_SAGDP2S,https://apps.bea.gov/regional/zip/SAGDP_SIC.zip
Ohio,1993,259611.6,23386,current USD millions,BEA_SAGDP2S,https://apps.bea.gov/regional/zip/SAGDP_SIC.zip
Ohio,1994,281924.7,25279,current USD millions,BEA_SAGDP2S,https://apps.bea.gov/regional/zip/SAGDP_SIC.zip
Ohio,1995,297538.2,26559,current USD millions,BEA_SAGDP2S,https://apps.bea.gov/regional/zip/SAGDP_SIC.zip
Ohio,1996,311120.1,27673,current USD millions,BEA_SAGDP2S,https://apps.bea.gov/regional/zip/SAGDP_SIC.zip
Ohio,1997,332475.9,29482,current USD millions,BEA_SAGDP2S,https://apps.bea.gov/regional/zip/SAGDP_SIC.zip
Oklahoma,1963,6151.1,2522,current USD millions,BEA_SAGDP2S,https://apps.bea.gov/regional/zip/SAGDP_SIC.zip
Oklahoma,1964,6543.8,2675,current USD millions,BEA_SAGDP2S,https://apps.bea.gov/regional/zip/SAGDP_SIC.zip
Oklahoma,1965,6965.9,2855,current USD millions,BEA_SAGDP2S,https://apps.bea.gov/regional/zip/SAGDP_SIC.zip
Oklahoma,1966,7467.7,3043,current USD millions,BEA_SAGDP2S,https://apps.bea.gov/regional/zip/SAGDP_SIC.zip
Oklahoma,1967,8087.0,3249,current USD millions,BEA_SAGDP2S,https://apps.bea.gov/regional/zip/SAGDP_SIC.zip
Oklahoma,1968,8836.4,3530,current USD millions,BEA_SAGDP2S,https://apps.bea.gov/regional/zip/SAGDP_SIC.zip
Oklahoma,1969,9622.2,3796,current USD millions,BEA_SAGDP2S,https://apps.bea.gov/regional/zip/SAGDP_SIC.zip
Oklahoma,1970,10368.5,4040,current USD millions,BEA_SAGDP2S,https://apps.bea.gov/regional/zip/SAGDP_SIC.zip
Oklahoma,1971,11278.2,4308,current USD millions,BEA_SAGDP2S,https://apps.bea.gov/regional/zip/SAGDP_SIC.zip
Oklahoma,1972,12738.0,4793,current USD millions,BEA_SAGDP2S,https://apps.bea.gov/regional/zip/SAGDP_SIC.zip
Oklahoma,1973,14482.7,5376,current USD millions,BEA_SAGDP2S,https://apps.bea.gov/regional/zip/SAGDP_SIC.zip
Oklahoma,1974,16204.0,5930,current USD millions,BEA_SAGDP2S,https://apps.bea.gov/regional/zip/SAGDP_SIC.zip
Oklahoma,1975,18163.1,6553,current USD millions,BEA_SAGDP2S,https://apps.bea.gov/regional/zip/SAGDP_SIC.zip
Oklahoma,1976,20821.8,7375,current USD millions,BEA_SAGDP2S,https://apps.bea.gov/regional/zip/SAGDP_SIC.zip
Oklahoma,1977,24022.2,8382,current USD millions,BEA_SAGDP2S,https://apps.bea.gov/regional/zip/SAGDP_SIC.zip
Oklahoma,1978,27105.0,9305,current USD millions,BEA_SAGDP2S,https://apps.bea.gov/regional/zip/SAGDP_SIC.zip
Oklahoma,1979,31546.3,10621,current USD millions,BEA_SAGDP2S,https://apps.bea.gov/regional/zip/SAGDP_SIC.zip
Oklahoma,1980,37608.1,12368,current USD millions,BEA_SAGDP2S,https://apps.bea.gov/regional/zip/SAGDP_SIC.zip
Oklahoma,1981,45429.9,14673,current USD millions,BEA_SAGDP2S,https://apps.bea.gov/regional/zip/SAGDP_SIC.zip
Oklahoma,1982,49317.2,15382,current USD millions,BEA_SAGDP2S,https://apps.bea.gov/regional/zip/SAGDP_SIC.zip
Oklahoma,1983,47700.9,14497,current USD millions,BEA_SAGDP2S,https://apps.bea.gov/regional/zip/SAGDP_SIC.zip
Oklahoma,1984,51291.2,15611,current USD millions,BEA_SAGDP2S,https://apps.bea.gov/regional/zip/SAGDP_SIC.zip
Oklahoma,1985,52765.0,16130,current USD millions,BEA_SAGDP2S,https://apps.bea.gov/regional/zip/SAGDP_SIC.zip
Oklahoma,1986,48996.8,15063,current USD millions,BEA_SAGDP2S,https://apps.bea.gov/regional/zip/SAGDP_SIC.zip
Oklahoma,1987,49055.3,15281,current USD millions,BEA_SAGDP2S,https://apps.bea.gov/regional/zip/SAGDP_SIC.zip
Oklahoma,1988,52667.0,16630,current USD millions,BEA_SAGDP2S,https://apps.bea.gov/regional/zip/SAGDP_SIC.zip
Oklahoma,1989,55006.8,17461,current USD millions,BEA_SAGDP2S,https://apps.bea.gov/regional/zip/SAGDP_SIC.zip
Oklahoma,1990,57804.8,18358,current USD millions,BEA_SAGDP2S,https://apps.bea.gov/regional/zip/SAGDP_SIC.zip
Oklahoma,1991,59632.1,18779,current USD millions,BEA_SAGDP2S,https://apps.bea.gov/regional/zip/SAGDP_SIC.zip
Oklahoma,1992,62208.5,19316,current USD millions,BEA_SAGDP2S,https://apps.bea.gov/regional/zip/SAGDP_SIC.zip
Oklahoma,1993,65552.1,20156,current USD millions,BEA_SAGDP2S,https://apps.bea.gov/regional/zip/SAGDP_SIC.zip
Oklahoma,1994,68250.7,20802,current USD millions,BEA_SAGDP2S,https://apps.bea.gov/regional/zip/SAGDP_SIC.zip
Oklahoma,1995,70859.4,21419,current USD millions,BEA_SAGDP2S,https://apps.bea.gov/regional/zip/SAGDP_SIC.zip
Oklahoma,1996,76316.3,22848,current USD millions,BEA_SAGDP2S,https://apps.bea.gov/regional/zip/SAGDP_SIC.zip
Oklahoma,1997,81105.7,24046,current USD millions,BEA_SAGDP2S,https://apps.bea.gov/regional/zip/SAGDP_SIC.zip
Oregon,1963,5706.7,3080,current USD millions,BEA_SAGDP2S,https://apps.bea.gov/regional/zip/SAGDP_SIC.zip
Oregon,1964,6164.2,3265,current USD millions,BEA_SAGDP2S,https://apps.bea.gov/regional/zip/SAGDP_SIC.zip
Oregon,1965,6725.1,3472,current USD millions,BEA_SAGDP2S,https://apps.bea.gov/regional/zip/SAGDP_SIC.zip
Oregon,1966,7267.3,3691,current USD millions,BEA_SAGDP2S,https://apps.bea.gov/regional/zip/SAGDP_SIC.zip
Oregon,1967,7639.2,3860,current USD millions,BEA_SAGDP2S,https://apps.bea.gov/regional/zip/SAGDP_SIC.zip
Oregon,1968,8528.1,4256,current USD millions,BEA_SAGDP2S,https://apps.bea.gov/regional/zip/SAGDP_SIC.zip
Oregon,1969,9352.9,4536,current USD millions,BEA_SAGDP2S,https://apps.bea.gov/regional/zip/SAGDP_SIC.zip
Oregon,1970,9797.5,4665,current USD millions,BEA_SAGDP2S,https://apps.bea.gov/regional/zip/SAGDP_SIC.zip
Oregon,1971,10864.3,5053,current USD millions,BEA_SAGDP2S,https://apps.bea.gov/regional/zip/SAGDP_SIC.zip
Oregon,1972,12220.7,5567,current USD millions,BEA_SAGDP2S,https://apps.bea.gov/regional/zip/SAGDP_SIC.zip
Oregon,1973,14179.9,6333,current USD millions,BEA_SAGDP2S,https://apps.bea.gov/regional/zip/SAGDP_SIC.zip
Oregon,1974,15424.3,6762,current USD millions,BEA_SAGDP2S,https://apps.bea.gov/regional/zip/SAGDP_SIC.zip
Oregon,1975,16822.5,7237,current USD millions,BEA_SAGDP2S,https://apps.bea.gov/regional/zip/SAGDP_SIC.zip
Oregon,1976,19757.5,8329,current USD millions,BEA_SAGDP2S,https://apps.bea.gov/regional/zip/SAGDP_SIC.zip
Oregon,1977,22047.1,9038,current USD millions,BEA_SAGDP2S,https://apps.bea.gov/regional/zip/SAGDP_SIC.zip
Oregon,1978,25390.7,10117,current USD millions,BEA_SAGDP2S,https://apps.bea.gov/regional/zip/SAGDP_SIC.zip
Oregon,1979,28372.4,11004,current USD millions,BEA_SAGDP2S,https://apps.bea.gov/regional/zip/SAGDP_SIC.zip
Oregon,1980,30001.3,11359,current USD millions,BEA_SAGDP2S,https://apps.bea.gov/regional/zip/SAGDP_SIC.zip
Oregon,1981,31590.3,11841,current USD millions,BEA_SAGDP2S,https://apps.bea.gov/regional/zip/SAGDP_SIC.zip
Oregon,1982,31594.1,11856,current USD millions,BEA_SAGDP2S,https://apps.bea.gov/regional/zip/SAGDP_SIC.zip
Oregon,1983,33727.3,12713,current USD millions,BEA_SAGDP2S,https://apps.bea.gov/regional/zip/SAGDP_SIC.zip
Oregon,1984,37444.3,14042,current USD millions,BEA_SAGDP2S,https://apps.bea.gov/regional/zip/SAGDP_SIC.zip
Oregon,1985,39446.4,14759,current USD millions,BEA_SAGDP2S,https://apps.bea.gov/regional/zip/SAGDP_SIC.zip
Oregon,1986,41730.0,15550,current USD millions,BEA_SAGDP2S,https://apps.bea.gov/regional/zip/SAGDP_SIC.zip
Oregon,1987,44594.4,16510,current USD millions,BEA_SAGDP2S,https://apps.bea.gov/regional/zip/SAGDP_SIC.zip
Oregon,1988,49138.4,17925,current USD millions,BEA_SAGDP2S,https://apps.bea.gov/regional/zip/SAGDP_SIC.zip
Oregon,1989,52610.1,18853,current USD millions,BEA_SAGDP2S,https://apps.bea.gov/regional/zip/SAGDP_SIC.zip
Oregon,1990,56565.6,19776,current USD millions,BEA_SAGDP2S,https://apps.bea.gov/regional/zip/SAGDP_SIC.zip
Oregon,1991,59441.0,20297,current USD millions,BEA_SAGDP2S,https://apps.bea.gov/regional/zip/SAGDP_SIC.zip
Oregon,1992,63392.3,21189,current USD millions,BEA_SAGDP2S,https://apps.bea.gov/regional/zip/SAGDP_SIC.zip
Oregon,1993,69408.5,22680,current USD millions,BEA_SAGDP2S,https://apps.bea.gov/regional/zip/SAGDP_SIC.zip
Oregon,1994,75393.1,24155,current USD millions,BEA_SAGDP2S,https://apps.bea.gov/regional/zip/SAGDP_SIC.zip
Oregon,1995,81553.7,25611,current USD millions,BEA_SAGDP2S,https://apps.bea.gov/regional/zip/SAGDP_SIC.zip
Oregon,1996,93306.4,28735,current USD millions,BEA_SAGDP2S,https://apps.bea.gov/regional/zip/SAGDP_SIC.zip
Oregon,1997,100363.0,30373,current USD millions,BEA_SAGDP2S,https://apps.bea.gov/regional/zip/SAGDP_SIC.zip
Pennsylvania,1963,34532.8,3023,current USD millions,BEA_SAGDP2S,https://apps.bea.gov/regional/zip/SAGDP_SIC.zip
Pennsylvania,1964,37374.8,3245,current USD millions,BEA_SAGDP2S,https://apps.bea.gov/regional/zip/SAGDP_SIC.zip
Pennsylvania,1965,40541.0,3489,current USD millions,BEA_SAGDP2S,https://apps.bea.gov/regional/zip/SAGDP_SIC.zip
Pennsylvania,1966,44081.9,3779,current USD millions,BEA_SAGDP2S,https://apps.bea.gov/regional/zip/SAGDP_SIC.zip
Pennsylvania,1967,46515.2,3982,current USD millions,BEA_SAGDP2S,https://apps.bea.gov/regional/zip/SAGDP_SIC.zip
Pennsylvania,1968,49957.4,4255,current USD millions,BEA_SAGDP2S,https://apps.bea.gov/regional/zip/SAGDP_SIC.zip
Pennsylvania,1969,54486.1,4641,current USD millions,BEA_SAGDP2S,https://apps.bea.gov/regional/zip/SAGDP_SIC.zip
Pennsylvania,1970,56670.4,4798,current USD millions,BEA_SAGDP2S,https://apps.bea.gov/regional/zip/SAGDP_SIC.zip
Pennsylvania,1971,60293.4,5073,current USD millions,BEA_SAGDP2S,https://apps.bea.gov/regional/zip/SAGDP_SIC.zip
Pennsylvania,1972,65389.6,5493,current USD millions,BEA_SAGDP2S,https://apps.bea.gov/regional/zip/SAGDP_SIC.zip
Pennsylvania,1973,71851.6,6045,current USD millions,BEA_SAGDP2S,https://apps.bea.gov/regional/zip/SAGDP_SIC.zip
Pennsylvania,1974,78201.4,6592,current USD millions,BEA_SAGDP2S,https://apps.bea.gov/regional/zip/SAGDP_SIC.zip
Pennsylvania,1975,84119.9,7070,current USD millions,BEA_SAGDP2S,https://apps.bea.gov/regional/zip/SAGDP_SIC.zip
Pennsylvania,1976,90742.6,7633,current USD millions,BEA_SAGDP2S,https://apps.bea.gov/regional/zip/SAGDP_SIC.zip
Pennsylvania,1977,99023.6,8334,current USD millions,BEA_SAGDP2S,https://apps.bea.gov/regional/zip/SAGDP_SIC.zip
Pennsylvania,1978,110054.0,9276,current USD millions,BEA_SAGDP2S,https://apps.bea.gov/regional/zip/SAGDP_SIC.zip
Pennsylvania,1979,120527.4,10151,current USD millions,BEA_SAGDP2S,https://apps.bea.gov/regional/zip/SAGDP_SIC.zip
Pennsylvania,1980,127180.9,10716,current USD millions,BEA_SAGDP2S,https://apps.bea.gov/regional/zip/SAGDP_SIC.zip
Pennsylvania,1981,138572.8,11685,current USD millions,BEA_SAGDP2S,https://apps.bea.gov/regional/zip/SAGDP_SIC.zip
Pennsylvania,1982,142076.5,11994,current USD millions,BEA_SAGDP2S,https://apps.bea.gov/regional/zip/SAGDP_SIC.zip
Pennsylvania,1983,152041.9,12844,current USD millions,BEA_SAGDP2S,https://apps.bea.gov/regional/zip/SAGDP_SIC.zip
Pennsylvania,1984,167390.2,14167,current USD millions,BEA_SAGDP2S,https://apps.bea.gov/regional/zip/SAGDP_SIC.zip
Pennsylvania,1985,176873.4,15026,current USD millions,BEA_SAGDP2S,https://apps.bea.gov/regional/zip/SAGDP_SIC.zip
Pennsylvania,1986,187386.1,15903,current USD millions,BEA_SAGDP2S,https://apps.bea.gov/regional/zip/SAGDP_SIC.zip
Pennsylvania,1987,202910.4,17180,current USD millions,BEA_SAGDP2S,https://apps.bea.gov/regional/zip/SAGDP_SIC.zip
Pennsylvania,1988,220582.2,18621,current USD millions,BEA_SAGDP2S,https://apps.bea.gov/regional/zip/SAGDP_SIC.zip
Pennsylvania,1989,233162.0,19650,current USD millions,BEA_SAGDP2S,https://apps.bea.gov/regional/zip/SAGDP_SIC.zip
Pennsylvania,1990,245280.8,20606,current USD millions,BEA_SAGDP2S,https://apps.bea.gov/regional/zip/SAGDP_SIC.zip
Pennsylvania,1991,255162.7,21295,current USD millions,BEA_SAGDP2S,https://apps.bea.gov/regional/zip/SAGDP_SIC.zip
Pennsylvania,1992,269849.2,22395,current USD millions,BEA_SAGDP2S,https://apps.bea.gov/regional/zip/SAGDP_SIC.zip
Pennsylvania,1993,281703.7,23243,current USD millions,BEA_SAGDP2S,https://apps.bea.gov/regional/zip/SAGDP_SIC.zip
Pennsylvania,1994,296601.6,24379,current USD millions,BEA_SAGDP2S,https://apps.bea.gov/regional/zip/SAGDP_SIC.zip
Pennsylvania,1995,312989.4,25658,current USD millions,BEA_SAGDP2S,https://apps.bea.gov/regional/zip/SAGDP_SIC.zip
Pennsylvania,1996,325000.7,26595,current USD millions,BEA_SAGDP2S,https://apps.bea.gov/regional/zip/SAGDP_SIC.zip
Pennsylvania,1997,342661.8,28023,current USD millions,BEA_SAGDP2S,https://apps.bea.gov/regional/zip/SAGDP_SIC.zip
Rhode Island,1963,2685.6,3066,current USD millions,BEA_SAGDP2S,https://apps.bea.gov/regional/zip/SAGDP_SIC.zip
Rhode Island,1964,2880.9,3255,current USD millions,BEA_SAGDP2S,https://apps.bea.gov/regional/zip/SAGDP_SIC.zip
Rhode Island,1965,3157.2,3535,current USD millions,BEA_SAGDP2S,https://apps.bea.gov/regional/zip/SAGDP_SIC.zip
Rhode Island,1966,3470.4,3860,current USD millions,BEA_SAGDP2S,https://apps.bea.gov/regional/zip/SAGDP_SIC.zip
Rhode Island,1967,3631.0,3994,current USD millions,BEA_SAGDP2S,https://apps.bea.gov/regional/zip/SAGDP_SIC.zip
Rhode Island,1968,3911.9,4243,current USD millions,BEA_SAGDP2S,https://apps.bea.gov/regional/zip/SAGDP_SIC.zip
Rhode Island,1969,4112.6,4413,current USD millions,BEA_SAGDP2S,https://apps.bea.gov/regional/zip/SAGDP_SIC.zip
Rhode Island,1970,4310.8,4535,current USD millions,BEA_SAGDP2S,https://apps.bea.gov/regional/zip/SAGDP_SIC.zip
Rhode Island,1971,4599.0,4771,current USD millions,BEA_SAGDP2S,https://apps.bea.gov/regional/zip/SAGDP_SIC.zip
Rhode Island,1972,5113.6,5237,current USD millions,BEA_SAGDP2S,https://apps.bea.gov/regional/zip/SAGDP_SIC.zip
Rhode Island,1973,5418.3,5540,current USD millions,BEA_SAGDP2S,https://apps.bea.gov/regional/zip/SAGDP_SIC.zip
Rhode Island,1974,5599.2,5872,current USD millions,BEA_SAGDP2S,https://apps.bea.gov/regional/zip/SAGDP_SIC.zip
Rhode Island,1975,6002.4,6343,current USD millions,BEA_SAGDP2S,https://apps.bea.gov/regional/zip/SAGDP_SIC.zip
Rhode Island,1976,6527.5,6869,current USD millions,BEA_SAGDP2S,https://apps.bea.gov/regional/zip/SAGDP_SIC.zip
Rhode Island,1977,7244.6,7585,current USD millions,BEA_SAGDP2S,https://apps.bea.gov/regional/zip/SAGDP_SIC.zip
Rhode Island,1978,7974.6,8331,current USD millions,BEA_SAGDP2S,https://apps.bea.gov/regional/zip/SAGDP_SIC.zip
Rhode Island,1979,8844.6,9245,current USD millions,BEA_SAGDP2S,https://apps.bea.gov/regional/zip/SAGDP_SIC.zip
Rhode Island,1980,9626.2,10146,current USD millions,BEA_SAGDP2S,https://apps.bea.gov/regional/zip/SAGDP_SIC.zip
Rhode Island,1981,10729.5,11259,current USD millions,BEA_SAGDP2S,https://apps.bea.gov/regional/zip/SAGDP_SIC.zip
Rhode Island,1982,11420.2,11969,current USD millions,BEA_SAGDP2S,https://apps.bea.gov/regional/zip/SAGDP_SIC.zip
Rhode Island,1983,12323.2,12885,current USD millions,BEA_SAGDP2S,https://apps.bea.gov/regional/zip/SAGDP_SIC.zip
Rhode Island,1984,13800.6,14347,current USD millions,BEA_SAGDP2S,https://apps.bea.gov/regional/zip/SAGDP_SIC.zip
Rhode Island,1985,15222.5,15710,current USD millions,BEA_SAGDP2S,https://apps.bea.gov/regional/zip/SAGDP_SIC.zip
Rhode Island,1986,16621.5,17007,current USD millions,BEA_SAGDP2S,https://apps.bea.gov/regional/zip/SAGDP_SIC.zip
Rhode Island,1987,17890.6,18079,current USD millions,BEA_SAGDP2S,https://apps.bea.gov/regional/zip/SAGDP_SIC.zip
Rhode Island,1988,19738.4,19810,current USD millions,BEA_SAGDP2S,https://apps.bea.gov/regional/zip/SAGDP_SIC.zip
Rhode Island,1989,21058.5,21044,current USD millions,BEA_SAGDP2S,https://apps.bea.gov/regional/zip/SAGDP_SIC.zip
Rhode Island,1990,21663.9,21535,current USD millions,BEA_SAGDP2S,https://apps.bea.gov/regional/zip/SAGDP_SIC.zip
Rhode Island,1991,21737.8,21509,current USD millions,BEA_SAGDP2S,https://apps.bea.gov/regional/zip/SAGDP_SIC.zip
Rhode Island,1992,22665.2,22384,current USD millions,BEA_SAGDP2S,https://apps.bea.gov/regional/zip/SAGDP_SIC.zip
Rhode Island,1993,23566.4,23216,current USD millions,BEA_SAGDP2S,https://apps.bea.gov/regional/zip/SAGDP_SIC.zip
Rhode Island,1994,24353.7,23971,current USD millions,BEA_SAGDP2S,https://apps.bea.gov/regional/zip/SAGDP_SIC.zip
Rhode Island,1995,25549.8,25123,current USD millions,BEA_SAGDP2S,https://apps.bea.gov/regional/zip/SAGDP_SIC.zip
Rhode Island,1996,26453.7,25912,current USD millions,BEA_SAGDP2S,https://apps.bea.gov/regional/zip/SAGDP_SIC.zip
Rhode Island,1997,28717.4,28007,current USD millions,BEA_SAGDP2S,https://apps.bea.gov/regional/zip/SAGDP_SIC.zip
South Carolina,1963,5057.2,2056,current USD millions,BEA_SAGDP2S,https://apps.bea.gov/regional/zip/SAGDP_SIC.zip
South Carolina,1964,5544.0,2240,current USD millions,BEA_SAGDP2S,https://apps.bea.gov/regional/zip/SAGDP_SIC.zip
South Carolina,1965,6211.0,2490,current USD millions,BEA_SAGDP2S,https://apps.bea.gov/regional/zip/SAGDP_SIC.zip
South Carolina,1966,6941.3,2754,current USD millions,BEA_SAGDP2S,https://apps.bea.gov/regional/zip/SAGDP_SIC.zip
South Carolina,1967,7381.2,2914,current USD millions,BEA_SAGDP2S,https://apps.bea.gov/regional/zip/SAGDP_SIC.zip
South Carolina,1968,8170.0,3193,current USD millions,BEA_SAGDP2S,https://apps.bea.gov/regional/zip/SAGDP_SIC.zip
South Carolina,1969,8873.7,3453,current USD millions,BEA_SAGDP2S,https://apps.bea.gov/regional/zip/SAGDP_SIC.zip
South Carolina,1970,9555.8,3678,current USD millions,BEA_SAGDP2S,https://apps.bea.gov/regional/zip/SAGDP_SIC.zip
South Carolina,1971,10550.5,3964,current USD millions,BEA_SAGDP2S,https://apps.bea.gov/regional/zip/SAGDP_SIC.zip
South Carolina,1972,11897.4,4377,current USD millions,BEA_SAGDP2S,https://apps.bea.gov/regional/zip/SAGDP_SIC.zip
South Carolina,1973,13760.7,4958,current USD millions,BEA_SAGDP2S,https://apps.bea.gov/regional/zip/SAGDP_SIC.zip
South Carolina,1974,15312.3,5386,current USD millions,BEA_SAGDP2S,https://apps.bea.gov/regional/zip/SAGDP_SIC.zip
South Carolina,1975,16029.9,5527,current USD millions,BEA_SAGDP2S,https://apps.bea.gov/regional/zip/SAGDP_SIC.zip
South Carolina,1976,18177.0,6180,current USD millions,BEA_SAGDP2S,https://apps.bea.gov/regional/zip/SAGDP_SIC.zip
South Carolina,1977,20103.0,6726,current USD millions,BEA_SAGDP2S,https://apps.bea.gov/regional/zip/SAGDP_SIC.zip
South Carolina,1978,22976.3,7555,current USD millions,BEA_SAGDP2S,https://apps.bea.gov/regional/zip/SAGDP_SIC.zip
South Carolina,1979,25506.7,8263,current USD millions,BEA_SAGDP2S,https://apps.bea.gov/regional/zip/SAGDP_SIC.zip
South Carolina,1980,27606.6,8807,current USD millions,BEA_SAGDP2S,https://apps.bea.gov/regional/zip/SAGDP_SIC.zip
South Carolina,1981,31048.2,9766,current USD millions,BEA_SAGDP2S,https://apps.bea.gov/regional/zip/SAGDP_SIC.zip
South Carolina,1982,32353.3,10086,current USD millions,BEA_SAGDP2S,https://apps.bea.gov/regional/zip/SAGDP_SIC.zip
South Carolina,1983,35850.2,11085,current USD millions,BEA_SAGDP2S,https://apps.bea.gov/regional/zip/SAGDP_SIC.zip
South Carolina,1984,41202.9,12593,current USD millions,BEA_SAGDP2S,https://apps.bea.gov/regional/zip/SAGDP_SIC.zip
South Carolina,1985,43987.6,13317,current USD millions,BEA_SAGDP2S,https://apps.bea.gov/regional/zip/SAGDP_SIC.zip
South Carolina,1986,47748.4,14284,current USD millions,BEA_SAGDP2S,https://apps.bea.gov/regional/zip/SAGDP_SIC.zip
South Carolina,1987,52688.4,15586,current USD millions,BEA_SAGDP2S,https://apps.bea.gov/regional/zip/SAGDP_SIC.zip
South Carolina,1988,57328.6,16802,current USD millions,BEA_SAGDP2S,https://apps.bea.gov/regional/zip/SAGDP_SIC.zip
South Carolina,1989,61346.8,17747,current USD millions,BEA_SAGDP2S,https://apps.bea.gov/regional/zip/SAGDP_SIC.zip
South Carolina,1990,65156.9,18610,current USD millions,BEA_SAGDP2S,https://apps.bea.gov/regional/zip/SAGDP_SIC.zip
South Carolina,1991,68000.3,19046,current USD millions,BEA_SAGDP2S,https://apps.bea.gov/regional/zip/SAGDP_SIC.zip
South Carolina,1992,71848.0,19845,current USD millions,BEA_SAGDP2S,https://apps.bea.gov/regional/zip/SAGDP_SIC.zip
South Carolina,1993,76158.3,20789,current USD millions,BEA_SAGDP2S,https://apps.bea.gov/regional/zip/SAGDP_SIC.zip
South Carolina,1994,82061.5,22146,current USD millions,BEA_SAGDP2S,https://apps.bea.gov/regional/zip/SAGDP_SIC.zip
South Carolina,1995,87247.7,23275,current USD millions,BEA_SAGDP2S,https://apps.bea.gov/regional/zip/SAGDP_SIC.zip
South Carolina,1996,90754.8,23907,current USD millions,BEA_SAGDP2S,https://apps.bea.gov/regional/zip/SAGDP_SIC.zip
South Carolina,1997,96465.0,24993,current USD millions,BEA_SAGDP2S,https://apps.bea.gov/regional/zip/SAGDP_SIC.zip
South Dakota,1963,1609.5,2273,current USD millions,BEA_SAGDP2S,https://apps.bea.gov/regional/zip/SAGDP_SIC.zip
South Dakota,1964,1596.8,2278,current USD millions,BEA_SAGDP2S,https://apps.bea.gov/regional/zip/SAGDP_SIC.zip
South Dakota,1965,1762.7,2547,current USD millions,BEA_SAGDP2S,https://apps.bea.gov/regional/zip/SAGDP_SIC.zip
South Dakota,1966,1919.1,2810,current USD millions,BEA_SAGDP2S,https://apps.bea.gov/regional/zip/SAGDP_SIC.zip
South Dakota,1967,1960.2,2921,current USD millions,BEA_SAGDP2S,https://apps.bea.gov/regional/zip/SAGDP_SIC.zip
South Dakota,1968,2092.6,3128,current USD millions,BEA_SAGDP2S,https://apps.bea.gov/regional/zip/SAGDP_SIC.zip
South Dakota,1969,2272.8,3402,current USD millions,BEA_SAGDP2S,https://apps.bea.gov/regional/zip/SAGDP_SIC.zip
South Dakota,1970,2437.5,3656,current USD millions,BEA_SAGDP2S,https://apps.bea.gov/regional/zip/SAGDP_SIC.zip
South Dakota,1971,2656.1,3956,current USD millions,BEA_SAGDP2S,https://apps.bea.gov/regional/zip/SAGDP_SIC.zip
South Dakota,1972,3046.4,4497,current USD millions,BEA_SAGDP2S,https://apps.bea.gov/regional/zip/SAGDP_SIC.zip
South Dakota,1973,3957.5,5829,current USD millions,BEA_SAGDP2S,https://apps.bea.gov/regional/zip/SAGDP_SIC.zip
South Dakota,1974,3966.4,5834,current USD millions,BEA_SAGDP2S,https://apps.bea.gov/regional/zip/SAGDP_SIC.zip
South Dakota,1975,4400.1,6457,current USD millions,BEA_SAGDP2S,https://apps.bea.gov/regional/zip/SAGDP_SIC.zip
South Dakota,1976,4645.5,6764,current USD millions,BEA_SAGDP2S,https://apps.bea.gov/regional/zip/SAGDP_SIC.zip
South Dakota,1977,5116.2,7426,current USD millions,BEA_SAGDP2S,https://apps.bea.gov/regional/zip/SAGDP_SIC.zip
South Dakota,1978,5971.3,8663,current USD millions,BEA_SAGDP2S,https://apps.bea.gov/regional/zip/SAGDP_SIC.zip
South Dakota,1979,6715.9,9747,current USD millions,BEA_SAGDP2S,https://apps.bea.gov/regional/zip/SAGDP_SIC.zip
South Dakota,1980,6760.0,9785,current USD millions,BEA_SAGDP2S,https://apps.bea.gov/regional/zip/SAGDP_SIC.zip
South Dakota,1981,7661.1,11110,current USD millions,BEA_SAGDP2S,https://apps.bea.gov/regional/zip/SAGDP_SIC.zip
South Dakota,1982,7709.0,11163,current USD millions,BEA_SAGDP2S,https://apps.bea.gov/regional/zip/SAGDP_SIC.zip
South Dakota,1983,8123.0,11721,current USD millions,BEA_SAGDP2S,https://apps.bea.gov/regional/zip/SAGDP_SIC.zip
South Dakota,1984,9194.0,13186,current USD millions,BEA_SAGDP2S,https://apps.bea.gov/regional/zip/SAGDP_SIC.zip
South Dakota,1985,9588.0,13728,current USD millions,BEA_SAGDP2S,https://apps.bea.gov/regional/zip/SAGDP_SIC.zip
South Dakota,1986,10066.7,14463,current USD millions,BEA_SAGDP2S,https://apps.bea.gov/regional/zip/SAGDP_SIC.zip
South Dakota,1987,10669.3,15329,current USD millions,BEA_SAGDP2S,https://apps.bea.gov/regional/zip/SAGDP_SIC.zip
South Dakota,1988,11172.7,16003,current USD millions,BEA_SAGDP2S,https://apps.bea.gov/regional/zip/SAGDP_SIC.zip
South Dakota,1989,11790.1,16923,current USD millions,BEA_SAGDP2S,https://apps.bea.gov/regional/zip/SAGDP_SIC.zip
South Dakota,1990,12770.3,18319,current USD millions,BEA_SAGDP2S,https://apps.bea.gov/regional/zip/SAGDP_SIC.zip
South Dakota,1991,13736.1,19521,current USD millions,BEA_SAGDP2S,https://apps.bea.gov/regional/zip/SAGDP_SIC.zip
South Dakota,1992,14885.5,20883,current USD millions,BEA_SAGDP2S,https://apps.bea.gov/regional/zip/SAGDP_SIC.zip
South Dakota,1993,16104.5,22300,current USD millions,BEA_SAGDP2S,https://apps.bea.gov/regional/zip/SAGDP_SIC.zip
South Dakota,1994,17329.6,23714,current USD millions,BEA_SAGDP2S,https://apps.bea.gov/regional/zip/SAGDP_SIC.zip
South Dakota,1995,18053.8,24466,current USD millions,BEA_SAGDP2S,https://apps.bea.gov/regional/zip/SAGDP_SIC.zip
South Dakota,1996,19418.7,26163,current USD millions,BEA_SAGDP2S,https://apps.bea.gov/regional/zip/SAGDP_SIC.zip
South Dakota,1997,19764.6,26557,current USD millions,BEA_SAGDP2S,https://apps.bea.gov/regional/zip/SAGDP_SIC.zip
Tennessee,1963,9055.3,2436,current USD millions,BEA_SAGDP2S,https://apps.bea.gov/regional/zip/SAGDP_SIC.zip
Tennessee,1964,9758.0,2588,current USD millions,BEA_SAGDP2S,https://apps.bea.gov/regional/zip/SAGDP_SIC.zip
Tennessee,1965,10820.1,2849,current USD millions,BEA_SAGDP2S,https://apps.bea.gov/regional/zip/SAGDP_SIC.zip
Tennessee,1966,11979.7,3134,current USD millions,BEA_SAGDP2S,https://apps.bea.gov/regional/zip/SAGDP_SIC.zip
Tennessee,1967,12598.4,3265,current USD millions,BEA_SAGDP2S,https://apps.bea.gov/regional/zip/SAGDP_SIC.zip
Tennessee,1968,13974.5,3604,current USD millions,BEA_SAGDP2S,https://apps.bea.gov/regional/zip/SAGDP_SIC.zip
Tennessee,1969,15167.2,3892,current USD millions,BEA_SAGDP2S,https://apps.bea.gov/regional/zip/SAGDP_SIC.zip
Tennessee,1970,16099.9,4089,current USD millions,BEA_SAGDP2S,https://apps.bea.gov/regional/zip/SAGDP_SIC.zip
Tennessee,1971,17867.2,4455,current USD millions,BEA_SAGDP2S,https://apps.bea.gov/regional/zip/SAGDP_SIC.zip
Tennessee,1972,20325.5,4971,current USD millions,BEA_SAGDP2S,https://apps.bea.gov/regional/zip/SAGDP_SIC.zip
Tennessee,1973,23150.3,5594,current USD millions,BEA_SAGDP2S,https://apps.bea.gov/regional/zip/SAGDP_SIC.zip
Tennessee,1974,25105.9,5975,current USD millions,BEA_SAGDP2S,https://apps.bea.gov/regional/zip/SAGDP_SIC.zip
Tennessee,1975,26645.5,6254,current USD millions,BEA_SAGDP2S,https://apps.bea.gov/regional/zip/SAGDP_SIC.zip
Tennessee,1976,30549.0,7057,current USD millions,BEA_SAGDP2S,https://apps.bea.gov/regional/zip/SAGDP_SIC.zip
Tennessee,1977,33598.1,7633,current USD millions,BEA_SAGDP2S,https://apps.bea.gov/regional/zip/SAGDP_SIC.zip
Tennessee,1978,38181.6,8558,current USD millions,BEA_SAGDP2S,https://apps.bea.gov/regional/zip/SAGDP_SIC.zip
Tennessee,1979,42194.0,9308,current USD millions,BEA_SAGDP2S,https://apps.bea.gov/regional/zip/SAGDP_SIC.zip
Tennessee,1980,44972.4,9776,current USD millions,BEA_SAGDP2S,https://apps.bea.gov/regional/zip/SAGDP_SIC.zip
Tennessee,1981,50264.9,10862,current USD millions,BEA_SAGDP2S,https://apps.bea.gov/regional/zip/SAGDP_SIC.zip
Tennessee,1982,52044.8,11202,current USD millions,BEA_SAGDP2S,https://apps.bea.gov/regional/zip/SAGDP_SIC.zip
Tennessee,1983,57073.1,12248,current USD millions,BEA_SAGDP2S,https://apps.bea.gov/regional/zip/SAGDP_SIC.zip
Tennessee,1984,63982.5,13652,current USD millions,BEA_SAGDP2S,https://apps.bea.gov/regional/zip/SAGDP_SIC.zip
Tennessee,1985,68425.5,14511,current USD millions,BEA_SAGDP2S,https://apps.bea.gov/regional/zip/SAGDP_SIC.zip
Tennessee,1986,73288.2,15466,current USD millions,BEA_SAGDP2S,https://apps.bea.gov/regional/zip/SAGDP_SIC.zip
Tennessee,1987,80715.0,16876,current USD millions,BEA_SAGDP2S,https://apps.bea.gov/regional/zip/SAGDP_SIC.zip
Tennessee,1988,87355.8,18114,current USD millions,BEA_SAGDP2S,https://apps.bea.gov/regional/zip/SAGDP_SIC.zip
Tennessee,1989,91579.2,18865,current USD millions,BEA_SAGDP2S,https://apps.bea.gov/regional/zip/SAGDP_SIC.zip
Tennessee,1990,94086.7,19223,current USD millions,BEA_SAGDP2S,https://apps.bea.gov/regional/zip/SAGDP_SIC.zip
Tennessee,1991,101208.4,20378,current USD millions,BEA_SAGDP2S,https://apps.bea.gov/regional/zip/SAGDP_SIC.zip
Tennessee,1992,111660.4,22112,current USD millions,BEA_SAGDP2S,https://apps.bea.gov/regional/zip/SAGDP_SIC.zip
Tennessee,1993,119567.6,23273,current USD millions,BEA_SAGDP2S,https://apps.bea.gov/regional/zip/SAGDP_SIC.zip
Tennessee,1994,129895.2,24830,current USD millions,BEA_SAGDP2S,https://apps.bea.gov/regional/zip/SAGDP_SIC.zip
Tennessee,1995,137061.2,25730,current USD millions,BEA_SAGDP2S,https://apps.bea.gov/regional/zip/SAGDP_SIC.zip
Tennessee,1996,143162.6,26430,current USD millions,BEA_SAGDP2S,https://apps.bea.gov/regional/zip/SAGDP_SIC.zip
Tennessee,1997,152687.3,27765,current USD millions,BEA_SAGDP2S,https://apps.bea.gov/regional/zip/SAGDP_SIC.zip
Texas,1963,29251.8,2879,current USD millions,BEA_SAGDP2S,https://apps.bea.gov/regional/zip/SAGDP_SIC.zip
Texas,1964,31355.6,3053,current USD millions,BEA_SAGDP2S,https://apps.bea.gov/regional/zip/SAGDP_SIC.zip
Texas,1965,33857.7,3262,current USD millions,BEA_SAGDP2S,https://apps.bea.gov/regional/zip/SAGDP_SIC.zip
Texas,1966,36773.7,3505,current USD millions,BEA_SAGDP2S,https://apps.bea.gov/regional/zip/SAGDP_SIC.zip
Texas,1967,39906.7,3765,current USD millions,BEA_SAGDP2S,https://apps.bea.gov/regional/zip/SAGDP_SIC.zip
Texas,1968,44484.5,4112,current USD millions,BEA_SAGDP2S,https://apps.bea.gov/regional/zip/SAGDP_SIC.zip
Texas,1969,48575.3,4398,current USD millions,BEA_SAGDP2S,https://apps.bea.gov/regional/zip/SAGDP_SIC.zip
Texas,1970,52314.3,4656,current USD millions,BEA_SAGDP2S,https://apps.bea.gov/regional/zip/SAGDP_SIC.zip
Texas,1971,57343.8,4982,current USD millions,BEA_SAGDP2S,https://apps.bea.gov/regional/zip/SAGDP_SIC.zip
Texas,1972,64018.6,5444,current USD millions,BEA_SAGDP2S,https://apps.bea.gov/regional/zip/SAGDP_SIC.zip
Texas,1973,73839.8,6144,current USD millions,BEA_SAGDP2S,https://apps.bea.gov/regional/zip/SAGDP_SIC.zip
Texas,1974,85387.3,6960,current USD millions,BEA_SAGDP2S,https://apps.bea.gov/regional/zip/SAGDP_SIC.zip
Texas,1975,98803.8,7861,current USD millions,BEA_SAGDP2S,https://apps.bea.gov/regional/zip/SAGDP_SIC.zip
Texas,1976,113757.5,8816,current USD millions,BEA_SAGDP2S,https://apps.bea.gov/regional/zip/SAGDP_SIC.zip
Texas,1977,130404.4,9885,current USD millions,BEA_SAGDP2S,https://apps.bea.gov/regional/zip/SAGDP_SIC.zip
Texas,1978,149091.0,11046,current USD millions,BEA_SAGDP2S,https://apps.bea.gov/regional/zip/SAGDP_SIC.zip
Texas,1979,171607.6,12357,current USD millions,BEA_SAGDP2S,https://apps.bea.gov/regional/zip/SAGDP_SIC.zip
Texas,1980,203072.5,14163,current USD millions,BEA_SAGDP2S,https://apps.bea.gov/regional/zip/SAGDP_SIC.zip
Texas,1981,245235.4,16630,current USD millions,BEA_SAGDP2S,https://apps.bea.gov/regional/zip/SAGDP_SIC.zip
Texas,1982,260085.1,16964,current USD millions,BEA_SAGDP2S,https://apps.bea.gov/regional/zip/SAGDP_SIC.zip
Texas,1983,264882.7,16816,current USD millions,BEA_SAGDP2S,https://apps.bea.gov/regional/zip/SAGDP_SIC.zip
Texas,1984,288636.7,18032,current USD millions,BEA_SAGDP2S,https://apps.bea.gov/regional/zip/SAGDP_SIC.zip
Texas,1985,307223.6,18880,current USD millions,BEA_SAGDP2S,https://apps.bea.gov/regional/zip/SAGDP_SIC.zip
Texas,1986,295720.7,17856,current USD millions,BEA_SAGDP2S,https://apps.bea.gov/regional/zip/SAGDP_SIC.zip
Texas,1987,300667.1,18089,current USD millions,BEA_SAGDP2S,https://apps.bea.gov/regional/zip/SAGDP_SIC.zip
Texas,1988,327354.0,19641,current USD millions,BEA_SAGDP2S,https://apps.bea.gov/regional/zip/SAGDP_SIC.zip
Texas,1989,349951.9,20822,current USD millions,BEA_SAGDP2S,https://apps.bea.gov/regional/zip/SAGDP_SIC.zip
Texas,1990,378943.1,22217,current USD millions,BEA_SAGDP2S,https://apps.bea.gov/regional/zip/SAGDP_SIC.zip
Texas,1991,393573.9,22622,current USD millions,BEA_SAGDP2S,https://apps.bea.gov/regional/zip/SAGDP_SIC.zip
Texas,1992,416401.3,23446,current USD millions,BEA_SAGDP2S,https://apps.bea.gov/regional/zip/SAGDP_SIC.zip
Texas,1993,443775.4,24435,current USD millions,BEA_SAGDP2S,https://apps.bea.gov/regional/zip/SAGDP_SIC.zip
Texas,1994,475989.7,25640,current USD millions,BEA_SAGDP2S,https://apps.bea.gov/regional/zip/SAGDP_SIC.zip
Texas,1995,507725.3,26781,current USD millions,BEA_SAGDP2S,https://apps.bea.gov/regional/zip/SAGDP_SIC.zip
Texas,1996,551512.5,28516,current USD millions,BEA_SAGDP2S,https://apps.bea.gov/regional/zip/SAGDP_SIC.zip
Texas,1997,606982.2,30748,current USD millions,BEA_SAGDP2S,https://apps.bea.gov/regional/zip/SAGDP_SIC.zip
United States,1963,607007.8,3221,current USD millions,BEA_SAGDP2S,https://apps.bea.gov/regional/zip/SAGDP_SIC.zip
United States,1964,650513.0,3404,current USD millions,BEA_SAGDP2S,https://apps.bea.gov/regional/zip/SAGDP_SIC.zip
United States,1965,704697.1,3643,current USD millions,BEA_SAGDP2S,https://apps.bea.gov/regional/zip/SAGDP_SIC.zip
United States,1966,767075.0,3924,current USD millions,BEA_SAGDP2S,https://apps.bea.gov/regional/zip/SAGDP_SIC.zip
United States,1967,811782.2,4113,current USD millions,BEA_SAGDP2S,https://apps.bea.gov/regional/zip/SAGDP_SIC.zip
United States,1968,887568.5,4453,current USD millions,BEA_SAGDP2S,https://apps.bea.gov/regional/zip/SAGDP_SIC.zip
United States,1969,962901.7,4783,current USD millions,BEA_SAGDP2S,https://apps.bea.gov/regional/zip/SAGDP_SIC.zip
United States,1970,1012299.3,4967,current USD millions,BEA_SAGDP2S,https://apps.bea.gov/regional/zip/SAGDP_SIC.zip
United States,1971,1097173.4,5305,current USD millions,BEA_SAGDP2S,https://apps.bea.gov/regional/zip/SAGDP_SIC.zip
United States,1972,1210292.4,5783,current USD millions,BEA_SAGDP2S,https://apps.bea.gov/regional/zip/SAGDP_SIC.zip
United States,1973,1356499.7,6418,current USD millions,BEA_SAGDP2S,https://apps.bea.gov/regional/zip/SAGDP_SIC.zip
United States,1974,1472024.2,6900,current USD millions,BEA_SAGDP2S,https://apps.bea.gov/regional/zip/SAGDP_SIC.zip
United States,1975,1602227.6,7436,current USD millions,BEA_SAGDP2S,https://apps.bea.gov/regional/zip/SAGDP_SIC.zip
United States,1976,1780497.3,8184,current USD millions,BEA_SAGDP2S,https://apps.bea.gov/regional/zip/SAGDP_SIC.zip
United States,1977,1986407.7,9039,current USD millions,BEA_SAGDP2S,https://apps.bea.gov/regional/zip/SAGDP_SIC.zip
United States,1978,2243230.1,10100,current USD millions,BEA_SAGDP2S,https://apps.bea.gov/regional/zip/SAGDP_SIC.zip
United States,1979,2489416.5,11085,current USD millions,BEA_SAGDP2S,https://apps.bea.gov/regional/zip/SAGDP_SIC.zip
United States,1980,2713932.7,11944,current USD millions,BEA_SAGDP2S,https://apps.bea.gov/regional/zip/SAGDP_SIC.zip
United States,1981,3057318.1,13324,current USD millions,BEA_SAGDP2S,https://apps.bea.gov/regional/zip/SAGDP_SIC.zip
United States,1982,3211369.7,13862,current USD millions,BEA_SAGDP2S,https://apps.bea.gov/regional/zip/SAGDP_SIC.zip
United States,1983,3445371.9,14737,current USD millions,BEA_SAGDP2S,https://apps.bea.gov/regional/zip/SAGDP_SIC.zip
United States,1984,3853668.0,16341,current USD millions,BEA_SAGDP2S,https://apps.bea.gov/regional/zip/SAGDP_SIC.zip
United States,1985,4126663.9,17344,current USD millions,BEA_SAGDP2S,https://apps.bea.gov/regional/zip/SAGDP_SIC.zip
United States,1986,4340812.6,18077,current USD millions,BEA_SAGDP2S,https://apps.bea.gov/regional/zip/SAGDP_SIC.zip
United States,1987,4649020.4,19188,current USD millions,BEA_SAGDP2S,https://apps.bea.gov/regional/zip/SAGDP_SIC.zip
United States,1988,5053003.3,20667,current USD millions,BEA_SAGDP2S,https://apps.bea.gov/regional/zip/SAGDP_SIC.zip
United States,1989,5366079.6,21741,current USD millions,BEA_SAGDP2S,https://apps.bea.gov/regional/zip/SAGDP_SIC.zip
United States,1990,5651746.7,22641,current USD millions,BEA_SAGDP2S,https://apps.bea.gov/regional/zip/SAGDP_SIC.zip
United States,1991,5842664.7,23095,current USD millions,BEA_SAGDP2S,https://apps.bea.gov/regional/zip/SAGDP_SIC.zip
United States,1992,6167644.2,24044,current USD millions,BEA_SAGDP2S,https://apps.bea.gov/regional/zip/SAGDP_SIC.zip
United States,1993,6467697.5,24884,current USD millions,BEA_SAGDP2S,https://apps.bea.gov/regional/zip/SAGDP_SIC.zip
United States,1994,6912843.5,26272,current USD millions,BEA_SAGDP2S,https://apps.bea.gov/regional/zip/SAGDP_SIC.zip
United States,1995,7299371.5,27413,current USD millions,BEA_SAGDP2S,https://apps.bea.gov/regional/zip/SAGDP_SIC.zip
United States,1996,7749965.4,28768,current USD millions,BEA_SAGDP2S,https://apps.bea.gov/regional/zip/SAGDP_SIC.zip
United States,1997,8284431.7,30385,current USD millions,BEA_SAGDP2S,https://apps.bea.gov/regional/zip/SAGDP_SIC.zip
Utah,1963,2997.6,3078,current USD millions,BEA_SAGDP2S,https://apps.bea.gov/regional/zip/SAGDP_SIC.zip
Utah,1964,3078.3,3148,current USD millions,BEA_SAGDP2S,https://apps.bea.gov/regional/zip/SAGDP_SIC.zip
Utah,1965,3207.0,3226,current USD millions,BEA_SAGDP2S,https://apps.bea.gov/regional/zip/SAGDP_SIC.zip
Utah,1966,3409.4,3379,current USD millions,BEA_SAGDP2S,https://apps.bea.gov/regional/zip/SAGDP_SIC.zip
Utah,1967,3487.7,3423,current USD millions,BEA_SAGDP2S,https://apps.bea.gov/regional/zip/SAGDP_SIC.zip
Utah,1968,3724.3,3619,current USD millions,BEA_SAGDP2S,https://apps.bea.gov/regional/zip/SAGDP_SIC.zip
Utah,1969,4036.0,3855,current USD millions,BEA_SAGDP2S,https://apps.bea.gov/regional/zip/SAGDP_SIC.zip
Utah,1970,4448.4,4174,current USD millions,BEA_SAGDP2S,https://apps.bea.gov/regional/zip/SAGDP_SIC.zip
Utah,1971,4936.4,4485,current USD millions,BEA_SAGDP2S,https://apps.bea.gov/regional/zip/SAGDP_SIC.zip
Utah,1972,5603.6,4939,current USD millions,BEA_SAGDP2S,https://apps.bea.gov/regional/zip/SAGDP_SIC.zip
Utah,1973,6472.5,5538,current USD millions,BEA_SAGDP2S,https://apps.bea.gov/regional/zip/SAGDP_SIC.zip
Utah,1974,7348.4,6130,current USD millions,BEA_SAGDP2S,https://apps.bea.gov/regional/zip/SAGDP_SIC.zip
Utah,1975,8185.9,6634,current USD millions,BEA_SAGDP2S,https://apps.bea.gov/regional/zip/SAGDP_SIC.zip
Utah,1976,9299.8,7309,current USD millions,BEA_SAGDP2S,https://apps.bea.gov/regional/zip/SAGDP_SIC.zip
Utah,1977,10381.3,7886,current USD millions,BEA_SAGDP2S,https://apps.bea.gov/regional/zip/SAGDP_SIC.zip
Utah,1978,11998.0,8795,current USD millions,BEA_SAGDP2S,https://apps.bea.gov/regional/zip/SAGDP_SIC.zip
Utah,1979,13708.7,9681,current USD millions,BEA_SAGDP2S,https://apps.bea.gov/regional/zip/SAGDP_SIC.zip
Utah,1980,15311.1,10397,current USD millions,BEA_SAGDP2S,https://apps.bea.gov/regional/zip/SAGDP_SIC.zip
Utah,1981,17319.7,11429,current USD millions,BEA_SAGDP2S,https://apps.bea.gov/regional/zip/SAGDP_SIC.zip
Utah,1982,18365.5,11785,current USD millions,BEA_SAGDP2S,https://apps.bea.gov/regional/zip/SAGDP_SIC.zip
Utah,1983,19751.9,12384,current USD millions,BEA_SAGDP2S,https://apps.bea.gov/regional/zip/SAGDP_SIC.zip
Utah,1984,22147.1,13651,current USD millions,BEA_SAGDP2S,https://apps.bea.gov/regional/zip/SAGDP_SIC.zip
Utah,1985,24082.9,14659,current USD millions,BEA_SAGDP2S,https://apps.bea.gov/regional/zip/SAGDP_SIC.zip
Utah,1986,24282.1,14603,current USD millions,BEA_SAGDP2S,https://apps.bea.gov/regional/zip/SAGDP_SIC.zip
Utah,1987,25100.0,14957,current USD millions,BEA_SAGDP2S,https://apps.bea.gov/regional/zip/SAGDP_SIC.zip
Utah,1988,27324.7,16174,current USD millions,BEA_SAGDP2S,https://apps.bea.gov/regional/zip/SAGDP_SIC.zip
Utah,1989,28668.2,16806,current USD millions,BEA_SAGDP2S,https://apps.bea.gov/regional/zip/SAGDP_SIC.zip
Utah,1990,31249.3,18050,current USD millions,BEA_SAGDP2S,https://apps.bea.gov/regional/zip/SAGDP_SIC.zip
Utah,1991,33501.0,18823,current USD millions,BEA_SAGDP2S,https://apps.bea.gov/regional/zip/SAGDP_SIC.zip
Utah,1992,35602.3,19383,current USD millions,BEA_SAGDP2S,https://apps.bea.gov/regional/zip/SAGDP_SIC.zip
Utah,1993,38631.4,20349,current USD millions,BEA_SAGDP2S,https://apps.bea.gov/regional/zip/SAGDP_SIC.zip
Utah,1994,42591.1,21725,current USD millions,BEA_SAGDP2S,https://apps.bea.gov/regional/zip/SAGDP_SIC.zip
Utah,1995,46746.4,23209,current USD millions,BEA_SAGDP2S,https://apps.bea.gov/regional/zip/SAGDP_SIC.zip
Utah,1996,52016.0,25153,current USD millions,BEA_SAGDP2S,https://apps.bea.gov/regional/zip/SAGDP_SIC.zip
Utah,1997,55211.9,26046,current USD millions,BEA_SAGDP2S,https://apps.bea.gov/regional/zip/SAGDP_SIC.zip
Vermont,1963,993.4,2502,current USD millions,BEA_SAGDP2S,https://apps.bea.gov/regional/zip/SAGDP_SIC.zip
Vermont,1964,1089.6,2731,current USD millions,BEA_SAGDP2S,https://apps.bea.gov/regional/zip/SAGDP_SIC.zip
Vermont,1965,1208.2,2991,current USD millions,BEA_SAGDP2S,https://apps.bea.gov/regional/zip/SAGDP_SIC.zip
Vermont,1966,1435.1,3475,current USD millions,BEA_SAGDP2S,https://apps.bea.gov/regional/zip/SAGDP_SIC.zip
Vermont,1967,1504.8,3557,current USD millions,BEA_SAGDP2S,https://apps.bea.gov/regional/zip/SAGDP_SIC.zip
Vermont,1968,1627.8,3786,current USD millions,BEA_SAGDP2S,https://apps.bea.gov/regional/zip/SAGDP_SIC.zip
Vermont,1969,1797.9,4114,current USD millions,BEA_SAGDP2S,https://apps.bea.gov/regional/zip/SAGDP_SIC.zip
Vermont,1970,1979.7,4436,current USD millions,BEA_SAGDP2S,https://apps.bea.gov/regional/zip/SAGDP_SIC.zip
Vermont,1971,2121.9,4670,current USD millions,BEA_SAGDP2S,https://apps.bea.gov/regional/zip/SAGDP_SIC.zip
Vermont,1972,2294.3,4953,current USD millions,BEA_SAGDP2S,https://apps.bea.gov/regional/zip/SAGDP_SIC.zip
Vermont,1973,2482.5,5298,current USD millions,BEA_SAGDP2S,https://apps.bea.gov/regional/zip/SAGDP_SIC.zip
Vermont,1974,2577.2,5447,current USD millions,BEA_SAGDP2S,https://apps.bea.gov/regional/zip/SAGDP_SIC.zip
Vermont,1975,2807.3,5850,current USD millions,BEA_SAGDP2S,https://apps.bea.gov/regional/zip/SAGDP_SIC.zip
Vermont,1976,3222.3,6642,current USD millions,BEA_SAGDP2S,https://apps.bea.gov/regional/zip/SAGDP_SIC.zip
Vermont,1977,3346.7,6800,current USD millions,BEA_SAGDP2S,https://apps.bea.gov/regional/zip/SAGDP_SIC.zip
Vermont,1978,3941.8,7911,current USD millions,BEA_SAGDP2S,https://apps.bea.gov/regional/zip/SAGDP_SIC.zip
Vermont,1979,4398.6,8698,current USD millions,BEA_SAGDP2S,https://apps.bea.gov/regional/zip/SAGDP_SIC.zip
Vermont,1980,4855.7,9474,current USD millions,BEA_SAGDP2S,https://apps.bea.gov/regional/zip/SAGDP_SIC.zip
Vermont,1981,5435.9,10543,current USD millions,BEA_SAGDP2S,https://apps.bea.gov/regional/zip/SAGDP_SIC.zip
Vermont,1982,5755.1,11087,current USD millions,BEA_SAGDP2S,https://apps.bea.gov/regional/zip/SAGDP_SIC.zip
Vermont,1983,6268.9,11980,current USD millions,BEA_SAGDP2S,https://apps.bea.gov/regional/zip/SAGDP_SIC.zip
Vermont,1984,6895.3,13093,current USD millions,BEA_SAGDP2S,https://apps.bea.gov/regional/zip/SAGDP_SIC.zip
Vermont,1985,7524.2,14196,current USD millions,BEA_SAGDP2S,https://apps.bea.gov/regional/zip/SAGDP_SIC.zip
Vermont,1986,8168.6,15295,current USD millions,BEA_SAGDP2S,https://apps.bea.gov/regional/zip/SAGDP_SIC.zip
Vermont,1987,9156.6,16948,current USD millions,BEA_SAGDP2S,https://apps.bea.gov/regional/zip/SAGDP_SIC.zip
Vermont,1988,10259.3,18661,current USD millions,BEA_SAGDP2S,https://apps.bea.gov/regional/zip/SAGDP_SIC.zip
Vermont,1989,11120.3,19939,current USD millions,BEA_SAGDP2S,https://apps.bea.gov/regional/zip/SAGDP_SIC.zip
Vermont,1990,11673.6,20669,current USD millions,BEA_SAGDP2S,https://apps.bea.gov/regional/zip/SAGDP_SIC.zip
Vermont,1991,11732.6,20634,current USD millions,BEA_SAGDP2S,https://apps.bea.gov/regional/zip/SAGDP_SIC.zip
Vermont,1992,12538.3,21891,current USD millions,BEA_SAGDP2S,https://apps.bea.gov/regional/zip/SAGDP_SIC.zip
Vermont,1993,13026.9,22548,current USD millions,BEA_SAGDP2S,https://apps.bea.gov/regional/zip/SAGDP_SIC.zip
Vermont,1994,13689.2,23447,current USD millions,BEA_SAGDP2S,https://apps.bea.gov/regional/zip/SAGDP_SIC.zip
Vermont,1995,13891.4,23585,current USD millions,BEA_SAGDP2S,https://apps.bea.gov/regional/zip/SAGDP_SIC.zip
Vermont,1996,14672.4,24713,current USD millions,BEA_SAGDP2S,https://apps.bea.gov/regional/zip/SAGDP_SIC.zip
Vermont,1997,15521.1,25988,current USD millions,BEA_SAGDP2S,https://apps.bea.gov/regional/zip/SAGDP_SIC.zip
Virginia,1963,11681.9,2732,current USD millions,BEA_SAGDP2S,https://apps.bea.gov/regional/zip/SAGDP_SIC.zip
Virginia,1964,12712.6,2918,current USD millions,BEA_SAGDP2S,https://apps.bea.gov/regional/zip/SAGDP_SIC.zip
Virginia,1965,13666.0,3098,current USD millions,BEA_SAGDP2S,https://apps.bea.gov/regional/zip/SAGDP_SIC.zip
Virginia,1966,14903.8,3345,current USD millions,BEA_SAGDP2S,https://apps.bea.gov/regional/zip/SAGDP_SIC.zip
Virginia,1967,15924.9,3533,current USD millions,BEA_SAGDP2S,https://apps.bea.gov/regional/zip/SAGDP_SIC.zip
Virginia,1968,17692.5,3882,current USD millions,BEA_SAGDP2S,https://apps.bea.gov/regional/zip/SAGDP_SIC.zip
Virginia,1969,19638.0,4256,current USD millions,BEA_SAGDP2S,https://apps.bea.gov/regional/zip/SAGDP_SIC.zip
Virginia,1970,21048.4,4517,current USD millions,BEA_SAGDP2S,https://apps.bea.gov/regional/zip/SAGDP_SIC.zip
Virginia,1971,23157.3,4872,current USD millions,BEA_SAGDP2S,https://apps.bea.gov/regional/zip/SAGDP_SIC.zip
Virginia,1972,26063.8,5398,current USD millions,BEA_SAGDP2S,https://apps.bea.gov/regional/zip/SAGDP_SIC.zip
Virginia,1973,29450.0,6002,current USD millions,BEA_SAGDP2S,https://apps.bea.gov/regional/zip/SAGDP_SIC.zip
Virginia,1974,32427.8,6514,current USD millions,BEA_SAGDP2S,https://apps.bea.gov/regional/zip/SAGDP_SIC.zip
Virginia,1975,35067.0,6935,current USD millions,BEA_SAGDP2S,https://apps.bea.gov/regional/zip/SAGDP_SIC.zip
Virginia,1976,39574.2,7710,current USD millions,BEA_SAGDP2S,https://apps.bea.gov/regional/zip/SAGDP_SIC.zip
Virginia,1977,43218.8,8302,current USD millions,BEA_SAGDP2S,https://apps.bea.gov/regional/zip/SAGDP_SIC.zip
Virginia,1978,48379.1,9156,current USD millions,BEA_SAGDP2S,https://apps.bea.gov/regional/zip/SAGDP_SIC.zip
Virginia,1979,53397.8,10029,current USD millions,BEA_SAGDP2S,https://apps.bea.gov/regional/zip/SAGDP_SIC.zip
Virginia,1980,58668.7,10929,current USD millions,BEA_SAGDP2S,https://apps.bea.gov/regional/zip/SAGDP_SIC.zip
Virginia,1981,66178.6,12156,current USD millions,BEA_SAGDP2S,https://apps.bea.gov/regional/zip/SAGDP_SIC.zip
Virginia,1982,71465.1,13011,current USD millions,BEA_SAGDP2S,https://apps.bea.gov/regional/zip/SAGDP_SIC.zip
Virginia,1983,79438.9,14276,current USD millions,BEA_SAGDP2S,https://apps.bea.gov/regional/zip/SAGDP_SIC.zip
Virginia,1984,89767.8,15905,current USD millions,BEA_SAGDP2S,https://apps.bea.gov/regional/zip/SAGDP_SIC.zip
Virginia,1985,97966.7,17142,current USD millions,BEA_SAGDP2S,https://apps.bea.gov/regional/zip/SAGDP_SIC.zip
Virginia,1986,107347.9,18471,current USD millions,BEA_SAGDP2S,https://apps.bea.gov/regional/zip/SAGDP_SIC.zip
Virginia,1987,117602.8,19824,current USD millions,BEA_SAGDP2S,https://apps.bea.gov/regional/zip/SAGDP_SIC.zip
Virginia,1988,128087.7,21217,current USD millions,BEA_SAGDP2S,https://apps.bea.gov/regional/zip/SAGDP_SIC.zip
Virginia,1989,137660.7,22493,current USD millions,BEA_SAGDP2S,https://apps.bea.gov/regional/zip/SAGDP_SIC.zip
Virginia,1990,144970.6,23319,current USD millions,BEA_SAGDP2S,https://apps.bea.gov/regional/zip/SAGDP_SIC.zip
Virginia,1991,151092.6,23978,current USD millions,BEA_SAGDP2S,https://apps.bea.gov/regional/zip/SAGDP_SIC.zip
Virginia,1992,158990.2,24787,current USD millions,BEA_SAGDP2S,https://apps.bea.gov/regional/zip/SAGDP_SIC.zip
Virginia,1993,167688.4,25760,current USD millions,BEA_SAGDP2S,https://apps.bea.gov/regional/zip/SAGDP_SIC.zip
Virginia,1994,177057.3,26855,current USD millions,BEA_SAGDP2S,https://apps.bea.gov/regional/zip/SAGDP_SIC.zip
Virginia,1995,186235.6,27918,current USD millions,BEA_SAGDP2S,https://apps.bea.gov/regional/zip/SAGDP_SIC.zip
Virginia,1996,197756.4,29293,current USD millions,BEA_SAGDP2S,https://apps.bea.gov/regional/zip/SAGDP_SIC.zip
Virginia,1997,210360.6,30803,current USD millions,BEA_SAGDP2S,https://apps.bea.gov/regional/zip/SAGDP_SIC.zip
Washington,1963,11171.1,3780,current USD millions,BEA_SAGDP2S,https://apps.bea.gov/regional/zip/SAGDP_SIC.zip
Washington,1964,11392.3,3847,current USD millions,BEA_SAGDP2S,https://apps.bea.gov/regional/zip/SAGDP_SIC.zip
Washington,1965,12329.7,4156,current USD millions,BEA_SAGDP2S,https://apps.bea.gov/regional/zip/SAGDP_SIC.zip
Washington,1966,14269.7,4668,current USD millions,BEA_SAGDP2S,https://apps.bea.gov/regional/zip/SAGDP_SIC.zip
Washington,1967,15658.9,4933,current USD millions,BEA_SAGDP2S,https://apps.bea.gov/regional/zip/SAGDP_SIC.zip
Washington,1968,17013.6,5203,current USD millions,BEA_SAGDP2S,https://apps.bea.gov/regional/zip/SAGDP_SIC.zip
Washington,1969,18090.9,5412,current USD millions,BEA_SAGDP2S,https://apps.bea.gov/regional/zip/SAGDP_SIC.zip
Washington,1970,18112.0,5300,current USD millions,BEA_SAGDP2S,https://apps.bea.gov/regional/zip/SAGDP_SIC.zip
Washington,1971,18761.2,5443,current USD millions,BEA_SAGDP2S,https://apps.bea.gov/regional/zip/SAGDP_SIC.zip
Washington,1972,20482.9,5943,current USD millions,BEA_SAGDP2S,https://apps.bea.gov/regional/zip/SAGDP_SIC.zip
Washington,1973,23341.8,6713,current USD millions,BEA_SAGDP2S,https://apps.bea.gov/regional/zip/SAGDP_SIC.zip
Washington,1974,26239.5,7396,current USD millions,BEA_SAGDP2S,https://apps.bea.gov/regional/zip/SAGDP_SIC.zip
Washington,1975,29282.0,8092,current USD millions,BEA_SAGDP2S,https://apps.bea.gov/regional/zip/SAGDP_SIC.zip
Washington,1976,32735.0,8870,current USD millions,BEA_SAGDP2S,https://apps.bea.gov/regional/zip/SAGDP_SIC.zip
Washington,1977,36825.9,9762,current USD millions,BEA_SAGDP2S,https://apps.bea.gov/regional/zip/SAGDP_SIC.zip
Washington,1978,42668.4,10979,current USD millions,BEA_SAGDP2S,https://apps.bea.gov/regional/zip/SAGDP_SIC.zip
Washington,1979,48712.7,12139,current USD millions,BEA_SAGDP2S,https://apps.bea.gov/regional/zip/SAGDP_SIC.zip
Washington,1980,52681.8,12680,current USD millions,BEA_SAGDP2S,https://apps.bea.gov/regional/zip/SAGDP_SIC.zip
Washington,1981,58918.1,13910,current USD millions,BEA_SAGDP2S,https://apps.bea.gov/regional/zip/SAGDP_SIC.zip
Washington,1982,62933.3,14716,current USD millions,BEA_SAGDP2S,https://apps.bea.gov/regional/zip/SAGDP_SIC.zip
Washington,1983,67948.8,15801,current USD millions,BEA_SAGDP2S,https://apps.bea.gov/regional/zip/SAGDP_SIC.zip
Washington,1984,74169.5,17075,current USD millions,BEA_SAGDP2S,https://apps.bea.gov/regional/zip/SAGDP_SIC.zip
Washington,1985,77341.2,17577,current USD millions,BEA_SAGDP2S,https://apps.bea.gov/regional/zip/SAGDP_SIC.zip
Washington,1986,84014.9,18868,current USD millions,BEA_SAGDP2S,https://apps.bea.gov/regional/zip/SAGDP_SIC.zip
Washington,1987,90325.3,19931,current USD millions,BEA_SAGDP2S,https://apps.bea.gov/regional/zip/SAGDP_SIC.zip
Washington,1988,99051.0,21348,current USD millions,BEA_SAGDP2S,https://apps.bea.gov/regional/zip/SAGDP_SIC.zip
Washington,1989,108064.0,22768,current USD millions,BEA_SAGDP2S,https://apps.bea.gov/regional/zip/SAGDP_SIC.zip
Washington,1990,118640.2,24197,current USD millions,BEA_SAGDP2S,https://apps.bea.gov/regional/zip/SAGDP_SIC.zip
Washington,1991,125895.0,25051,current USD millions,BEA_SAGDP2S,https://apps.bea.gov/regional/zip/SAGDP_SIC.zip
Washington,1992,134469.0,26056,current USD millions,BEA_SAGDP2S,https://apps.bea.gov/regional/zip/SAGDP_SIC.zip
Washington,1993,142499.7,26994,current USD millions,BEA_SAGDP2S,https://apps.bea.gov/regional/zip/SAGDP_SIC.zip
Washington,1994,150805.2,28056,current USD millions,BEA_SAGDP2S,https://apps.bea.gov/regional/zip/SAGDP_SIC.zip
Washington,1995,155068.6,28292,current USD millions,BEA_SAGDP2S,https://apps.bea.gov/regional/zip/SAGDP_SIC.zip
Washington,1996,166539.8,29901,current USD millions,BEA_SAGDP2S,https://apps.bea.gov/regional/zip/SAGDP_SIC.zip
Washington,1997,179639.5,31656,current USD millions,BEA_SAGDP2S,https://apps.bea.gov/regional/zip/SAGDP_SIC.zip
West Virginia,1963,4616.9,2571,current USD millions,BEA_SAGDP2S,https://apps.bea.gov/regional/zip/SAGDP_SIC.zip
West Virginia,1964,4892.1,2722,current USD millions,BEA_SAGDP2S,https://apps.bea.gov/regional/zip/SAGDP_SIC.zip
West Virginia,1965,5207.5,2916,current USD millions,BEA_SAGDP2S,https://apps.bea.gov/regional/zip/SAGDP_SIC.zip
West Virginia,1966,5570.1,3138,current USD millions,BEA_SAGDP2S,https://apps.bea.gov/regional/zip/SAGDP_SIC.zip
West Virginia,1967,5824.8,3293,current USD millions,BEA_SAGDP2S,https://apps.bea.gov/regional/zip/SAGDP_SIC.zip
West Virginia,1968,6091.3,3455,current USD millions,BEA_SAGDP2S,https://apps.bea.gov/regional/zip/SAGDP_SIC.zip
West Virginia,1969,6381.0,3655,current USD millions,BEA_SAGDP2S,https://apps.bea.gov/regional/zip/SAGDP_SIC.zip
West Virginia,1970,7088.1,4058,current USD millions,BEA_SAGDP2S,https://apps.bea.gov/regional/zip/SAGDP_SIC.zip
West Virginia,1971,7601.6,4294,current USD millions,BEA_SAGDP2S,https://apps.bea.gov/regional/zip/SAGDP_SIC.zip
West Virginia,1972,8390.8,4670,current USD millions,BEA_SAGDP2S,https://apps.bea.gov/regional/zip/SAGDP_SIC.zip
West Virginia,1973,9187.3,5089,current USD millions,BEA_SAGDP2S,https://apps.bea.gov/regional/zip/SAGDP_SIC.zip
West Virginia,1974,10683.7,5889,current USD millions,BEA_SAGDP2S,https://apps.bea.gov/regional/zip/SAGDP_SIC.zip
West Virginia,1975,11973.0,6505,current USD millions,BEA_SAGDP2S,https://apps.bea.gov/regional/zip/SAGDP_SIC.zip
West Virginia,1976,13249.4,7057,current USD millions,BEA_SAGDP2S,https://apps.bea.gov/regional/zip/SAGDP_SIC.zip
West Virginia,1977,14439.4,7577,current USD millions,BEA_SAGDP2S,https://apps.bea.gov/regional/zip/SAGDP_SIC.zip
West Virginia,1978,15957.4,8310,current USD millions,BEA_SAGDP2S,https://apps.bea.gov/regional/zip/SAGDP_SIC.zip
West Virginia,1979,17424.4,8986,current USD millions,BEA_SAGDP2S,https://apps.bea.gov/regional/zip/SAGDP_SIC.zip
West Virginia,1980,18408.5,9434,current USD millions,BEA_SAGDP2S,https://apps.bea.gov/regional/zip/SAGDP_SIC.zip
West Virginia,1981,19836.5,10151,current USD millions,BEA_SAGDP2S,https://apps.bea.gov/regional/zip/SAGDP_SIC.zip
West Virginia,1982,20510.6,10520,current USD millions,BEA_SAGDP2S,https://apps.bea.gov/regional/zip/SAGDP_SIC.zip
West Virginia,1983,20403.3,10490,current USD millions,BEA_SAGDP2S,https://apps.bea.gov/regional/zip/SAGDP_SIC.zip
West Virginia,1984,22171.6,11502,current USD millions,BEA_SAGDP2S,https://apps.bea.gov/regional/zip/SAGDP_SIC.zip
West Virginia,1985,22936.4,12029,current USD millions,BEA_SAGDP2S,https://apps.bea.gov/regional/zip/SAGDP_SIC.zip
West Virginia,1986,22880.1,12155,current USD millions,BEA_SAGDP2S,https://apps.bea.gov/regional/zip/SAGDP_SIC.zip
West Virginia,1987,23425.4,12611,current USD millions,BEA_SAGDP2S,https://apps.bea.gov/regional/zip/SAGDP_SIC.zip
West Virginia,1988,25876.3,14138,current USD millions,BEA_SAGDP2S,https://apps.bea.gov/regional/zip/SAGDP_SIC.zip
West Virginia,1989,26663.1,14759,current USD millions,BEA_SAGDP2S,https://apps.bea.gov/regional/zip/SAGDP_SIC.zip
West Virginia,1990,27754.3,15483,current USD millions,BEA_SAGDP2S,https://apps.bea.gov/regional/zip/SAGDP_SIC.zip
West Virginia,1991,29092.1,16174,current USD millions,BEA_SAGDP2S,https://apps.bea.gov/regional/zip/SAGDP_SIC.zip
West Virginia,1992,30410.3,16834,current USD millions,BEA_SAGDP2S,https://apps.bea.gov/regional/zip/SAGDP_SIC.zip
West Virginia,1993,31881.4,17541,current USD millions,BEA_SAGDP2S,https://apps.bea.gov/regional/zip/SAGDP_SIC.zip
West Virginia,1994,34592.1,19002,current USD millions,BEA_SAGDP2S,https://apps.bea.gov/regional/zip/SAGDP_SIC.zip
West Virginia,1995,36148.7,19822,current USD millions,BEA_SAGDP2S,https://apps.bea.gov/regional/zip/SAGDP_SIC.zip
West Virginia,1996,37224.2,20421,current USD millions,BEA_SAGDP2S,https://apps.bea.gov/regional/zip/SAGDP_SIC.zip
West Virginia,1997,38570.0,21203,current USD millions,BEA_SAGDP2S,https://apps.bea.gov/regional/zip/SAGDP_SIC.zip
Wisconsin,1963,12741.8,3099,current USD millions,BEA_SAGDP2S,https://apps.bea.gov/regional/zip/SAGDP_SIC.zip
Wisconsin,1964,13718.7,3294,current USD millions,BEA_SAGDP2S,https://apps.bea.gov/regional/zip/SAGDP_SIC.zip
Wisconsin,1965,14784.2,3493,current USD millions,BEA_SAGDP2S,https://apps.bea.gov/regional/zip/SAGDP_SIC.zip
Wisconsin,1966,16132.6,3775,current USD millions,BEA_SAGDP2S,https://apps.bea.gov/regional/zip/SAGDP_SIC.zip
Wisconsin,1967,16840.6,3914,current USD millions,BEA_SAGDP2S,https://apps.bea.gov/regional/zip/SAGDP_SIC.zip
Wisconsin,1968,18225.9,4195,current USD millions,BEA_SAGDP2S,https://apps.bea.gov/regional/zip/SAGDP_SIC.zip
Wisconsin,1969,19520.8,4459,current USD millions,BEA_SAGDP2S,https://apps.bea.gov/regional/zip/SAGDP_SIC.zip
Wisconsin,1970,20193.1,4562,current USD millions,BEA_SAGDP2S,https://apps.bea.gov/regional/zip/SAGDP_SIC.zip
Wisconsin,1971,22083.1,4951,current USD millions,BEA_SAGDP2S,https://apps.bea.gov/regional/zip/SAGDP_SIC.zip
Wisconsin,1972,24063.8,5349,current USD millions,BEA_SAGDP2S,https://apps.bea.gov/regional/zip/SAGDP_SIC.zip
Wisconsin,1973,27036.7,5984,current USD millions,BEA_SAGDP2S,https://apps.bea.gov/regional/zip/SAGDP_SIC.zip
Wisconsin,1974,28694.4,6323,current USD millions,BEA_SAGDP2S,https://apps.bea.gov/regional/zip/SAGDP_SIC.zip
Wisconsin,1975,32295.0,7067,current USD millions,BEA_SAGDP2S,https://apps.bea.gov/regional/zip/SAGDP_SIC.zip
Wisconsin,1976,37032.7,8077,current USD millions,BEA_SAGDP2S,https://apps.bea.gov/regional/zip/SAGDP_SIC.zip
Wisconsin,1977,40686.2,8819,current USD millions,BEA_SAGDP2S,https://apps.bea.gov/regional/zip/SAGDP_SIC.zip
Wisconsin,1978,45423.4,9807,current USD millions,BEA_SAGDP2S,https://apps.bea.gov/regional/zip/SAGDP_SIC.zip
Wisconsin,1979,50100.8,10738,current USD millions,BEA_SAGDP2S,https://apps.bea.gov/regional/zip/SAGDP_SIC.zip
Wisconsin,1980,52898.8,11226,current USD millions,BEA_SAGDP2S,https://apps.bea.gov/regional/zip/SAGDP_SIC.zip
Wisconsin,1981,57494.4,12165,current USD millions,BEA_SAGDP2S,https://apps.bea.gov/regional/zip/SAGDP_SIC.zip
Wisconsin,1982,59488.5,12580,current USD millions,BEA_SAGDP2S,https://apps.bea.gov/regional/zip/SAGDP_SIC.zip
Wisconsin,1983,63169.9,13379,current USD millions,BEA_SAGDP2S,https://apps.bea.gov/regional/zip/SAGDP_SIC.zip
Wisconsin,1984,70013.2,14785,current USD millions,BEA_SAGDP2S,https://apps.bea.gov/regional/zip/SAGDP_SIC.zip
Wisconsin,1985,73820.4,15548,current USD millions,BEA_SAGDP2S,https://apps.bea.gov/regional/zip/SAGDP_SIC.zip
Wisconsin,1986,77824.0,16365,current USD millions,BEA_SAGDP2S,https://apps.bea.gov/regional/zip/SAGDP_SIC.zip
Wisconsin,1987,82013.1,17165,current USD millions,BEA_SAGDP2S,https://apps.bea.gov/regional/zip/SAGDP_SIC.zip
Wisconsin,1988,89619.6,18584,current USD millions,BEA_SAGDP2S,https://apps.bea.gov/regional/zip/SAGDP_SIC.zip
Wisconsin,1989,95216.5,19606,current USD millions,BEA_SAGDP2S,https://apps.bea.gov/regional/zip/SAGDP_SIC.zip
Wisconsin,1990,100235.8,20437,current USD millions,BEA_SAGDP2S,https://apps.bea.gov/regional/zip/SAGDP_SIC.zip
Wisconsin,1991,104773.9,21105,current USD millions,BEA_SAGDP2S,https://apps.bea.gov/regional/zip/SAGDP_SIC.zip
Wisconsin,1992,112972.1,22480,current USD millions,BEA_SAGDP2S,https://apps.bea.gov/regional/zip/SAGDP_SIC.zip
Wisconsin,1993,120023.9,23604,current USD millions,BEA_SAGDP2S,https://apps.bea.gov/regional/zip/SAGDP_SIC.zip
Wisconsin,1994,129436.7,25213,current USD millions,BEA_SAGDP2S,https://apps.bea.gov/regional/zip/SAGDP_SIC.zip
Wisconsin,1995,135311.3,26098,current USD millions,BEA_SAGDP2S,https://apps.bea.gov/regional/zip/SAGDP_SIC.zip
Wisconsin,1996,143443.8,27427,current USD millions,BEA_SAGDP2S,https://apps.bea.gov/regional/zip/SAGDP_SIC.zip
Wisconsin,1997,151035.3,28680,current USD millions,BEA_SAGDP2S,https://apps.bea.gov/regional/zip/SAGDP_SIC.zip
Wyoming,1963,1352.8,4026,current USD millions,BEA_SAGDP2S,https://apps.bea.gov/regional/zip/SAGDP_SIC.zip
Wyoming,1964,1405.4,4146,current USD millions,BEA_SAGDP2S,https://apps.bea.gov/regional/zip/SAGDP_SIC.zip
Wyoming,1965,1448.3,4362,current USD millions,BEA_SAGDP2S,https://apps.bea.gov/regional/zip/SAGDP_SIC.zip
Wyoming,1966,1508.9,4672,current USD millions,BEA_SAGDP2S,https://apps.bea.gov/regional/zip/SAGDP_SIC.zip
Wyoming,1967,1541.1,4786,current USD millions,BEA_SAGDP2S,https://apps.bea.gov/regional/zip/SAGDP_SIC.zip
Wyoming,1968,1671.4,5159,current USD millions,BEA_SAGDP2S,https://apps.bea.gov/regional/zip/SAGDP_SIC.zip
Wyoming,1969,1801.3,5475,current USD millions,BEA_SAGDP2S,https://apps.bea.gov/regional/zip/SAGDP_SIC.zip
Wyoming,1970,1943.3,5822,current USD millions,BEA_SAGDP2S,https://apps.bea.gov/regional/zip/SAGDP_SIC.zip
Wyoming,1971,2099.9,6176,current USD millions,BEA_SAGDP2S,https://apps.bea.gov/regional/zip/SAGDP_SIC.zip
Wyoming,1972,2355.5,6791,current USD millions,BEA_SAGDP2S,https://apps.bea.gov/regional/zip/SAGDP_SIC.zip
Wyoming,1973,2843.9,8048,current USD millions,BEA_SAGDP2S,https://apps.bea.gov/regional/zip/SAGDP_SIC.zip
Wyoming,1974,3469.6,9518,current USD millions,BEA_SAGDP2S,https://apps.bea.gov/regional/zip/SAGDP_SIC.zip
Wyoming,1975,3982.6,10467,current USD millions,BEA_SAGDP2S,https://apps.bea.gov/regional/zip/SAGDP_SIC.zip
Wyoming,1976,4722.4,11942,current USD millions,BEA_SAGDP2S,https://apps.bea.gov/regional/zip/SAGDP_SIC.zip
Wyoming,1977,5540.5,13463,current USD millions,BEA_SAGDP2S,https://apps.bea.gov/regional/zip/SAGDP_SIC.zip
Wyoming,1978,6689.2,15524,current USD millions,BEA_SAGDP2S,https://apps.bea.gov/regional/zip/SAGDP_SIC.zip
Wyoming,1979,8062.7,17844,current USD millions,BEA_SAGDP2S,https://apps.bea.gov/regional/zip/SAGDP_SIC.zip
Wyoming,1980,10428.3,21992,current USD millions,BEA_SAGDP2S,https://apps.bea.gov/regional/zip/SAGDP_SIC.zip
Wyoming,1981,12703.1,25834,current USD millions,BEA_SAGDP2S,https://apps.bea.gov/regional/zip/SAGDP_SIC.zip
Wyoming,1982,12421.6,24529,current USD millions,BEA_SAGDP2S,https://apps.bea.gov/regional/zip/SAGDP_SIC.zip
Wyoming,1983,11578.0,22687,current USD millions,BEA_SAGDP2S,https://apps.bea.gov/regional/zip/SAGDP_SIC.zip
Wyoming,1984,12152.2,24069,current USD millions,BEA_SAGDP2S,https://apps.bea.gov/regional/zip/SAGDP_SIC.zip
Wyoming,1985,12204.5,24424,current USD millions,BEA_SAGDP2S,https://apps.bea.gov/regional/zip/SAGDP_SIC.zip
Wyoming,1986,10522.1,21230,current USD millions,BEA_SAGDP2S,https://apps.bea.gov/regional/zip/SAGDP_SIC.zip
Wyoming,1987,10369.6,21741,current USD millions,BEA_SAGDP2S,https://apps.bea.gov/regional/zip/SAGDP_SIC.zip
Wyoming,1988,10990.7,23631,current USD millions,BEA_SAGDP2S,https://apps.bea.gov/regional/zip/SAGDP_SIC.zip
Wyoming,1989,11436.8,24951,current USD millions,BEA_SAGDP2S,https://apps.bea.gov/regional/zip/SAGDP_SIC.zip
Wyoming,1990,12705.5,28005,current USD millions,BEA_SAGDP2S,https://apps.bea.gov/regional/zip/SAGDP_SIC.zip
Wyoming,1991,12977.4,28257,current USD millions,BEA_SAGDP2S,https://apps.bea.gov/regional/zip/SAGDP_SIC.zip
Wyoming,1992,13178.7,28265,current USD millions,BEA_SAGDP2S,https://apps.bea.gov/regional/zip/SAGDP_SIC.zip
Wyoming,1993,13790.6,29151,current USD millions,BEA_SAGDP2S,https://apps.bea.gov/regional/zip/SAGDP_SIC.zip
Wyoming,1994,14070.4,29296,current USD millions,BEA_SAGDP2S,https://apps.bea.gov/regional/zip/SAGDP_SIC.zip
Wyoming,1995,14608.1,30110,current USD millions,BEA_SAGDP2S,https://apps.bea.gov/regional/zip/SAGDP_SIC.zip
Wyoming,1996,15752.2,32268,current USD millions,BEA_SAGDP2S,https://apps.bea.gov/regional/zip/SAGDP_SIC.zip
Wyoming,1997,16083.8,32861,current USD millions,BEA_SAGDP2S,https://apps.bea.gov/regional/zip/SAGDP_SIC.zip
Alabama,1997,105381.4,24126,current USD millions,BEA_SAGDP1,https://apps.bea.gov/regional/zip/SAGDP.zip
Alabama,1998,110838.8,25164,current USD millions,BEA_SAGDP1,https://apps.bea.gov/regional/zip/SAGDP.zip
Alabama,1999,116514.3,26300,current USD millions,BEA_SAGDP1,https://apps.bea.gov/regional/zip/SAGDP.zip
Alabama,2000,120522.6,27071,current USD millions,BEA_SAGDP1,https://apps.bea.gov/regional/zip/SAGDP.zip
Alabama,2001,123534.5,27651,current USD millions,BEA_SAGDP1,https://apps.bea.gov/regional/zip/SAGDP.zip
Alabama,2002,128380.9,28656,current USD millions,BEA_SAGDP1,https://apps.bea.gov/regional/zip/SAGDP.zip
Alabama,2003,135212.6,30024,current USD millions,BEA_SAGDP1,https://apps.bea.gov/regional/zip/SAGDP.zip
Alabama,2004,148379.1,32749,current USD millions,BEA_SAGDP1,https://apps.bea.gov/regional/zip/SAGDP.zip
Alabama,2005,158677.3,34723,current USD millions,BEA_SAGDP1,https://apps.bea.gov/regional/zip/SAGDP.zip
Alabama,2006,166048.2,35871,current USD millions,BEA_SAGDP1,https://apps.bea.gov/regional/zip/SAGDP.zip
Alabama,2007,172247.0,36861,current USD millions,BEA_SAGDP1,https://apps.bea.gov/regional/zip/SAGDP.zip
Alabama,2008,174665.6,37019,current USD millions,BEA_SAGDP1,https://apps.bea.gov/regional/zip/SAGDP.zip
Alabama,2009,170876.5,35914,current USD millions,BEA_SAGDP1,https://apps.bea.gov/regional/zip/SAGDP.zip
Alabama,2010,177510.7,37073,current USD millions,BEA_SAGDP1,https://apps.bea.gov/regional/zip/SAGDP.zip
Alabama,2011,182896.7,38004,current USD millions,BEA_SAGDP1,https://apps.bea.gov/regional/zip/SAGDP.zip
Alabama,2012,188280.7,38901,current USD millions,BEA_SAGDP1,https://apps.bea.gov/regional/zip/SAGDP.zip
Alabama,2013,193981.5,39871,current USD millions,BEA_SAGDP1,https://apps.bea.gov/regional/zip/SAGDP.zip
Alabama,2014,197064.4,40318,current USD millions,BEA_SAGDP1,https://apps.bea.gov/regional/zip/SAGDP.zip
Alabama,2015,203113.3,41374,current USD millions,BEA_SAGDP1,https://apps.bea.gov/regional/zip/SAGDP.zip
Alabama,2016,208824.3,42344,current USD millions,BEA_SAGDP1,https://apps.bea.gov/regional/zip/SAGDP.zip
Alabama,2017,216615.5,43733,current USD millions,BEA_SAGDP1,https://apps.bea.gov/regional/zip/SAGDP.zip
Alabama,2018,226263.8,45461,current USD millions,BEA_SAGDP1,https://apps.bea.gov/regional/zip/SAGDP.zip
Alabama,2019,234798.2,46924,current USD millions,BEA_SAGDP1,https://apps.bea.gov/regional/zip/SAGDP.zip
Alabama,2020,235859.0,46863,current USD millions,BEA_SAGDP1,https://apps.bea.gov/regional/zip/SAGDP.zip
Alabama,2021,260325.0,51549,current USD millions,BEA_SAGDP1,https://apps.bea.gov/regional/zip/SAGDP.zip
Alabama,2022,286873.3,56506,current USD millions,BEA_SAGDP1,https://apps.bea.gov/regional/zip/SAGDP.zip
Alabama,2023,309543.8,60483,current USD millions,BEA_SAGDP1,https://apps.bea.gov/regional/zip/SAGDP.zip
Alabama,2024,325345.1,63014,current USD millions,BEA_SAGDP1,https://apps.bea.gov/regional/zip/SAGDP.zip
Alabama,2025,341154.2,65694,current USD millions,BEA_SAGDP1,https://apps.bea.gov/regional/zip/SAGDP.zip
Alaska,1997,25859.1,42187,current USD millions,BEA_SAGDP1,https://apps.bea.gov/regional/zip/SAGDP.zip
Alaska,1998,24387.8,39339,current USD millions,BEA_SAGDP1,https://apps.bea.gov/regional/zip/SAGDP.zip
Alaska,1999,24920.4,39887,current USD millions,BEA_SAGDP1,https://apps.bea.gov/regional/zip/SAGDP.zip
Alaska,2000,26934.0,42891,current USD millions,BEA_SAGDP1,https://apps.bea.gov/regional/zip/SAGDP.zip
Alaska,2001,28660.9,45227,current USD millions,BEA_SAGDP1,https://apps.bea.gov/regional/zip/SAGDP.zip
Alaska,2002,29884.5,46525,current USD millions,BEA_SAGDP1,https://apps.bea.gov/regional/zip/SAGDP.zip
Alaska,2003,32115.8,49530,current USD millions,BEA_SAGDP1,https://apps.bea.gov/regional/zip/SAGDP.zip
Alaska,2004,35389.5,53679,current USD millions,BEA_SAGDP1,https://apps.bea.gov/regional/zip/SAGDP.zip
Alaska,2005,40459.9,60664,current USD millions,BEA_SAGDP1,https://apps.bea.gov/regional/zip/SAGDP.zip
Alaska,2006,44951.7,66565,current USD millions,BEA_SAGDP1,https://apps.bea.gov/regional/zip/SAGDP.zip
Alaska,2007,49456.4,72698,current USD millions,BEA_SAGDP1,https://apps.bea.gov/regional/zip/SAGDP.zip
Alaska,2008,55246.7,80364,current USD millions,BEA_SAGDP1,https://apps.bea.gov/regional/zip/SAGDP.zip
Alaska,2009,50165.9,71779,current USD millions,BEA_SAGDP1,https://apps.bea.gov/regional/zip/SAGDP.zip
Alaska,2010,53654.0,75144,current USD millions,BEA_SAGDP1,https://apps.bea.gov/regional/zip/SAGDP.zip
Alaska,2011,56912.3,78770,current USD millions,BEA_SAGDP1,https://apps.bea.gov/regional/zip/SAGDP.zip
Alaska,2012,58320.7,79771,current USD millions,BEA_SAGDP1,https://apps.bea.gov/regional/zip/SAGDP.zip
Alaska,2013,57533.0,77952,current USD millions,BEA_SAGDP1,https://apps.bea.gov/regional/zip/SAGDP.zip
Alaska,2014,56587.4,76715,current USD millions,BEA_SAGDP1,https://apps.bea.gov/regional/zip/SAGDP.zip
Alaska,2015,51574.2,69778,current USD millions,BEA_SAGDP1,https://apps.bea.gov/regional/zip/SAGDP.zip
Alaska,2016,51121.8,68768,current USD millions,BEA_SAGDP1,https://apps.bea.gov/regional/zip/SAGDP.zip
Alaska,2017,53550.9,72177,current USD millions,BEA_SAGDP1,https://apps.bea.gov/regional/zip/SAGDP.zip
Alaska,2018,54762.0,74232,current USD millions,BEA_SAGDP1,https://apps.bea.gov/regional/zip/SAGDP.zip
Alaska,2019,54549.6,74235,current USD millions,BEA_SAGDP1,https://apps.bea.gov/regional/zip/SAGDP.zip
Alaska,2020,51861.7,70762,current USD millions,BEA_SAGDP1,https://apps.bea.gov/regional/zip/SAGDP.zip
Alaska,2021,59363.0,80811,current USD millions,BEA_SAGDP1,https://apps.bea.gov/regional/zip/SAGDP.zip
Alaska,2022,65682.5,89527,current USD millions,BEA_SAGDP1,https://apps.bea.gov/regional/zip/SAGDP.zip
Alaska,2023,68232.7,92877,current USD millions,BEA_SAGDP1,https://apps.bea.gov/regional/zip/SAGDP.zip
Alaska,2024,71567.2,97167,current USD millions,BEA_SAGDP1,https://apps.bea.gov/regional/zip/SAGDP.zip
Alaska,2025,75011.6,101742,current USD millions,BEA_SAGDP1,https://apps.bea.gov/regional/zip/SAGDP.zip
Arizona,1997,132694.8,28012,current USD millions,BEA_SAGDP1,https://apps.bea.gov/regional/zip/SAGDP.zip
Arizona,1998,144393.2,29569,current USD millions,BEA_SAGDP1,https://apps.bea.gov/regional/zip/SAGDP.zip
Arizona,1999,156442.1,31140,current USD millions,BEA_SAGDP1,https://apps.bea.gov/regional/zip/SAGDP.zip
Arizona,2000,165735.6,32116,current USD millions,BEA_SAGDP1,https://apps.bea.gov/regional/zip/SAGDP.zip
Arizona,2001,172899.6,32787,current USD millions,BEA_SAGDP1,https://apps.bea.gov/regional/zip/SAGDP.zip
Arizona,2002,180844.5,33513,current USD millions,BEA_SAGDP1,https://apps.bea.gov/regional/zip/SAGDP.zip
Arizona,2003,194318.0,35264,current USD millions,BEA_SAGDP1,https://apps.bea.gov/regional/zip/SAGDP.zip
Arizona,2004,207246.3,36665,current USD millions,BEA_SAGDP1,https://apps.bea.gov/regional/zip/SAGDP.zip
Arizona,2005,227997.8,39047,current USD millions,BEA_SAGDP1,https://apps.bea.gov/regional/zip/SAGDP.zip
Arizona,2006,246061.1,40812,current USD millions,BEA_SAGDP1,https://apps.bea.gov/regional/zip/SAGDP.zip
Arizona,2007,261152.8,42342,current USD millions,BEA_SAGDP1,https://apps.bea.gov/regional/zip/SAGDP.zip
Arizona,2008,261005.8,41559,current USD millions,BEA_SAGDP1,https://apps.bea.gov/regional/zip/SAGDP.zip
Arizona,2009,244862.2,38603,current USD millions,BEA_SAGDP1,https://apps.bea.gov/regional/zip/SAGDP.zip
Arizona,2010,250527.0,39137,current USD millions,BEA_SAGDP1,https://apps.bea.gov/regional/zip/SAGDP.zip
Arizona,2011,261691.4,40615,current USD millions,BEA_SAGDP1,https://apps.bea.gov/regional/zip/SAGDP.zip
Arizona,2012,272703.3,41943,current USD millions,BEA_SAGDP1,https://apps.bea.gov/regional/zip/SAGDP.zip
Arizona,2013,278679.5,42508,current USD millions,BEA_SAGDP1,https://apps.bea.gov/regional/zip/SAGDP.zip
Arizona,2014,286676.0,43240,current USD millions,BEA_SAGDP1,https://apps.bea.gov/regional/zip/SAGDP.zip
Arizona,2015,298942.2,44581,current USD millions,BEA_SAGDP1,https://apps.bea.gov/regional/zip/SAGDP.zip
Arizona,2016,313787.1,46191,current USD millions,BEA_SAGDP1,https://apps.bea.gov/regional/zip/SAGDP.zip
Arizona,2017,333099.0,48469,current USD millions,BEA_SAGDP1,https://apps.bea.gov/regional/zip/SAGDP.zip
Arizona,2018,353671.0,50783,current USD millions,BEA_SAGDP1,https://apps.bea.gov/regional/zip/SAGDP.zip
Arizona,2019,375376.7,53112,current USD millions,BEA_SAGDP1,https://apps.bea.gov/regional/zip/SAGDP.zip
Arizona,2020,390503.2,54337,current USD millions,BEA_SAGDP1,https://apps.bea.gov/regional/zip/SAGDP.zip
Arizona,2021,438136.0,60233,current USD millions,BEA_SAGDP1,https://apps.bea.gov/regional/zip/SAGDP.zip
Arizona,2022,488722.2,66312,current USD millions,BEA_SAGDP1,https://apps.bea.gov/regional/zip/SAGDP.zip
Arizona,2023,530105.0,71135,current USD millions,BEA_SAGDP1,https://apps.bea.gov/regional/zip/SAGDP.zip
Arizona,2024,570088.6,75444,current USD millions,BEA_SAGDP1,https://apps.bea.gov/regional/zip/SAGDP.zip
Arizona,2025,598188.8,78463,current USD millions,BEA_SAGDP1,https://apps.bea.gov/regional/zip/SAGDP.zip
Arkansas,1997,59925.0,23038,current USD millions,BEA_SAGDP1,https://apps.bea.gov/regional/zip/SAGDP.zip
Arkansas,1998,62852.0,23932,current USD millions,BEA_SAGDP1,https://apps.bea.gov/regional/zip/SAGDP.zip
Arkansas,1999,67279.0,25370,current USD millions,BEA_SAGDP1,https://apps.bea.gov/regional/zip/SAGDP.zip
Arkansas,2000,69176.3,25826,current USD millions,BEA_SAGDP1,https://apps.bea.gov/regional/zip/SAGDP.zip
Arkansas,2001,71099.6,26416,current USD millions,BEA_SAGDP1,https://apps.bea.gov/regional/zip/SAGDP.zip
Arkansas,2002,74453.1,27515,current USD millions,BEA_SAGDP1,https://apps.bea.gov/regional/zip/SAGDP.zip
Arkansas,2003,79009.7,28996,current USD millions,BEA_SAGDP1,https://apps.bea.gov/regional/zip/SAGDP.zip
Arkansas,2004,85928.6,31250,current USD millions,BEA_SAGDP1,https://apps.bea.gov/regional/zip/SAGDP.zip
Arkansas,2005,91133.4,32769,current USD millions,BEA_SAGDP1,https://apps.bea.gov/regional/zip/SAGDP.zip
Arkansas,2006,96073.7,34047,current USD millions,BEA_SAGDP1,https://apps.bea.gov/regional/zip/SAGDP.zip
Arkansas,2007,98325.0,34516,current USD millions,BEA_SAGDP1,https://apps.bea.gov/regional/zip/SAGDP.zip
Arkansas,2008,100206.7,34860,current USD millions,BEA_SAGDP1,https://apps.bea.gov/regional/zip/SAGDP.zip
Arkansas,2009,97783.9,33755,current USD millions,BEA_SAGDP1,https://apps.bea.gov/regional/zip/SAGDP.zip
Arkansas,2010,101699.3,34810,current USD millions,BEA_SAGDP1,https://apps.bea.gov/regional/zip/SAGDP.zip
Arkansas,2011,105697.6,35967,current USD millions,BEA_SAGDP1,https://apps.bea.gov/regional/zip/SAGDP.zip
Arkansas,2012,108836.0,36909,current USD millions,BEA_SAGDP1,https://apps.bea.gov/regional/zip/SAGDP.zip
Arkansas,2013,114021.1,38592,current USD millions,BEA_SAGDP1,https://apps.bea.gov/regional/zip/SAGDP.zip
Arkansas,2014,117388.7,39644,current USD millions,BEA_SAGDP1,https://apps.bea.gov/regional/zip/SAGDP.zip
Arkansas,2015,118573.6,39921,current USD millions,BEA_SAGDP1,https://apps.bea.gov/regional/zip/SAGDP.zip
Arkansas,2016,120987.4,40593,current USD millions,BEA_SAGDP1,https://apps.bea.gov/regional/zip/SAGDP.zip
Arkansas,2017,123882.6,41423,current USD millions,BEA_SAGDP1,https://apps.bea.gov/regional/zip/SAGDP.zip
Arkansas,2018,129213.8,43112,current USD millions,BEA_SAGDP1,https://apps.bea.gov/regional/zip/SAGDP.zip
Arkansas,2019,132625.8,44147,current USD millions,BEA_SAGDP1,https://apps.bea.gov/regional/zip/SAGDP.zip
Arkansas,2020,136145.9,45165,current USD millions,BEA_SAGDP1,https://apps.bea.gov/regional/zip/SAGDP.zip
Arkansas,2021,154261.8,50960,current USD millions,BEA_SAGDP1,https://apps.bea.gov/regional/zip/SAGDP.zip
Arkansas,2022,167863.5,55084,current USD millions,BEA_SAGDP1,https://apps.bea.gov/regional/zip/SAGDP.zip
Arkansas,2023,178114.8,58021,current USD millions,BEA_SAGDP1,https://apps.bea.gov/regional/zip/SAGDP.zip
Arkansas,2024,188339.6,60832,current USD millions,BEA_SAGDP1,https://apps.bea.gov/regional/zip/SAGDP.zip
Arkansas,2025,198422.0,63703,current USD millions,BEA_SAGDP1,https://apps.bea.gov/regional/zip/SAGDP.zip
California,1997,1068048.6,32877,current USD millions,BEA_SAGDP1,https://apps.bea.gov/regional/zip/SAGDP.zip
California,1998,1143672.5,34670,current USD millions,BEA_SAGDP1,https://apps.bea.gov/regional/zip/SAGDP.zip
California,1999,1239773.5,37009,current USD millions,BEA_SAGDP1,https://apps.bea.gov/regional/zip/SAGDP.zip
California,2000,1354791.3,39861,current USD millions,BEA_SAGDP1,https://apps.bea.gov/regional/zip/SAGDP.zip
California,2001,1373270.8,39829,current USD millions,BEA_SAGDP1,https://apps.bea.gov/regional/zip/SAGDP.zip
California,2002,1419321.8,40701,current USD millions,BEA_SAGDP1,https://apps.bea.gov/regional/zip/SAGDP.zip
California,2003,1498578.0,42509,current USD millions,BEA_SAGDP1,https://apps.bea.gov/regional/zip/SAGDP.zip
California,2004,1585081.4,44557,current USD millions,BEA_SAGDP1,https://apps.bea.gov/regional/zip/SAGDP.zip
California,2005,1698858.4,47417,current USD millions,BEA_SAGDP1,https://apps.bea.gov/regional/zip/SAGDP.zip
California,2006,1812161.6,50308,current USD millions,BEA_SAGDP1,https://apps.bea.gov/regional/zip/SAGDP.zip
California,2007,1900220.4,52419,current USD millions,BEA_SAGDP1,https://apps.bea.gov/regional/zip/SAGDP.zip
California,2008,1946241.5,53170,current USD millions,BEA_SAGDP1,https://apps.bea.gov/regional/zip/SAGDP.zip
California,2009,1879809.5,50859,current USD millions,BEA_SAGDP1,https://apps.bea.gov/regional/zip/SAGDP.zip
California,2010,1938603.3,51942,current USD millions,BEA_SAGDP1,https://apps.bea.gov/regional/zip/SAGDP.zip
California,2011,2014050.3,53492,current USD millions,BEA_SAGDP1,https://apps.bea.gov/regional/zip/SAGDP.zip
California,2012,2108873.1,55538,current USD millions,BEA_SAGDP1,https://apps.bea.gov/regional/zip/SAGDP.zip
California,2013,2223300.9,58061,current USD millions,BEA_SAGDP1,https://apps.bea.gov/regional/zip/SAGDP.zip
California,2014,2342218.8,60620,current USD millions,BEA_SAGDP1,https://apps.bea.gov/regional/zip/SAGDP.zip
California,2015,2487156.4,63827,current USD millions,BEA_SAGDP1,https://apps.bea.gov/regional/zip/SAGDP.zip
California,2016,2586485.2,65942,current USD millions,BEA_SAGDP1,https://apps.bea.gov/regional/zip/SAGDP.zip
California,2017,2740550.3,69514,current USD millions,BEA_SAGDP1,https://apps.bea.gov/regional/zip/SAGDP.zip
California,2018,2899530.9,73339,current USD millions,BEA_SAGDP1,https://apps.bea.gov/regional/zip/SAGDP.zip
California,2019,3068629.7,77593,current USD millions,BEA_SAGDP1,https://apps.bea.gov/regional/zip/SAGDP.zip
California,2020,3072927.6,77741,current USD millions,BEA_SAGDP1,https://apps.bea.gov/regional/zip/SAGDP.zip
California,2021,3418256.1,87305,current USD millions,BEA_SAGDP1,https://apps.bea.gov/regional/zip/SAGDP.zip
California,2022,3618289.7,92479,current USD millions,BEA_SAGDP1,https://apps.bea.gov/regional/zip/SAGDP.zip
California,2023,3827007.3,97673,current USD millions,BEA_SAGDP1,https://apps.bea.gov/regional/zip/SAGDP.zip
California,2024,4048108.1,102836,current USD millions,BEA_SAGDP1,https://apps.bea.gov/regional/zip/SAGDP.zip
California,2025,4250840.8,108012,current USD millions,BEA_SAGDP1,https://apps.bea.gov/regional/zip/SAGDP.zip
Colorado,1997,136624.4,34001,current USD millions,BEA_SAGDP1,https://apps.bea.gov/regional/zip/SAGDP.zip
Colorado,1998,149653.7,36353,current USD millions,BEA_SAGDP1,https://apps.bea.gov/regional/zip/SAGDP.zip
Colorado,1999,162411.7,38431,current USD millions,BEA_SAGDP1,https://apps.bea.gov/regional/zip/SAGDP.zip
Colorado,2000,179303.3,41439,current USD millions,BEA_SAGDP1,https://apps.bea.gov/regional/zip/SAGDP.zip
Colorado,2001,185848.9,41993,current USD millions,BEA_SAGDP1,https://apps.bea.gov/regional/zip/SAGDP.zip
Colorado,2002,189604.6,42224,current USD millions,BEA_SAGDP1,https://apps.bea.gov/regional/zip/SAGDP.zip
Colorado,2003,195137.6,43089,current USD millions,BEA_SAGDP1,https://apps.bea.gov/regional/zip/SAGDP.zip
Colorado,2004,203743.3,44534,current USD millions,BEA_SAGDP1,https://apps.bea.gov/regional/zip/SAGDP.zip
Colorado,2005,220803.8,47670,current USD millions,BEA_SAGDP1,https://apps.bea.gov/regional/zip/SAGDP.zip
Colorado,2006,232853.6,49329,current USD millions,BEA_SAGDP1,https://apps.bea.gov/regional/zip/SAGDP.zip
Colorado,2007,248571.6,51744,current USD millions,BEA_SAGDP1,https://apps.bea.gov/regional/zip/SAGDP.zip
Colorado,2008,257606.1,52683,current USD millions,BEA_SAGDP1,https://apps.bea.gov/regional/zip/SAGDP.zip
Colorado,2009,249817.1,50243,current USD millions,BEA_SAGDP1,https://apps.bea.gov/regional/zip/SAGDP.zip
Colorado,2010,256771.8,50877,current USD millions,BEA_SAGDP1,https://apps.bea.gov/regional/zip/SAGDP.zip
Colorado,2011,266114.1,51987,current USD millions,BEA_SAGDP1,https://apps.bea.gov/regional/zip/SAGDP.zip
Colorado,2012,274738.8,52955,current USD millions,BEA_SAGDP1,https://apps.bea.gov/regional/zip/SAGDP.zip
Colorado,2013,291265.3,55344,current USD millions,BEA_SAGDP1,https://apps.bea.gov/regional/zip/SAGDP.zip
Colorado,2014,309223.9,57883,current USD millions,BEA_SAGDP1,https://apps.bea.gov/regional/zip/SAGDP.zip
Colorado,2015,320895.9,58972,current USD millions,BEA_SAGDP1,https://apps.bea.gov/regional/zip/SAGDP.zip
Colorado,2016,330565.9,59793,current USD millions,BEA_SAGDP1,https://apps.bea.gov/regional/zip/SAGDP.zip
Colorado,2017,350209.1,62541,current USD millions,BEA_SAGDP1,https://apps.bea.gov/regional/zip/SAGDP.zip
Colorado,2018,373923.1,65867,current USD millions,BEA_SAGDP1,https://apps.bea.gov/regional/zip/SAGDP.zip
Colorado,2019,397843.6,69362,current USD millions,BEA_SAGDP1,https://apps.bea.gov/regional/zip/SAGDP.zip
Colorado,2020,396981.1,68600,current USD millions,BEA_SAGDP1,https://apps.bea.gov/regional/zip/SAGDP.zip
Colorado,2021,445781.3,76669,current USD millions,BEA_SAGDP1,https://apps.bea.gov/regional/zip/SAGDP.zip
Colorado,2022,499197.4,85284,current USD millions,BEA_SAGDP1,https://apps.bea.gov/regional/zip/SAGDP.zip
Colorado,2023,533268.6,90197,current USD millions,BEA_SAGDP1,https://apps.bea.gov/regional/zip/SAGDP.zip
Colorado,2024,557633.0,93117,current USD millions,BEA_SAGDP1,https://apps.bea.gov/regional/zip/SAGDP.zip
Colorado,2025,584323.9,97184,current USD millions,BEA_SAGDP1,https://apps.bea.gov/regional/zip/SAGDP.zip
Connecticut,1997,138467.0,41341,current USD millions,BEA_SAGDP1,https://apps.bea.gov/regional/zip/SAGDP.zip
Connecticut,1998,145299.2,43175,current USD millions,BEA_SAGDP1,https://apps.bea.gov/regional/zip/SAGDP.zip
Connecticut,1999,152093.7,44913,current USD millions,BEA_SAGDP1,https://apps.bea.gov/regional/zip/SAGDP.zip
Connecticut,2000,165523.4,48515,current USD millions,BEA_SAGDP1,https://apps.bea.gov/regional/zip/SAGDP.zip
Connecticut,2001,171124.4,49849,current USD millions,BEA_SAGDP1,https://apps.bea.gov/regional/zip/SAGDP.zip
Connecticut,2002,172929.7,49998,current USD millions,BEA_SAGDP1,https://apps.bea.gov/regional/zip/SAGDP.zip
Connecticut,2003,177814.8,51033,current USD millions,BEA_SAGDP1,https://apps.bea.gov/regional/zip/SAGDP.zip
Connecticut,2004,194722.9,55697,current USD millions,BEA_SAGDP1,https://apps.bea.gov/regional/zip/SAGDP.zip
Connecticut,2005,204504.6,58314,current USD millions,BEA_SAGDP1,https://apps.bea.gov/regional/zip/SAGDP.zip
Connecticut,2006,219812.2,62492,current USD millions,BEA_SAGDP1,https://apps.bea.gov/regional/zip/SAGDP.zip
Connecticut,2007,232626.8,65951,current USD millions,BEA_SAGDP1,https://apps.bea.gov/regional/zip/SAGDP.zip
Connecticut,2008,236110.7,66593,current USD millions,BEA_SAGDP1,https://apps.bea.gov/regional/zip/SAGDP.zip
Connecticut,2009,231628.0,65031,current USD millions,BEA_SAGDP1,https://apps.bea.gov/regional/zip/SAGDP.zip
Connecticut,2010,234022.2,65364,current USD millions,BEA_SAGDP1,https://apps.bea.gov/regional/zip/SAGDP.zip
Connecticut,2011,233058.7,64843,current USD millions,BEA_SAGDP1,https://apps.bea.gov/regional/zip/SAGDP.zip
Connecticut,2012,239907.5,66545,current USD millions,BEA_SAGDP1,https://apps.bea.gov/regional/zip/SAGDP.zip
Connecticut,2013,240549.2,66630,current USD millions,BEA_SAGDP1,https://apps.bea.gov/regional/zip/SAGDP.zip
Connecticut,2014,247114.7,68366,current USD millions,BEA_SAGDP1,https://apps.bea.gov/regional/zip/SAGDP.zip
Connecticut,2015,260648.5,72164,current USD millions,BEA_SAGDP1,https://apps.bea.gov/regional/zip/SAGDP.zip
Connecticut,2016,264760.4,73389,current USD millions,BEA_SAGDP1,https://apps.bea.gov/regional/zip/SAGDP.zip
Connecticut,2017,273875.1,75917,current USD millions,BEA_SAGDP1,https://apps.bea.gov/regional/zip/SAGDP.zip
Connecticut,2018,280535.4,77684,current USD millions,BEA_SAGDP1,https://apps.bea.gov/regional/zip/SAGDP.zip
Connecticut,2019,286451.9,79413,current USD millions,BEA_SAGDP1,https://apps.bea.gov/regional/zip/SAGDP.zip
Connecticut,2020,278747.9,77870,current USD millions,BEA_SAGDP1,https://apps.bea.gov/regional/zip/SAGDP.zip
Connecticut,2021,297366.0,82424,current USD millions,BEA_SAGDP1,https://apps.bea.gov/regional/zip/SAGDP.zip
Connecticut,2022,321625.2,88878,current USD millions,BEA_SAGDP1,https://apps.bea.gov/regional/zip/SAGDP.zip
Connecticut,2023,341851.8,93880,current USD millions,BEA_SAGDP1,https://apps.bea.gov/regional/zip/SAGDP.zip
Connecticut,2024,356834.9,97112,current USD millions,BEA_SAGDP1,https://apps.bea.gov/regional/zip/SAGDP.zip
Connecticut,2025,376455.0,102062,current USD millions,BEA_SAGDP1,https://apps.bea.gov/regional/zip/SAGDP.zip
Delaware,1997,33302.2,44315,current USD millions,BEA_SAGDP1,https://apps.bea.gov/regional/zip/SAGDP.zip
Delaware,1998,37170.6,48695,current USD millions,BEA_SAGDP1,https://apps.bea.gov/regional/zip/SAGDP.zip
Delaware,1999,40446.5,52190,current USD millions,BEA_SAGDP1,https://apps.bea.gov/regional/zip/SAGDP.zip
Delaware,2000,43559.6,55393,current USD millions,BEA_SAGDP1,https://apps.bea.gov/regional/zip/SAGDP.zip
Delaware,2001,46373.8,58281,current USD millions,BEA_SAGDP1,https://apps.bea.gov/regional/zip/SAGDP.zip
Delaware,2002,45865.4,56893,current USD millions,BEA_SAGDP1,https://apps.bea.gov/regional/zip/SAGDP.zip
Delaware,2003,47839.6,58483,current USD millions,BEA_SAGDP1,https://apps.bea.gov/regional/zip/SAGDP.zip
Delaware,2004,51674.1,62198,current USD millions,BEA_SAGDP1,https://apps.bea.gov/regional/zip/SAGDP.zip
Delaware,2005,52048.6,61585,current USD millions,BEA_SAGDP1,https://apps.bea.gov/regional/zip/SAGDP.zip
Delaware,2006,55567.7,64669,current USD millions,BEA_SAGDP1,https://apps.bea.gov/regional/zip/SAGDP.zip
Delaware,2007,56705.6,65048,current USD millions,BEA_SAGDP1,https://apps.bea.gov/regional/zip/SAGDP.zip
Delaware,2008,55250.8,62510,current USD millions,BEA_SAGDP1,https://apps.bea.gov/regional/zip/SAGDP.zip
Delaware,2009,57729.9,64739,current USD millions,BEA_SAGDP1,https://apps.bea.gov/regional/zip/SAGDP.zip
Delaware,2010,58132.2,64608,current USD millions,BEA_SAGDP1,https://apps.bea.gov/regional/zip/SAGDP.zip
Delaware,2011,61379.4,67582,current USD millions,BEA_SAGDP1,https://apps.bea.gov/regional/zip/SAGDP.zip
Delaware,2012,62342.1,68011,current USD millions,BEA_SAGDP1,https://apps.bea.gov/regional/zip/SAGDP.zip
Delaware,2013,62058.2,67039,current USD millions,BEA_SAGDP1,https://apps.bea.gov/regional/zip/SAGDP.zip
Delaware,2014,68606.0,73354,current USD millions,BEA_SAGDP1,https://apps.bea.gov/regional/zip/SAGDP.zip
Delaware,2015,72352.5,76587,current USD millions,BEA_SAGDP1,https://apps.bea.gov/regional/zip/SAGDP.zip
Delaware,2016,70021.5,73464,current USD millions,BEA_SAGDP1,https://apps.bea.gov/regional/zip/SAGDP.zip
Delaware,2017,69555.6,72333,current USD millions,BEA_SAGDP1,https://apps.bea.gov/regional/zip/SAGDP.zip
Delaware,2018,73376.0,75556,current USD millions,BEA_SAGDP1,https://apps.bea.gov/regional/zip/SAGDP.zip
Delaware,2019,78710.5,80207,current USD millions,BEA_SAGDP1,https://apps.bea.gov/regional/zip/SAGDP.zip
Delaware,2020,77757.2,78393,current USD millions,BEA_SAGDP1,https://apps.bea.gov/regional/zip/SAGDP.zip
Delaware,2021,83554.7,83128,current USD millions,BEA_SAGDP1,https://apps.bea.gov/regional/zip/SAGDP.zip
Delaware,2022,97030.4,95102,current USD millions,BEA_SAGDP1,https://apps.bea.gov/regional/zip/SAGDP.zip
Delaware,2023,103332.5,99804,current USD millions,BEA_SAGDP1,https://apps.bea.gov/regional/zip/SAGDP.zip
Delaware,2024,110971.8,105675,current USD millions,BEA_SAGDP1,https://apps.bea.gov/regional/zip/SAGDP.zip
Delaware,2025,117218.0,110588,current USD millions,BEA_SAGDP1,https://apps.bea.gov/regional/zip/SAGDP.zip
District of Columbia,1997,52581.6,92616,current USD millions,BEA_SAGDP1,https://apps.bea.gov/regional/zip/SAGDP.zip
District of Columbia,1998,54877.4,97089,current USD millions,BEA_SAGDP1,https://apps.bea.gov/regional/zip/SAGDP.zip
District of Columbia,1999,58948.8,103380,current USD millions,BEA_SAGDP1,https://apps.bea.gov/regional/zip/SAGDP.zip
District of Columbia,2000,61267.7,107103,current USD millions,BEA_SAGDP1,https://apps.bea.gov/regional/zip/SAGDP.zip
District of Columbia,2001,65620.0,114220,current USD millions,BEA_SAGDP1,https://apps.bea.gov/regional/zip/SAGDP.zip
District of Columbia,2002,70078.0,122266,current USD millions,BEA_SAGDP1,https://apps.bea.gov/regional/zip/SAGDP.zip
District of Columbia,2003,74047.0,130249,current USD millions,BEA_SAGDP1,https://apps.bea.gov/regional/zip/SAGDP.zip
District of Columbia,2004,80600.7,141964,current USD millions,BEA_SAGDP1,https://apps.bea.gov/regional/zip/SAGDP.zip
District of Columbia,2005,85414.5,150607,current USD millions,BEA_SAGDP1,https://apps.bea.gov/regional/zip/SAGDP.zip
District of Columbia,2006,88350.9,154817,current USD millions,BEA_SAGDP1,https://apps.bea.gov/regional/zip/SAGDP.zip
District of Columbia,2007,94013.8,163672,current USD millions,BEA_SAGDP1,https://apps.bea.gov/regional/zip/SAGDP.zip
District of Columbia,2008,99240.4,171035,current USD millions,BEA_SAGDP1,https://apps.bea.gov/regional/zip/SAGDP.zip
District of Columbia,2009,100430.1,169580,current USD millions,BEA_SAGDP1,https://apps.bea.gov/regional/zip/SAGDP.zip
District of Columbia,2010,106128.6,175501,current USD millions,BEA_SAGDP1,https://apps.bea.gov/regional/zip/SAGDP.zip
District of Columbia,2011,109953.9,178073,current USD millions,BEA_SAGDP1,https://apps.bea.gov/regional/zip/SAGDP.zip
District of Columbia,2012,112512.7,178409,current USD millions,BEA_SAGDP1,https://apps.bea.gov/regional/zip/SAGDP.zip
District of Columbia,2013,114832.7,178255,current USD millions,BEA_SAGDP1,https://apps.bea.gov/regional/zip/SAGDP.zip
District of Columbia,2014,119998.0,183487,current USD millions,BEA_SAGDP1,https://apps.bea.gov/regional/zip/SAGDP.zip
District of Columbia,2015,124753.6,187561,current USD millions,BEA_SAGDP1,https://apps.bea.gov/regional/zip/SAGDP.zip
District of Columbia,2016,129933.5,192943,current USD millions,BEA_SAGDP1,https://apps.bea.gov/regional/zip/SAGDP.zip
District of Columbia,2017,134298.8,197304,current USD millions,BEA_SAGDP1,https://apps.bea.gov/regional/zip/SAGDP.zip
District of Columbia,2018,141240.2,206047,current USD millions,BEA_SAGDP1,https://apps.bea.gov/regional/zip/SAGDP.zip
District of Columbia,2019,145071.4,211068,current USD millions,BEA_SAGDP1,https://apps.bea.gov/regional/zip/SAGDP.zip
District of Columbia,2020,146854.6,218873,current USD millions,BEA_SAGDP1,https://apps.bea.gov/regional/zip/SAGDP.zip
District of Columbia,2021,156581.3,233830,current USD millions,BEA_SAGDP1,https://apps.bea.gov/regional/zip/SAGDP.zip
District of Columbia,2022,165106.2,244783,current USD millions,BEA_SAGDP1,https://apps.bea.gov/regional/zip/SAGDP.zip
District of Columbia,2023,174250.7,255290,current USD millions,BEA_SAGDP1,https://apps.bea.gov/regional/zip/SAGDP.zip
District of Columbia,2024,184297.7,266592,current USD millions,BEA_SAGDP1,https://apps.bea.gov/regional/zip/SAGDP.zip
District of Columbia,2025,192617.5,277689,current USD millions,BEA_SAGDP1,https://apps.bea.gov/regional/zip/SAGDP.zip
Florida,1997,401744.2,26454,current USD millions,BEA_SAGDP1,https://apps.bea.gov/regional/zip/SAGDP.zip
Florida,1998,428595.6,27675,current USD millions,BEA_SAGDP1,https://apps.bea.gov/regional/zip/SAGDP.zip
Florida,1999,457607.0,29037,current USD millions,BEA_SAGDP1,https://apps.bea.gov/regional/zip/SAGDP.zip
Florida,2000,490094.4,30540,current USD millions,BEA_SAGDP1,https://apps.bea.gov/regional/zip/SAGDP.zip
Florida,2001,519140.7,31738,current USD millions,BEA_SAGDP1,https://apps.bea.gov/regional/zip/SAGDP.zip
Florida,2002,553359.9,33156,current USD millions,BEA_SAGDP1,https://apps.bea.gov/regional/zip/SAGDP.zip
Florida,2003,590284.8,34714,current USD millions,BEA_SAGDP1,https://apps.bea.gov/regional/zip/SAGDP.zip
Florida,2004,647041.8,37154,current USD millions,BEA_SAGDP1,https://apps.bea.gov/regional/zip/SAGDP.zip
Florida,2005,704890.3,39507,current USD millions,BEA_SAGDP1,https://apps.bea.gov/regional/zip/SAGDP.zip
Florida,2006,749925.0,41280,current USD millions,BEA_SAGDP1,https://apps.bea.gov/regional/zip/SAGDP.zip
Florida,2007,781947.3,42572,current USD millions,BEA_SAGDP1,https://apps.bea.gov/regional/zip/SAGDP.zip
Florida,2008,767357.8,41418,current USD millions,BEA_SAGDP1,https://apps.bea.gov/regional/zip/SAGDP.zip
Florida,2009,739322.4,39636,current USD millions,BEA_SAGDP1,https://apps.bea.gov/regional/zip/SAGDP.zip
Florida,2010,752998.4,39963,current USD millions,BEA_SAGDP1,https://apps.bea.gov/regional/zip/SAGDP.zip
Florida,2011,761043.1,39977,current USD millions,BEA_SAGDP1,https://apps.bea.gov/regional/zip/SAGDP.zip
Florida,2012,784545.9,40717,current USD millions,BEA_SAGDP1,https://apps.bea.gov/regional/zip/SAGDP.zip
Florida,2013,819679.8,42029,current USD millions,BEA_SAGDP1,https://apps.bea.gov/regional/zip/SAGDP.zip
Florida,2014,860112.6,43462,current USD millions,BEA_SAGDP1,https://apps.bea.gov/regional/zip/SAGDP.zip
Florida,2015,918464.3,45603,current USD millions,BEA_SAGDP1,https://apps.bea.gov/regional/zip/SAGDP.zip
Florida,2016,964500.8,46972,current USD millions,BEA_SAGDP1,https://apps.bea.gov/regional/zip/SAGDP.zip
Florida,2017,1014866.9,48632,current USD millions,BEA_SAGDP1,https://apps.bea.gov/regional/zip/SAGDP.zip
Florida,2018,1072085.6,50735,current USD millions,BEA_SAGDP1,https://apps.bea.gov/regional/zip/SAGDP.zip
Florida,2019,1133718.0,53093,current USD millions,BEA_SAGDP1,https://apps.bea.gov/regional/zip/SAGDP.zip
Florida,2020,1144653.2,53014,current USD millions,BEA_SAGDP1,https://apps.bea.gov/regional/zip/SAGDP.zip
Florida,2021,1300807.8,59570,current USD millions,BEA_SAGDP1,https://apps.bea.gov/regional/zip/SAGDP.zip
Florida,2022,1473688.1,65749,current USD millions,BEA_SAGDP1,https://apps.bea.gov/regional/zip/SAGDP.zip
Florida,2023,1624642.3,70855,current USD millions,BEA_SAGDP1,https://apps.bea.gov/regional/zip/SAGDP.zip
Florida,2024,1726709.9,74217,current USD millions,BEA_SAGDP1,https://apps.bea.gov/regional/zip/SAGDP.zip
Florida,2025,1834641.4,78195,current USD millions,BEA_SAGDP1,https://apps.bea.gov/regional/zip/SAGDP.zip
Georgia,1997,242371.9,31538,current USD millions,BEA_SAGDP1,https://apps.bea.gov/regional/zip/SAGDP.zip
Georgia,1998,265146.4,33718,current USD millions,BEA_SAGDP1,https://apps.bea.gov/regional/zip/SAGDP.zip
Georgia,1999,289048.9,35925,current USD millions,BEA_SAGDP1,https://apps.bea.gov/regional/zip/SAGDP.zip
Georgia,2000,305323.7,37111,current USD millions,BEA_SAGDP1,https://apps.bea.gov/regional/zip/SAGDP.zip
Georgia,2001,316872.7,37826,current USD millions,BEA_SAGDP1,https://apps.bea.gov/regional/zip/SAGDP.zip
Georgia,2002,326017.9,38318,current USD millions,BEA_SAGDP1,https://apps.bea.gov/regional/zip/SAGDP.zip
Georgia,2003,339540.5,39377,current USD millions,BEA_SAGDP1,https://apps.bea.gov/regional/zip/SAGDP.zip
Georgia,2004,364530.1,41569,current USD millions,BEA_SAGDP1,https://apps.bea.gov/regional/zip/SAGDP.zip
Georgia,2005,388707.2,43548,current USD millions,BEA_SAGDP1,https://apps.bea.gov/regional/zip/SAGDP.zip
Georgia,2006,405664.2,44307,current USD millions,BEA_SAGDP1,https://apps.bea.gov/regional/zip/SAGDP.zip
Georgia,2007,419384.8,44854,current USD millions,BEA_SAGDP1,https://apps.bea.gov/regional/zip/SAGDP.zip
Georgia,2008,416303.5,43799,current USD millions,BEA_SAGDP1,https://apps.bea.gov/regional/zip/SAGDP.zip
Georgia,2009,409876.2,42603,current USD millions,BEA_SAGDP1,https://apps.bea.gov/regional/zip/SAGDP.zip
Georgia,2010,419013.1,43141,current USD millions,BEA_SAGDP1,https://apps.bea.gov/regional/zip/SAGDP.zip
Georgia,2011,433137.1,44172,current USD millions,BEA_SAGDP1,https://apps.bea.gov/regional/zip/SAGDP.zip
Georgia,2012,449375.6,45358,current USD millions,BEA_SAGDP1,https://apps.bea.gov/regional/zip/SAGDP.zip
Georgia,2013,467559.5,46845,current USD millions,BEA_SAGDP1,https://apps.bea.gov/regional/zip/SAGDP.zip
Georgia,2014,493370.3,48955,current USD millions,BEA_SAGDP1,https://apps.bea.gov/regional/zip/SAGDP.zip
Georgia,2015,525516.8,51562,current USD millions,BEA_SAGDP1,https://apps.bea.gov/regional/zip/SAGDP.zip
Georgia,2016,554903.2,53777,current USD millions,BEA_SAGDP1,https://apps.bea.gov/regional/zip/SAGDP.zip
Georgia,2017,583543.3,55955,current USD millions,BEA_SAGDP1,https://apps.bea.gov/regional/zip/SAGDP.zip
Georgia,2018,612803.4,58180,current USD millions,BEA_SAGDP1,https://apps.bea.gov/regional/zip/SAGDP.zip
Georgia,2019,646695.8,60762,current USD millions,BEA_SAGDP1,https://apps.bea.gov/regional/zip/SAGDP.zip
Georgia,2020,638488.3,59491,current USD millions,BEA_SAGDP1,https://apps.bea.gov/regional/zip/SAGDP.zip
Georgia,2021,706004.6,65413,current USD millions,BEA_SAGDP1,https://apps.bea.gov/regional/zip/SAGDP.zip
Georgia,2022,785922.7,71905,current USD millions,BEA_SAGDP1,https://apps.bea.gov/regional/zip/SAGDP.zip
Georgia,2023,835755.3,75541,current USD millions,BEA_SAGDP1,https://apps.bea.gov/regional/zip/SAGDP.zip
Georgia,2024,881508.2,78677,current USD millions,BEA_SAGDP1,https://apps.bea.gov/regional/zip/SAGDP.zip
Georgia,2025,924828.9,81823,current USD millions,BEA_SAGDP1,https://apps.bea.gov/regional/zip/SAGDP.zip
Hawaii,1997,37701.7,31116,current USD millions,BEA_SAGDP1,https://apps.bea.gov/regional/zip/SAGDP.zip
Hawaii,1998,37503.0,30861,current USD millions,BEA_SAGDP1,https://apps.bea.gov/regional/zip/SAGDP.zip
Hawaii,1999,38970.4,32199,current USD millions,BEA_SAGDP1,https://apps.bea.gov/regional/zip/SAGDP.zip
Hawaii,2000,41089.4,33860,current USD millions,BEA_SAGDP1,https://apps.bea.gov/regional/zip/SAGDP.zip
Hawaii,2001,42500.2,34667,current USD millions,BEA_SAGDP1,https://apps.bea.gov/regional/zip/SAGDP.zip
Hawaii,2002,44949.5,36261,current USD millions,BEA_SAGDP1,https://apps.bea.gov/regional/zip/SAGDP.zip
Hawaii,2003,48420.7,38701,current USD millions,BEA_SAGDP1,https://apps.bea.gov/regional/zip/SAGDP.zip
Hawaii,2004,52625.7,41321,current USD millions,BEA_SAGDP1,https://apps.bea.gov/regional/zip/SAGDP.zip
Hawaii,2005,57211.8,44257,current USD millions,BEA_SAGDP1,https://apps.bea.gov/regional/zip/SAGDP.zip
Hawaii,2006,60848.0,46458,current USD millions,BEA_SAGDP1,https://apps.bea.gov/regional/zip/SAGDP.zip
Hawaii,2007,64106.0,48725,current USD millions,BEA_SAGDP1,https://apps.bea.gov/regional/zip/SAGDP.zip
Hawaii,2008,65545.5,49200,current USD millions,BEA_SAGDP1,https://apps.bea.gov/regional/zip/SAGDP.zip
Hawaii,2009,64464.3,47868,current USD millions,BEA_SAGDP1,https://apps.bea.gov/regional/zip/SAGDP.zip
Hawaii,2010,66739.3,48889,current USD millions,BEA_SAGDP1,https://apps.bea.gov/regional/zip/SAGDP.zip
Hawaii,2011,68801.1,49671,current USD millions,BEA_SAGDP1,https://apps.bea.gov/regional/zip/SAGDP.zip
Hawaii,2012,71645.6,50984,current USD millions,BEA_SAGDP1,https://apps.bea.gov/regional/zip/SAGDP.zip
Hawaii,2013,74598.5,52411,current USD millions,BEA_SAGDP1,https://apps.bea.gov/regional/zip/SAGDP.zip
Hawaii,2014,77043.0,53714,current USD millions,BEA_SAGDP1,https://apps.bea.gov/regional/zip/SAGDP.zip
Hawaii,2015,81410.2,56283,current USD millions,BEA_SAGDP1,https://apps.bea.gov/regional/zip/SAGDP.zip
Hawaii,2016,84287.2,57857,current USD millions,BEA_SAGDP1,https://apps.bea.gov/regional/zip/SAGDP.zip
Hawaii,2017,87436.4,59963,current USD millions,BEA_SAGDP1,https://apps.bea.gov/regional/zip/SAGDP.zip
Hawaii,2018,90933.5,62285,current USD millions,BEA_SAGDP1,https://apps.bea.gov/regional/zip/SAGDP.zip
Hawaii,2019,93240.2,63997,current USD millions,BEA_SAGDP1,https://apps.bea.gov/regional/zip/SAGDP.zip
Hawaii,2020,84788.0,58429,current USD millions,BEA_SAGDP1,https://apps.bea.gov/regional/zip/SAGDP.zip
Hawaii,2021,93684.2,64748,current USD millions,BEA_SAGDP1,https://apps.bea.gov/regional/zip/SAGDP.zip
Hawaii,2022,103954.5,72300,current USD millions,BEA_SAGDP1,https://apps.bea.gov/regional/zip/SAGDP.zip
Hawaii,2023,111740.2,77870,current USD millions,BEA_SAGDP1,https://apps.bea.gov/regional/zip/SAGDP.zip
Hawaii,2024,117627.4,81973,current USD millions,BEA_SAGDP1,https://apps.bea.gov/regional/zip/SAGDP.zip
Hawaii,2025,124607.8,86967,current USD millions,BEA_SAGDP1,https://apps.bea.gov/regional/zip/SAGDP.zip
Idaho,1997,29699.5,24175,current USD millions,BEA_SAGDP1,https://apps.bea.gov/regional/zip/SAGDP.zip
Idaho,1998,31352.7,25035,current USD millions,BEA_SAGDP1,https://apps.bea.gov/regional/zip/SAGDP.zip
Idaho,1999,34512.8,27055,current USD millions,BEA_SAGDP1,https://apps.bea.gov/regional/zip/SAGDP.zip
Idaho,2000,38344.1,29508,current USD millions,BEA_SAGDP1,https://apps.bea.gov/regional/zip/SAGDP.zip
Idaho,2001,37740.9,28592,current USD millions,BEA_SAGDP1,https://apps.bea.gov/regional/zip/SAGDP.zip
Idaho,2002,38990.7,29089,current USD millions,BEA_SAGDP1,https://apps.bea.gov/regional/zip/SAGDP.zip
Idaho,2003,40778.6,29910,current USD millions,BEA_SAGDP1,https://apps.bea.gov/regional/zip/SAGDP.zip
Idaho,2004,44732.9,32140,current USD millions,BEA_SAGDP1,https://apps.bea.gov/regional/zip/SAGDP.zip
Idaho,2005,48805.1,34171,current USD millions,BEA_SAGDP1,https://apps.bea.gov/regional/zip/SAGDP.zip
Idaho,2006,51099.0,34793,current USD millions,BEA_SAGDP1,https://apps.bea.gov/regional/zip/SAGDP.zip
Idaho,2007,53712.4,35687,current USD millions,BEA_SAGDP1,https://apps.bea.gov/regional/zip/SAGDP.zip
Idaho,2008,56203.6,36631,current USD millions,BEA_SAGDP1,https://apps.bea.gov/regional/zip/SAGDP.zip
Idaho,2009,54507.9,35066,current USD millions,BEA_SAGDP1,https://apps.bea.gov/regional/zip/SAGDP.zip
Idaho,2010,56086.2,35693,current USD millions,BEA_SAGDP1,https://apps.bea.gov/regional/zip/SAGDP.zip
Idaho,2011,57418.2,36183,current USD millions,BEA_SAGDP1,https://apps.bea.gov/regional/zip/SAGDP.zip
Idaho,2012,57933.7,36195,current USD millions,BEA_SAGDP1,https://apps.bea.gov/regional/zip/SAGDP.zip
Idaho,2013,61712.6,38121,current USD millions,BEA_SAGDP1,https://apps.bea.gov/regional/zip/SAGDP.zip
Idaho,2014,64501.7,39303,current USD millions,BEA_SAGDP1,https://apps.bea.gov/regional/zip/SAGDP.zip
Idaho,2015,66064.9,39715,current USD millions,BEA_SAGDP1,https://apps.bea.gov/regional/zip/SAGDP.zip
Idaho,2016,69185.2,40767,current USD millions,BEA_SAGDP1,https://apps.bea.gov/regional/zip/SAGDP.zip
Idaho,2017,72935.1,42040,current USD millions,BEA_SAGDP1,https://apps.bea.gov/regional/zip/SAGDP.zip
Idaho,2018,79072.4,44691,current USD millions,BEA_SAGDP1,https://apps.bea.gov/regional/zip/SAGDP.zip
Idaho,2019,84429.4,46688,current USD millions,BEA_SAGDP1,https://apps.bea.gov/regional/zip/SAGDP.zip
Idaho,2020,88056.8,47616,current USD millions,BEA_SAGDP1,https://apps.bea.gov/regional/zip/SAGDP.zip
Idaho,2021,99884.1,52437,current USD millions,BEA_SAGDP1,https://apps.bea.gov/regional/zip/SAGDP.zip
Idaho,2022,112609.7,57958,current USD millions,BEA_SAGDP1,https://apps.bea.gov/regional/zip/SAGDP.zip
Idaho,2023,120588.1,61197,current USD millions,BEA_SAGDP1,https://apps.bea.gov/regional/zip/SAGDP.zip
Idaho,2024,129018.2,64481,current USD millions,BEA_SAGDP1,https://apps.bea.gov/regional/zip/SAGDP.zip
Idaho,2025,135552.8,66784,current USD millions,BEA_SAGDP1,https://apps.bea.gov/regional/zip/SAGDP.zip
Illinois,1997,416015.1,34140,current USD millions,BEA_SAGDP1,https://apps.bea.gov/regional/zip/SAGDP.zip
Illinois,1998,436533.4,35572,current USD millions,BEA_SAGDP1,https://apps.bea.gov/regional/zip/SAGDP.zip
Illinois,1999,459971.6,37217,current USD millions,BEA_SAGDP1,https://apps.bea.gov/regional/zip/SAGDP.zip
Illinois,2000,486089.7,39093,current USD millions,BEA_SAGDP1,https://apps.bea.gov/regional/zip/SAGDP.zip
Illinois,2001,499618.4,40006,current USD millions,BEA_SAGDP1,https://apps.bea.gov/regional/zip/SAGDP.zip
Illinois,2002,511485.9,40835,current USD millions,BEA_SAGDP1,https://apps.bea.gov/regional/zip/SAGDP.zip
Illinois,2003,528577.0,42098,current USD millions,BEA_SAGDP1,https://apps.bea.gov/regional/zip/SAGDP.zip
Illinois,2004,560079.8,44487,current USD millions,BEA_SAGDP1,https://apps.bea.gov/regional/zip/SAGDP.zip
Illinois,2005,589153.7,46722,current USD millions,BEA_SAGDP1,https://apps.bea.gov/regional/zip/SAGDP.zip
Illinois,2006,624068.1,49357,current USD millions,BEA_SAGDP1,https://apps.bea.gov/regional/zip/SAGDP.zip
Illinois,2007,649307.4,51143,current USD millions,BEA_SAGDP1,https://apps.bea.gov/regional/zip/SAGDP.zip
Illinois,2008,649677.3,50967,current USD millions,BEA_SAGDP1,https://apps.bea.gov/regional/zip/SAGDP.zip
Illinois,2009,645843.2,50469,current USD millions,BEA_SAGDP1,https://apps.bea.gov/regional/zip/SAGDP.zip
Illinois,2010,663929.0,51686,current USD millions,BEA_SAGDP1,https://apps.bea.gov/regional/zip/SAGDP.zip
Illinois,2011,691805.5,53660,current USD millions,BEA_SAGDP1,https://apps.bea.gov/regional/zip/SAGDP.zip
Illinois,2012,725478.0,56119,current USD millions,BEA_SAGDP1,https://apps.bea.gov/regional/zip/SAGDP.zip
Illinois,2013,742890.9,57322,current USD millions,BEA_SAGDP1,https://apps.bea.gov/regional/zip/SAGDP.zip
Illinois,2014,772291.7,59549,current USD millions,BEA_SAGDP1,https://apps.bea.gov/regional/zip/SAGDP.zip
Illinois,2015,802592.0,61914,current USD millions,BEA_SAGDP1,https://apps.bea.gov/regional/zip/SAGDP.zip
Illinois,2016,813561.6,62848,current USD millions,BEA_SAGDP1,https://apps.bea.gov/regional/zip/SAGDP.zip
Illinois,2017,832826.8,64446,current USD millions,BEA_SAGDP1,https://apps.bea.gov/regional/zip/SAGDP.zip
Illinois,2018,871024.2,67587,current USD millions,BEA_SAGDP1,https://apps.bea.gov/regional/zip/SAGDP.zip
Illinois,2019,895601.8,69700,current USD millions,BEA_SAGDP1,https://apps.bea.gov/regional/zip/SAGDP.zip
Illinois,2020,860807.8,67275,current USD millions,BEA_SAGDP1,https://apps.bea.gov/regional/zip/SAGDP.zip
Illinois,2021,947223.9,74565,current USD millions,BEA_SAGDP1,https://apps.bea.gov/regional/zip/SAGDP.zip
Illinois,2022,1037735.9,82297,current USD millions,BEA_SAGDP1,https://apps.bea.gov/regional/zip/SAGDP.zip
Illinois,2023,1100794.1,87134,current USD millions,BEA_SAGDP1,https://apps.bea.gov/regional/zip/SAGDP.zip
Illinois,2024,1148106.1,90380,current USD millions,BEA_SAGDP1,https://apps.bea.gov/regional/zip/SAGDP.zip
Illinois,2025,1201996.1,94503,current USD millions,BEA_SAGDP1,https://apps.bea.gov/regional/zip/SAGDP.zip
Indiana,1997,170924.6,28701,current USD millions,BEA_SAGDP1,https://apps.bea.gov/regional/zip/SAGDP.zip
Indiana,1998,185336.3,30895,current USD millions,BEA_SAGDP1,https://apps.bea.gov/regional/zip/SAGDP.zip
Indiana,1999,193659.9,32037,current USD millions,BEA_SAGDP1,https://apps.bea.gov/regional/zip/SAGDP.zip
Indiana,2000,204147.3,33511,current USD millions,BEA_SAGDP1,https://apps.bea.gov/regional/zip/SAGDP.zip
Indiana,2001,205325.1,33507,current USD millions,BEA_SAGDP1,https://apps.bea.gov/regional/zip/SAGDP.zip
Indiana,2002,213419.6,34669,current USD millions,BEA_SAGDP1,https://apps.bea.gov/regional/zip/SAGDP.zip
Indiana,2003,225349.3,36366,current USD millions,BEA_SAGDP1,https://apps.bea.gov/regional/zip/SAGDP.zip
Indiana,2004,239278.5,38389,current USD millions,BEA_SAGDP1,https://apps.bea.gov/regional/zip/SAGDP.zip
Indiana,2005,247428.3,39408,current USD millions,BEA_SAGDP1,https://apps.bea.gov/regional/zip/SAGDP.zip
Indiana,2006,259030.3,40904,current USD millions,BEA_SAGDP1,https://apps.bea.gov/regional/zip/SAGDP.zip
Indiana,2007,273340.8,42846,current USD millions,BEA_SAGDP1,https://apps.bea.gov/regional/zip/SAGDP.zip
Indiana,2008,277774.5,43235,current USD millions,BEA_SAGDP1,https://apps.bea.gov/regional/zip/SAGDP.zip
Indiana,2009,264925.0,41014,current USD millions,BEA_SAGDP1,https://apps.bea.gov/regional/zip/SAGDP.zip
Indiana,2010,284685.8,43856,current USD millions,BEA_SAGDP1,https://apps.bea.gov/regional/zip/SAGDP.zip
Indiana,2011,292373.8,44833,current USD millions,BEA_SAGDP1,https://apps.bea.gov/regional/zip/SAGDP.zip
Indiana,2012,301277.4,46021,current USD millions,BEA_SAGDP1,https://apps.bea.gov/regional/zip/SAGDP.zip
Indiana,2013,313466.9,47629,current USD millions,BEA_SAGDP1,https://apps.bea.gov/regional/zip/SAGDP.zip
Indiana,2014,329360.9,49826,current USD millions,BEA_SAGDP1,https://apps.bea.gov/regional/zip/SAGDP.zip
Indiana,2015,333163.8,50259,current USD millions,BEA_SAGDP1,https://apps.bea.gov/regional/zip/SAGDP.zip
Indiana,2016,342716.6,51469,current USD millions,BEA_SAGDP1,https://apps.bea.gov/regional/zip/SAGDP.zip
Indiana,2017,357535.8,53474,current USD millions,BEA_SAGDP1,https://apps.bea.gov/regional/zip/SAGDP.zip
Indiana,2018,377376.9,56108,current USD millions,BEA_SAGDP1,https://apps.bea.gov/regional/zip/SAGDP.zip
Indiana,2019,384838.7,56913,current USD millions,BEA_SAGDP1,https://apps.bea.gov/regional/zip/SAGDP.zip
Indiana,2020,378293.0,55711,current USD millions,BEA_SAGDP1,https://apps.bea.gov/regional/zip/SAGDP.zip
Indiana,2021,425270.9,62409,current USD millions,BEA_SAGDP1,https://apps.bea.gov/regional/zip/SAGDP.zip
Indiana,2022,467679.6,68359,current USD millions,BEA_SAGDP1,https://apps.bea.gov/regional/zip/SAGDP.zip
Indiana,2023,496849.5,72202,current USD millions,BEA_SAGDP1,https://apps.bea.gov/regional/zip/SAGDP.zip
Indiana,2024,519516.5,74915,current USD millions,BEA_SAGDP1,https://apps.bea.gov/regional/zip/SAGDP.zip
Indiana,2025,545234.0,78188,current USD millions,BEA_SAGDP1,https://apps.bea.gov/regional/zip/SAGDP.zip
Iowa,1997,82808.8,28642,current USD millions,BEA_SAGDP1,https://apps.bea.gov/regional/zip/SAGDP.zip
Iowa,1998,84629.7,29154,current USD millions,BEA_SAGDP1,https://apps.bea.gov/regional/zip/SAGDP.zip
Iowa,1999,87774.3,30084,current USD millions,BEA_SAGDP1,https://apps.bea.gov/regional/zip/SAGDP.zip
Iowa,2000,93125.6,31794,current USD millions,BEA_SAGDP1,https://apps.bea.gov/regional/zip/SAGDP.zip
Iowa,2001,94922.6,32375,current USD millions,BEA_SAGDP1,https://apps.bea.gov/regional/zip/SAGDP.zip
Iowa,2002,98669.4,33627,current USD millions,BEA_SAGDP1,https://apps.bea.gov/regional/zip/SAGDP.zip
Iowa,2003,105329.7,35802,current USD millions,BEA_SAGDP1,https://apps.bea.gov/regional/zip/SAGDP.zip
Iowa,2004,117149.8,39663,current USD millions,BEA_SAGDP1,https://apps.bea.gov/regional/zip/SAGDP.zip
Iowa,2005,122866.1,41446,current USD millions,BEA_SAGDP1,https://apps.bea.gov/regional/zip/SAGDP.zip
Iowa,2006,127670.8,42805,current USD millions,BEA_SAGDP1,https://apps.bea.gov/regional/zip/SAGDP.zip
Iowa,2007,137590.2,45875,current USD millions,BEA_SAGDP1,https://apps.bea.gov/regional/zip/SAGDP.zip
Iowa,2008,137749.2,45662,current USD millions,BEA_SAGDP1,https://apps.bea.gov/regional/zip/SAGDP.zip
Iowa,2009,137094.3,45203,current USD millions,BEA_SAGDP1,https://apps.bea.gov/regional/zip/SAGDP.zip
Iowa,2010,142497.7,46698,current USD millions,BEA_SAGDP1,https://apps.bea.gov/regional/zip/SAGDP.zip
Iowa,2011,149026.1,48542,current USD millions,BEA_SAGDP1,https://apps.bea.gov/regional/zip/SAGDP.zip
Iowa,2012,158553.1,51432,current USD millions,BEA_SAGDP1,https://apps.bea.gov/regional/zip/SAGDP.zip
Iowa,2013,162415.0,52350,current USD millions,BEA_SAGDP1,https://apps.bea.gov/regional/zip/SAGDP.zip
Iowa,2014,173734.2,55652,current USD millions,BEA_SAGDP1,https://apps.bea.gov/regional/zip/SAGDP.zip
Iowa,2015,181471.7,57862,current USD millions,BEA_SAGDP1,https://apps.bea.gov/regional/zip/SAGDP.zip
Iowa,2016,183834.8,58368,current USD millions,BEA_SAGDP1,https://apps.bea.gov/regional/zip/SAGDP.zip
Iowa,2017,187125.0,59165,current USD millions,BEA_SAGDP1,https://apps.bea.gov/regional/zip/SAGDP.zip
Iowa,2018,193155.1,60903,current USD millions,BEA_SAGDP1,https://apps.bea.gov/regional/zip/SAGDP.zip
Iowa,2019,196262.5,61643,current USD millions,BEA_SAGDP1,https://apps.bea.gov/regional/zip/SAGDP.zip
Iowa,2020,199449.6,62502,current USD millions,BEA_SAGDP1,https://apps.bea.gov/regional/zip/SAGDP.zip
Iowa,2021,225055.3,70351,current USD millions,BEA_SAGDP1,https://apps.bea.gov/regional/zip/SAGDP.zip
Iowa,2022,244156.8,76254,current USD millions,BEA_SAGDP1,https://apps.bea.gov/regional/zip/SAGDP.zip
Iowa,2023,253166.5,78752,current USD millions,BEA_SAGDP1,https://apps.bea.gov/regional/zip/SAGDP.zip
Iowa,2024,265794.5,82278,current USD millions,BEA_SAGDP1,https://apps.bea.gov/regional/zip/SAGDP.zip
Iowa,2025,277110.1,85570,current USD millions,BEA_SAGDP1,https://apps.bea.gov/regional/zip/SAGDP.zip
Kansas,1997,74643.2,28324,current USD millions,BEA_SAGDP1,https://apps.bea.gov/regional/zip/SAGDP.zip
Kansas,1998,78242.3,29408,current USD millions,BEA_SAGDP1,https://apps.bea.gov/regional/zip/SAGDP.zip
Kansas,1999,81609.7,30470,current USD millions,BEA_SAGDP1,https://apps.bea.gov/regional/zip/SAGDP.zip
Kansas,2000,85990.5,31923,current USD millions,BEA_SAGDP1,https://apps.bea.gov/regional/zip/SAGDP.zip
Kansas,2001,88869.7,32888,current USD millions,BEA_SAGDP1,https://apps.bea.gov/regional/zip/SAGDP.zip
Kansas,2002,91359.0,33668,current USD millions,BEA_SAGDP1,https://apps.bea.gov/regional/zip/SAGDP.zip
Kansas,2003,95236.3,34975,current USD millions,BEA_SAGDP1,https://apps.bea.gov/regional/zip/SAGDP.zip
Kansas,2004,98913.7,36174,current USD millions,BEA_SAGDP1,https://apps.bea.gov/regional/zip/SAGDP.zip
Kansas,2005,105343.9,38372,current USD millions,BEA_SAGDP1,https://apps.bea.gov/regional/zip/SAGDP.zip
Kansas,2006,113831.8,41200,current USD millions,BEA_SAGDP1,https://apps.bea.gov/regional/zip/SAGDP.zip
Kansas,2007,123608.9,44403,current USD millions,BEA_SAGDP1,https://apps.bea.gov/regional/zip/SAGDP.zip
Kansas,2008,129223.2,46018,current USD millions,BEA_SAGDP1,https://apps.bea.gov/regional/zip/SAGDP.zip
Kansas,2009,126049.7,44498,current USD millions,BEA_SAGDP1,https://apps.bea.gov/regional/zip/SAGDP.zip
Kansas,2010,129235.7,45206,current USD millions,BEA_SAGDP1,https://apps.bea.gov/regional/zip/SAGDP.zip
Kansas,2011,136747.1,47605,current USD millions,BEA_SAGDP1,https://apps.bea.gov/regional/zip/SAGDP.zip
Kansas,2012,141812.1,49050,current USD millions,BEA_SAGDP1,https://apps.bea.gov/regional/zip/SAGDP.zip
Kansas,2013,144999.3,49970,current USD millions,BEA_SAGDP1,https://apps.bea.gov/regional/zip/SAGDP.zip
Kansas,2014,150276.1,51614,current USD millions,BEA_SAGDP1,https://apps.bea.gov/regional/zip/SAGDP.zip
Kansas,2015,155699.0,53272,current USD millions,BEA_SAGDP1,https://apps.bea.gov/regional/zip/SAGDP.zip
Kansas,2016,162144.5,55391,current USD millions,BEA_SAGDP1,https://apps.bea.gov/regional/zip/SAGDP.zip
Kansas,2017,166273.6,56798,current USD millions,BEA_SAGDP1,https://apps.bea.gov/regional/zip/SAGDP.zip
Kansas,2018,173373.0,59140,current USD millions,BEA_SAGDP1,https://apps.bea.gov/regional/zip/SAGDP.zip
Kansas,2019,176068.8,60015,current USD millions,BEA_SAGDP1,https://apps.bea.gov/regional/zip/SAGDP.zip
Kansas,2020,175385.6,59690,current USD millions,BEA_SAGDP1,https://apps.bea.gov/regional/zip/SAGDP.zip
Kansas,2021,188993.3,64306,current USD millions,BEA_SAGDP1,https://apps.bea.gov/regional/zip/SAGDP.zip
Kansas,2022,213368.8,72623,current USD millions,BEA_SAGDP1,https://apps.bea.gov/regional/zip/SAGDP.zip
Kansas,2023,224851.3,76227,current USD millions,BEA_SAGDP1,https://apps.bea.gov/regional/zip/SAGDP.zip
Kansas,2024,230522.1,77741,current USD millions,BEA_SAGDP1,https://apps.bea.gov/regional/zip/SAGDP.zip
Kansas,2025,241378.4,81075,current USD millions,BEA_SAGDP1,https://apps.bea.gov/regional/zip/SAGDP.zip
Kentucky,1997,104878.1,26533,current USD millions,BEA_SAGDP1,https://apps.bea.gov/regional/zip/SAGDP.zip
Kentucky,1998,110020.1,27606,current USD millions,BEA_SAGDP1,https://apps.bea.gov/regional/zip/SAGDP.zip
Kentucky,1999,115592.7,28768,current USD millions,BEA_SAGDP1,https://apps.bea.gov/regional/zip/SAGDP.zip
Kentucky,2000,114549.6,28291,current USD millions,BEA_SAGDP1,https://apps.bea.gov/regional/zip/SAGDP.zip
Kentucky,2001,117767.9,28949,current USD millions,BEA_SAGDP1,https://apps.bea.gov/regional/zip/SAGDP.zip
Kentucky,2002,122731.2,30009,current USD millions,BEA_SAGDP1,https://apps.bea.gov/regional/zip/SAGDP.zip
Kentucky,2003,128289.6,31160,current USD millions,BEA_SAGDP1,https://apps.bea.gov/regional/zip/SAGDP.zip
Kentucky,2004,135694.5,32728,current USD millions,BEA_SAGDP1,https://apps.bea.gov/regional/zip/SAGDP.zip
Kentucky,2005,144914.9,34646,current USD millions,BEA_SAGDP1,https://apps.bea.gov/regional/zip/SAGDP.zip
Kentucky,2006,153009.8,36265,current USD millions,BEA_SAGDP1,https://apps.bea.gov/regional/zip/SAGDP.zip
Kentucky,2007,156900.0,36860,current USD millions,BEA_SAGDP1,https://apps.bea.gov/regional/zip/SAGDP.zip
Kentucky,2008,160700.2,37460,current USD millions,BEA_SAGDP1,https://apps.bea.gov/regional/zip/SAGDP.zip
Kentucky,2009,157440.1,36469,current USD millions,BEA_SAGDP1,https://apps.bea.gov/regional/zip/SAGDP.zip
Kentucky,2010,166656.3,38319,current USD millions,BEA_SAGDP1,https://apps.bea.gov/regional/zip/SAGDP.zip
Kentucky,2011,171238.1,39146,current USD millions,BEA_SAGDP1,https://apps.bea.gov/regional/zip/SAGDP.zip
Kentucky,2012,178370.6,40593,current USD millions,BEA_SAGDP1,https://apps.bea.gov/regional/zip/SAGDP.zip
Kentucky,2013,184920.6,41875,current USD millions,BEA_SAGDP1,https://apps.bea.gov/regional/zip/SAGDP.zip
Kentucky,2014,188326.4,42523,current USD millions,BEA_SAGDP1,https://apps.bea.gov/regional/zip/SAGDP.zip
Kentucky,2015,194621.2,43796,current USD millions,BEA_SAGDP1,https://apps.bea.gov/regional/zip/SAGDP.zip
Kentucky,2016,197944.8,44405,current USD millions,BEA_SAGDP1,https://apps.bea.gov/regional/zip/SAGDP.zip
Kentucky,2017,203564.0,45481,current USD millions,BEA_SAGDP1,https://apps.bea.gov/regional/zip/SAGDP.zip
Kentucky,2018,210509.1,46912,current USD millions,BEA_SAGDP1,https://apps.bea.gov/regional/zip/SAGDP.zip
Kentucky,2019,220678.8,49060,current USD millions,BEA_SAGDP1,https://apps.bea.gov/regional/zip/SAGDP.zip
Kentucky,2020,218948.6,48566,current USD millions,BEA_SAGDP1,https://apps.bea.gov/regional/zip/SAGDP.zip
Kentucky,2021,238693.7,52945,current USD millions,BEA_SAGDP1,https://apps.bea.gov/regional/zip/SAGDP.zip
Kentucky,2022,262586.6,58078,current USD millions,BEA_SAGDP1,https://apps.bea.gov/regional/zip/SAGDP.zip
Kentucky,2023,283267.7,62257,current USD millions,BEA_SAGDP1,https://apps.bea.gov/regional/zip/SAGDP.zip
Kentucky,2024,295375.3,64436,current USD millions,BEA_SAGDP1,https://apps.bea.gov/regional/zip/SAGDP.zip
Kentucky,2025,306897.4,66617,current USD millions,BEA_SAGDP1,https://apps.bea.gov/regional/zip/SAGDP.zip
Louisiana,1997,116423.1,26334,current USD millions,BEA_SAGDP1,https://apps.bea.gov/regional/zip/SAGDP.zip
Louisiana,1998,120228.8,27076,current USD millions,BEA_SAGDP1,https://apps.bea.gov/regional/zip/SAGDP.zip
Louisiana,1999,125667.3,28171,current USD millions,BEA_SAGDP1,https://apps.bea.gov/regional/zip/SAGDP.zip
Louisiana,2000,132375.8,29602,current USD millions,BEA_SAGDP1,https://apps.bea.gov/regional/zip/SAGDP.zip
Louisiana,2001,138204.3,30864,current USD millions,BEA_SAGDP1,https://apps.bea.gov/regional/zip/SAGDP.zip
Louisiana,2002,140082.8,31148,current USD millions,BEA_SAGDP1,https://apps.bea.gov/regional/zip/SAGDP.zip
Louisiana,2003,155198.7,34328,current USD millions,BEA_SAGDP1,https://apps.bea.gov/regional/zip/SAGDP.zip
Louisiana,2004,170999.6,37564,current USD millions,BEA_SAGDP1,https://apps.bea.gov/regional/zip/SAGDP.zip
Louisiana,2005,199314.2,43550,current USD millions,BEA_SAGDP1,https://apps.bea.gov/regional/zip/SAGDP.zip
Louisiana,2006,207249.8,48168,current USD millions,BEA_SAGDP1,https://apps.bea.gov/regional/zip/SAGDP.zip
Louisiana,2007,203771.3,46570,current USD millions,BEA_SAGDP1,https://apps.bea.gov/regional/zip/SAGDP.zip
Louisiana,2008,213803.5,48202,current USD millions,BEA_SAGDP1,https://apps.bea.gov/regional/zip/SAGDP.zip
Louisiana,2009,206111.5,45888,current USD millions,BEA_SAGDP1,https://apps.bea.gov/regional/zip/SAGDP.zip
Louisiana,2010,226555.6,49849,current USD millions,BEA_SAGDP1,https://apps.bea.gov/regional/zip/SAGDP.zip
Louisiana,2011,230518.7,50364,current USD millions,BEA_SAGDP1,https://apps.bea.gov/regional/zip/SAGDP.zip
Louisiana,2012,235960.9,51256,current USD millions,BEA_SAGDP1,https://apps.bea.gov/regional/zip/SAGDP.zip
Louisiana,2013,231652.7,50052,current USD millions,BEA_SAGDP1,https://apps.bea.gov/regional/zip/SAGDP.zip
Louisiana,2014,240965.0,51834,current USD millions,BEA_SAGDP1,https://apps.bea.gov/regional/zip/SAGDP.zip
Louisiana,2015,234324.2,50171,current USD millions,BEA_SAGDP1,https://apps.bea.gov/regional/zip/SAGDP.zip
Louisiana,2016,227440.3,48541,current USD millions,BEA_SAGDP1,https://apps.bea.gov/regional/zip/SAGDP.zip
Louisiana,2017,239830.7,51261,current USD millions,BEA_SAGDP1,https://apps.bea.gov/regional/zip/SAGDP.zip
Louisiana,2018,256444.4,54913,current USD millions,BEA_SAGDP1,https://apps.bea.gov/regional/zip/SAGDP.zip
Louisiana,2019,257499.0,55203,current USD millions,BEA_SAGDP1,https://apps.bea.gov/regional/zip/SAGDP.zip
Louisiana,2020,233652.0,50225,current USD millions,BEA_SAGDP1,https://apps.bea.gov/regional/zip/SAGDP.zip
Louisiana,2021,273063.3,58995,current USD millions,BEA_SAGDP1,https://apps.bea.gov/regional/zip/SAGDP.zip
Louisiana,2022,304299.3,66139,current USD millions,BEA_SAGDP1,https://apps.bea.gov/regional/zip/SAGDP.zip
Louisiana,2023,318044.3,69158,current USD millions,BEA_SAGDP1,https://apps.bea.gov/regional/zip/SAGDP.zip
Louisiana,2024,329172.8,71329,current USD millions,BEA_SAGDP1,https://apps.bea.gov/regional/zip/SAGDP.zip
Louisiana,2025,340079.8,73639,current USD millions,BEA_SAGDP1,https://apps.bea.gov/regional/zip/SAGDP.zip
Maine,1997,30574.2,24366,current USD millions,BEA_SAGDP1,https://apps.bea.gov/regional/zip/SAGDP.zip
Maine,1998,32412.8,25742,current USD millions,BEA_SAGDP1,https://apps.bea.gov/regional/zip/SAGDP.zip
Maine,1999,34714.7,27403,current USD millions,BEA_SAGDP1,https://apps.bea.gov/regional/zip/SAGDP.zip
Maine,2000,37222.0,29146,current USD millions,BEA_SAGDP1,https://apps.bea.gov/regional/zip/SAGDP.zip
Maine,2001,38925.7,30276,current USD millions,BEA_SAGDP1,https://apps.bea.gov/regional/zip/SAGDP.zip
Maine,2002,40664.1,31378,current USD millions,BEA_SAGDP1,https://apps.bea.gov/regional/zip/SAGDP.zip
Maine,2003,42493.4,32524,current USD millions,BEA_SAGDP1,https://apps.bea.gov/regional/zip/SAGDP.zip
Maine,2004,45233.1,34432,current USD millions,BEA_SAGDP1,https://apps.bea.gov/regional/zip/SAGDP.zip
Maine,2005,47028.1,35660,current USD millions,BEA_SAGDP1,https://apps.bea.gov/regional/zip/SAGDP.zip
Maine,2006,48889.3,36936,current USD millions,BEA_SAGDP1,https://apps.bea.gov/regional/zip/SAGDP.zip
Maine,2007,50291.3,37897,current USD millions,BEA_SAGDP1,https://apps.bea.gov/regional/zip/SAGDP.zip
Maine,2008,51001.9,38333,current USD millions,BEA_SAGDP1,https://apps.bea.gov/regional/zip/SAGDP.zip
Maine,2009,51451.2,38697,current USD millions,BEA_SAGDP1,https://apps.bea.gov/regional/zip/SAGDP.zip
Maine,2010,52802.5,39762,current USD millions,BEA_SAGDP1,https://apps.bea.gov/regional/zip/SAGDP.zip
Maine,2011,53104.5,39926,current USD millions,BEA_SAGDP1,https://apps.bea.gov/regional/zip/SAGDP.zip
Maine,2012,54018.5,40586,current USD millions,BEA_SAGDP1,https://apps.bea.gov/regional/zip/SAGDP.zip
Maine,2013,54924.8,41214,current USD millions,BEA_SAGDP1,https://apps.bea.gov/regional/zip/SAGDP.zip
Maine,2014,56537.4,42299,current USD millions,BEA_SAGDP1,https://apps.bea.gov/regional/zip/SAGDP.zip
Maine,2015,58755.8,43987,current USD millions,BEA_SAGDP1,https://apps.bea.gov/regional/zip/SAGDP.zip
Maine,2016,61092.2,45581,current USD millions,BEA_SAGDP1,https://apps.bea.gov/regional/zip/SAGDP.zip
Maine,2017,63000.6,46842,current USD millions,BEA_SAGDP1,https://apps.bea.gov/regional/zip/SAGDP.zip
Maine,2018,66216.0,49027,current USD millions,BEA_SAGDP1,https://apps.bea.gov/regional/zip/SAGDP.zip
Maine,2019,69708.7,51350,current USD millions,BEA_SAGDP1,https://apps.bea.gov/regional/zip/SAGDP.zip
Maine,2020,72309.7,52992,current USD millions,BEA_SAGDP1,https://apps.bea.gov/regional/zip/SAGDP.zip
Maine,2021,79407.6,57583,current USD millions,BEA_SAGDP1,https://apps.bea.gov/regional/zip/SAGDP.zip
Maine,2022,86310.6,62023,current USD millions,BEA_SAGDP1,https://apps.bea.gov/regional/zip/SAGDP.zip
Maine,2023,93743.8,66865,current USD millions,BEA_SAGDP1,https://apps.bea.gov/regional/zip/SAGDP.zip
Maine,2024,99174.1,70414,current USD millions,BEA_SAGDP1,https://apps.bea.gov/regional/zip/SAGDP.zip
Maine,2025,102843.7,72688,current USD millions,BEA_SAGDP1,https://apps.bea.gov/regional/zip/SAGDP.zip
Maryland,1997,159167.8,30862,current USD millions,BEA_SAGDP1,https://apps.bea.gov/regional/zip/SAGDP.zip
Maryland,1998,169360.1,32541,current USD millions,BEA_SAGDP1,https://apps.bea.gov/regional/zip/SAGDP.zip
Maryland,1999,179779.6,34214,current USD millions,BEA_SAGDP1,https://apps.bea.gov/regional/zip/SAGDP.zip
Maryland,2000,191430.2,36044,current USD millions,BEA_SAGDP1,https://apps.bea.gov/regional/zip/SAGDP.zip
Maryland,2001,205276.0,38193,current USD millions,BEA_SAGDP1,https://apps.bea.gov/regional/zip/SAGDP.zip
Maryland,2002,217001.4,39887,current USD millions,BEA_SAGDP1,https://apps.bea.gov/regional/zip/SAGDP.zip
Maryland,2003,226803.4,41265,current USD millions,BEA_SAGDP1,https://apps.bea.gov/regional/zip/SAGDP.zip
Maryland,2004,243449.8,43889,current USD millions,BEA_SAGDP1,https://apps.bea.gov/regional/zip/SAGDP.zip
Maryland,2005,261795.3,46813,current USD millions,BEA_SAGDP1,https://apps.bea.gov/regional/zip/SAGDP.zip
Maryland,2006,273791.0,48653,current USD millions,BEA_SAGDP1,https://apps.bea.gov/regional/zip/SAGDP.zip
Maryland,2007,282618.2,49991,current USD millions,BEA_SAGDP1,https://apps.bea.gov/regional/zip/SAGDP.zip
Maryland,2008,292908.3,51523,current USD millions,BEA_SAGDP1,https://apps.bea.gov/regional/zip/SAGDP.zip
Maryland,2009,298282.8,52053,current USD millions,BEA_SAGDP1,https://apps.bea.gov/regional/zip/SAGDP.zip
Maryland,2010,313930.5,54203,current USD millions,BEA_SAGDP1,https://apps.bea.gov/regional/zip/SAGDP.zip
Maryland,2011,324920.9,55495,current USD millions,BEA_SAGDP1,https://apps.bea.gov/regional/zip/SAGDP.zip
Maryland,2012,331869.0,56108,current USD millions,BEA_SAGDP1,https://apps.bea.gov/regional/zip/SAGDP.zip
Maryland,2013,339895.8,56997,current USD millions,BEA_SAGDP1,https://apps.bea.gov/regional/zip/SAGDP.zip
Maryland,2014,351743.1,58526,current USD millions,BEA_SAGDP1,https://apps.bea.gov/regional/zip/SAGDP.zip
Maryland,2015,367314.1,60710,current USD millions,BEA_SAGDP1,https://apps.bea.gov/regional/zip/SAGDP.zip
Maryland,2016,386496.4,63563,current USD millions,BEA_SAGDP1,https://apps.bea.gov/regional/zip/SAGDP.zip
Maryland,2017,399714.5,65382,current USD millions,BEA_SAGDP1,https://apps.bea.gov/regional/zip/SAGDP.zip
Maryland,2018,410771.8,66910,current USD millions,BEA_SAGDP1,https://apps.bea.gov/regional/zip/SAGDP.zip
Maryland,2019,419391.6,68041,current USD millions,BEA_SAGDP1,https://apps.bea.gov/regional/zip/SAGDP.zip
Maryland,2020,413804.5,66976,current USD millions,BEA_SAGDP1,https://apps.bea.gov/regional/zip/SAGDP.zip
Maryland,2021,447714.3,72492,current USD millions,BEA_SAGDP1,https://apps.bea.gov/regional/zip/SAGDP.zip
Maryland,2022,481861.4,77930,current USD millions,BEA_SAGDP1,https://apps.bea.gov/regional/zip/SAGDP.zip
Maryland,2023,515035.9,83004,current USD millions,BEA_SAGDP1,https://apps.bea.gov/regional/zip/SAGDP.zip
Maryland,2024,546028.4,87430,current USD millions,BEA_SAGDP1,https://apps.bea.gov/regional/zip/SAGDP.zip
Maryland,2025,568139.7,90680,current USD millions,BEA_SAGDP1,https://apps.bea.gov/regional/zip/SAGDP.zip
Massachusetts,1997,236435.6,37975,current USD millions,BEA_SAGDP1,https://apps.bea.gov/regional/zip/SAGDP.zip
Massachusetts,1998,247686.8,39492,current USD millions,BEA_SAGDP1,https://apps.bea.gov/regional/zip/SAGDP.zip
Massachusetts,1999,262868.8,41611,current USD millions,BEA_SAGDP1,https://apps.bea.gov/regional/zip/SAGDP.zip
Massachusetts,2000,287091.4,45132,current USD millions,BEA_SAGDP1,https://apps.bea.gov/regional/zip/SAGDP.zip
Massachusetts,2001,294876.4,46091,current USD millions,BEA_SAGDP1,https://apps.bea.gov/regional/zip/SAGDP.zip
Massachusetts,2002,299915.8,46736,current USD millions,BEA_SAGDP1,https://apps.bea.gov/regional/zip/SAGDP.zip
Massachusetts,2003,309736.1,48226,current USD millions,BEA_SAGDP1,https://apps.bea.gov/regional/zip/SAGDP.zip
Massachusetts,2004,324919.0,50671,current USD millions,BEA_SAGDP1,https://apps.bea.gov/regional/zip/SAGDP.zip
Massachusetts,2005,340637.8,53197,current USD millions,BEA_SAGDP1,https://apps.bea.gov/regional/zip/SAGDP.zip
Massachusetts,2006,358418.3,55915,current USD millions,BEA_SAGDP1,https://apps.bea.gov/regional/zip/SAGDP.zip
Massachusetts,2007,377985.6,58770,current USD millions,BEA_SAGDP1,https://apps.bea.gov/regional/zip/SAGDP.zip
Massachusetts,2008,387923.4,59967,current USD millions,BEA_SAGDP1,https://apps.bea.gov/regional/zip/SAGDP.zip
Massachusetts,2009,388963.9,59679,current USD millions,BEA_SAGDP1,https://apps.bea.gov/regional/zip/SAGDP.zip
Massachusetts,2010,409270.0,62296,current USD millions,BEA_SAGDP1,https://apps.bea.gov/regional/zip/SAGDP.zip
Massachusetts,2011,423684.9,63898,current USD millions,BEA_SAGDP1,https://apps.bea.gov/regional/zip/SAGDP.zip
Massachusetts,2012,441373.9,65936,current USD millions,BEA_SAGDP1,https://apps.bea.gov/regional/zip/SAGDP.zip
Massachusetts,2013,452580.4,66970,current USD millions,BEA_SAGDP1,https://apps.bea.gov/regional/zip/SAGDP.zip
Massachusetts,2014,469824.9,68881,current USD millions,BEA_SAGDP1,https://apps.bea.gov/regional/zip/SAGDP.zip
Massachusetts,2015,497767.0,72490,current USD millions,BEA_SAGDP1,https://apps.bea.gov/regional/zip/SAGDP.zip
Massachusetts,2016,514108.0,74404,current USD millions,BEA_SAGDP1,https://apps.bea.gov/regional/zip/SAGDP.zip
Massachusetts,2017,530129.4,76178,current USD millions,BEA_SAGDP1,https://apps.bea.gov/regional/zip/SAGDP.zip
Massachusetts,2018,559605.0,80007,current USD millions,BEA_SAGDP1,https://apps.bea.gov/regional/zip/SAGDP.zip
Massachusetts,2019,588069.5,83809,current USD millions,BEA_SAGDP1,https://apps.bea.gov/regional/zip/SAGDP.zip
Massachusetts,2020,592855.5,84872,current USD millions,BEA_SAGDP1,https://apps.bea.gov/regional/zip/SAGDP.zip
Massachusetts,2021,650308.8,92945,current USD millions,BEA_SAGDP1,https://apps.bea.gov/regional/zip/SAGDP.zip
Massachusetts,2022,696323.1,99114,current USD millions,BEA_SAGDP1,https://apps.bea.gov/regional/zip/SAGDP.zip
Massachusetts,2023,737867.4,104315,current USD millions,BEA_SAGDP1,https://apps.bea.gov/regional/zip/SAGDP.zip
Massachusetts,2024,778523.4,109059,current USD millions,BEA_SAGDP1,https://apps.bea.gov/regional/zip/SAGDP.zip
Massachusetts,2025,820104.9,114635,current USD millions,BEA_SAGDP1,https://apps.bea.gov/regional/zip/SAGDP.zip
Michigan,1997,299832.7,30567,current USD millions,BEA_SAGDP1,https://apps.bea.gov/regional/zip/SAGDP.zip
Michigan,1998,311088.2,31589,current USD millions,BEA_SAGDP1,https://apps.bea.gov/regional/zip/SAGDP.zip
Michigan,1999,337150.2,34065,current USD millions,BEA_SAGDP1,https://apps.bea.gov/regional/zip/SAGDP.zip
Michigan,2000,351879.5,35356,current USD millions,BEA_SAGDP1,https://apps.bea.gov/regional/zip/SAGDP.zip
Michigan,2001,349127.5,34944,current USD millions,BEA_SAGDP1,https://apps.bea.gov/regional/zip/SAGDP.zip
Michigan,2002,363372.1,36280,current USD millions,BEA_SAGDP1,https://apps.bea.gov/regional/zip/SAGDP.zip
Michigan,2003,376123.8,37458,current USD millions,BEA_SAGDP1,https://apps.bea.gov/regional/zip/SAGDP.zip
Michigan,2004,388764.6,38663,current USD millions,BEA_SAGDP1,https://apps.bea.gov/regional/zip/SAGDP.zip
Michigan,2005,402828.8,40078,current USD millions,BEA_SAGDP1,https://apps.bea.gov/regional/zip/SAGDP.zip
Michigan,2006,402537.3,40109,current USD millions,BEA_SAGDP1,https://apps.bea.gov/regional/zip/SAGDP.zip
Michigan,2007,410613.0,41056,current USD millions,BEA_SAGDP1,https://apps.bea.gov/regional/zip/SAGDP.zip
Michigan,2008,391633.6,39372,current USD millions,BEA_SAGDP1,https://apps.bea.gov/regional/zip/SAGDP.zip
Michigan,2009,371707.0,37540,current USD millions,BEA_SAGDP1,https://apps.bea.gov/regional/zip/SAGDP.zip
Michigan,2010,393179.6,39795,current USD millions,BEA_SAGDP1,https://apps.bea.gov/regional/zip/SAGDP.zip
Michigan,2011,408354.1,41266,current USD millions,BEA_SAGDP1,https://apps.bea.gov/regional/zip/SAGDP.zip
Michigan,2012,426141.1,42953,current USD millions,BEA_SAGDP1,https://apps.bea.gov/regional/zip/SAGDP.zip
Michigan,2013,441470.8,44380,current USD millions,BEA_SAGDP1,https://apps.bea.gov/regional/zip/SAGDP.zip
Michigan,2014,456123.5,45727,current USD millions,BEA_SAGDP1,https://apps.bea.gov/regional/zip/SAGDP.zip
Michigan,2015,479222.7,47982,current USD millions,BEA_SAGDP1,https://apps.bea.gov/regional/zip/SAGDP.zip
Michigan,2016,494752.5,49390,current USD millions,BEA_SAGDP1,https://apps.bea.gov/regional/zip/SAGDP.zip
Michigan,2017,505101.5,50259,current USD millions,BEA_SAGDP1,https://apps.bea.gov/regional/zip/SAGDP.zip
Michigan,2018,525240.8,52156,current USD millions,BEA_SAGDP1,https://apps.bea.gov/regional/zip/SAGDP.zip
Michigan,2019,540237.3,53605,current USD millions,BEA_SAGDP1,https://apps.bea.gov/regional/zip/SAGDP.zip
Michigan,2020,530161.3,52636,current USD millions,BEA_SAGDP1,https://apps.bea.gov/regional/zip/SAGDP.zip
Michigan,2021,573329.4,57091,current USD millions,BEA_SAGDP1,https://apps.bea.gov/regional/zip/SAGDP.zip
Michigan,2022,624173.2,62144,current USD millions,BEA_SAGDP1,https://apps.bea.gov/regional/zip/SAGDP.zip
Michigan,2023,676030.8,67186,current USD millions,BEA_SAGDP1,https://apps.bea.gov/regional/zip/SAGDP.zip
Michigan,2024,702466.9,69551,current USD millions,BEA_SAGDP1,https://apps.bea.gov/regional/zip/SAGDP.zip
Michigan,2025,730067.6,72085,current USD millions,BEA_SAGDP1,https://apps.bea.gov/regional/zip/SAGDP.zip
Minnesota,1997,157345.9,33032,current USD millions,BEA_SAGDP1,https://apps.bea.gov/regional/zip/SAGDP.zip
Minnesota,1998,167867.4,34875,current USD millions,BEA_SAGDP1,https://apps.bea.gov/regional/zip/SAGDP.zip
Minnesota,1999,176780.4,36274,current USD millions,BEA_SAGDP1,https://apps.bea.gov/regional/zip/SAGDP.zip
Minnesota,2000,192389.5,38995,current USD millions,BEA_SAGDP1,https://apps.bea.gov/regional/zip/SAGDP.zip
Minnesota,2001,196869.4,39510,current USD millions,BEA_SAGDP1,https://apps.bea.gov/regional/zip/SAGDP.zip
Minnesota,2002,204061.1,40658,current USD millions,BEA_SAGDP1,https://apps.bea.gov/regional/zip/SAGDP.zip
Minnesota,2003,215975.1,42737,current USD millions,BEA_SAGDP1,https://apps.bea.gov/regional/zip/SAGDP.zip
Minnesota,2004,231949.4,45590,current USD millions,BEA_SAGDP1,https://apps.bea.gov/regional/zip/SAGDP.zip
Minnesota,2005,244635.4,47784,current USD millions,BEA_SAGDP1,https://apps.bea.gov/regional/zip/SAGDP.zip
Minnesota,2006,252357.6,48873,current USD millions,BEA_SAGDP1,https://apps.bea.gov/regional/zip/SAGDP.zip
Minnesota,2007,261250.7,50171,current USD millions,BEA_SAGDP1,https://apps.bea.gov/regional/zip/SAGDP.zip
Minnesota,2008,268771.5,51224,current USD millions,BEA_SAGDP1,https://apps.bea.gov/regional/zip/SAGDP.zip
Minnesota,2009,262628.8,49729,current USD millions,BEA_SAGDP1,https://apps.bea.gov/regional/zip/SAGDP.zip
Minnesota,2010,274649.2,51702,current USD millions,BEA_SAGDP1,https://apps.bea.gov/regional/zip/SAGDP.zip
Minnesota,2011,287070.8,53629,current USD millions,BEA_SAGDP1,https://apps.bea.gov/regional/zip/SAGDP.zip
Minnesota,2012,298641.4,55418,current USD millions,BEA_SAGDP1,https://apps.bea.gov/regional/zip/SAGDP.zip
Minnesota,2013,311752.1,57400,current USD millions,BEA_SAGDP1,https://apps.bea.gov/regional/zip/SAGDP.zip
Minnesota,2014,324701.5,59315,current USD millions,BEA_SAGDP1,https://apps.bea.gov/regional/zip/SAGDP.zip
Minnesota,2015,336762.0,61112,current USD millions,BEA_SAGDP1,https://apps.bea.gov/regional/zip/SAGDP.zip
Minnesota,2016,345248.8,62128,current USD millions,BEA_SAGDP1,https://apps.bea.gov/regional/zip/SAGDP.zip
Minnesota,2017,354721.9,63275,current USD millions,BEA_SAGDP1,https://apps.bea.gov/regional/zip/SAGDP.zip
Minnesota,2018,372439.2,65912,current USD millions,BEA_SAGDP1,https://apps.bea.gov/regional/zip/SAGDP.zip
Minnesota,2019,384850.2,67673,current USD millions,BEA_SAGDP1,https://apps.bea.gov/regional/zip/SAGDP.zip
Minnesota,2020,378969.4,66363,current USD millions,BEA_SAGDP1,https://apps.bea.gov/regional/zip/SAGDP.zip
Minnesota,2021,416141.9,72828,current USD millions,BEA_SAGDP1,https://apps.bea.gov/regional/zip/SAGDP.zip
Minnesota,2022,457393.8,79858,current USD millions,BEA_SAGDP1,https://apps.bea.gov/regional/zip/SAGDP.zip
Minnesota,2023,483222.0,83995,current USD millions,BEA_SAGDP1,https://apps.bea.gov/regional/zip/SAGDP.zip
Minnesota,2024,507687.8,87572,current USD millions,BEA_SAGDP1,https://apps.bea.gov/regional/zip/SAGDP.zip
Minnesota,2025,531464.9,91154,current USD millions,BEA_SAGDP1,https://apps.bea.gov/regional/zip/SAGDP.zip
Mississippi,1997,58517.2,21072,current USD millions,BEA_SAGDP1,https://apps.bea.gov/regional/zip/SAGDP.zip
Mississippi,1998,61332.3,21867,current USD millions,BEA_SAGDP1,https://apps.bea.gov/regional/zip/SAGDP.zip
Mississippi,1999,64276.5,22725,current USD millions,BEA_SAGDP1,https://apps.bea.gov/regional/zip/SAGDP.zip
Mississippi,2000,66051.5,23189,current USD millions,BEA_SAGDP1,https://apps.bea.gov/regional/zip/SAGDP.zip
Mississippi,2001,67750.2,23747,current USD millions,BEA_SAGDP1,https://apps.bea.gov/regional/zip/SAGDP.zip
Mississippi,2002,69704.9,24384,current USD millions,BEA_SAGDP1,https://apps.bea.gov/regional/zip/SAGDP.zip
Mississippi,2003,74418.4,25945,current USD millions,BEA_SAGDP1,https://apps.bea.gov/regional/zip/SAGDP.zip
Mississippi,2004,78680.1,27234,current USD millions,BEA_SAGDP1,https://apps.bea.gov/regional/zip/SAGDP.zip
Mississippi,2005,82991.6,28559,current USD millions,BEA_SAGDP1,https://apps.bea.gov/regional/zip/SAGDP.zip
Mississippi,2006,87596.7,30154,current USD millions,BEA_SAGDP1,https://apps.bea.gov/regional/zip/SAGDP.zip
Mississippi,2007,91876.5,31375,current USD millions,BEA_SAGDP1,https://apps.bea.gov/regional/zip/SAGDP.zip
Mississippi,2008,95179.3,32288,current USD millions,BEA_SAGDP1,https://apps.bea.gov/regional/zip/SAGDP.zip
Mississippi,2009,92378.0,31222,current USD millions,BEA_SAGDP1,https://apps.bea.gov/regional/zip/SAGDP.zip
Mississippi,2010,94788.3,31911,current USD millions,BEA_SAGDP1,https://apps.bea.gov/regional/zip/SAGDP.zip
Mississippi,2011,96799.1,32506,current USD millions,BEA_SAGDP1,https://apps.bea.gov/regional/zip/SAGDP.zip
Mississippi,2012,100905.4,33834,current USD millions,BEA_SAGDP1,https://apps.bea.gov/regional/zip/SAGDP.zip
Mississippi,2013,103042.6,34502,current USD millions,BEA_SAGDP1,https://apps.bea.gov/regional/zip/SAGDP.zip
Mississippi,2014,105219.5,35218,current USD millions,BEA_SAGDP1,https://apps.bea.gov/regional/zip/SAGDP.zip
Mississippi,2015,106623.9,35720,current USD millions,BEA_SAGDP1,https://apps.bea.gov/regional/zip/SAGDP.zip
Mississippi,2016,107795.4,36120,current USD millions,BEA_SAGDP1,https://apps.bea.gov/regional/zip/SAGDP.zip
Mississippi,2017,110281.4,36964,current USD millions,BEA_SAGDP1,https://apps.bea.gov/regional/zip/SAGDP.zip
Mississippi,2018,113166.4,38044,current USD millions,BEA_SAGDP1,https://apps.bea.gov/regional/zip/SAGDP.zip
Mississippi,2019,116135.7,39116,current USD millions,BEA_SAGDP1,https://apps.bea.gov/regional/zip/SAGDP.zip
Mississippi,2020,117441.6,39698,current USD millions,BEA_SAGDP1,https://apps.bea.gov/regional/zip/SAGDP.zip
Mississippi,2021,130404.6,44241,current USD millions,BEA_SAGDP1,https://apps.bea.gov/regional/zip/SAGDP.zip
Mississippi,2022,141724.2,48185,current USD millions,BEA_SAGDP1,https://apps.bea.gov/regional/zip/SAGDP.zip
Mississippi,2023,151511.9,51491,current USD millions,BEA_SAGDP1,https://apps.bea.gov/regional/zip/SAGDP.zip
Mississippi,2024,158192.4,53621,current USD millions,BEA_SAGDP1,https://apps.bea.gov/regional/zip/SAGDP.zip
Mississippi,2025,165069.3,55877,current USD millions,BEA_SAGDP1,https://apps.bea.gov/regional/zip/SAGDP.zip
Missouri,1997,163101.1,29756,current USD millions,BEA_SAGDP1,https://apps.bea.gov/regional/zip/SAGDP.zip
Missouri,1998,170122.2,30809,current USD millions,BEA_SAGDP1,https://apps.bea.gov/regional/zip/SAGDP.zip
Missouri,1999,178215.9,32042,current USD millions,BEA_SAGDP1,https://apps.bea.gov/regional/zip/SAGDP.zip
Missouri,2000,187012.8,33352,current USD millions,BEA_SAGDP1,https://apps.bea.gov/regional/zip/SAGDP.zip
Missouri,2001,190388.7,33750,current USD millions,BEA_SAGDP1,https://apps.bea.gov/regional/zip/SAGDP.zip
Missouri,2002,197399.0,34785,current USD millions,BEA_SAGDP1,https://apps.bea.gov/regional/zip/SAGDP.zip
Missouri,2003,206005.2,36082,current USD millions,BEA_SAGDP1,https://apps.bea.gov/regional/zip/SAGDP.zip
Missouri,2004,216977.5,37750,current USD millions,BEA_SAGDP1,https://apps.bea.gov/regional/zip/SAGDP.zip
Missouri,2005,227594.6,39306,current USD millions,BEA_SAGDP1,https://apps.bea.gov/regional/zip/SAGDP.zip
Missouri,2006,235816.9,40361,current USD millions,BEA_SAGDP1,https://apps.bea.gov/regional/zip/SAGDP.zip
Missouri,2007,244085.3,41457,current USD millions,BEA_SAGDP1,https://apps.bea.gov/regional/zip/SAGDP.zip
Missouri,2008,256431.1,43287,current USD millions,BEA_SAGDP1,https://apps.bea.gov/regional/zip/SAGDP.zip
Missouri,2009,254306.2,42661,current USD millions,BEA_SAGDP1,https://apps.bea.gov/regional/zip/SAGDP.zip
Missouri,2010,262013.4,43697,current USD millions,BEA_SAGDP1,https://apps.bea.gov/regional/zip/SAGDP.zip
Missouri,2011,263330.0,43804,current USD millions,BEA_SAGDP1,https://apps.bea.gov/regional/zip/SAGDP.zip
Missouri,2012,272482.4,45212,current USD millions,BEA_SAGDP1,https://apps.bea.gov/regional/zip/SAGDP.zip
Missouri,2013,282659.7,46767,current USD millions,BEA_SAGDP1,https://apps.bea.gov/regional/zip/SAGDP.zip
Missouri,2014,289340.7,47742,current USD millions,BEA_SAGDP1,https://apps.bea.gov/regional/zip/SAGDP.zip
Missouri,2015,299597.7,49300,current USD millions,BEA_SAGDP1,https://apps.bea.gov/regional/zip/SAGDP.zip
Missouri,2016,304143.3,49914,current USD millions,BEA_SAGDP1,https://apps.bea.gov/regional/zip/SAGDP.zip
Missouri,2017,311273.8,50915,current USD millions,BEA_SAGDP1,https://apps.bea.gov/regional/zip/SAGDP.zip
Missouri,2018,320451.6,52288,current USD millions,BEA_SAGDP1,https://apps.bea.gov/regional/zip/SAGDP.zip
Missouri,2019,334750.2,54490,current USD millions,BEA_SAGDP1,https://apps.bea.gov/regional/zip/SAGDP.zip
Missouri,2020,335970.8,54584,current USD millions,BEA_SAGDP1,https://apps.bea.gov/regional/zip/SAGDP.zip
Missouri,2021,366193.1,59326,current USD millions,BEA_SAGDP1,https://apps.bea.gov/regional/zip/SAGDP.zip
Missouri,2022,397536.9,64334,current USD millions,BEA_SAGDP1,https://apps.bea.gov/regional/zip/SAGDP.zip
Missouri,2023,428887.3,69109,current USD millions,BEA_SAGDP1,https://apps.bea.gov/regional/zip/SAGDP.zip
Missouri,2024,448713.7,71868,current USD millions,BEA_SAGDP1,https://apps.bea.gov/regional/zip/SAGDP.zip
Missouri,2025,468469.7,74710,current USD millions,BEA_SAGDP1,https://apps.bea.gov/regional/zip/SAGDP.zip
Montana,1997,19301.7,21691,current USD millions,BEA_SAGDP1,https://apps.bea.gov/regional/zip/SAGDP.zip
Montana,1998,20414.4,22875,current USD millions,BEA_SAGDP1,https://apps.bea.gov/regional/zip/SAGDP.zip
Montana,1999,20815.1,23192,current USD millions,BEA_SAGDP1,https://apps.bea.gov/regional/zip/SAGDP.zip
Montana,2000,21935.4,24271,current USD millions,BEA_SAGDP1,https://apps.bea.gov/regional/zip/SAGDP.zip
Montana,2001,22798.0,25137,current USD millions,BEA_SAGDP1,https://apps.bea.gov/regional/zip/SAGDP.zip
Montana,2002,23886.0,26200,current USD millions,BEA_SAGDP1,https://apps.bea.gov/regional/zip/SAGDP.zip
Montana,2003,25781.1,28034,current USD millions,BEA_SAGDP1,https://apps.bea.gov/regional/zip/SAGDP.zip
Montana,2004,28138.8,30256,current USD millions,BEA_SAGDP1,https://apps.bea.gov/regional/zip/SAGDP.zip
Montana,2005,30823.7,32788,current USD millions,BEA_SAGDP1,https://apps.bea.gov/regional/zip/SAGDP.zip
Montana,2006,33088.0,34731,current USD millions,BEA_SAGDP1,https://apps.bea.gov/regional/zip/SAGDP.zip
Montana,2007,36116.1,37437,current USD millions,BEA_SAGDP1,https://apps.bea.gov/regional/zip/SAGDP.zip
Montana,2008,37028.0,37922,current USD millions,BEA_SAGDP1,https://apps.bea.gov/regional/zip/SAGDP.zip
Montana,2009,35880.0,36464,current USD millions,BEA_SAGDP1,https://apps.bea.gov/regional/zip/SAGDP.zip
Montana,2010,38080.3,38431,current USD millions,BEA_SAGDP1,https://apps.bea.gov/regional/zip/SAGDP.zip
Montana,2011,40592.3,40664,current USD millions,BEA_SAGDP1,https://apps.bea.gov/regional/zip/SAGDP.zip
Montana,2012,42150.2,41921,current USD millions,BEA_SAGDP1,https://apps.bea.gov/regional/zip/SAGDP.zip
Montana,2013,43584.0,42896,current USD millions,BEA_SAGDP1,https://apps.bea.gov/regional/zip/SAGDP.zip
Montana,2014,45203.8,44096,current USD millions,BEA_SAGDP1,https://apps.bea.gov/regional/zip/SAGDP.zip
Montana,2015,46542.4,44988,current USD millions,BEA_SAGDP1,https://apps.bea.gov/regional/zip/SAGDP.zip
Montana,2016,45859.4,43852,current USD millions,BEA_SAGDP1,https://apps.bea.gov/regional/zip/SAGDP.zip
Montana,2017,48470.5,45810,current USD millions,BEA_SAGDP1,https://apps.bea.gov/regional/zip/SAGDP.zip
Montana,2018,51152.1,47958,current USD millions,BEA_SAGDP1,https://apps.bea.gov/regional/zip/SAGDP.zip
Montana,2019,52715.6,49015,current USD millions,BEA_SAGDP1,https://apps.bea.gov/regional/zip/SAGDP.zip
Montana,2020,53057.3,48804,current USD millions,BEA_SAGDP1,https://apps.bea.gov/regional/zip/SAGDP.zip
Montana,2021,60314.8,54514,current USD millions,BEA_SAGDP1,https://apps.bea.gov/regional/zip/SAGDP.zip
Montana,2022,69087.8,61601,current USD millions,BEA_SAGDP1,https://apps.bea.gov/regional/zip/SAGDP.zip
Montana,2023,74690.3,66062,current USD millions,BEA_SAGDP1,https://apps.bea.gov/regional/zip/SAGDP.zip
Montana,2024,78441.0,68956,current USD millions,BEA_SAGDP1,https://apps.bea.gov/regional/zip/SAGDP.zip
Montana,2025,82357.8,71947,current USD millions,BEA_SAGDP1,https://apps.bea.gov/regional/zip/SAGDP.zip
Nebraska,1997,49880.0,29577,current USD millions,BEA_SAGDP1,https://apps.bea.gov/regional/zip/SAGDP.zip
Nebraska,1998,51849.9,30575,current USD millions,BEA_SAGDP1,https://apps.bea.gov/regional/zip/SAGDP.zip
Nebraska,1999,53714.2,31508,current USD millions,BEA_SAGDP1,https://apps.bea.gov/regional/zip/SAGDP.zip
Nebraska,2000,56582.7,33016,current USD millions,BEA_SAGDP1,https://apps.bea.gov/regional/zip/SAGDP.zip
Nebraska,2001,59634.3,34674,current USD millions,BEA_SAGDP1,https://apps.bea.gov/regional/zip/SAGDP.zip
Nebraska,2002,61569.5,35624,current USD millions,BEA_SAGDP1,https://apps.bea.gov/regional/zip/SAGDP.zip
Nebraska,2003,66471.7,38232,current USD millions,BEA_SAGDP1,https://apps.bea.gov/regional/zip/SAGDP.zip
Nebraska,2004,70445.4,40269,current USD millions,BEA_SAGDP1,https://apps.bea.gov/regional/zip/SAGDP.zip
Nebraska,2005,74886.7,42513,current USD millions,BEA_SAGDP1,https://apps.bea.gov/regional/zip/SAGDP.zip
Nebraska,2006,79287.5,44727,current USD millions,BEA_SAGDP1,https://apps.bea.gov/regional/zip/SAGDP.zip
Nebraska,2007,84291.9,47264,current USD millions,BEA_SAGDP1,https://apps.bea.gov/regional/zip/SAGDP.zip
Nebraska,2008,86146.6,47956,current USD millions,BEA_SAGDP1,https://apps.bea.gov/regional/zip/SAGDP.zip
Nebraska,2009,87325.5,48175,current USD millions,BEA_SAGDP1,https://apps.bea.gov/regional/zip/SAGDP.zip
Nebraska,2010,91940.7,50235,current USD millions,BEA_SAGDP1,https://apps.bea.gov/regional/zip/SAGDP.zip
Nebraska,2011,100526.5,54517,current USD millions,BEA_SAGDP1,https://apps.bea.gov/regional/zip/SAGDP.zip
Nebraska,2012,102949.7,55375,current USD millions,BEA_SAGDP1,https://apps.bea.gov/regional/zip/SAGDP.zip
Nebraska,2013,107247.0,57239,current USD millions,BEA_SAGDP1,https://apps.bea.gov/regional/zip/SAGDP.zip
Nebraska,2014,112763.3,59655,current USD millions,BEA_SAGDP1,https://apps.bea.gov/regional/zip/SAGDP.zip
Nebraska,2015,117402.3,61636,current USD millions,BEA_SAGDP1,https://apps.bea.gov/regional/zip/SAGDP.zip
Nebraska,2016,119389.8,62130,current USD millions,BEA_SAGDP1,https://apps.bea.gov/regional/zip/SAGDP.zip
Nebraska,2017,123219.9,63694,current USD millions,BEA_SAGDP1,https://apps.bea.gov/regional/zip/SAGDP.zip
Nebraska,2018,127954.4,65770,current USD millions,BEA_SAGDP1,https://apps.bea.gov/regional/zip/SAGDP.zip
Nebraska,2019,132848.2,67954,current USD millions,BEA_SAGDP1,https://apps.bea.gov/regional/zip/SAGDP.zip
Nebraska,2020,135014.5,68769,current USD millions,BEA_SAGDP1,https://apps.bea.gov/regional/zip/SAGDP.zip
Nebraska,2021,150952.5,76832,current USD millions,BEA_SAGDP1,https://apps.bea.gov/regional/zip/SAGDP.zip
Nebraska,2022,167840.2,85086,current USD millions,BEA_SAGDP1,https://apps.bea.gov/regional/zip/SAGDP.zip
Nebraska,2023,183780.9,92437,current USD millions,BEA_SAGDP1,https://apps.bea.gov/regional/zip/SAGDP.zip
Nebraska,2024,189242.7,94358,current USD millions,BEA_SAGDP1,https://apps.bea.gov/regional/zip/SAGDP.zip
Nebraska,2025,198073.3,98153,current USD millions,BEA_SAGDP1,https://apps.bea.gov/regional/zip/SAGDP.zip
Nevada,1997,60255.0,34156,current USD millions,BEA_SAGDP1,https://apps.bea.gov/regional/zip/SAGDP.zip
Nevada,1998,65332.2,35254,current USD millions,BEA_SAGDP1,https://apps.bea.gov/regional/zip/SAGDP.zip
Nevada,1999,71825.3,37124,current USD millions,BEA_SAGDP1,https://apps.bea.gov/regional/zip/SAGDP.zip
Nevada,2000,77181.5,38232,current USD millions,BEA_SAGDP1,https://apps.bea.gov/regional/zip/SAGDP.zip
Nevada,2001,80968.6,38586,current USD millions,BEA_SAGDP1,https://apps.bea.gov/regional/zip/SAGDP.zip
Nevada,2002,85541.0,39351,current USD millions,BEA_SAGDP1,https://apps.bea.gov/regional/zip/SAGDP.zip
Nevada,2003,91365.0,40627,current USD millions,BEA_SAGDP1,https://apps.bea.gov/regional/zip/SAGDP.zip
Nevada,2004,104132.0,44383,current USD millions,BEA_SAGDP1,https://apps.bea.gov/regional/zip/SAGDP.zip
Nevada,2005,117165.1,48174,current USD millions,BEA_SAGDP1,https://apps.bea.gov/regional/zip/SAGDP.zip
Nevada,2006,126613.4,50190,current USD millions,BEA_SAGDP1,https://apps.bea.gov/regional/zip/SAGDP.zip
Nevada,2007,132045.4,50766,current USD millions,BEA_SAGDP1,https://apps.bea.gov/regional/zip/SAGDP.zip
Nevada,2008,130570.9,49205,current USD millions,BEA_SAGDP1,https://apps.bea.gov/regional/zip/SAGDP.zip
Nevada,2009,122471.2,45619,current USD millions,BEA_SAGDP1,https://apps.bea.gov/regional/zip/SAGDP.zip
Nevada,2010,125149.0,46319,current USD millions,BEA_SAGDP1,https://apps.bea.gov/regional/zip/SAGDP.zip
Nevada,2011,128638.4,47466,current USD millions,BEA_SAGDP1,https://apps.bea.gov/regional/zip/SAGDP.zip
Nevada,2012,130238.2,47545,current USD millions,BEA_SAGDP1,https://apps.bea.gov/regional/zip/SAGDP.zip
Nevada,2013,133592.5,48242,current USD millions,BEA_SAGDP1,https://apps.bea.gov/regional/zip/SAGDP.zip
Nevada,2014,136918.4,48747,current USD millions,BEA_SAGDP1,https://apps.bea.gov/regional/zip/SAGDP.zip
Nevada,2015,145786.8,51046,current USD millions,BEA_SAGDP1,https://apps.bea.gov/regional/zip/SAGDP.zip
Nevada,2016,153318.0,52784,current USD millions,BEA_SAGDP1,https://apps.bea.gov/regional/zip/SAGDP.zip
Nevada,2017,163199.1,55232,current USD millions,BEA_SAGDP1,https://apps.bea.gov/regional/zip/SAGDP.zip
Nevada,2018,172547.9,57306,current USD millions,BEA_SAGDP1,https://apps.bea.gov/regional/zip/SAGDP.zip
Nevada,2019,184611.1,60160,current USD millions,BEA_SAGDP1,https://apps.bea.gov/regional/zip/SAGDP.zip
Nevada,2020,176178.7,56525,current USD millions,BEA_SAGDP1,https://apps.bea.gov/regional/zip/SAGDP.zip
Nevada,2021,202091.8,64187,current USD millions,BEA_SAGDP1,https://apps.bea.gov/regional/zip/SAGDP.zip
Nevada,2022,232437.9,73147,current USD millions,BEA_SAGDP1,https://apps.bea.gov/regional/zip/SAGDP.zip
Nevada,2023,253443.3,78928,current USD millions,BEA_SAGDP1,https://apps.bea.gov/regional/zip/SAGDP.zip
Nevada,2024,269010.5,82682,current USD millions,BEA_SAGDP1,https://apps.bea.gov/regional/zip/SAGDP.zip
Nevada,2025,281453.8,85752,current USD millions,BEA_SAGDP1,https://apps.bea.gov/regional/zip/SAGDP.zip
New Hampshire,1997,38122.5,32051,current USD millions,BEA_SAGDP1,https://apps.bea.gov/regional/zip/SAGDP.zip
New Hampshire,1998,40747.7,33789,current USD millions,BEA_SAGDP1,https://apps.bea.gov/regional/zip/SAGDP.zip
New Hampshire,1999,42292.4,34609,current USD millions,BEA_SAGDP1,https://apps.bea.gov/regional/zip/SAGDP.zip
New Hampshire,2000,45604.9,36782,current USD millions,BEA_SAGDP1,https://apps.bea.gov/regional/zip/SAGDP.zip
New Hampshire,2001,47037.3,37464,current USD millions,BEA_SAGDP1,https://apps.bea.gov/regional/zip/SAGDP.zip
New Hampshire,2002,49109.6,38697,current USD millions,BEA_SAGDP1,https://apps.bea.gov/regional/zip/SAGDP.zip
New Hampshire,2003,51609.7,40325,current USD millions,BEA_SAGDP1,https://apps.bea.gov/regional/zip/SAGDP.zip
New Hampshire,2004,54545.7,42280,current USD millions,BEA_SAGDP1,https://apps.bea.gov/regional/zip/SAGDP.zip
New Hampshire,2005,56914.6,43831,current USD millions,BEA_SAGDP1,https://apps.bea.gov/regional/zip/SAGDP.zip
New Hampshire,2006,60152.7,45975,current USD millions,BEA_SAGDP1,https://apps.bea.gov/regional/zip/SAGDP.zip
New Hampshire,2007,61984.8,47225,current USD millions,BEA_SAGDP1,https://apps.bea.gov/regional/zip/SAGDP.zip
New Hampshire,2008,62095.3,47188,current USD millions,BEA_SAGDP1,https://apps.bea.gov/regional/zip/SAGDP.zip
New Hampshire,2009,63052.2,47908,current USD millions,BEA_SAGDP1,https://apps.bea.gov/regional/zip/SAGDP.zip
New Hampshire,2010,65310.8,49587,current USD millions,BEA_SAGDP1,https://apps.bea.gov/regional/zip/SAGDP.zip
New Hampshire,2011,66557.3,50348,current USD millions,BEA_SAGDP1,https://apps.bea.gov/regional/zip/SAGDP.zip
New Hampshire,2012,68412.0,51539,current USD millions,BEA_SAGDP1,https://apps.bea.gov/regional/zip/SAGDP.zip
New Hampshire,2013,70897.4,53260,current USD millions,BEA_SAGDP1,https://apps.bea.gov/regional/zip/SAGDP.zip
New Hampshire,2014,73455.1,54844,current USD millions,BEA_SAGDP1,https://apps.bea.gov/regional/zip/SAGDP.zip
New Hampshire,2015,77385.8,57589,current USD millions,BEA_SAGDP1,https://apps.bea.gov/regional/zip/SAGDP.zip
New Hampshire,2016,79759.7,59030,current USD millions,BEA_SAGDP1,https://apps.bea.gov/regional/zip/SAGDP.zip
New Hampshire,2017,81179.6,59731,current USD millions,BEA_SAGDP1,https://apps.bea.gov/regional/zip/SAGDP.zip
New Hampshire,2018,83859.4,61438,current USD millions,BEA_SAGDP1,https://apps.bea.gov/regional/zip/SAGDP.zip
New Hampshire,2019,87868.2,64051,current USD millions,BEA_SAGDP1,https://apps.bea.gov/regional/zip/SAGDP.zip
New Hampshire,2020,89041.6,64581,current USD millions,BEA_SAGDP1,https://apps.bea.gov/regional/zip/SAGDP.zip
New Hampshire,2021,99433.3,71643,current USD millions,BEA_SAGDP1,https://apps.bea.gov/regional/zip/SAGDP.zip
New Hampshire,2022,106824.6,76486,current USD millions,BEA_SAGDP1,https://apps.bea.gov/regional/zip/SAGDP.zip
New Hampshire,2023,114427.8,81645,current USD millions,BEA_SAGDP1,https://apps.bea.gov/regional/zip/SAGDP.zip
New Hampshire,2024,119336.6,84725,current USD millions,BEA_SAGDP1,https://apps.bea.gov/regional/zip/SAGDP.zip
New Hampshire,2025,125523.2,88688,current USD millions,BEA_SAGDP1,https://apps.bea.gov/regional/zip/SAGDP.zip
New Jersey,1997,307140.9,37370,current USD millions,BEA_SAGDP1,https://apps.bea.gov/regional/zip/SAGDP.zip
New Jersey,1998,318104.0,38384,current USD millions,BEA_SAGDP1,https://apps.bea.gov/regional/zip/SAGDP.zip
New Jersey,1999,334966.4,40070,current USD millions,BEA_SAGDP1,https://apps.bea.gov/regional/zip/SAGDP.zip
New Jersey,2000,360530.4,42764,current USD millions,BEA_SAGDP1,https://apps.bea.gov/regional/zip/SAGDP.zip
New Jersey,2001,372819.2,43899,current USD millions,BEA_SAGDP1,https://apps.bea.gov/regional/zip/SAGDP.zip
New Jersey,2002,385045.6,45021,current USD millions,BEA_SAGDP1,https://apps.bea.gov/regional/zip/SAGDP.zip
New Jersey,2003,399996.5,46504,current USD millions,BEA_SAGDP1,https://apps.bea.gov/regional/zip/SAGDP.zip
New Jersey,2004,415490.8,48120,current USD millions,BEA_SAGDP1,https://apps.bea.gov/regional/zip/SAGDP.zip
New Jersey,2005,436064.4,50401,current USD millions,BEA_SAGDP1,https://apps.bea.gov/regional/zip/SAGDP.zip
New Jersey,2006,457681.5,52840,current USD millions,BEA_SAGDP1,https://apps.bea.gov/regional/zip/SAGDP.zip
New Jersey,2007,474539.6,54684,current USD millions,BEA_SAGDP1,https://apps.bea.gov/regional/zip/SAGDP.zip
New Jersey,2008,493289.4,56628,current USD millions,BEA_SAGDP1,https://apps.bea.gov/regional/zip/SAGDP.zip
New Jersey,2009,481452.7,54988,current USD millions,BEA_SAGDP1,https://apps.bea.gov/regional/zip/SAGDP.zip
New Jersey,2010,491229.0,55762,current USD millions,BEA_SAGDP1,https://apps.bea.gov/regional/zip/SAGDP.zip
New Jersey,2011,494292.8,55675,current USD millions,BEA_SAGDP1,https://apps.bea.gov/regional/zip/SAGDP.zip
New Jersey,2012,516098.2,57760,current USD millions,BEA_SAGDP1,https://apps.bea.gov/regional/zip/SAGDP.zip
New Jersey,2013,534212.1,59442,current USD millions,BEA_SAGDP1,https://apps.bea.gov/regional/zip/SAGDP.zip
New Jersey,2014,543824.1,60181,current USD millions,BEA_SAGDP1,https://apps.bea.gov/regional/zip/SAGDP.zip
New Jersey,2015,565807.7,62319,current USD millions,BEA_SAGDP1,https://apps.bea.gov/regional/zip/SAGDP.zip
New Jersey,2016,578651.4,63432,current USD millions,BEA_SAGDP1,https://apps.bea.gov/regional/zip/SAGDP.zip
New Jersey,2017,590086.7,64303,current USD millions,BEA_SAGDP1,https://apps.bea.gov/regional/zip/SAGDP.zip
New Jersey,2018,619340.2,67173,current USD millions,BEA_SAGDP1,https://apps.bea.gov/regional/zip/SAGDP.zip
New Jersey,2019,643317.7,69477,current USD millions,BEA_SAGDP1,https://apps.bea.gov/regional/zip/SAGDP.zip
New Jersey,2020,632562.3,68234,current USD millions,BEA_SAGDP1,https://apps.bea.gov/regional/zip/SAGDP.zip
New Jersey,2021,693733.8,74865,current USD millions,BEA_SAGDP1,https://apps.bea.gov/regional/zip/SAGDP.zip
New Jersey,2022,756465.6,81354,current USD millions,BEA_SAGDP1,https://apps.bea.gov/regional/zip/SAGDP.zip
New Jersey,2023,806894.0,85883,current USD millions,BEA_SAGDP1,https://apps.bea.gov/regional/zip/SAGDP.zip
New Jersey,2024,846000.4,88993,current USD millions,BEA_SAGDP1,https://apps.bea.gov/regional/zip/SAGDP.zip
New Jersey,2025,887174.6,92915,current USD millions,BEA_SAGDP1,https://apps.bea.gov/regional/zip/SAGDP.zip
New Mexico,1997,52575.6,29623,current USD millions,BEA_SAGDP1,https://apps.bea.gov/regional/zip/SAGDP.zip
New Mexico,1998,50573.1,28198,current USD millions,BEA_SAGDP1,https://apps.bea.gov/regional/zip/SAGDP.zip
New Mexico,1999,52801.9,29203,current USD millions,BEA_SAGDP1,https://apps.bea.gov/regional/zip/SAGDP.zip
New Mexico,2000,55002.2,30201,current USD millions,BEA_SAGDP1,https://apps.bea.gov/regional/zip/SAGDP.zip
New Mexico,2001,55660.2,30387,current USD millions,BEA_SAGDP1,https://apps.bea.gov/regional/zip/SAGDP.zip
New Mexico,2002,57718.3,31110,current USD millions,BEA_SAGDP1,https://apps.bea.gov/regional/zip/SAGDP.zip
New Mexico,2003,62867.9,33484,current USD millions,BEA_SAGDP1,https://apps.bea.gov/regional/zip/SAGDP.zip
New Mexico,2004,70593.4,37080,current USD millions,BEA_SAGDP1,https://apps.bea.gov/regional/zip/SAGDP.zip
New Mexico,2005,74130.9,38365,current USD millions,BEA_SAGDP1,https://apps.bea.gov/regional/zip/SAGDP.zip
New Mexico,2006,78008.2,39757,current USD millions,BEA_SAGDP1,https://apps.bea.gov/regional/zip/SAGDP.zip
New Mexico,2007,81100.3,40752,current USD millions,BEA_SAGDP1,https://apps.bea.gov/regional/zip/SAGDP.zip
New Mexico,2008,84339.7,41946,current USD millions,BEA_SAGDP1,https://apps.bea.gov/regional/zip/SAGDP.zip
New Mexico,2009,82641.3,40574,current USD millions,BEA_SAGDP1,https://apps.bea.gov/regional/zip/SAGDP.zip
New Mexico,2010,84862.6,41098,current USD millions,BEA_SAGDP1,https://apps.bea.gov/regional/zip/SAGDP.zip
New Mexico,2011,87056.0,41811,current USD millions,BEA_SAGDP1,https://apps.bea.gov/regional/zip/SAGDP.zip
New Mexico,2012,87681.0,41947,current USD millions,BEA_SAGDP1,https://apps.bea.gov/regional/zip/SAGDP.zip
New Mexico,2013,88773.3,42343,current USD millions,BEA_SAGDP1,https://apps.bea.gov/regional/zip/SAGDP.zip
New Mexico,2014,92523.4,44162,current USD millions,BEA_SAGDP1,https://apps.bea.gov/regional/zip/SAGDP.zip
New Mexico,2015,90779.4,43310,current USD millions,BEA_SAGDP1,https://apps.bea.gov/regional/zip/SAGDP.zip
New Mexico,2016,90476.0,43090,current USD millions,BEA_SAGDP1,https://apps.bea.gov/regional/zip/SAGDP.zip
New Mexico,2017,93210.1,44362,current USD millions,BEA_SAGDP1,https://apps.bea.gov/regional/zip/SAGDP.zip
New Mexico,2018,98838.2,46995,current USD millions,BEA_SAGDP1,https://apps.bea.gov/regional/zip/SAGDP.zip
New Mexico,2019,103821.0,49200,current USD millions,BEA_SAGDP1,https://apps.bea.gov/regional/zip/SAGDP.zip
New Mexico,2020,101035.5,47693,current USD millions,BEA_SAGDP1,https://apps.bea.gov/regional/zip/SAGDP.zip
New Mexico,2021,113781.7,53739,current USD millions,BEA_SAGDP1,https://apps.bea.gov/regional/zip/SAGDP.zip
New Mexico,2022,129469.1,61277,current USD millions,BEA_SAGDP1,https://apps.bea.gov/regional/zip/SAGDP.zip
New Mexico,2023,138526.0,65363,current USD millions,BEA_SAGDP1,https://apps.bea.gov/regional/zip/SAGDP.zip
New Mexico,2024,147084.9,69159,current USD millions,BEA_SAGDP1,https://apps.bea.gov/regional/zip/SAGDP.zip
New Mexico,2025,152778.6,71879,current USD millions,BEA_SAGDP1,https://apps.bea.gov/regional/zip/SAGDP.zip
New York,1997,716104.7,38384,current USD millions,BEA_SAGDP1,https://apps.bea.gov/regional/zip/SAGDP.zip
New York,1998,744958.9,39719,current USD millions,BEA_SAGDP1,https://apps.bea.gov/regional/zip/SAGDP.zip
New York,1999,794009.5,42050,current USD millions,BEA_SAGDP1,https://apps.bea.gov/regional/zip/SAGDP.zip
New York,2000,839853.0,44199,current USD millions,BEA_SAGDP1,https://apps.bea.gov/regional/zip/SAGDP.zip
New York,2001,876285.2,45920,current USD millions,BEA_SAGDP1,https://apps.bea.gov/regional/zip/SAGDP.zip
New York,2002,885386.2,46264,current USD millions,BEA_SAGDP1,https://apps.bea.gov/regional/zip/SAGDP.zip
New York,2003,908535.2,47379,current USD millions,BEA_SAGDP1,https://apps.bea.gov/regional/zip/SAGDP.zip
New York,2004,958565.3,49999,current USD millions,BEA_SAGDP1,https://apps.bea.gov/regional/zip/SAGDP.zip
New York,2005,1009851.0,52782,current USD millions,BEA_SAGDP1,https://apps.bea.gov/regional/zip/SAGDP.zip
New York,2006,1072271.8,56126,current USD millions,BEA_SAGDP1,https://apps.bea.gov/regional/zip/SAGDP.zip
New York,2007,1116265.3,58344,current USD millions,BEA_SAGDP1,https://apps.bea.gov/regional/zip/SAGDP.zip
New York,2008,1107860.2,57664,current USD millions,BEA_SAGDP1,https://apps.bea.gov/regional/zip/SAGDP.zip
New York,2009,1155492.3,59848,current USD millions,BEA_SAGDP1,https://apps.bea.gov/regional/zip/SAGDP.zip
New York,2010,1217748.0,62705,current USD millions,BEA_SAGDP1,https://apps.bea.gov/regional/zip/SAGDP.zip
New York,2011,1245769.4,63553,current USD millions,BEA_SAGDP1,https://apps.bea.gov/regional/zip/SAGDP.zip
New York,2012,1324471.3,67033,current USD millions,BEA_SAGDP1,https://apps.bea.gov/regional/zip/SAGDP.zip
New York,2013,1364632.9,68600,current USD millions,BEA_SAGDP1,https://apps.bea.gov/regional/zip/SAGDP.zip
New York,2014,1434606.3,71726,current USD millions,BEA_SAGDP1,https://apps.bea.gov/regional/zip/SAGDP.zip
New York,2015,1498474.7,74599,current USD millions,BEA_SAGDP1,https://apps.bea.gov/regional/zip/SAGDP.zip
New York,2016,1556830.0,77269,current USD millions,BEA_SAGDP1,https://apps.bea.gov/regional/zip/SAGDP.zip
New York,2017,1624800.7,80486,current USD millions,BEA_SAGDP1,https://apps.bea.gov/regional/zip/SAGDP.zip
New York,2018,1710665.6,84605,current USD millions,BEA_SAGDP1,https://apps.bea.gov/regional/zip/SAGDP.zip
New York,2019,1787470.9,88400,current USD millions,BEA_SAGDP1,https://apps.bea.gov/regional/zip/SAGDP.zip
New York,2020,1782502.4,88584,current USD millions,BEA_SAGDP1,https://apps.bea.gov/regional/zip/SAGDP.zip
New York,2021,1934524.0,97529,current USD millions,BEA_SAGDP1,https://apps.bea.gov/regional/zip/SAGDP.zip
New York,2022,2071075.2,105061,current USD millions,BEA_SAGDP1,https://apps.bea.gov/regional/zip/SAGDP.zip
New York,2023,2182549.0,110305,current USD millions,BEA_SAGDP1,https://apps.bea.gov/regional/zip/SAGDP.zip
New York,2024,2322138.9,116099,current USD millions,BEA_SAGDP1,https://apps.bea.gov/regional/zip/SAGDP.zip
New York,2025,2467674.0,123369,current USD millions,BEA_SAGDP1,https://apps.bea.gov/regional/zip/SAGDP.zip
North Carolina,1997,234571.9,30636,current USD millions,BEA_SAGDP1,https://apps.bea.gov/regional/zip/SAGDP.zip
North Carolina,1998,246721.8,31594,current USD millions,BEA_SAGDP1,https://apps.bea.gov/regional/zip/SAGDP.zip
North Carolina,1999,264924.3,33326,current USD millions,BEA_SAGDP1,https://apps.bea.gov/regional/zip/SAGDP.zip
North Carolina,2000,277556.1,34344,current USD millions,BEA_SAGDP1,https://apps.bea.gov/regional/zip/SAGDP.zip
North Carolina,2001,287317.1,34995,current USD millions,BEA_SAGDP1,https://apps.bea.gov/regional/zip/SAGDP.zip
North Carolina,2002,297653.0,35749,current USD millions,BEA_SAGDP1,https://apps.bea.gov/regional/zip/SAGDP.zip
North Carolina,2003,310200.3,36830,current USD millions,BEA_SAGDP1,https://apps.bea.gov/regional/zip/SAGDP.zip
North Carolina,2004,329017.7,38467,current USD millions,BEA_SAGDP1,https://apps.bea.gov/regional/zip/SAGDP.zip
North Carolina,2005,354798.5,40756,current USD millions,BEA_SAGDP1,https://apps.bea.gov/regional/zip/SAGDP.zip
North Carolina,2006,388012.1,43512,current USD millions,BEA_SAGDP1,https://apps.bea.gov/regional/zip/SAGDP.zip
North Carolina,2007,402188.3,44109,current USD millions,BEA_SAGDP1,https://apps.bea.gov/regional/zip/SAGDP.zip
North Carolina,2008,420707.2,45191,current USD millions,BEA_SAGDP1,https://apps.bea.gov/regional/zip/SAGDP.zip
North Carolina,2009,413096.8,43716,current USD millions,BEA_SAGDP1,https://apps.bea.gov/regional/zip/SAGDP.zip
North Carolina,2010,422282.2,44121,current USD millions,BEA_SAGDP1,https://apps.bea.gov/regional/zip/SAGDP.zip
North Carolina,2011,430040.1,44605,current USD millions,BEA_SAGDP1,https://apps.bea.gov/regional/zip/SAGDP.zip
North Carolina,2012,444063.2,45687,current USD millions,BEA_SAGDP1,https://apps.bea.gov/regional/zip/SAGDP.zip
North Carolina,2013,460946.4,47033,current USD millions,BEA_SAGDP1,https://apps.bea.gov/regional/zip/SAGDP.zip
North Carolina,2014,482295.7,48831,current USD millions,BEA_SAGDP1,https://apps.bea.gov/regional/zip/SAGDP.zip
North Carolina,2015,508672.4,51059,current USD millions,BEA_SAGDP1,https://apps.bea.gov/regional/zip/SAGDP.zip
North Carolina,2016,528284.3,52447,current USD millions,BEA_SAGDP1,https://apps.bea.gov/regional/zip/SAGDP.zip
North Carolina,2017,546810.1,53754,current USD millions,BEA_SAGDP1,https://apps.bea.gov/regional/zip/SAGDP.zip
North Carolina,2018,568037.3,55290,current USD millions,BEA_SAGDP1,https://apps.bea.gov/regional/zip/SAGDP.zip
North Carolina,2019,592449.6,57133,current USD millions,BEA_SAGDP1,https://apps.bea.gov/regional/zip/SAGDP.zip
North Carolina,2020,600226.9,57437,current USD millions,BEA_SAGDP1,https://apps.bea.gov/regional/zip/SAGDP.zip
North Carolina,2021,660804.7,62544,current USD millions,BEA_SAGDP1,https://apps.bea.gov/regional/zip/SAGDP.zip
North Carolina,2022,729761.9,68165,current USD millions,BEA_SAGDP1,https://apps.bea.gov/regional/zip/SAGDP.zip
North Carolina,2023,794838.0,73110,current USD millions,BEA_SAGDP1,https://apps.bea.gov/regional/zip/SAGDP.zip
North Carolina,2024,844209.0,76385,current USD millions,BEA_SAGDP1,https://apps.bea.gov/regional/zip/SAGDP.zip
North Carolina,2025,893762.5,79815,current USD millions,BEA_SAGDP1,https://apps.bea.gov/regional/zip/SAGDP.zip
North Dakota,1997,15796.6,24313,current USD millions,BEA_SAGDP1,https://apps.bea.gov/regional/zip/SAGDP.zip
North Dakota,1998,16842.7,26011,current USD millions,BEA_SAGDP1,https://apps.bea.gov/regional/zip/SAGDP.zip
North Dakota,1999,17083.7,26517,current USD millions,BEA_SAGDP1,https://apps.bea.gov/regional/zip/SAGDP.zip
North Dakota,2000,18115.1,28216,current USD millions,BEA_SAGDP1,https://apps.bea.gov/regional/zip/SAGDP.zip
North Dakota,2001,18976.9,29695,current USD millions,BEA_SAGDP1,https://apps.bea.gov/regional/zip/SAGDP.zip
North Dakota,2002,20195.6,31646,current USD millions,BEA_SAGDP1,https://apps.bea.gov/regional/zip/SAGDP.zip
North Dakota,2003,22129.9,34642,current USD millions,BEA_SAGDP1,https://apps.bea.gov/regional/zip/SAGDP.zip
North Dakota,2004,23209.6,36000,current USD millions,BEA_SAGDP1,https://apps.bea.gov/regional/zip/SAGDP.zip
North Dakota,2005,24572.0,38032,current USD millions,BEA_SAGDP1,https://apps.bea.gov/regional/zip/SAGDP.zip
North Dakota,2006,26406.5,40662,current USD millions,BEA_SAGDP1,https://apps.bea.gov/regional/zip/SAGDP.zip
North Dakota,2007,29044.6,44491,current USD millions,BEA_SAGDP1,https://apps.bea.gov/regional/zip/SAGDP.zip
North Dakota,2008,32027.7,48706,current USD millions,BEA_SAGDP1,https://apps.bea.gov/regional/zip/SAGDP.zip
North Dakota,2009,32310.4,48589,current USD millions,BEA_SAGDP1,https://apps.bea.gov/regional/zip/SAGDP.zip
North Dakota,2010,35651.8,52810,current USD millions,BEA_SAGDP1,https://apps.bea.gov/regional/zip/SAGDP.zip
North Dakota,2011,41602.1,60534,current USD millions,BEA_SAGDP1,https://apps.bea.gov/regional/zip/SAGDP.zip
North Dakota,2012,52079.1,73835,current USD millions,BEA_SAGDP1,https://apps.bea.gov/regional/zip/SAGDP.zip
North Dakota,2013,54877.0,75416,current USD millions,BEA_SAGDP1,https://apps.bea.gov/regional/zip/SAGDP.zip
North Dakota,2014,61108.3,82066,current USD millions,BEA_SAGDP1,https://apps.bea.gov/regional/zip/SAGDP.zip
North Dakota,2015,56952.2,74661,current USD millions,BEA_SAGDP1,https://apps.bea.gov/regional/zip/SAGDP.zip
North Dakota,2016,52666.3,68865,current USD millions,BEA_SAGDP1,https://apps.bea.gov/regional/zip/SAGDP.zip
North Dakota,2017,56530.2,73722,current USD millions,BEA_SAGDP1,https://apps.bea.gov/regional/zip/SAGDP.zip
North Dakota,2018,60377.1,78259,current USD millions,BEA_SAGDP1,https://apps.bea.gov/regional/zip/SAGDP.zip
North Dakota,2019,60892.5,78414,current USD millions,BEA_SAGDP1,https://apps.bea.gov/regional/zip/SAGDP.zip
North Dakota,2020,56321.4,72243,current USD millions,BEA_SAGDP1,https://apps.bea.gov/regional/zip/SAGDP.zip
North Dakota,2021,64830.0,83332,current USD millions,BEA_SAGDP1,https://apps.bea.gov/regional/zip/SAGDP.zip
North Dakota,2022,75052.1,96197,current USD millions,BEA_SAGDP1,https://apps.bea.gov/regional/zip/SAGDP.zip
North Dakota,2023,77898.1,98972,current USD millions,BEA_SAGDP1,https://apps.bea.gov/regional/zip/SAGDP.zip
North Dakota,2024,80058.3,100907,current USD millions,BEA_SAGDP1,https://apps.bea.gov/regional/zip/SAGDP.zip
North Dakota,2025,81883.3,102436,current USD millions,BEA_SAGDP1,https://apps.bea.gov/regional/zip/SAGDP.zip
Ohio,1997,343513.7,30460,current USD millions,BEA_SAGDP1,https://apps.bea.gov/regional/zip/SAGDP.zip
Ohio,1998,361479.3,31957,current USD millions,BEA_SAGDP1,https://apps.bea.gov/regional/zip/SAGDP.zip
Ohio,1999,375797.2,33152,current USD millions,BEA_SAGDP1,https://apps.bea.gov/regional/zip/SAGDP.zip
Ohio,2000,391032.3,34411,current USD millions,BEA_SAGDP1,https://apps.bea.gov/regional/zip/SAGDP.zip
Ohio,2001,395864.2,34763,current USD millions,BEA_SAGDP1,https://apps.bea.gov/regional/zip/SAGDP.zip
Ohio,2002,411191.1,36044,current USD millions,BEA_SAGDP1,https://apps.bea.gov/regional/zip/SAGDP.zip
Ohio,2003,425530.7,37214,current USD millions,BEA_SAGDP1,https://apps.bea.gov/regional/zip/SAGDP.zip
Ohio,2004,447813.3,39103,current USD millions,BEA_SAGDP1,https://apps.bea.gov/regional/zip/SAGDP.zip
Ohio,2005,470179.5,41016,current USD millions,BEA_SAGDP1,https://apps.bea.gov/regional/zip/SAGDP.zip
Ohio,2006,482904.0,42060,current USD millions,BEA_SAGDP1,https://apps.bea.gov/regional/zip/SAGDP.zip
Ohio,2007,497600.1,43268,current USD millions,BEA_SAGDP1,https://apps.bea.gov/regional/zip/SAGDP.zip
Ohio,2008,500916.4,43500,current USD millions,BEA_SAGDP1,https://apps.bea.gov/regional/zip/SAGDP.zip
Ohio,2009,484407.1,42017,current USD millions,BEA_SAGDP1,https://apps.bea.gov/regional/zip/SAGDP.zip
Ohio,2010,500274.2,43344,current USD millions,BEA_SAGDP1,https://apps.bea.gov/regional/zip/SAGDP.zip
Ohio,2011,525456.4,45462,current USD millions,BEA_SAGDP1,https://apps.bea.gov/regional/zip/SAGDP.zip
Ohio,2012,543035.4,46921,current USD millions,BEA_SAGDP1,https://apps.bea.gov/regional/zip/SAGDP.zip
Ohio,2013,566419.9,48779,current USD millions,BEA_SAGDP1,https://apps.bea.gov/regional/zip/SAGDP.zip
Ohio,2014,597152.3,51262,current USD millions,BEA_SAGDP1,https://apps.bea.gov/regional/zip/SAGDP.zip
Ohio,2015,615275.5,52702,current USD millions,BEA_SAGDP1,https://apps.bea.gov/regional/zip/SAGDP.zip
Ohio,2016,627294.7,53604,current USD millions,BEA_SAGDP1,https://apps.bea.gov/regional/zip/SAGDP.zip
Ohio,2017,652187.5,55562,current USD millions,BEA_SAGDP1,https://apps.bea.gov/regional/zip/SAGDP.zip
Ohio,2018,672540.1,57174,current USD millions,BEA_SAGDP1,https://apps.bea.gov/regional/zip/SAGDP.zip
Ohio,2019,702914.8,59626,current USD millions,BEA_SAGDP1,https://apps.bea.gov/regional/zip/SAGDP.zip
Ohio,2020,692938.3,58731,current USD millions,BEA_SAGDP1,https://apps.bea.gov/regional/zip/SAGDP.zip
Ohio,2021,764161.4,64972,current USD millions,BEA_SAGDP1,https://apps.bea.gov/regional/zip/SAGDP.zip
Ohio,2022,830498.8,70591,current USD millions,BEA_SAGDP1,https://apps.bea.gov/regional/zip/SAGDP.zip
Ohio,2023,883957.1,74858,current USD millions,BEA_SAGDP1,https://apps.bea.gov/regional/zip/SAGDP.zip
Ohio,2024,923140.6,77832,current USD millions,BEA_SAGDP1,https://apps.bea.gov/regional/zip/SAGDP.zip
Ohio,2025,966779.9,81239,current USD millions,BEA_SAGDP1,https://apps.bea.gov/regional/zip/SAGDP.zip
Oklahoma,1997,79293.7,23509,current USD millions,BEA_SAGDP1,https://apps.bea.gov/regional/zip/SAGDP.zip
Oklahoma,1998,81778.6,24016,current USD millions,BEA_SAGDP1,https://apps.bea.gov/regional/zip/SAGDP.zip
Oklahoma,1999,84785.6,24667,current USD millions,BEA_SAGDP1,https://apps.bea.gov/regional/zip/SAGDP.zip
Oklahoma,2000,91645.7,26530,current USD millions,BEA_SAGDP1,https://apps.bea.gov/regional/zip/SAGDP.zip
Oklahoma,2001,97505.3,28123,current USD millions,BEA_SAGDP1,https://apps.bea.gov/regional/zip/SAGDP.zip
Oklahoma,2002,99916.9,28637,current USD millions,BEA_SAGDP1,https://apps.bea.gov/regional/zip/SAGDP.zip
Oklahoma,2003,106175.1,30293,current USD millions,BEA_SAGDP1,https://apps.bea.gov/regional/zip/SAGDP.zip
Oklahoma,2004,114237.5,32406,current USD millions,BEA_SAGDP1,https://apps.bea.gov/regional/zip/SAGDP.zip
Oklahoma,2005,125961.4,35496,current USD millions,BEA_SAGDP1,https://apps.bea.gov/regional/zip/SAGDP.zip
Oklahoma,2006,138352.3,38494,current USD millions,BEA_SAGDP1,https://apps.bea.gov/regional/zip/SAGDP.zip
Oklahoma,2007,146582.4,40333,current USD millions,BEA_SAGDP1,https://apps.bea.gov/regional/zip/SAGDP.zip
Oklahoma,2008,161609.0,44047,current USD millions,BEA_SAGDP1,https://apps.bea.gov/regional/zip/SAGDP.zip
Oklahoma,2009,147332.4,39631,current USD millions,BEA_SAGDP1,https://apps.bea.gov/regional/zip/SAGDP.zip
Oklahoma,2010,155267.5,41299,current USD millions,BEA_SAGDP1,https://apps.bea.gov/regional/zip/SAGDP.zip
Oklahoma,2011,167207.9,44159,current USD millions,BEA_SAGDP1,https://apps.bea.gov/regional/zip/SAGDP.zip
Oklahoma,2012,175361.2,45964,current USD millions,BEA_SAGDP1,https://apps.bea.gov/regional/zip/SAGDP.zip
Oklahoma,2013,184104.6,47845,current USD millions,BEA_SAGDP1,https://apps.bea.gov/regional/zip/SAGDP.zip
Oklahoma,2014,197074.1,50905,current USD millions,BEA_SAGDP1,https://apps.bea.gov/regional/zip/SAGDP.zip
Oklahoma,2015,187364.7,48031,current USD millions,BEA_SAGDP1,https://apps.bea.gov/regional/zip/SAGDP.zip
Oklahoma,2016,182238.8,46529,current USD millions,BEA_SAGDP1,https://apps.bea.gov/regional/zip/SAGDP.zip
Oklahoma,2017,192538.6,49113,current USD millions,BEA_SAGDP1,https://apps.bea.gov/regional/zip/SAGDP.zip
Oklahoma,2018,204193.9,51979,current USD millions,BEA_SAGDP1,https://apps.bea.gov/regional/zip/SAGDP.zip
Oklahoma,2019,205992.7,52233,current USD millions,BEA_SAGDP1,https://apps.bea.gov/regional/zip/SAGDP.zip
Oklahoma,2020,192222.0,48477,current USD millions,BEA_SAGDP1,https://apps.bea.gov/regional/zip/SAGDP.zip
Oklahoma,2021,219132.4,54882,current USD millions,BEA_SAGDP1,https://apps.bea.gov/regional/zip/SAGDP.zip
Oklahoma,2022,247541.5,61496,current USD millions,BEA_SAGDP1,https://apps.bea.gov/regional/zip/SAGDP.zip
Oklahoma,2023,255933.2,62996,current USD millions,BEA_SAGDP1,https://apps.bea.gov/regional/zip/SAGDP.zip
Oklahoma,2024,263695.1,64351,current USD millions,BEA_SAGDP1,https://apps.bea.gov/regional/zip/SAGDP.zip
Oklahoma,2025,274421.0,66554,current USD millions,BEA_SAGDP1,https://apps.bea.gov/regional/zip/SAGDP.zip
Oregon,1997,101418.2,30693,current USD millions,BEA_SAGDP1,https://apps.bea.gov/regional/zip/SAGDP.zip
Oregon,1998,105016.4,31325,current USD millions,BEA_SAGDP1,https://apps.bea.gov/regional/zip/SAGDP.zip
Oregon,1999,107513.2,31678,current USD millions,BEA_SAGDP1,https://apps.bea.gov/regional/zip/SAGDP.zip
Oregon,2000,117057.2,34130,current USD millions,BEA_SAGDP1,https://apps.bea.gov/regional/zip/SAGDP.zip
Oregon,2001,117002.4,33738,current USD millions,BEA_SAGDP1,https://apps.bea.gov/regional/zip/SAGDP.zip
Oregon,2002,120556.1,34313,current USD millions,BEA_SAGDP1,https://apps.bea.gov/regional/zip/SAGDP.zip
Oregon,2003,126822.1,35751,current USD millions,BEA_SAGDP1,https://apps.bea.gov/regional/zip/SAGDP.zip
Oregon,2004,136495.9,38240,current USD millions,BEA_SAGDP1,https://apps.bea.gov/regional/zip/SAGDP.zip
Oregon,2005,143556.3,39731,current USD millions,BEA_SAGDP1,https://apps.bea.gov/regional/zip/SAGDP.zip
Oregon,2006,153779.6,41892,current USD millions,BEA_SAGDP1,https://apps.bea.gov/regional/zip/SAGDP.zip
Oregon,2007,159676.2,42896,current USD millions,BEA_SAGDP1,https://apps.bea.gov/regional/zip/SAGDP.zip
Oregon,2008,164122.9,43548,current USD millions,BEA_SAGDP1,https://apps.bea.gov/regional/zip/SAGDP.zip
Oregon,2009,159330.4,41834,current USD millions,BEA_SAGDP1,https://apps.bea.gov/regional/zip/SAGDP.zip
Oregon,2010,163150.5,42514,current USD millions,BEA_SAGDP1,https://apps.bea.gov/regional/zip/SAGDP.zip
Oregon,2011,169693.8,43819,current USD millions,BEA_SAGDP1,https://apps.bea.gov/regional/zip/SAGDP.zip
Oregon,2012,173856.8,44578,current USD millions,BEA_SAGDP1,https://apps.bea.gov/regional/zip/SAGDP.zip
Oregon,2013,178975.4,45610,current USD millions,BEA_SAGDP1,https://apps.bea.gov/regional/zip/SAGDP.zip
Oregon,2014,187837.6,47369,current USD millions,BEA_SAGDP1,https://apps.bea.gov/regional/zip/SAGDP.zip
Oregon,2015,200592.6,49918,current USD millions,BEA_SAGDP1,https://apps.bea.gov/regional/zip/SAGDP.zip
Oregon,2016,211782.4,51740,current USD millions,BEA_SAGDP1,https://apps.bea.gov/regional/zip/SAGDP.zip
Oregon,2017,225534.5,54383,current USD millions,BEA_SAGDP1,https://apps.bea.gov/regional/zip/SAGDP.zip
Oregon,2018,238466.9,57003,current USD millions,BEA_SAGDP1,https://apps.bea.gov/regional/zip/SAGDP.zip
Oregon,2019,248781.8,59010,current USD millions,BEA_SAGDP1,https://apps.bea.gov/regional/zip/SAGDP.zip
Oregon,2020,250660.6,59069,current USD millions,BEA_SAGDP1,https://apps.bea.gov/regional/zip/SAGDP.zip
Oregon,2021,276367.7,64956,current USD millions,BEA_SAGDP1,https://apps.bea.gov/regional/zip/SAGDP.zip
Oregon,2022,297084.3,69969,current USD millions,BEA_SAGDP1,https://apps.bea.gov/regional/zip/SAGDP.zip
Oregon,2023,314895.0,74086,current USD millions,BEA_SAGDP1,https://apps.bea.gov/regional/zip/SAGDP.zip
Oregon,2024,330250.1,77427,current USD millions,BEA_SAGDP1,https://apps.bea.gov/regional/zip/SAGDP.zip
Oregon,2025,342850.1,80225,current USD millions,BEA_SAGDP1,https://apps.bea.gov/regional/zip/SAGDP.zip
Pennsylvania,1997,357525.6,29239,current USD millions,BEA_SAGDP1,https://apps.bea.gov/regional/zip/SAGDP.zip
Pennsylvania,1998,373515.0,30502,current USD millions,BEA_SAGDP1,https://apps.bea.gov/regional/zip/SAGDP.zip
Pennsylvania,1999,391136.1,31894,current USD millions,BEA_SAGDP1,https://apps.bea.gov/regional/zip/SAGDP.zip
Pennsylvania,2000,409330.2,33322,current USD millions,BEA_SAGDP1,https://apps.bea.gov/regional/zip/SAGDP.zip
Pennsylvania,2001,428463.7,34837,current USD millions,BEA_SAGDP1,https://apps.bea.gov/regional/zip/SAGDP.zip
Pennsylvania,2002,440887.5,35754,current USD millions,BEA_SAGDP1,https://apps.bea.gov/regional/zip/SAGDP.zip
Pennsylvania,2003,460478.3,37211,current USD millions,BEA_SAGDP1,https://apps.bea.gov/regional/zip/SAGDP.zip
Pennsylvania,2004,486384.5,39191,current USD millions,BEA_SAGDP1,https://apps.bea.gov/regional/zip/SAGDP.zip
Pennsylvania,2005,510763.9,41025,current USD millions,BEA_SAGDP1,https://apps.bea.gov/regional/zip/SAGDP.zip
Pennsylvania,2006,528771.2,42265,current USD millions,BEA_SAGDP1,https://apps.bea.gov/regional/zip/SAGDP.zip
Pennsylvania,2007,563238.6,44830,current USD millions,BEA_SAGDP1,https://apps.bea.gov/regional/zip/SAGDP.zip
Pennsylvania,2008,586886.6,46533,current USD millions,BEA_SAGDP1,https://apps.bea.gov/regional/zip/SAGDP.zip
Pennsylvania,2009,581219.9,45885,current USD millions,BEA_SAGDP1,https://apps.bea.gov/regional/zip/SAGDP.zip
Pennsylvania,2010,604629.6,47546,current USD millions,BEA_SAGDP1,https://apps.bea.gov/regional/zip/SAGDP.zip
Pennsylvania,2011,623767.9,48835,current USD millions,BEA_SAGDP1,https://apps.bea.gov/regional/zip/SAGDP.zip
Pennsylvania,2012,646434.3,50440,current USD millions,BEA_SAGDP1,https://apps.bea.gov/regional/zip/SAGDP.zip
Pennsylvania,2013,670767.4,52211,current USD millions,BEA_SAGDP1,https://apps.bea.gov/regional/zip/SAGDP.zip
Pennsylvania,2014,695546.6,53998,current USD millions,BEA_SAGDP1,https://apps.bea.gov/regional/zip/SAGDP.zip
Pennsylvania,2015,716534.3,55549,current USD millions,BEA_SAGDP1,https://apps.bea.gov/regional/zip/SAGDP.zip
Pennsylvania,2016,733165.9,56752,current USD millions,BEA_SAGDP1,https://apps.bea.gov/regional/zip/SAGDP.zip
Pennsylvania,2017,754318.0,58268,current USD millions,BEA_SAGDP1,https://apps.bea.gov/regional/zip/SAGDP.zip
Pennsylvania,2018,780620.7,60136,current USD millions,BEA_SAGDP1,https://apps.bea.gov/regional/zip/SAGDP.zip
Pennsylvania,2019,802233.1,61750,current USD millions,BEA_SAGDP1,https://apps.bea.gov/regional/zip/SAGDP.zip
Pennsylvania,2020,778297.2,59889,current USD millions,BEA_SAGDP1,https://apps.bea.gov/regional/zip/SAGDP.zip
Pennsylvania,2021,844875.5,64907,current USD millions,BEA_SAGDP1,https://apps.bea.gov/regional/zip/SAGDP.zip
Pennsylvania,2022,916861.7,70611,current USD millions,BEA_SAGDP1,https://apps.bea.gov/regional/zip/SAGDP.zip
Pennsylvania,2023,966444.0,74288,current USD millions,BEA_SAGDP1,https://apps.bea.gov/regional/zip/SAGDP.zip
Pennsylvania,2024,1007873.9,77256,current USD millions,BEA_SAGDP1,https://apps.bea.gov/regional/zip/SAGDP.zip
Pennsylvania,2025,1056446.3,80895,current USD millions,BEA_SAGDP1,https://apps.bea.gov/regional/zip/SAGDP.zip
Rhode Island,1997,28963.2,28247,current USD millions,BEA_SAGDP1,https://apps.bea.gov/regional/zip/SAGDP.zip
Rhode Island,1998,30835.3,29904,current USD millions,BEA_SAGDP1,https://apps.bea.gov/regional/zip/SAGDP.zip
Rhode Island,1999,32340.0,31084,current USD millions,BEA_SAGDP1,https://apps.bea.gov/regional/zip/SAGDP.zip
Rhode Island,2000,34608.5,32952,current USD millions,BEA_SAGDP1,https://apps.bea.gov/regional/zip/SAGDP.zip
Rhode Island,2001,35940.1,33997,current USD millions,BEA_SAGDP1,https://apps.bea.gov/regional/zip/SAGDP.zip
Rhode Island,2002,37891.2,35545,current USD millions,BEA_SAGDP1,https://apps.bea.gov/regional/zip/SAGDP.zip
Rhode Island,2003,39787.1,37138,current USD millions,BEA_SAGDP1,https://apps.bea.gov/regional/zip/SAGDP.zip
Rhode Island,2004,42578.2,39623,current USD millions,BEA_SAGDP1,https://apps.bea.gov/regional/zip/SAGDP.zip
Rhode Island,2005,44413.3,41589,current USD millions,BEA_SAGDP1,https://apps.bea.gov/regional/zip/SAGDP.zip
Rhode Island,2006,47165.3,44366,current USD millions,BEA_SAGDP1,https://apps.bea.gov/regional/zip/SAGDP.zip
Rhode Island,2007,47490.1,44916,current USD millions,BEA_SAGDP1,https://apps.bea.gov/regional/zip/SAGDP.zip
Rhode Island,2008,47138.9,44681,current USD millions,BEA_SAGDP1,https://apps.bea.gov/regional/zip/SAGDP.zip
Rhode Island,2009,47647.2,45221,current USD millions,BEA_SAGDP1,https://apps.bea.gov/regional/zip/SAGDP.zip
Rhode Island,2010,49409.1,46834,current USD millions,BEA_SAGDP1,https://apps.bea.gov/regional/zip/SAGDP.zip
Rhode Island,2011,50123.7,47343,current USD millions,BEA_SAGDP1,https://apps.bea.gov/regional/zip/SAGDP.zip
Rhode Island,2012,51527.5,48439,current USD millions,BEA_SAGDP1,https://apps.bea.gov/regional/zip/SAGDP.zip
Rhode Island,2013,52994.2,49603,current USD millions,BEA_SAGDP1,https://apps.bea.gov/regional/zip/SAGDP.zip
Rhode Island,2014,54612.5,50885,current USD millions,BEA_SAGDP1,https://apps.bea.gov/regional/zip/SAGDP.zip
Rhode Island,2015,56604.0,52530,current USD millions,BEA_SAGDP1,https://apps.bea.gov/regional/zip/SAGDP.zip
Rhode Island,2016,57714.6,53319,current USD millions,BEA_SAGDP1,https://apps.bea.gov/regional/zip/SAGDP.zip
Rhode Island,2017,58771.6,54162,current USD millions,BEA_SAGDP1,https://apps.bea.gov/regional/zip/SAGDP.zip
Rhode Island,2018,60064.9,55013,current USD millions,BEA_SAGDP1,https://apps.bea.gov/regional/zip/SAGDP.zip
Rhode Island,2019,62814.7,57387,current USD millions,BEA_SAGDP1,https://apps.bea.gov/regional/zip/SAGDP.zip
Rhode Island,2020,61980.9,56527,current USD millions,BEA_SAGDP1,https://apps.bea.gov/regional/zip/SAGDP.zip
Rhode Island,2021,67060.0,61109,current USD millions,BEA_SAGDP1,https://apps.bea.gov/regional/zip/SAGDP.zip
Rhode Island,2022,71978.2,65538,current USD millions,BEA_SAGDP1,https://apps.bea.gov/regional/zip/SAGDP.zip
Rhode Island,2023,76313.5,69301,current USD millions,BEA_SAGDP1,https://apps.bea.gov/regional/zip/SAGDP.zip
Rhode Island,2024,80381.1,72388,current USD millions,BEA_SAGDP1,https://apps.bea.gov/regional/zip/SAGDP.zip
Rhode Island,2025,83956.0,75329,current USD millions,BEA_SAGDP1,https://apps.bea.gov/regional/zip/SAGDP.zip
South Carolina,1997,97453.8,25249,current USD millions,BEA_SAGDP1,https://apps.bea.gov/regional/zip/SAGDP.zip
South Carolina,1998,103688.6,26456,current USD millions,BEA_SAGDP1,https://apps.bea.gov/regional/zip/SAGDP.zip
South Carolina,1999,110312.9,27754,current USD millions,BEA_SAGDP1,https://apps.bea.gov/regional/zip/SAGDP.zip
South Carolina,2000,115332.7,28660,current USD millions,BEA_SAGDP1,https://apps.bea.gov/regional/zip/SAGDP.zip
South Carolina,2001,119355.2,29362,current USD millions,BEA_SAGDP1,https://apps.bea.gov/regional/zip/SAGDP.zip
South Carolina,2002,124765.2,30373,current USD millions,BEA_SAGDP1,https://apps.bea.gov/regional/zip/SAGDP.zip
South Carolina,2003,131509.1,31687,current USD millions,BEA_SAGDP1,https://apps.bea.gov/regional/zip/SAGDP.zip
South Carolina,2004,136679.9,32458,current USD millions,BEA_SAGDP1,https://apps.bea.gov/regional/zip/SAGDP.zip
South Carolina,2005,145195.8,34003,current USD millions,BEA_SAGDP1,https://apps.bea.gov/regional/zip/SAGDP.zip
South Carolina,2006,153453.4,35213,current USD millions,BEA_SAGDP1,https://apps.bea.gov/regional/zip/SAGDP.zip
South Carolina,2007,162476.3,36560,current USD millions,BEA_SAGDP1,https://apps.bea.gov/regional/zip/SAGDP.zip
South Carolina,2008,164471.2,36315,current USD millions,BEA_SAGDP1,https://apps.bea.gov/regional/zip/SAGDP.zip
South Carolina,2009,162380.4,35378,current USD millions,BEA_SAGDP1,https://apps.bea.gov/regional/zip/SAGDP.zip
South Carolina,2010,166767.4,35990,current USD millions,BEA_SAGDP1,https://apps.bea.gov/regional/zip/SAGDP.zip
South Carolina,2011,172844.7,37077,current USD millions,BEA_SAGDP1,https://apps.bea.gov/regional/zip/SAGDP.zip
South Carolina,2012,178503.9,37985,current USD millions,BEA_SAGDP1,https://apps.bea.gov/regional/zip/SAGDP.zip
South Carolina,2013,186268.3,39313,current USD millions,BEA_SAGDP1,https://apps.bea.gov/regional/zip/SAGDP.zip
South Carolina,2014,195744.4,40868,current USD millions,BEA_SAGDP1,https://apps.bea.gov/regional/zip/SAGDP.zip
South Carolina,2015,207510.0,42784,current USD millions,BEA_SAGDP1,https://apps.bea.gov/regional/zip/SAGDP.zip
South Carolina,2016,217555.5,44323,current USD millions,BEA_SAGDP1,https://apps.bea.gov/regional/zip/SAGDP.zip
South Carolina,2017,224937.6,45316,current USD millions,BEA_SAGDP1,https://apps.bea.gov/regional/zip/SAGDP.zip
South Carolina,2018,236561.7,47128,current USD millions,BEA_SAGDP1,https://apps.bea.gov/regional/zip/SAGDP.zip
South Carolina,2019,249575.7,49159,current USD millions,BEA_SAGDP1,https://apps.bea.gov/regional/zip/SAGDP.zip
South Carolina,2020,248952.7,48510,current USD millions,BEA_SAGDP1,https://apps.bea.gov/regional/zip/SAGDP.zip
South Carolina,2021,272464.9,52454,current USD millions,BEA_SAGDP1,https://apps.bea.gov/regional/zip/SAGDP.zip
South Carolina,2022,305070.0,57681,current USD millions,BEA_SAGDP1,https://apps.bea.gov/regional/zip/SAGDP.zip
South Carolina,2023,332946.8,61762,current USD millions,BEA_SAGDP1,https://apps.bea.gov/regional/zip/SAGDP.zip
South Carolina,2024,357074.4,65037,current USD millions,BEA_SAGDP1,https://apps.bea.gov/regional/zip/SAGDP.zip
South Carolina,2025,378830.6,68009,current USD millions,BEA_SAGDP1,https://apps.bea.gov/regional/zip/SAGDP.zip
South Dakota,1997,19062.3,25614,current USD millions,BEA_SAGDP1,https://apps.bea.gov/regional/zip/SAGDP.zip
South Dakota,1998,20257.8,27153,current USD millions,BEA_SAGDP1,https://apps.bea.gov/regional/zip/SAGDP.zip
South Dakota,1999,21181.8,28227,current USD millions,BEA_SAGDP1,https://apps.bea.gov/regional/zip/SAGDP.zip
South Dakota,2000,22866.7,30253,current USD millions,BEA_SAGDP1,https://apps.bea.gov/regional/zip/SAGDP.zip
South Dakota,2001,23626.9,31171,current USD millions,BEA_SAGDP1,https://apps.bea.gov/regional/zip/SAGDP.zip
South Dakota,2002,26343.5,34662,current USD millions,BEA_SAGDP1,https://apps.bea.gov/regional/zip/SAGDP.zip
South Dakota,2003,27305.0,35752,current USD millions,BEA_SAGDP1,https://apps.bea.gov/regional/zip/SAGDP.zip
South Dakota,2004,29380.9,38137,current USD millions,BEA_SAGDP1,https://apps.bea.gov/regional/zip/SAGDP.zip
South Dakota,2005,31104.3,40109,current USD millions,BEA_SAGDP1,https://apps.bea.gov/regional/zip/SAGDP.zip
South Dakota,2006,32559.3,41581,current USD millions,BEA_SAGDP1,https://apps.bea.gov/regional/zip/SAGDP.zip
South Dakota,2007,35282.6,44570,current USD millions,BEA_SAGDP1,https://apps.bea.gov/regional/zip/SAGDP.zip
South Dakota,2008,36939.3,46225,current USD millions,BEA_SAGDP1,https://apps.bea.gov/regional/zip/SAGDP.zip
South Dakota,2009,36732.1,45513,current USD millions,BEA_SAGDP1,https://apps.bea.gov/regional/zip/SAGDP.zip
South Dakota,2010,38208.2,46820,current USD millions,BEA_SAGDP1,https://apps.bea.gov/regional/zip/SAGDP.zip
South Dakota,2011,42082.7,51126,current USD millions,BEA_SAGDP1,https://apps.bea.gov/regional/zip/SAGDP.zip
South Dakota,2012,44127.3,52991,current USD millions,BEA_SAGDP1,https://apps.bea.gov/regional/zip/SAGDP.zip
South Dakota,2013,45498.6,54093,current USD millions,BEA_SAGDP1,https://apps.bea.gov/regional/zip/SAGDP.zip
South Dakota,2014,47159.9,55643,current USD millions,BEA_SAGDP1,https://apps.bea.gov/regional/zip/SAGDP.zip
South Dakota,2015,48678.9,57133,current USD millions,BEA_SAGDP1,https://apps.bea.gov/regional/zip/SAGDP.zip
South Dakota,2016,49842.6,57919,current USD millions,BEA_SAGDP1,https://apps.bea.gov/regional/zip/SAGDP.zip
South Dakota,2017,51615.1,59321,current USD millions,BEA_SAGDP1,https://apps.bea.gov/regional/zip/SAGDP.zip
South Dakota,2018,53349.5,60954,current USD millions,BEA_SAGDP1,https://apps.bea.gov/regional/zip/SAGDP.zip
South Dakota,2019,55175.8,62523,current USD millions,BEA_SAGDP1,https://apps.bea.gov/regional/zip/SAGDP.zip
South Dakota,2020,56847.3,64031,current USD millions,BEA_SAGDP1,https://apps.bea.gov/regional/zip/SAGDP.zip
South Dakota,2021,63337.7,70666,current USD millions,BEA_SAGDP1,https://apps.bea.gov/regional/zip/SAGDP.zip
South Dakota,2022,69425.6,76363,current USD millions,BEA_SAGDP1,https://apps.bea.gov/regional/zip/SAGDP.zip
South Dakota,2023,74458.8,81133,current USD millions,BEA_SAGDP1,https://apps.bea.gov/regional/zip/SAGDP.zip
South Dakota,2024,76795.8,82834,current USD millions,BEA_SAGDP1,https://apps.bea.gov/regional/zip/SAGDP.zip
South Dakota,2025,80650.3,86248,current USD millions,BEA_SAGDP1,https://apps.bea.gov/regional/zip/SAGDP.zip
Tennessee,1997,154861.9,28161,current USD millions,BEA_SAGDP1,https://apps.bea.gov/regional/zip/SAGDP.zip
Tennessee,1998,167783.0,30122,current USD millions,BEA_SAGDP1,https://apps.bea.gov/regional/zip/SAGDP.zip
Tennessee,1999,176467.2,31296,current USD millions,BEA_SAGDP1,https://apps.bea.gov/regional/zip/SAGDP.zip
Tennessee,2000,182209.7,31946,current USD millions,BEA_SAGDP1,https://apps.bea.gov/regional/zip/SAGDP.zip
Tennessee,2001,185917.2,32329,current USD millions,BEA_SAGDP1,https://apps.bea.gov/regional/zip/SAGDP.zip
Tennessee,2002,195386.1,33711,current USD millions,BEA_SAGDP1,https://apps.bea.gov/regional/zip/SAGDP.zip
Tennessee,2003,204665.9,34999,current USD millions,BEA_SAGDP1,https://apps.bea.gov/regional/zip/SAGDP.zip
Tennessee,2004,219862.4,37197,current USD millions,BEA_SAGDP1,https://apps.bea.gov/regional/zip/SAGDP.zip
Tennessee,2005,231339.0,38614,current USD millions,BEA_SAGDP1,https://apps.bea.gov/regional/zip/SAGDP.zip
Tennessee,2006,243104.4,39927,current USD millions,BEA_SAGDP1,https://apps.bea.gov/regional/zip/SAGDP.zip
Tennessee,2007,248261.6,40200,current USD millions,BEA_SAGDP1,https://apps.bea.gov/regional/zip/SAGDP.zip
Tennessee,2008,255546.7,40904,current USD millions,BEA_SAGDP1,https://apps.bea.gov/regional/zip/SAGDP.zip
Tennessee,2009,252940.7,40111,current USD millions,BEA_SAGDP1,https://apps.bea.gov/regional/zip/SAGDP.zip
Tennessee,2010,258657.6,40693,current USD millions,BEA_SAGDP1,https://apps.bea.gov/regional/zip/SAGDP.zip
Tennessee,2011,270055.0,42165,current USD millions,BEA_SAGDP1,https://apps.bea.gov/regional/zip/SAGDP.zip
Tennessee,2012,285897.5,44232,current USD millions,BEA_SAGDP1,https://apps.bea.gov/regional/zip/SAGDP.zip
Tennessee,2013,296756.3,45597,current USD millions,BEA_SAGDP1,https://apps.bea.gov/regional/zip/SAGDP.zip
Tennessee,2014,307448.5,46871,current USD millions,BEA_SAGDP1,https://apps.bea.gov/regional/zip/SAGDP.zip
Tennessee,2015,326382.5,49350,current USD millions,BEA_SAGDP1,https://apps.bea.gov/regional/zip/SAGDP.zip
Tennessee,2016,339350.2,50853,current USD millions,BEA_SAGDP1,https://apps.bea.gov/regional/zip/SAGDP.zip
Tennessee,2017,355417.5,52732,current USD millions,BEA_SAGDP1,https://apps.bea.gov/regional/zip/SAGDP.zip
Tennessee,2018,369713.2,54314,current USD millions,BEA_SAGDP1,https://apps.bea.gov/regional/zip/SAGDP.zip
Tennessee,2019,385833.0,56222,current USD millions,BEA_SAGDP1,https://apps.bea.gov/regional/zip/SAGDP.zip
Tennessee,2020,391588.6,56525,current USD millions,BEA_SAGDP1,https://apps.bea.gov/regional/zip/SAGDP.zip
Tennessee,2021,443419.7,63649,current USD millions,BEA_SAGDP1,https://apps.bea.gov/regional/zip/SAGDP.zip
Tennessee,2022,490587.0,69456,current USD millions,BEA_SAGDP1,https://apps.bea.gov/regional/zip/SAGDP.zip
Tennessee,2023,531246.8,74269,current USD millions,BEA_SAGDP1,https://apps.bea.gov/regional/zip/SAGDP.zip
Tennessee,2024,561201.2,77393,current USD millions,BEA_SAGDP1,https://apps.bea.gov/regional/zip/SAGDP.zip
Tennessee,2025,589817.5,80630,current USD millions,BEA_SAGDP1,https://apps.bea.gov/regional/zip/SAGDP.zip
Texas,1997,610659.8,30935,current USD millions,BEA_SAGDP1,https://apps.bea.gov/regional/zip/SAGDP.zip
Texas,1998,648243.1,32159,current USD millions,BEA_SAGDP1,https://apps.bea.gov/regional/zip/SAGDP.zip
Texas,1999,683347.4,33240,current USD millions,BEA_SAGDP1,https://apps.bea.gov/regional/zip/SAGDP.zip
Texas,2000,742161.5,35435,current USD millions,BEA_SAGDP1,https://apps.bea.gov/regional/zip/SAGDP.zip
Texas,2001,780206.2,36596,current USD millions,BEA_SAGDP1,https://apps.bea.gov/regional/zip/SAGDP.zip
Texas,2002,796357.3,36715,current USD millions,BEA_SAGDP1,https://apps.bea.gov/regional/zip/SAGDP.zip
Texas,2003,840860.8,38167,current USD millions,BEA_SAGDP1,https://apps.bea.gov/regional/zip/SAGDP.zip
Texas,2004,921230.7,41137,current USD millions,BEA_SAGDP1,https://apps.bea.gov/regional/zip/SAGDP.zip
Texas,2005,1003745.9,44066,current USD millions,BEA_SAGDP1,https://apps.bea.gov/regional/zip/SAGDP.zip
Texas,2006,1108236.5,47442,current USD millions,BEA_SAGDP1,https://apps.bea.gov/regional/zip/SAGDP.zip
Texas,2007,1198565.0,50292,current USD millions,BEA_SAGDP1,https://apps.bea.gov/regional/zip/SAGDP.zip
Texas,2008,1253142.0,51550,current USD millions,BEA_SAGDP1,https://apps.bea.gov/regional/zip/SAGDP.zip
Texas,2009,1179168.1,47544,current USD millions,BEA_SAGDP1,https://apps.bea.gov/regional/zip/SAGDP.zip
Texas,2010,1255660.8,49752,current USD millions,BEA_SAGDP1,https://apps.bea.gov/regional/zip/SAGDP.zip
Texas,2011,1351776.9,52746,current USD millions,BEA_SAGDP1,https://apps.bea.gov/regional/zip/SAGDP.zip
Texas,2012,1429588.0,54874,current USD millions,BEA_SAGDP1,https://apps.bea.gov/regional/zip/SAGDP.zip
Texas,2013,1526781.9,57759,current USD millions,BEA_SAGDP1,https://apps.bea.gov/regional/zip/SAGDP.zip
Texas,2014,1592177.6,59182,current USD millions,BEA_SAGDP1,https://apps.bea.gov/regional/zip/SAGDP.zip
Texas,2015,1585985.9,57894,current USD millions,BEA_SAGDP1,https://apps.bea.gov/regional/zip/SAGDP.zip
Texas,2016,1582981.5,56889,current USD millions,BEA_SAGDP1,https://apps.bea.gov/regional/zip/SAGDP.zip
Texas,2017,1667313.0,59148,current USD millions,BEA_SAGDP1,https://apps.bea.gov/regional/zip/SAGDP.zip
Texas,2018,1808026.9,63421,current USD millions,BEA_SAGDP1,https://apps.bea.gov/regional/zip/SAGDP.zip
Texas,2019,1864872.3,64626,current USD millions,BEA_SAGDP1,https://apps.bea.gov/regional/zip/SAGDP.zip
Texas,2020,1810670.2,61929,current USD millions,BEA_SAGDP1,https://apps.bea.gov/regional/zip/SAGDP.zip
Texas,2021,2117013.7,71587,current USD millions,BEA_SAGDP1,https://apps.bea.gov/regional/zip/SAGDP.zip
Texas,2022,2476903.2,82240,current USD millions,BEA_SAGDP1,https://apps.bea.gov/regional/zip/SAGDP.zip
Texas,2023,2637237.6,85850,current USD millions,BEA_SAGDP1,https://apps.bea.gov/regional/zip/SAGDP.zip
Texas,2024,2769766.2,88438,current USD millions,BEA_SAGDP1,https://apps.bea.gov/regional/zip/SAGDP.zip
Texas,2025,2904427.8,91594,current USD millions,BEA_SAGDP1,https://apps.bea.gov/regional/zip/SAGDP.zip
United States,1997,8577552.0,31460,current USD millions,BEA_SAGDP1,https://apps.bea.gov/regional/zip/SAGDP.zip
United States,1998,9062817.0,32854,current USD millions,BEA_SAGDP1,https://apps.bea.gov/regional/zip/SAGDP.zip
United States,1999,9631172.0,34515,current USD millions,BEA_SAGDP1,https://apps.bea.gov/regional/zip/SAGDP.zip
United States,2000,10250952.0,36330,current USD millions,BEA_SAGDP1,https://apps.bea.gov/regional/zip/SAGDP.zip
United States,2001,10581929.0,37134,current USD millions,BEA_SAGDP1,https://apps.bea.gov/regional/zip/SAGDP.zip
United States,2002,10929108.0,37998,current USD millions,BEA_SAGDP1,https://apps.bea.gov/regional/zip/SAGDP.zip
United States,2003,11456450.0,39490,current USD millions,BEA_SAGDP1,https://apps.bea.gov/regional/zip/SAGDP.zip
United States,2004,12217196.0,41725,current USD millions,BEA_SAGDP1,https://apps.bea.gov/regional/zip/SAGDP.zip
United States,2005,13039197.0,44123,current USD millions,BEA_SAGDP1,https://apps.bea.gov/regional/zip/SAGDP.zip
United States,2006,13815583.0,46302,current USD millions,BEA_SAGDP1,https://apps.bea.gov/regional/zip/SAGDP.zip
United States,2007,14474228.0,48050,current USD millions,BEA_SAGDP1,https://apps.bea.gov/regional/zip/SAGDP.zip
United States,2008,14769862.0,48570,current USD millions,BEA_SAGDP1,https://apps.bea.gov/regional/zip/SAGDP.zip
United States,2009,14478067.0,47195,current USD millions,BEA_SAGDP1,https://apps.bea.gov/regional/zip/SAGDP.zip
United States,2010,15048971.0,48643,current USD millions,BEA_SAGDP1,https://apps.bea.gov/regional/zip/SAGDP.zip
United States,2011,15599732.0,50025,current USD millions,BEA_SAGDP1,https://apps.bea.gov/regional/zip/SAGDP.zip
United States,2012,16253970.0,51708,current USD millions,BEA_SAGDP1,https://apps.bea.gov/regional/zip/SAGDP.zip
United States,2013,16880683.0,53297,current USD millions,BEA_SAGDP1,https://apps.bea.gov/regional/zip/SAGDP.zip
United States,2014,17608138.0,55153,current USD millions,BEA_SAGDP1,https://apps.bea.gov/regional/zip/SAGDP.zip
United States,2015,18295019.0,56849,current USD millions,BEA_SAGDP1,https://apps.bea.gov/regional/zip/SAGDP.zip
United States,2016,18804913.0,57977,current USD millions,BEA_SAGDP1,https://apps.bea.gov/regional/zip/SAGDP.zip
United States,2017,19612102.0,60048,current USD millions,BEA_SAGDP1,https://apps.bea.gov/regional/zip/SAGDP.zip
United States,2018,20656516.0,62876,current USD millions,BEA_SAGDP1,https://apps.bea.gov/regional/zip/SAGDP.zip
United States,2019,21539982.0,65228,current USD millions,BEA_SAGDP1,https://apps.bea.gov/regional/zip/SAGDP.zip
United States,2020,21375281.0,64465,current USD millions,BEA_SAGDP1,https://apps.bea.gov/regional/zip/SAGDP.zip
United States,2021,23725645.0,71441,current USD millions,BEA_SAGDP1,https://apps.bea.gov/regional/zip/SAGDP.zip
United States,2022,26054614.0,78009,current USD millions,BEA_SAGDP1,https://apps.bea.gov/regional/zip/SAGDP.zip
United States,2023,27811517.0,82587,current USD millions,BEA_SAGDP1,https://apps.bea.gov/regional/zip/SAGDP.zip
United States,2024,29298013.0,86170,current USD millions,BEA_SAGDP1,https://apps.bea.gov/regional/zip/SAGDP.zip
United States,2025,30762099.0,90004,current USD millions,BEA_SAGDP1,https://apps.bea.gov/regional/zip/SAGDP.zip
Utah,1997,57812.0,27273,current USD millions,BEA_SAGDP1,https://apps.bea.gov/regional/zip/SAGDP.zip
Utah,1998,62070.1,28657,current USD millions,BEA_SAGDP1,https://apps.bea.gov/regional/zip/SAGDP.zip
Utah,1999,65773.4,29850,current USD millions,BEA_SAGDP1,https://apps.bea.gov/regional/zip/SAGDP.zip
Utah,2000,70056.3,31212,current USD millions,BEA_SAGDP1,https://apps.bea.gov/regional/zip/SAGDP.zip
Utah,2001,73042.5,31984,current USD millions,BEA_SAGDP1,https://apps.bea.gov/regional/zip/SAGDP.zip
Utah,2002,76289.4,32815,current USD millions,BEA_SAGDP1,https://apps.bea.gov/regional/zip/SAGDP.zip
Utah,2003,79504.7,33686,current USD millions,BEA_SAGDP1,https://apps.bea.gov/regional/zip/SAGDP.zip
Utah,2004,86766.7,36129,current USD millions,BEA_SAGDP1,https://apps.bea.gov/regional/zip/SAGDP.zip
Utah,2005,95512.0,38862,current USD millions,BEA_SAGDP1,https://apps.bea.gov/regional/zip/SAGDP.zip
Utah,2006,106787.1,42283,current USD millions,BEA_SAGDP1,https://apps.bea.gov/regional/zip/SAGDP.zip
Utah,2007,115180.7,44339,current USD millions,BEA_SAGDP1,https://apps.bea.gov/regional/zip/SAGDP.zip
Utah,2008,116949.2,43916,current USD millions,BEA_SAGDP1,https://apps.bea.gov/regional/zip/SAGDP.zip
Utah,2009,113834.8,41798,current USD millions,BEA_SAGDP1,https://apps.bea.gov/regional/zip/SAGDP.zip
Utah,2010,118296.3,42611,current USD millions,BEA_SAGDP1,https://apps.bea.gov/regional/zip/SAGDP.zip
Utah,2011,125137.8,44394,current USD millions,BEA_SAGDP1,https://apps.bea.gov/regional/zip/SAGDP.zip
Utah,2012,129431.4,45234,current USD millions,BEA_SAGDP1,https://apps.bea.gov/regional/zip/SAGDP.zip
Utah,2013,135344.3,46523,current USD millions,BEA_SAGDP1,https://apps.bea.gov/regional/zip/SAGDP.zip
Utah,2014,142627.7,48316,current USD millions,BEA_SAGDP1,https://apps.bea.gov/regional/zip/SAGDP.zip
Utah,2015,149762.1,49913,current USD millions,BEA_SAGDP1,https://apps.bea.gov/regional/zip/SAGDP.zip
Utah,2016,159330.6,51996,current USD millions,BEA_SAGDP1,https://apps.bea.gov/regional/zip/SAGDP.zip
Utah,2017,172075.0,55033,current USD millions,BEA_SAGDP1,https://apps.bea.gov/regional/zip/SAGDP.zip
Utah,2018,186805.7,58714,current USD millions,BEA_SAGDP1,https://apps.bea.gov/regional/zip/SAGDP.zip
Utah,2019,201312.2,62267,current USD millions,BEA_SAGDP1,https://apps.bea.gov/regional/zip/SAGDP.zip
Utah,2020,206240.5,62802,current USD millions,BEA_SAGDP1,https://apps.bea.gov/regional/zip/SAGDP.zip
Utah,2021,233320.9,69859,current USD millions,BEA_SAGDP1,https://apps.bea.gov/regional/zip/SAGDP.zip
Utah,2022,261548.5,77064,current USD millions,BEA_SAGDP1,https://apps.bea.gov/regional/zip/SAGDP.zip
Utah,2023,283230.8,82114,current USD millions,BEA_SAGDP1,https://apps.bea.gov/regional/zip/SAGDP.zip
Utah,2024,299471.3,85490,current USD millions,BEA_SAGDP1,https://apps.bea.gov/regional/zip/SAGDP.zip
Utah,2025,315973.2,89286,current USD millions,BEA_SAGDP1,https://apps.bea.gov/regional/zip/SAGDP.zip
Vermont,1997,15443.4,25858,current USD millions,BEA_SAGDP1,https://apps.bea.gov/regional/zip/SAGDP.zip
Vermont,1998,16197.7,26977,current USD millions,BEA_SAGDP1,https://apps.bea.gov/regional/zip/SAGDP.zip
Vermont,1999,17314.8,28635,current USD millions,BEA_SAGDP1,https://apps.bea.gov/regional/zip/SAGDP.zip
Vermont,2000,18492.9,30335,current USD millions,BEA_SAGDP1,https://apps.bea.gov/regional/zip/SAGDP.zip
Vermont,2001,19467.1,31797,current USD millions,BEA_SAGDP1,https://apps.bea.gov/regional/zip/SAGDP.zip
Vermont,2002,20383.5,33120,current USD millions,BEA_SAGDP1,https://apps.bea.gov/regional/zip/SAGDP.zip
Vermont,2003,21398.5,34633,current USD millions,BEA_SAGDP1,https://apps.bea.gov/regional/zip/SAGDP.zip
Vermont,2004,22986.3,37079,current USD millions,BEA_SAGDP1,https://apps.bea.gov/regional/zip/SAGDP.zip
Vermont,2005,23763.0,38252,current USD millions,BEA_SAGDP1,https://apps.bea.gov/regional/zip/SAGDP.zip
Vermont,2006,24507.1,39344,current USD millions,BEA_SAGDP1,https://apps.bea.gov/regional/zip/SAGDP.zip
Vermont,2007,25025.2,40138,current USD millions,BEA_SAGDP1,https://apps.bea.gov/regional/zip/SAGDP.zip
Vermont,2008,26140.4,41882,current USD millions,BEA_SAGDP1,https://apps.bea.gov/regional/zip/SAGDP.zip
Vermont,2009,26220.0,41964,current USD millions,BEA_SAGDP1,https://apps.bea.gov/regional/zip/SAGDP.zip
Vermont,2010,27478.3,43869,current USD millions,BEA_SAGDP1,https://apps.bea.gov/regional/zip/SAGDP.zip
Vermont,2011,28558.5,45360,current USD millions,BEA_SAGDP1,https://apps.bea.gov/regional/zip/SAGDP.zip
Vermont,2012,29325.6,46497,current USD millions,BEA_SAGDP1,https://apps.bea.gov/regional/zip/SAGDP.zip
Vermont,2013,29477.6,46578,current USD millions,BEA_SAGDP1,https://apps.bea.gov/regional/zip/SAGDP.zip
Vermont,2014,30359.4,47895,current USD millions,BEA_SAGDP1,https://apps.bea.gov/regional/zip/SAGDP.zip
Vermont,2015,31152.4,48989,current USD millions,BEA_SAGDP1,https://apps.bea.gov/regional/zip/SAGDP.zip
Vermont,2016,31840.2,50032,current USD millions,BEA_SAGDP1,https://apps.bea.gov/regional/zip/SAGDP.zip
Vermont,2017,32589.2,50993,current USD millions,BEA_SAGDP1,https://apps.bea.gov/regional/zip/SAGDP.zip
Vermont,2018,33482.6,52261,current USD millions,BEA_SAGDP1,https://apps.bea.gov/regional/zip/SAGDP.zip
Vermont,2019,34760.3,54157,current USD millions,BEA_SAGDP1,https://apps.bea.gov/regional/zip/SAGDP.zip
Vermont,2020,34572.3,53770,current USD millions,BEA_SAGDP1,https://apps.bea.gov/regional/zip/SAGDP.zip
Vermont,2021,37290.8,57615,current USD millions,BEA_SAGDP1,https://apps.bea.gov/regional/zip/SAGDP.zip
Vermont,2022,41211.2,63635,current USD millions,BEA_SAGDP1,https://apps.bea.gov/regional/zip/SAGDP.zip
Vermont,2023,43931.6,67825,current USD millions,BEA_SAGDP1,https://apps.bea.gov/regional/zip/SAGDP.zip
Vermont,2024,46276.1,71577,current USD millions,BEA_SAGDP1,https://apps.bea.gov/regional/zip/SAGDP.zip
Vermont,2025,48350.3,75001,current USD millions,BEA_SAGDP1,https://apps.bea.gov/regional/zip/SAGDP.zip
Virginia,1997,215419.2,31544,current USD millions,BEA_SAGDP1,https://apps.bea.gov/regional/zip/SAGDP.zip
Virginia,1998,232569.9,33701,current USD millions,BEA_SAGDP1,https://apps.bea.gov/regional/zip/SAGDP.zip
Virginia,1999,250171.3,35738,current USD millions,BEA_SAGDP1,https://apps.bea.gov/regional/zip/SAGDP.zip
Virginia,2000,268608.7,37801,current USD millions,BEA_SAGDP1,https://apps.bea.gov/regional/zip/SAGDP.zip
Virginia,2001,285663.4,39685,current USD millions,BEA_SAGDP1,https://apps.bea.gov/regional/zip/SAGDP.zip
Virginia,2002,294929.1,40474,current USD millions,BEA_SAGDP1,https://apps.bea.gov/regional/zip/SAGDP.zip
Virginia,2003,311093.1,42228,current USD millions,BEA_SAGDP1,https://apps.bea.gov/regional/zip/SAGDP.zip
Virginia,2004,331815.8,44387,current USD millions,BEA_SAGDP1,https://apps.bea.gov/regional/zip/SAGDP.zip
Virginia,2005,357427.0,47172,current USD millions,BEA_SAGDP1,https://apps.bea.gov/regional/zip/SAGDP.zip
Virginia,2006,376429.4,49054,current USD millions,BEA_SAGDP1,https://apps.bea.gov/regional/zip/SAGDP.zip
Virginia,2007,391595.5,50522,current USD millions,BEA_SAGDP1,https://apps.bea.gov/regional/zip/SAGDP.zip
Virginia,2008,402157.8,51338,current USD millions,BEA_SAGDP1,https://apps.bea.gov/regional/zip/SAGDP.zip
Virginia,2009,409935.3,51721,current USD millions,BEA_SAGDP1,https://apps.bea.gov/regional/zip/SAGDP.zip
Virginia,2010,425490.8,53020,current USD millions,BEA_SAGDP1,https://apps.bea.gov/regional/zip/SAGDP.zip
Virginia,2011,433683.7,53489,current USD millions,BEA_SAGDP1,https://apps.bea.gov/regional/zip/SAGDP.zip
Virginia,2012,445008.5,54287,current USD millions,BEA_SAGDP1,https://apps.bea.gov/regional/zip/SAGDP.zip
Virginia,2013,456911.6,55248,current USD millions,BEA_SAGDP1,https://apps.bea.gov/regional/zip/SAGDP.zip
Virginia,2014,465601.7,55866,current USD millions,BEA_SAGDP1,https://apps.bea.gov/regional/zip/SAGDP.zip
Virginia,2015,485540.9,57868,current USD millions,BEA_SAGDP1,https://apps.bea.gov/regional/zip/SAGDP.zip
Virginia,2016,499032.4,59090,current USD millions,BEA_SAGDP1,https://apps.bea.gov/regional/zip/SAGDP.zip
Virginia,2017,515167.2,60586,current USD millions,BEA_SAGDP1,https://apps.bea.gov/regional/zip/SAGDP.zip
Virginia,2018,537158.3,62845,current USD millions,BEA_SAGDP1,https://apps.bea.gov/regional/zip/SAGDP.zip
Virginia,2019,561701.8,65333,current USD millions,BEA_SAGDP1,https://apps.bea.gov/regional/zip/SAGDP.zip
Virginia,2020,566101.5,65541,current USD millions,BEA_SAGDP1,https://apps.bea.gov/regional/zip/SAGDP.zip
Virginia,2021,616187.9,71153,current USD millions,BEA_SAGDP1,https://apps.bea.gov/regional/zip/SAGDP.zip
Virginia,2022,665624.7,76676,current USD millions,BEA_SAGDP1,https://apps.bea.gov/regional/zip/SAGDP.zip
Virginia,2023,722767.4,82772,current USD millions,BEA_SAGDP1,https://apps.bea.gov/regional/zip/SAGDP.zip
Virginia,2024,761733.8,86368,current USD millions,BEA_SAGDP1,https://apps.bea.gov/regional/zip/SAGDP.zip
Virginia,2025,798447.9,89914,current USD millions,BEA_SAGDP1,https://apps.bea.gov/regional/zip/SAGDP.zip
Washington,1997,193769.5,34146,current USD millions,BEA_SAGDP1,https://apps.bea.gov/regional/zip/SAGDP.zip
Washington,1998,209222.5,36263,current USD millions,BEA_SAGDP1,https://apps.bea.gov/regional/zip/SAGDP.zip
Washington,1999,229678.9,39311,current USD millions,BEA_SAGDP1,https://apps.bea.gov/regional/zip/SAGDP.zip
Washington,2000,237594.0,40199,current USD millions,BEA_SAGDP1,https://apps.bea.gov/regional/zip/SAGDP.zip
Washington,2001,237978.2,39758,current USD millions,BEA_SAGDP1,https://apps.bea.gov/regional/zip/SAGDP.zip
Washington,2002,245629.8,40584,current USD millions,BEA_SAGDP1,https://apps.bea.gov/regional/zip/SAGDP.zip
Washington,2003,254720.2,41729,current USD millions,BEA_SAGDP1,https://apps.bea.gov/regional/zip/SAGDP.zip
Washington,2004,267423.9,43282,current USD millions,BEA_SAGDP1,https://apps.bea.gov/regional/zip/SAGDP.zip
Washington,2005,293402.0,46890,current USD millions,BEA_SAGDP1,https://apps.bea.gov/regional/zip/SAGDP.zip
Washington,2006,314190.8,49318,current USD millions,BEA_SAGDP1,https://apps.bea.gov/regional/zip/SAGDP.zip
Washington,2007,341712.3,52884,current USD millions,BEA_SAGDP1,https://apps.bea.gov/regional/zip/SAGDP.zip
Washington,2008,352460.7,53710,current USD millions,BEA_SAGDP1,https://apps.bea.gov/regional/zip/SAGDP.zip
Washington,2009,349945.4,52486,current USD millions,BEA_SAGDP1,https://apps.bea.gov/regional/zip/SAGDP.zip
Washington,2010,363544.2,53909,current USD millions,BEA_SAGDP1,https://apps.bea.gov/regional/zip/SAGDP.zip
Washington,2011,377518.8,55267,current USD millions,BEA_SAGDP1,https://apps.bea.gov/regional/zip/SAGDP.zip
Washington,2012,398358.5,57694,current USD millions,BEA_SAGDP1,https://apps.bea.gov/regional/zip/SAGDP.zip
Washington,2013,416924.1,59774,current USD millions,BEA_SAGDP1,https://apps.bea.gov/regional/zip/SAGDP.zip
Washington,2014,439851.2,62223,current USD millions,BEA_SAGDP1,https://apps.bea.gov/regional/zip/SAGDP.zip
Washington,2015,467590.6,65111,current USD millions,BEA_SAGDP1,https://apps.bea.gov/regional/zip/SAGDP.zip
Washington,2016,489790.2,66941,current USD millions,BEA_SAGDP1,https://apps.bea.gov/regional/zip/SAGDP.zip
Washington,2017,527169.4,70785,current USD millions,BEA_SAGDP1,https://apps.bea.gov/regional/zip/SAGDP.zip
Washington,2018,570337.8,75551,current USD millions,BEA_SAGDP1,https://apps.bea.gov/regional/zip/SAGDP.zip
Washington,2019,608643.4,79677,current USD millions,BEA_SAGDP1,https://apps.bea.gov/regional/zip/SAGDP.zip
Washington,2020,617739.1,79947,current USD millions,BEA_SAGDP1,https://apps.bea.gov/regional/zip/SAGDP.zip
Washington,2021,683367.0,88241,current USD millions,BEA_SAGDP1,https://apps.bea.gov/regional/zip/SAGDP.zip
Washington,2022,741002.8,95161,current USD millions,BEA_SAGDP1,https://apps.bea.gov/regional/zip/SAGDP.zip
Washington,2023,801455.5,102244,current USD millions,BEA_SAGDP1,https://apps.bea.gov/regional/zip/SAGDP.zip
Washington,2024,856013.6,107974,current USD millions,BEA_SAGDP1,https://apps.bea.gov/regional/zip/SAGDP.zip
Washington,2025,894990.1,111860,current USD millions,BEA_SAGDP1,https://apps.bea.gov/regional/zip/SAGDP.zip
West Virginia,1997,38781.2,21319,current USD millions,BEA_SAGDP1,https://apps.bea.gov/regional/zip/SAGDP.zip
West Virginia,1998,40258.9,22174,current USD millions,BEA_SAGDP1,https://apps.bea.gov/regional/zip/SAGDP.zip
West Virginia,1999,41942.2,23149,current USD millions,BEA_SAGDP1,https://apps.bea.gov/regional/zip/SAGDP.zip
West Virginia,2000,42620.7,23586,current USD millions,BEA_SAGDP1,https://apps.bea.gov/regional/zip/SAGDP.zip
West Virginia,2001,44105.1,24483,current USD millions,BEA_SAGDP1,https://apps.bea.gov/regional/zip/SAGDP.zip
West Virginia,2002,45627.4,25273,current USD millions,BEA_SAGDP1,https://apps.bea.gov/regional/zip/SAGDP.zip
West Virginia,2003,47230.4,26061,current USD millions,BEA_SAGDP1,https://apps.bea.gov/regional/zip/SAGDP.zip
West Virginia,2004,49865.9,27453,current USD millions,BEA_SAGDP1,https://apps.bea.gov/regional/zip/SAGDP.zip
West Virginia,2005,53814.3,29560,current USD millions,BEA_SAGDP1,https://apps.bea.gov/regional/zip/SAGDP.zip
West Virginia,2006,57204.1,31295,current USD millions,BEA_SAGDP1,https://apps.bea.gov/regional/zip/SAGDP.zip
West Virginia,2007,59480.4,32431,current USD millions,BEA_SAGDP1,https://apps.bea.gov/regional/zip/SAGDP.zip
West Virginia,2008,62978.7,34222,current USD millions,BEA_SAGDP1,https://apps.bea.gov/regional/zip/SAGDP.zip
West Virginia,2009,64040.1,34658,current USD millions,BEA_SAGDP1,https://apps.bea.gov/regional/zip/SAGDP.zip
West Virginia,2010,66160.4,35677,current USD millions,BEA_SAGDP1,https://apps.bea.gov/regional/zip/SAGDP.zip
West Virginia,2011,69367.6,37349,current USD millions,BEA_SAGDP1,https://apps.bea.gov/regional/zip/SAGDP.zip
West Virginia,2012,70303.1,37824,current USD millions,BEA_SAGDP1,https://apps.bea.gov/regional/zip/SAGDP.zip
West Virginia,2013,71758.6,38651,current USD millions,BEA_SAGDP1,https://apps.bea.gov/regional/zip/SAGDP.zip
West Virginia,2014,73042.6,39420,current USD millions,BEA_SAGDP1,https://apps.bea.gov/regional/zip/SAGDP.zip
West Virginia,2015,71713.4,38842,current USD millions,BEA_SAGDP1,https://apps.bea.gov/regional/zip/SAGDP.zip
West Virginia,2016,71248.9,38808,current USD millions,BEA_SAGDP1,https://apps.bea.gov/regional/zip/SAGDP.zip
West Virginia,2017,75172.4,41241,current USD millions,BEA_SAGDP1,https://apps.bea.gov/regional/zip/SAGDP.zip
West Virginia,2018,79794.3,44071,current USD millions,BEA_SAGDP1,https://apps.bea.gov/regional/zip/SAGDP.zip
West Virginia,2019,80242.4,44568,current USD millions,BEA_SAGDP1,https://apps.bea.gov/regional/zip/SAGDP.zip
West Virginia,2020,77536.5,43276,current USD millions,BEA_SAGDP1,https://apps.bea.gov/regional/zip/SAGDP.zip
West Virginia,2021,87178.8,48814,current USD millions,BEA_SAGDP1,https://apps.bea.gov/regional/zip/SAGDP.zip
West Virginia,2022,98824.1,55707,current USD millions,BEA_SAGDP1,https://apps.bea.gov/regional/zip/SAGDP.zip
West Virginia,2023,101479.9,57332,current USD millions,BEA_SAGDP1,https://apps.bea.gov/regional/zip/SAGDP.zip
West Virginia,2024,106475.1,60244,current USD millions,BEA_SAGDP1,https://apps.bea.gov/regional/zip/SAGDP.zip
West Virginia,2025,109276.6,61873,current USD millions,BEA_SAGDP1,https://apps.bea.gov/regional/zip/SAGDP.zip
Wisconsin,1997,153536.2,29155,current USD millions,BEA_SAGDP1,https://apps.bea.gov/regional/zip/SAGDP.zip
Wisconsin,1998,163021.5,30772,current USD millions,BEA_SAGDP1,https://apps.bea.gov/regional/zip/SAGDP.zip
Wisconsin,1999,172928.5,32428,current USD millions,BEA_SAGDP1,https://apps.bea.gov/regional/zip/SAGDP.zip
Wisconsin,2000,180883.1,33659,current USD millions,BEA_SAGDP1,https://apps.bea.gov/regional/zip/SAGDP.zip
Wisconsin,2001,188662.8,34893,current USD millions,BEA_SAGDP1,https://apps.bea.gov/regional/zip/SAGDP.zip
Wisconsin,2002,195541.5,35911,current USD millions,BEA_SAGDP1,https://apps.bea.gov/regional/zip/SAGDP.zip
Wisconsin,2003,203814.0,37198,current USD millions,BEA_SAGDP1,https://apps.bea.gov/regional/zip/SAGDP.zip
Wisconsin,2004,216370.4,39240,current USD millions,BEA_SAGDP1,https://apps.bea.gov/regional/zip/SAGDP.zip
Wisconsin,2005,226937.5,40918,current USD millions,BEA_SAGDP1,https://apps.bea.gov/regional/zip/SAGDP.zip
Wisconsin,2006,237571.9,42594,current USD millions,BEA_SAGDP1,https://apps.bea.gov/regional/zip/SAGDP.zip
Wisconsin,2007,245837.7,43815,current USD millions,BEA_SAGDP1,https://apps.bea.gov/regional/zip/SAGDP.zip
Wisconsin,2008,246493.0,43697,current USD millions,BEA_SAGDP1,https://apps.bea.gov/regional/zip/SAGDP.zip
Wisconsin,2009,246323.8,43449,current USD millions,BEA_SAGDP1,https://apps.bea.gov/regional/zip/SAGDP.zip
Wisconsin,2010,256159.5,45003,current USD millions,BEA_SAGDP1,https://apps.bea.gov/regional/zip/SAGDP.zip
Wisconsin,2011,265444.0,46460,current USD millions,BEA_SAGDP1,https://apps.bea.gov/regional/zip/SAGDP.zip
Wisconsin,2012,276253.4,48175,current USD millions,BEA_SAGDP1,https://apps.bea.gov/regional/zip/SAGDP.zip
Wisconsin,2013,283791.4,49290,current USD millions,BEA_SAGDP1,https://apps.bea.gov/regional/zip/SAGDP.zip
Wisconsin,2014,296169.9,51251,current USD millions,BEA_SAGDP1,https://apps.bea.gov/regional/zip/SAGDP.zip
Wisconsin,2015,308304.5,53206,current USD millions,BEA_SAGDP1,https://apps.bea.gov/regional/zip/SAGDP.zip
Wisconsin,2016,315420.0,54263,current USD millions,BEA_SAGDP1,https://apps.bea.gov/regional/zip/SAGDP.zip
Wisconsin,2017,321886.8,55148,current USD millions,BEA_SAGDP1,https://apps.bea.gov/regional/zip/SAGDP.zip
Wisconsin,2018,335144.3,57202,current USD millions,BEA_SAGDP1,https://apps.bea.gov/regional/zip/SAGDP.zip
Wisconsin,2019,346906.6,58995,current USD millions,BEA_SAGDP1,https://apps.bea.gov/regional/zip/SAGDP.zip
Wisconsin,2020,344691.0,58448,current USD millions,BEA_SAGDP1,https://apps.bea.gov/regional/zip/SAGDP.zip
Wisconsin,2021,368997.3,62732,current USD millions,BEA_SAGDP1,https://apps.bea.gov/regional/zip/SAGDP.zip
Wisconsin,2022,403570.3,68362,current USD millions,BEA_SAGDP1,https://apps.bea.gov/regional/zip/SAGDP.zip
Wisconsin,2023,431913.9,72831,current USD millions,BEA_SAGDP1,https://apps.bea.gov/regional/zip/SAGDP.zip
Wisconsin,2024,453298.6,76093,current USD millions,BEA_SAGDP1,https://apps.bea.gov/regional/zip/SAGDP.zip
Wisconsin,2025,473037.4,79199,current USD millions,BEA_SAGDP1,https://apps.bea.gov/regional/zip/SAGDP.zip
Wyoming,1997,14673.0,29978,current USD millions,BEA_SAGDP1,https://apps.bea.gov/regional/zip/SAGDP.zip
Wyoming,1998,14833.2,30223,current USD millions,BEA_SAGDP1,https://apps.bea.gov/regional/zip/SAGDP.zip
Wyoming,1999,15685.7,31896,current USD millions,BEA_SAGDP1,https://apps.bea.gov/regional/zip/SAGDP.zip
Wyoming,2000,17153.7,34703,current USD millions,BEA_SAGDP1,https://apps.bea.gov/regional/zip/SAGDP.zip
Wyoming,2001,18741.7,37888,current USD millions,BEA_SAGDP1,https://apps.bea.gov/regional/zip/SAGDP.zip
Wyoming,2002,19160.8,38320,current USD millions,BEA_SAGDP1,https://apps.bea.gov/regional/zip/SAGDP.zip
Wyoming,2003,21199.0,42107,current USD millions,BEA_SAGDP1,https://apps.bea.gov/regional/zip/SAGDP.zip
Wyoming,2004,23418.1,45998,current USD millions,BEA_SAGDP1,https://apps.bea.gov/regional/zip/SAGDP.zip
Wyoming,2005,27530.2,53544,current USD millions,BEA_SAGDP1,https://apps.bea.gov/regional/zip/SAGDP.zip
Wyoming,2006,32692.2,62549,current USD millions,BEA_SAGDP1,https://apps.bea.gov/regional/zip/SAGDP.zip
Wyoming,2007,36912.8,69012,current USD millions,BEA_SAGDP1,https://apps.bea.gov/regional/zip/SAGDP.zip
Wyoming,2008,42694.6,78189,current USD millions,BEA_SAGDP1,https://apps.bea.gov/regional/zip/SAGDP.zip
Wyoming,2009,36282.2,64807,current USD millions,BEA_SAGDP1,https://apps.bea.gov/regional/zip/SAGDP.zip
Wyoming,2010,37567.5,66562,current USD millions,BEA_SAGDP1,https://apps.bea.gov/regional/zip/SAGDP.zip
Wyoming,2011,39615.1,69887,current USD millions,BEA_SAGDP1,https://apps.bea.gov/regional/zip/SAGDP.zip
Wyoming,2012,38679.3,67211,current USD millions,BEA_SAGDP1,https://apps.bea.gov/regional/zip/SAGDP.zip
Wyoming,2013,39365.6,67762,current USD millions,BEA_SAGDP1,https://apps.bea.gov/regional/zip/SAGDP.zip
Wyoming,2014,40573.9,69840,current USD millions,BEA_SAGDP1,https://apps.bea.gov/regional/zip/SAGDP.zip
Wyoming,2015,38624.8,66176,current USD millions,BEA_SAGDP1,https://apps.bea.gov/regional/zip/SAGDP.zip
Wyoming,2016,36105.9,62037,current USD millions,BEA_SAGDP1,https://apps.bea.gov/regional/zip/SAGDP.zip
Wyoming,2017,37620.3,65286,current USD millions,BEA_SAGDP1,https://apps.bea.gov/regional/zip/SAGDP.zip
Wyoming,2018,39614.5,68921,current USD millions,BEA_SAGDP1,https://apps.bea.gov/regional/zip/SAGDP.zip
Wyoming,2019,40029.5,69577,current USD millions,BEA_SAGDP1,https://apps.bea.gov/regional/zip/SAGDP.zip
Wyoming,2020,36982.7,64021,current USD millions,BEA_SAGDP1,https://apps.bea.gov/regional/zip/SAGDP.zip
Wyoming,2021,42410.6,73164,current USD millions,BEA_SAGDP1,https://apps.bea.gov/regional/zip/SAGDP.zip
Wyoming,2022,49570.4,85210,current USD millions,BEA_SAGDP1,https://apps.bea.gov/regional/zip/SAGDP.zip
Wyoming,2023,51350.1,87828,current USD millions,BEA_SAGDP1,https://apps.bea.gov/regional/zip/SAGDP.zip
Wyoming,2024,51498.1,87773,current USD millions,BEA_SAGDP1,https://apps.bea.gov/regional/zip/SAGDP.zip
Wyoming,2025,52622.3,89379,current USD millions,BEA_SAGDP1,https://apps.bea.gov/regional/zip/SAGDP.zip
Alabama,1840,31.0,53,current USD millions,Easterlin_IncOrig_1840_1900,https://www.nber.org/system/files/chapters/c2475/c2475.pdf
Alabama,1880,71.0,56,current USD millions,Easterlin_IncOrig_1840_1900,https://www.nber.org/system/files/chapters/c2475/c2475.pdf
Alabama,1900,114.0,62,current USD millions,Easterlin_IncOrig_1840_1900,https://www.nber.org/system/files/chapters/c2475/c2475.pdf
Arizona,1880,10.0,237,current USD millions,Easterlin_IncOrig_1840_1900,https://www.nber.org/system/files/chapters/c2475/c2475.pdf
Arizona,1900,25.0,200,current USD millions,Easterlin_IncOrig_1840_1900,https://www.nber.org/system/files/chapters/c2475/c2475.pdf
Arkansas,1840,7.0,68,current USD millions,Easterlin_IncOrig_1840_1900,https://www.nber.org/system/files/chapters/c2475/c2475.pdf
Arkansas,1880,50.0,62,current USD millions,Easterlin_IncOrig_1840_1900,https://www.nber.org/system/files/chapters/c2475/c2475.pdf
Arkansas,1900,83.0,63,current USD millions,Easterlin_IncOrig_1840_1900,https://www.nber.org/system/files/chapters/c2475/c2475.pdf
California,1880,168.0,194,current USD millions,Easterlin_IncOrig_1840_1900,https://www.nber.org/system/files/chapters/c2475/c2475.pdf
California,1900,269.0,181,current USD millions,Easterlin_IncOrig_1840_1900,https://www.nber.org/system/files/chapters/c2475/c2475.pdf
Colorado,1880,43.0,221,current USD millions,Easterlin_IncOrig_1840_1900,https://www.nber.org/system/files/chapters/c2475/c2475.pdf
Colorado,1900,94.0,175,current USD millions,Easterlin_IncOrig_1840_1900,https://www.nber.org/system/files/chapters/c2475/c2475.pdf
Connecticut,1840,28.0,91,current USD millions,Easterlin_IncOrig_1840_1900,https://www.nber.org/system/files/chapters/c2475/c2475.pdf
Connecticut,1880,91.0,146,current USD millions,Easterlin_IncOrig_1840_1900,https://www.nber.org/system/files/chapters/c2475/c2475.pdf
Connecticut,1900,142.0,156,current USD millions,Easterlin_IncOrig_1840_1900,https://www.nber.org/system/files/chapters/c2475/c2475.pdf
Dakota Territory,1880,14.0,105,current USD millions,Easterlin_IncOrig_1840_1900,https://www.nber.org/system/files/chapters/c2475/c2475.pdf
Dakota Territory,1900,100.0,139,current USD millions,Easterlin_IncOrig_1840_1900,https://www.nber.org/system/files/chapters/c2475/c2475.pdf
Delaware,1840,5.0,68,current USD millions,Easterlin_IncOrig_1840_1900,https://www.nber.org/system/files/chapters/c2475/c2475.pdf
Delaware,1880,16.0,108,current USD millions,Easterlin_IncOrig_1840_1900,https://www.nber.org/system/files/chapters/c2475/c2475.pdf
Delaware,1900,23.0,125,current USD millions,Easterlin_IncOrig_1840_1900,https://www.nber.org/system/files/chapters/c2475/c2475.pdf
Florida,1840,4.0,69,current USD millions,Easterlin_IncOrig_1840_1900,https://www.nber.org/system/files/chapters/c2475/c2475.pdf
Florida,1880,13.0,48,current USD millions,Easterlin_IncOrig_1840_1900,https://www.nber.org/system/files/chapters/c2475/c2475.pdf
Florida,1900,35.0,67,current USD millions,Easterlin_IncOrig_1840_1900,https://www.nber.org/system/files/chapters/c2475/c2475.pdf
Georgia,1840,39.0,57,current USD millions,Easterlin_IncOrig_1840_1900,https://www.nber.org/system/files/chapters/c2475/c2475.pdf
Georgia,1880,87.0,56,current USD millions,Easterlin_IncOrig_1840_1900,https://www.nber.org/system/files/chapters/c2475/c2475.pdf
Georgia,1900,125.0,56,current USD millions,Easterlin_IncOrig_1840_1900,https://www.nber.org/system/files/chapters/c2475/c2475.pdf
Idaho,1880,8.0,230,current USD millions,Easterlin_IncOrig_1840_1900,https://www.nber.org/system/files/chapters/c2475/c2475.pdf
Idaho,1900,28.0,173,current USD millions,Easterlin_IncOrig_1840_1900,https://www.nber.org/system/files/chapters/c2475/c2475.pdf
Illinois,1840,22.0,47,current USD millions,Easterlin_IncOrig_1840_1900,https://www.nber.org/system/files/chapters/c2475/c2475.pdf
Illinois,1880,349.0,113,current USD millions,Easterlin_IncOrig_1840_1900,https://www.nber.org/system/files/chapters/c2475/c2475.pdf
Illinois,1900,646.0,134,current USD millions,Easterlin_IncOrig_1840_1900,https://www.nber.org/system/files/chapters/c2475/c2475.pdf
Indiana,1840,28.0,41,current USD millions,Easterlin_IncOrig_1840_1900,https://www.nber.org/system/files/chapters/c2475/c2475.pdf
Indiana,1880,184.0,93,current USD millions,Easterlin_IncOrig_1840_1900,https://www.nber.org/system/files/chapters/c2475/c2475.pdf
Indiana,1900,278.0,111,current USD millions,Easterlin_IncOrig_1840_1900,https://www.nber.org/system/files/chapters/c2475/c2475.pdf
Iowa,1840,2.0,38,current USD millions,Easterlin_IncOrig_1840_1900,https://www.nber.org/system/files/chapters/c2475/c2475.pdf
Iowa,1880,171.0,105,current USD millions,Easterlin_IncOrig_1840_1900,https://www.nber.org/system/files/chapters/c2475/c2475.pdf
Iowa,1900,307.0,138,current USD millions,Easterlin_IncOrig_1840_1900,https://www.nber.org/system/files/chapters/c2475/c2475.pdf
Kansas,1880,73.0,73,current USD millions,Easterlin_IncOrig_1840_1900,https://www.nber.org/system/files/chapters/c2475/c2475.pdf
Kansas,1900,180.0,122,current USD millions,Easterlin_IncOrig_1840_1900,https://www.nber.org/system/files/chapters/c2475/c2475.pdf
Kentucky,1840,40.0,52,current USD millions,Easterlin_IncOrig_1840_1900,https://www.nber.org/system/files/chapters/c2475/c2475.pdf
Kentucky,1880,95.0,58,current USD millions,Easterlin_IncOrig_1840_1900,https://www.nber.org/system/files/chapters/c2475/c2475.pdf
Kentucky,1900,148.0,69,current USD millions,Easterlin_IncOrig_1840_1900,https://www.nber.org/system/files/chapters/c2475/c2475.pdf
Louisiana,1840,40.0,113,current USD millions,Easterlin_IncOrig_1840_1900,https://www.nber.org/system/files/chapters/c2475/c2475.pdf
Louisiana,1880,65.0,69,current USD millions,Easterlin_IncOrig_1840_1900,https://www.nber.org/system/files/chapters/c2475/c2475.pdf
Louisiana,1900,101.0,73,current USD millions,Easterlin_IncOrig_1840_1900,https://www.nber.org/system/files/chapters/c2475/c2475.pdf
Maine,1840,29.0,57,current USD millions,Easterlin_IncOrig_1840_1900,https://www.nber.org/system/files/chapters/c2475/c2475.pdf
Maine,1880,57.0,88,current USD millions,Easterlin_IncOrig_1840_1900,https://www.nber.org/system/files/chapters/c2475/c2475.pdf
Maine,1900,78.0,112,current USD millions,Easterlin_IncOrig_1840_1900,https://www.nber.org/system/files/chapters/c2475/c2475.pdf
Maryland,1840,30.0,63,current USD millions,Easterlin_IncOrig_1840_1900,https://www.nber.org/system/files/chapters/c2475/c2475.pdf
Maryland,1880,80.0,86,current USD millions,Easterlin_IncOrig_1840_1900,https://www.nber.org/system/files/chapters/c2475/c2475.pdf
Maryland,1900,119.0,100,current USD millions,Easterlin_IncOrig_1840_1900,https://www.nber.org/system/files/chapters/c2475/c2475.pdf
Massachusetts,1840,79.0,107,current USD millions,Easterlin_IncOrig_1840_1900,https://www.nber.org/system/files/chapters/c2475/c2475.pdf
Massachusetts,1880,254.0,143,current USD millions,Easterlin_IncOrig_1840_1900,https://www.nber.org/system/files/chapters/c2475/c2475.pdf
Massachusetts,1900,436.0,156,current USD millions,Easterlin_IncOrig_1840_1900,https://www.nber.org/system/files/chapters/c2475/c2475.pdf
Michigan,1840,9.0,44,current USD millions,Easterlin_IncOrig_1840_1900,https://www.nber.org/system/files/chapters/c2475/c2475.pdf
Michigan,1880,173.0,106,current USD millions,Easterlin_IncOrig_1840_1900,https://www.nber.org/system/files/chapters/c2475/c2475.pdf
Michigan,1900,260.0,107,current USD millions,Easterlin_IncOrig_1840_1900,https://www.nber.org/system/files/chapters/c2475/c2475.pdf
Minnesota,1880,76.0,97,current USD millions,Easterlin_IncOrig_1840_1900,https://www.nber.org/system/files/chapters/c2475/c2475.pdf
Minnesota,1900,208.0,119,current USD millions,Easterlin_IncOrig_1840_1900,https://www.nber.org/system/files/chapters/c2475/c2475.pdf
Mississippi,1840,31.0,84,current USD millions,Easterlin_IncOrig_1840_1900,https://www.nber.org/system/files/chapters/c2475/c2475.pdf
Mississippi,1880,72.0,64,current USD millions,Easterlin_IncOrig_1840_1900,https://www.nber.org/system/files/chapters/c2475/c2475.pdf
Mississippi,1900,97.0,62,current USD millions,Easterlin_IncOrig_1840_1900,https://www.nber.org/system/files/chapters/c2475/c2475.pdf
Missouri,1840,20.0,53,current USD millions,Easterlin_IncOrig_1840_1900,https://www.nber.org/system/files/chapters/c2475/c2475.pdf
Missouri,1880,177.0,82,current USD millions,Easterlin_IncOrig_1840_1900,https://www.nber.org/system/files/chapters/c2475/c2475.pdf
Missouri,1900,308.0,99,current USD millions,Easterlin_IncOrig_1840_1900,https://www.nber.org/system/files/chapters/c2475/c2475.pdf
Montana,1880,9.0,240,current USD millions,Easterlin_IncOrig_1840_1900,https://www.nber.org/system/files/chapters/c2475/c2475.pdf
Montana,1900,66.0,271,current USD millions,Easterlin_IncOrig_1840_1900,https://www.nber.org/system/files/chapters/c2475/c2475.pdf
Nebraska,1880,42.0,93,current USD millions,Easterlin_IncOrig_1840_1900,https://www.nber.org/system/files/chapters/c2475/c2475.pdf
Nebraska,1900,143.0,134,current USD millions,Easterlin_IncOrig_1840_1900,https://www.nber.org/system/files/chapters/c2475/c2475.pdf
Nevada,1880,20.0,318,current USD millions,Easterlin_IncOrig_1840_1900,https://www.nber.org/system/files/chapters/c2475/c2475.pdf
Nevada,1900,12.0,281,current USD millions,Easterlin_IncOrig_1840_1900,https://www.nber.org/system/files/chapters/c2475/c2475.pdf
New Hampshire,1840,18.0,64,current USD millions,Easterlin_IncOrig_1840_1900,https://www.nber.org/system/files/chapters/c2475/c2475.pdf
New Hampshire,1880,41.0,118,current USD millions,Easterlin_IncOrig_1840_1900,https://www.nber.org/system/files/chapters/c2475/c2475.pdf
New Hampshire,1900,57.0,138,current USD millions,Easterlin_IncOrig_1840_1900,https://www.nber.org/system/files/chapters/c2475/c2475.pdf
New Jersey,1840,31.0,83,current USD millions,Easterlin_IncOrig_1840_1900,https://www.nber.org/system/files/chapters/c2475/c2475.pdf
New Jersey,1880,141.0,124,current USD millions,Easterlin_IncOrig_1840_1900,https://www.nber.org/system/files/chapters/c2475/c2475.pdf
New Jersey,1900,268.0,142,current USD millions,Easterlin_IncOrig_1840_1900,https://www.nber.org/system/files/chapters/c2475/c2475.pdf
New Mexico,1880,7.0,59,current USD millions,Easterlin_IncOrig_1840_1900,https://www.nber.org/system/files/chapters/c2475/c2475.pdf
New Mexico,1900,20.0,103,current USD millions,Easterlin_IncOrig_1840_1900,https://www.nber.org/system/files/chapters/c2475/c2475.pdf
New York,1840,194.0,80,current USD millions,Easterlin_IncOrig_1840_1900,https://www.nber.org/system/files/chapters/c2475/c2475.pdf
New York,1880,622.0,122,current USD millions,Easterlin_IncOrig_1840_1900,https://www.nber.org/system/files/chapters/c2475/c2475.pdf
New York,1900,1029.0,142,current USD millions,Easterlin_IncOrig_1840_1900,https://www.nber.org/system/files/chapters/c2475/c2475.pdf
North Carolina,1840,38.0,51,current USD millions,Easterlin_IncOrig_1840_1900,https://www.nber.org/system/files/chapters/c2475/c2475.pdf
North Carolina,1880,65.0,46,current USD millions,Easterlin_IncOrig_1840_1900,https://www.nber.org/system/files/chapters/c2475/c2475.pdf
North Carolina,1900,102.0,54,current USD millions,Easterlin_IncOrig_1840_1900,https://www.nber.org/system/files/chapters/c2475/c2475.pdf
Ohio,1840,73.0,48,current USD millions,Easterlin_IncOrig_1840_1900,https://www.nber.org/system/files/chapters/c2475/c2475.pdf
Ohio,1880,312.0,98,current USD millions,Easterlin_IncOrig_1840_1900,https://www.nber.org/system/files/chapters/c2475/c2475.pdf
Ohio,1900,516.0,124,current USD millions,Easterlin_IncOrig_1840_1900,https://www.nber.org/system/files/chapters/c2475/c2475.pdf
Oklahoma,1900,65.0,82,current USD millions,Easterlin_IncOrig_1840_1900,https://www.nber.org/system/files/chapters/c2475/c2475.pdf
Oregon,1880,25.0,143,current USD millions,Easterlin_IncOrig_1840_1900,https://www.nber.org/system/files/chapters/c2475/c2475.pdf
Oregon,1900,62.0,150,current USD millions,Easterlin_IncOrig_1840_1900,https://www.nber.org/system/files/chapters/c2475/c2475.pdf
Pennsylvania,1840,130.0,75,current USD millions,Easterlin_IncOrig_1840_1900,https://www.nber.org/system/files/chapters/c2475/c2475.pdf
Pennsylvania,1880,490.0,114,current USD millions,Easterlin_IncOrig_1840_1900,https://www.nber.org/system/files/chapters/c2475/c2475.pdf
Pennsylvania,1900,894.0,142,current USD millions,Easterlin_IncOrig_1840_1900,https://www.nber.org/system/files/chapters/c2475/c2475.pdf
Rhode Island,1840,13.0,118,current USD millions,Easterlin_IncOrig_1840_1900,https://www.nber.org/system/files/chapters/c2475/c2475.pdf
Rhode Island,1880,42.0,150,current USD millions,Easterlin_IncOrig_1840_1900,https://www.nber.org/system/files/chapters/c2475/c2475.pdf
Rhode Island,1900,69.0,161,current USD millions,Easterlin_IncOrig_1840_1900,https://www.nber.org/system/files/chapters/c2475/c2475.pdf
South Carolina,1840,33.0,56,current USD millions,Easterlin_IncOrig_1840_1900,https://www.nber.org/system/files/chapters/c2475/c2475.pdf
South Carolina,1880,50.0,51,current USD millions,Easterlin_IncOrig_1840_1900,https://www.nber.org/system/files/chapters/c2475/c2475.pdf
South Carolina,1900,76.0,57,current USD millions,Easterlin_IncOrig_1840_1900,https://www.nber.org/system/files/chapters/c2475/c2475.pdf
Tennessee,1840,39.0,47,current USD millions,Easterlin_IncOrig_1840_1900,https://www.nber.org/system/files/chapters/c2475/c2475.pdf
Tennessee,1880,79.0,52,current USD millions,Easterlin_IncOrig_1840_1900,https://www.nber.org/system/files/chapters/c2475/c2475.pdf
Tennessee,1900,122.0,61,current USD millions,Easterlin_IncOrig_1840_1900,https://www.nber.org/system/files/chapters/c2475/c2475.pdf
Texas,1880,96.0,60,current USD millions,Easterlin_IncOrig_1840_1900,https://www.nber.org/system/files/chapters/c2475/c2475.pdf
Texas,1900,256.0,84,current USD millions,Easterlin_IncOrig_1840_1900,https://www.nber.org/system/files/chapters/c2475/c2475.pdf
Utah,1880,12.0,81,current USD millions,Easterlin_IncOrig_1840_1900,https://www.nber.org/system/files/chapters/c2475/c2475.pdf
Utah,1900,32.0,114,current USD millions,Easterlin_IncOrig_1840_1900,https://www.nber.org/system/files/chapters/c2475/c2475.pdf
Vermont,1840,19.0,65,current USD millions,Easterlin_IncOrig_1840_1900,https://www.nber.org/system/files/chapters/c2475/c2475.pdf
Vermont,1880,35.0,104,current USD millions,Easterlin_IncOrig_1840_1900,https://www.nber.org/system/files/chapters/c2475/c2475.pdf
Vermont,1900,40.0,118,current USD millions,Easterlin_IncOrig_1840_1900,https://www.nber.org/system/files/chapters/c2475/c2475.pdf
Virginia,1840,68.0,54,current USD millions,Easterlin_IncOrig_1840_1900,https://www.nber.org/system/files/chapters/c2475/c2475.pdf
Virginia,1880,77.0,51,current USD millions,Easterlin_IncOrig_1840_1900,https://www.nber.org/system/files/chapters/c2475/c2475.pdf
Virginia,1900,123.0,66,current USD millions,Easterlin_IncOrig_1840_1900,https://www.nber.org/system/files/chapters/c2475/c2475.pdf
Washington,1880,10.0,140,current USD millions,Easterlin_IncOrig_1840_1900,https://www.nber.org/system/files/chapters/c2475/c2475.pdf
Washington,1900,94.0,181,current USD millions,Easterlin_IncOrig_1840_1900,https://www.nber.org/system/files/chapters/c2475/c2475.pdf
West Virginia,1880,33.0,54,current USD millions,Easterlin_IncOrig_1840_1900,https://www.nber.org/system/files/chapters/c2475/c2475.pdf
West Virginia,1900,76.0,79,current USD millions,Easterlin_IncOrig_1840_1900,https://www.nber.org/system/files/chapters/c2475/c2475.pdf
Wisconsin,1840,2.0,80,current USD millions,Easterlin_IncOrig_1840_1900,https://www.nber.org/system/files/chapters/c2475/c2475.pdf
Wisconsin,1880,124.0,94,current USD millions,Easterlin_IncOrig_1840_1900,https://www.nber.org/system/files/chapters/c2475/c2475.pdf
Wisconsin,1900,221.0,107,current USD millions,Easterlin_IncOrig_1840_1900,https://www.nber.org/system/files/chapters/c2475/c2475.pdf
Wyoming,1880,3.0,154,current USD millions,Easterlin_IncOrig_1840_1900,https://www.nber.org/system/files/chapters/c2475/c2475.pdf
Wyoming,1900,22.0,237,current USD millions,Easterlin_IncOrig_1840_1900,https://www.nber.org/system/files/chapters/c2475/c2475.pdf
