state,year,chamber,seats,source_url,notes
Alabama,1831,house,72,https://archive.org/details/americanalmanacr1832bost/page/n297,Read from American Almanac for 1832 p.274 table of Senators and Representatives; figures describe the 1831 legislatures.
Alabama,1831,senate,22,https://archive.org/details/americanalmanacr1832bost/page/n297,Read from American Almanac for 1832 p.274 table of Senators and Representatives; figures describe the 1831 legislatures.
Alabama,1832,house,72,https://archive.org/details/americanalmanacr00unguat/page/n260,"Read from the page scan americanalmanac-1833-leaf260.jpg: American Almanac for 1833 p.233, 'Table exhibiting ... the Number of Senators and Representatives ...'. Every row's Senators+Representatives equals the printed Total column. Figures describe the 1832 legislatures."
Alabama,1832,senate,22,https://archive.org/details/americanalmanacr00unguat/page/n260,"Read from the page scan americanalmanac-1833-leaf260.jpg: American Almanac for 1833 p.233, 'Table exhibiting ... the Number of Senators and Representatives ...'. Every row's Senators+Representatives equals the printed Total column. Figures describe the 1832 legislatures."
Alabama,1871,house,98,https://archive.org/details/worldalmanac18721873newy,World Almanac 1872; sum of party columns (Dem 65 + Rep 33); statutory size was 100 so 2 seats likely vacant/unreported
Alabama,1871,senate,33,https://archive.org/details/worldalmanac18721873newy,"World Almanac 1872 ""State Legislature"" table; sum of party columns (Dem 1 + Rep 32); joint-ballot column checks (33+98=131)"
Alabama,1890,house,100,https://archive.org/details/vol1891tribuneal00unse,Tribune Almanac 1891; sum (Dem 97 + Rep 3)
Alabama,1890,senate,33,https://archive.org/details/vol1891tribuneal00unse,Tribune Almanac 1891 LEGISLATURE 1890 column; sum (Dem 33 + Rep 0); joint check 33+100=133
Alabama,1901,house,100,https://archive.org/details/vol1901tribuneal00unse,Sum of the party division printed in the Tribune Almanac's 'Legislature of 1901' table; Senate+House reconciles to the printed joint-ballot total. May undercount seats vacant at the time of counting.
Alabama,1901,senate,33,https://archive.org/details/vol1901tribuneal00unse,Sum of the party division printed in the Tribune Almanac's 'Legislature of 1901' table; Senate+House reconciles to the printed joint-ballot total. May undercount seats vacant at the time of counting.
Alabama,1909,house,106,https://archive.org/details/vol1910tribuneal00unse,Tribune Almanac 1910; sum (Dem 104 + Rep 2)
Alabama,1909,senate,35,https://archive.org/details/vol1910tribuneal00unse,"Tribune Almanac 1910 ""Legislature of 1907-10""; sum (Dem 35 + Rep 0); joint check 35+106=141"
Alabama,1940,house,106,https://dataverse.harvard.edu/dataset.xhtml?persistentId=hdl:1902.1/20403,"Klarner State Partisan Balance Data, variables sen_tot_in_sess / hs_tot_in_sess (total seats in the chamber that session)."
Alabama,1940,senate,35,https://dataverse.harvard.edu/dataset.xhtml?persistentId=hdl:1902.1/20403,"Klarner State Partisan Balance Data, variables sen_tot_in_sess / hs_tot_in_sess (total seats in the chamber that session)."
Alabama,1950,house,106,https://dataverse.harvard.edu/dataset.xhtml?persistentId=hdl:1902.1/20403,"Klarner State Partisan Balance Data, variables sen_tot_in_sess / hs_tot_in_sess (total seats in the chamber that session)."
Alabama,1950,senate,35,https://dataverse.harvard.edu/dataset.xhtml?persistentId=hdl:1902.1/20403,"Klarner State Partisan Balance Data, variables sen_tot_in_sess / hs_tot_in_sess (total seats in the chamber that session)."
Alabama,1960,house,106,https://dataverse.harvard.edu/dataset.xhtml?persistentId=hdl:1902.1/20403,"Klarner State Partisan Balance Data, variables sen_tot_in_sess / hs_tot_in_sess (total seats in the chamber that session)."
Alabama,1960,senate,35,https://dataverse.harvard.edu/dataset.xhtml?persistentId=hdl:1902.1/20403,"Klarner State Partisan Balance Data, variables sen_tot_in_sess / hs_tot_in_sess (total seats in the chamber that session)."
Alabama,1970,house,106,https://dataverse.harvard.edu/dataset.xhtml?persistentId=hdl:1902.1/20403,"Klarner State Partisan Balance Data, variables sen_tot_in_sess / hs_tot_in_sess (total seats in the chamber that session)."
Alabama,1970,senate,35,https://dataverse.harvard.edu/dataset.xhtml?persistentId=hdl:1902.1/20403,"Klarner State Partisan Balance Data, variables sen_tot_in_sess / hs_tot_in_sess (total seats in the chamber that session)."
Alabama,1980,house,105,https://dataverse.harvard.edu/dataset.xhtml?persistentId=hdl:1902.1/20403,"Klarner State Partisan Balance Data, variables sen_tot_in_sess / hs_tot_in_sess (total seats in the chamber that session)."
Alabama,1980,senate,35,https://dataverse.harvard.edu/dataset.xhtml?persistentId=hdl:1902.1/20403,"Klarner State Partisan Balance Data, variables sen_tot_in_sess / hs_tot_in_sess (total seats in the chamber that session)."
Alabama,1990,house,105,https://dataverse.harvard.edu/dataset.xhtml?persistentId=hdl:1902.1/20403,"Klarner State Partisan Balance Data, variables sen_tot_in_sess / hs_tot_in_sess (total seats in the chamber that session)."
Alabama,1990,senate,35,https://dataverse.harvard.edu/dataset.xhtml?persistentId=hdl:1902.1/20403,"Klarner State Partisan Balance Data, variables sen_tot_in_sess / hs_tot_in_sess (total seats in the chamber that session)."
Alabama,2000,house,105,https://dataverse.harvard.edu/dataset.xhtml?persistentId=hdl:1902.1/20403,"Klarner State Partisan Balance Data, variables sen_tot_in_sess / hs_tot_in_sess (total seats in the chamber that session)."
Alabama,2000,senate,35,https://dataverse.harvard.edu/dataset.xhtml?persistentId=hdl:1902.1/20403,"Klarner State Partisan Balance Data, variables sen_tot_in_sess / hs_tot_in_sess (total seats in the chamber that session)."
Alabama,2010,house,105,https://dataverse.harvard.edu/dataset.xhtml?persistentId=hdl:1902.1/20403,"Klarner State Partisan Balance Data, variables sen_tot_in_sess / hs_tot_in_sess (total seats in the chamber that session)."
Alabama,2010,senate,35,https://dataverse.harvard.edu/dataset.xhtml?persistentId=hdl:1902.1/20403,"Klarner State Partisan Balance Data, variables sen_tot_in_sess / hs_tot_in_sess (total seats in the chamber that session)."
Alabama,2011,house,105,https://dataverse.harvard.edu/dataset.xhtml?persistentId=hdl:1902.1/20403,"Klarner State Partisan Balance Data, variables sen_tot_in_sess / hs_tot_in_sess (total seats in the chamber that session)."
Alabama,2011,senate,35,https://dataverse.harvard.edu/dataset.xhtml?persistentId=hdl:1902.1/20403,"Klarner State Partisan Balance Data, variables sen_tot_in_sess / hs_tot_in_sess (total seats in the chamber that session)."
Alabama,2026,house,105,https://www.ncsl.org/resources/details/number-of-legislators-and-length-of-terms-in-years,"NCSL current chamber sizes, retrieved 2026-09-23. Sizes have been unchanged since 2011 except New York (Senate 62->63) and Wyoming (30/60 -> 31/62)."
Alabama,2026,senate,35,https://www.ncsl.org/resources/details/number-of-legislators-and-length-of-terms-in-years,"NCSL current chamber sizes, retrieved 2026-09-23. Sizes have been unchanged since 2011 except New York (Senate 62->63) and Wyoming (30/60 -> 31/62)."
Alaska,1960,house,40,https://dataverse.harvard.edu/dataset.xhtml?persistentId=hdl:1902.1/20403,"Klarner State Partisan Balance Data, variables sen_tot_in_sess / hs_tot_in_sess (total seats in the chamber that session)."
Alaska,1960,senate,20,https://dataverse.harvard.edu/dataset.xhtml?persistentId=hdl:1902.1/20403,"Klarner State Partisan Balance Data, variables sen_tot_in_sess / hs_tot_in_sess (total seats in the chamber that session)."
Alaska,1970,house,40,https://dataverse.harvard.edu/dataset.xhtml?persistentId=hdl:1902.1/20403,"Klarner State Partisan Balance Data, variables sen_tot_in_sess / hs_tot_in_sess (total seats in the chamber that session)."
Alaska,1970,senate,20,https://dataverse.harvard.edu/dataset.xhtml?persistentId=hdl:1902.1/20403,"Klarner State Partisan Balance Data, variables sen_tot_in_sess / hs_tot_in_sess (total seats in the chamber that session)."
Alaska,1980,house,40,https://dataverse.harvard.edu/dataset.xhtml?persistentId=hdl:1902.1/20403,"Klarner State Partisan Balance Data, variables sen_tot_in_sess / hs_tot_in_sess (total seats in the chamber that session)."
Alaska,1980,senate,20,https://dataverse.harvard.edu/dataset.xhtml?persistentId=hdl:1902.1/20403,"Klarner State Partisan Balance Data, variables sen_tot_in_sess / hs_tot_in_sess (total seats in the chamber that session)."
Alaska,1990,house,40,https://dataverse.harvard.edu/dataset.xhtml?persistentId=hdl:1902.1/20403,"Klarner State Partisan Balance Data, variables sen_tot_in_sess / hs_tot_in_sess (total seats in the chamber that session)."
Alaska,1990,senate,20,https://dataverse.harvard.edu/dataset.xhtml?persistentId=hdl:1902.1/20403,"Klarner State Partisan Balance Data, variables sen_tot_in_sess / hs_tot_in_sess (total seats in the chamber that session)."
Alaska,2000,house,40,https://dataverse.harvard.edu/dataset.xhtml?persistentId=hdl:1902.1/20403,"Klarner State Partisan Balance Data, variables sen_tot_in_sess / hs_tot_in_sess (total seats in the chamber that session)."
Alaska,2000,senate,20,https://dataverse.harvard.edu/dataset.xhtml?persistentId=hdl:1902.1/20403,"Klarner State Partisan Balance Data, variables sen_tot_in_sess / hs_tot_in_sess (total seats in the chamber that session)."
Alaska,2010,house,40,https://dataverse.harvard.edu/dataset.xhtml?persistentId=hdl:1902.1/20403,"Klarner State Partisan Balance Data, variables sen_tot_in_sess / hs_tot_in_sess (total seats in the chamber that session)."
Alaska,2010,senate,20,https://dataverse.harvard.edu/dataset.xhtml?persistentId=hdl:1902.1/20403,"Klarner State Partisan Balance Data, variables sen_tot_in_sess / hs_tot_in_sess (total seats in the chamber that session)."
Alaska,2011,house,40,https://dataverse.harvard.edu/dataset.xhtml?persistentId=hdl:1902.1/20403,"Klarner State Partisan Balance Data, variables sen_tot_in_sess / hs_tot_in_sess (total seats in the chamber that session)."
Alaska,2011,senate,20,https://dataverse.harvard.edu/dataset.xhtml?persistentId=hdl:1902.1/20403,"Klarner State Partisan Balance Data, variables sen_tot_in_sess / hs_tot_in_sess (total seats in the chamber that session)."
Alaska,2026,house,40,https://www.ncsl.org/resources/details/number-of-legislators-and-length-of-terms-in-years,"NCSL current chamber sizes, retrieved 2026-09-23. Sizes have been unchanged since 2011 except New York (Senate 62->63) and Wyoming (30/60 -> 31/62)."
Alaska,2026,senate,20,https://www.ncsl.org/resources/details/number-of-legislators-and-length-of-terms-in-years,"NCSL current chamber sizes, retrieved 2026-09-23. Sizes have been unchanged since 2011 except New York (Senate 62->63) and Wyoming (30/60 -> 31/62)."
Arizona,1937,house,51,https://dataverse.harvard.edu/dataset.xhtml?persistentId=hdl:1902.1/20403,"Klarner State Partisan Balance Data, variables sen_tot_in_sess / hs_tot_in_sess (total seats in the chamber that session)."
Arizona,1937,senate,19,https://dataverse.harvard.edu/dataset.xhtml?persistentId=hdl:1902.1/20403,"Klarner State Partisan Balance Data, variables sen_tot_in_sess / hs_tot_in_sess (total seats in the chamber that session)."
Arizona,1940,house,52,https://dataverse.harvard.edu/dataset.xhtml?persistentId=hdl:1902.1/20403,"Klarner State Partisan Balance Data, variables sen_tot_in_sess / hs_tot_in_sess (total seats in the chamber that session)."
Arizona,1940,senate,19,https://dataverse.harvard.edu/dataset.xhtml?persistentId=hdl:1902.1/20403,"Klarner State Partisan Balance Data, variables sen_tot_in_sess / hs_tot_in_sess (total seats in the chamber that session)."
Arizona,1950,house,59,https://dataverse.harvard.edu/dataset.xhtml?persistentId=hdl:1902.1/20403,"Klarner State Partisan Balance Data, variables sen_tot_in_sess / hs_tot_in_sess (total seats in the chamber that session)."
Arizona,1950,senate,19,https://dataverse.harvard.edu/dataset.xhtml?persistentId=hdl:1902.1/20403,"Klarner State Partisan Balance Data, variables sen_tot_in_sess / hs_tot_in_sess (total seats in the chamber that session)."
Arizona,1960,house,80,https://dataverse.harvard.edu/dataset.xhtml?persistentId=hdl:1902.1/20403,"Klarner State Partisan Balance Data, variables sen_tot_in_sess / hs_tot_in_sess (total seats in the chamber that session)."
Arizona,1960,senate,28,https://dataverse.harvard.edu/dataset.xhtml?persistentId=hdl:1902.1/20403,"Klarner State Partisan Balance Data, variables sen_tot_in_sess / hs_tot_in_sess (total seats in the chamber that session)."
Arizona,1970,house,60,https://dataverse.harvard.edu/dataset.xhtml?persistentId=hdl:1902.1/20403,"Klarner State Partisan Balance Data, variables sen_tot_in_sess / hs_tot_in_sess (total seats in the chamber that session)."
Arizona,1970,senate,30,https://dataverse.harvard.edu/dataset.xhtml?persistentId=hdl:1902.1/20403,"Klarner State Partisan Balance Data, variables sen_tot_in_sess / hs_tot_in_sess (total seats in the chamber that session)."
Arizona,1980,house,60,https://dataverse.harvard.edu/dataset.xhtml?persistentId=hdl:1902.1/20403,"Klarner State Partisan Balance Data, variables sen_tot_in_sess / hs_tot_in_sess (total seats in the chamber that session)."
Arizona,1980,senate,30,https://dataverse.harvard.edu/dataset.xhtml?persistentId=hdl:1902.1/20403,"Klarner State Partisan Balance Data, variables sen_tot_in_sess / hs_tot_in_sess (total seats in the chamber that session)."
Arizona,1990,house,60,https://dataverse.harvard.edu/dataset.xhtml?persistentId=hdl:1902.1/20403,"Klarner State Partisan Balance Data, variables sen_tot_in_sess / hs_tot_in_sess (total seats in the chamber that session)."
Arizona,1990,senate,30,https://dataverse.harvard.edu/dataset.xhtml?persistentId=hdl:1902.1/20403,"Klarner State Partisan Balance Data, variables sen_tot_in_sess / hs_tot_in_sess (total seats in the chamber that session)."
Arizona,2000,house,60,https://dataverse.harvard.edu/dataset.xhtml?persistentId=hdl:1902.1/20403,"Klarner State Partisan Balance Data, variables sen_tot_in_sess / hs_tot_in_sess (total seats in the chamber that session)."
Arizona,2000,senate,30,https://dataverse.harvard.edu/dataset.xhtml?persistentId=hdl:1902.1/20403,"Klarner State Partisan Balance Data, variables sen_tot_in_sess / hs_tot_in_sess (total seats in the chamber that session)."
Arizona,2010,house,60,https://dataverse.harvard.edu/dataset.xhtml?persistentId=hdl:1902.1/20403,"Klarner State Partisan Balance Data, variables sen_tot_in_sess / hs_tot_in_sess (total seats in the chamber that session)."
Arizona,2010,senate,30,https://dataverse.harvard.edu/dataset.xhtml?persistentId=hdl:1902.1/20403,"Klarner State Partisan Balance Data, variables sen_tot_in_sess / hs_tot_in_sess (total seats in the chamber that session)."
Arizona,2011,house,60,https://dataverse.harvard.edu/dataset.xhtml?persistentId=hdl:1902.1/20403,"Klarner State Partisan Balance Data, variables sen_tot_in_sess / hs_tot_in_sess (total seats in the chamber that session)."
Arizona,2011,senate,30,https://dataverse.harvard.edu/dataset.xhtml?persistentId=hdl:1902.1/20403,"Klarner State Partisan Balance Data, variables sen_tot_in_sess / hs_tot_in_sess (total seats in the chamber that session)."
Arizona,2026,house,60,https://www.ncsl.org/resources/details/number-of-legislators-and-length-of-terms-in-years,"NCSL current chamber sizes, retrieved 2026-09-23. Sizes have been unchanged since 2011 except New York (Senate 62->63) and Wyoming (30/60 -> 31/62)."
Arizona,2026,senate,30,https://www.ncsl.org/resources/details/number-of-legislators-and-length-of-terms-in-years,"NCSL current chamber sizes, retrieved 2026-09-23. Sizes have been unchanged since 2011 except New York (Senate 62->63) and Wyoming (30/60 -> 31/62)."
Arkansas,1871,house,82,https://archive.org/details/worldalmanac18721873newy,World Almanac 1872; sum of party columns (Rep 58 + Dem 24)
Arkansas,1871,senate,26,https://archive.org/details/worldalmanac18721873newy,World Almanac 1872; sum of party columns (Rep 20 + Dem 6); joint-ballot check 26+82=108
Arkansas,1901,house,100,https://archive.org/details/vol1901tribuneal00unse,"Sum of the party division printed in the Tribune Almanac's 'Legislature of 1901' table; Senate+House reconciles to the printed joint-ballot total. May undercount seats vacant at the time of counting. Senate sums to 31; Arkansas' constitutional Senate size is larger, so this likely omits holdover or vacant seats."
Arkansas,1901,senate,31,https://archive.org/details/vol1901tribuneal00unse,"Sum of the party division printed in the Tribune Almanac's 'Legislature of 1901' table; Senate+House reconciles to the printed joint-ballot total. May undercount seats vacant at the time of counting. Senate sums to 31; Arkansas' constitutional Senate size is larger, so this likely omits holdover or vacant seats."
Arkansas,1911,house,100,https://archive.org/details/vol1911tribuneal00unse,Tribune Almanac 1911; sum (Dem 94 + Rep 6)
Arkansas,1911,senate,35,https://archive.org/details/vol1911tribuneal00unse,"Tribune Almanac 1911 ""Legislature of 1911-12""; sum (Dem 35 + Rep 0); joint check 35+100=135"
Arkansas,1937,house,100,https://dataverse.harvard.edu/dataset.xhtml?persistentId=hdl:1902.1/20403,"Klarner State Partisan Balance Data, variables sen_tot_in_sess / hs_tot_in_sess (total seats in the chamber that session)."
Arkansas,1937,senate,35,https://dataverse.harvard.edu/dataset.xhtml?persistentId=hdl:1902.1/20403,"Klarner State Partisan Balance Data, variables sen_tot_in_sess / hs_tot_in_sess (total seats in the chamber that session)."
Arkansas,1940,house,100,https://dataverse.harvard.edu/dataset.xhtml?persistentId=hdl:1902.1/20403,"Klarner State Partisan Balance Data, variables sen_tot_in_sess / hs_tot_in_sess (total seats in the chamber that session)."
Arkansas,1940,senate,35,https://dataverse.harvard.edu/dataset.xhtml?persistentId=hdl:1902.1/20403,"Klarner State Partisan Balance Data, variables sen_tot_in_sess / hs_tot_in_sess (total seats in the chamber that session)."
Arkansas,1950,house,100,https://dataverse.harvard.edu/dataset.xhtml?persistentId=hdl:1902.1/20403,"Klarner State Partisan Balance Data, variables sen_tot_in_sess / hs_tot_in_sess (total seats in the chamber that session)."
Arkansas,1950,senate,35,https://dataverse.harvard.edu/dataset.xhtml?persistentId=hdl:1902.1/20403,"Klarner State Partisan Balance Data, variables sen_tot_in_sess / hs_tot_in_sess (total seats in the chamber that session)."
Arkansas,1960,house,100,https://dataverse.harvard.edu/dataset.xhtml?persistentId=hdl:1902.1/20403,"Klarner State Partisan Balance Data, variables sen_tot_in_sess / hs_tot_in_sess (total seats in the chamber that session)."
Arkansas,1960,senate,35,https://dataverse.harvard.edu/dataset.xhtml?persistentId=hdl:1902.1/20403,"Klarner State Partisan Balance Data, variables sen_tot_in_sess / hs_tot_in_sess (total seats in the chamber that session)."
Arkansas,1970,house,100,https://dataverse.harvard.edu/dataset.xhtml?persistentId=hdl:1902.1/20403,"Klarner State Partisan Balance Data, variables sen_tot_in_sess / hs_tot_in_sess (total seats in the chamber that session)."
Arkansas,1970,senate,35,https://dataverse.harvard.edu/dataset.xhtml?persistentId=hdl:1902.1/20403,"Klarner State Partisan Balance Data, variables sen_tot_in_sess / hs_tot_in_sess (total seats in the chamber that session)."
Arkansas,1980,house,100,https://dataverse.harvard.edu/dataset.xhtml?persistentId=hdl:1902.1/20403,"Klarner State Partisan Balance Data, variables sen_tot_in_sess / hs_tot_in_sess (total seats in the chamber that session)."
Arkansas,1980,senate,35,https://dataverse.harvard.edu/dataset.xhtml?persistentId=hdl:1902.1/20403,"Klarner State Partisan Balance Data, variables sen_tot_in_sess / hs_tot_in_sess (total seats in the chamber that session)."
Arkansas,1990,house,100,https://dataverse.harvard.edu/dataset.xhtml?persistentId=hdl:1902.1/20403,"Klarner State Partisan Balance Data, variables sen_tot_in_sess / hs_tot_in_sess (total seats in the chamber that session)."
Arkansas,1990,senate,35,https://dataverse.harvard.edu/dataset.xhtml?persistentId=hdl:1902.1/20403,"Klarner State Partisan Balance Data, variables sen_tot_in_sess / hs_tot_in_sess (total seats in the chamber that session)."
Arkansas,2000,house,100,https://dataverse.harvard.edu/dataset.xhtml?persistentId=hdl:1902.1/20403,"Klarner State Partisan Balance Data, variables sen_tot_in_sess / hs_tot_in_sess (total seats in the chamber that session)."
Arkansas,2000,senate,35,https://dataverse.harvard.edu/dataset.xhtml?persistentId=hdl:1902.1/20403,"Klarner State Partisan Balance Data, variables sen_tot_in_sess / hs_tot_in_sess (total seats in the chamber that session)."
Arkansas,2010,house,100,https://dataverse.harvard.edu/dataset.xhtml?persistentId=hdl:1902.1/20403,"Klarner State Partisan Balance Data, variables sen_tot_in_sess / hs_tot_in_sess (total seats in the chamber that session)."
Arkansas,2010,senate,35,https://dataverse.harvard.edu/dataset.xhtml?persistentId=hdl:1902.1/20403,"Klarner State Partisan Balance Data, variables sen_tot_in_sess / hs_tot_in_sess (total seats in the chamber that session)."
Arkansas,2011,house,100,https://dataverse.harvard.edu/dataset.xhtml?persistentId=hdl:1902.1/20403,"Klarner State Partisan Balance Data, variables sen_tot_in_sess / hs_tot_in_sess (total seats in the chamber that session)."
Arkansas,2011,senate,35,https://dataverse.harvard.edu/dataset.xhtml?persistentId=hdl:1902.1/20403,"Klarner State Partisan Balance Data, variables sen_tot_in_sess / hs_tot_in_sess (total seats in the chamber that session)."
Arkansas,2026,house,100,https://www.ncsl.org/resources/details/number-of-legislators-and-length-of-terms-in-years,"NCSL current chamber sizes, retrieved 2026-09-23. Sizes have been unchanged since 2011 except New York (Senate 62->63) and Wyoming (30/60 -> 31/62)."
Arkansas,2026,senate,35,https://www.ncsl.org/resources/details/number-of-legislators-and-length-of-terms-in-years,"NCSL current chamber sizes, retrieved 2026-09-23. Sizes have been unchanged since 2011 except New York (Senate 62->63) and Wyoming (30/60 -> 31/62)."
California,1871,house,80,https://archive.org/details/worldalmanac18721873newy,World Almanac 1872; chamber named Assembly; sum (Rep 55 + Dem 25)
California,1871,senate,40,https://archive.org/details/worldalmanac18721873newy,World Almanac 1872; sum (Rep 19 + Dem 21); joint check 40+80=120
California,1901,house,80,https://archive.org/details/vol1901tribuneal00unse,Sum of the party division printed in the Tribune Almanac's 'Legislature of 1901' table; Senate+House reconciles to the printed joint-ballot total. May undercount seats vacant at the time of counting.
California,1901,senate,40,https://archive.org/details/vol1901tribuneal00unse,Sum of the party division printed in the Tribune Almanac's 'Legislature of 1901' table; Senate+House reconciles to the printed joint-ballot total. May undercount seats vacant at the time of counting.
California,1911,house,80,https://archive.org/details/vol1911tribuneal00unse,Tribune Almanac 1911; chamber named Assembly; sum (Rep 67 + Dem 13)
California,1911,senate,40,https://archive.org/details/vol1911tribuneal00unse,Tribune Almanac 1911; sum (Rep 31 + Dem 9); joint check 40+80=120
California,1937,house,80,https://dataverse.harvard.edu/dataset.xhtml?persistentId=hdl:1902.1/20403,"Klarner State Partisan Balance Data, variables sen_tot_in_sess / hs_tot_in_sess (total seats in the chamber that session)."
California,1937,senate,40,https://dataverse.harvard.edu/dataset.xhtml?persistentId=hdl:1902.1/20403,"Klarner State Partisan Balance Data, variables sen_tot_in_sess / hs_tot_in_sess (total seats in the chamber that session)."
California,1940,house,80,https://dataverse.harvard.edu/dataset.xhtml?persistentId=hdl:1902.1/20403,"Klarner State Partisan Balance Data, variables sen_tot_in_sess / hs_tot_in_sess (total seats in the chamber that session)."
California,1940,senate,40,https://dataverse.harvard.edu/dataset.xhtml?persistentId=hdl:1902.1/20403,"Klarner State Partisan Balance Data, variables sen_tot_in_sess / hs_tot_in_sess (total seats in the chamber that session)."
California,1950,house,80,https://dataverse.harvard.edu/dataset.xhtml?persistentId=hdl:1902.1/20403,"Klarner State Partisan Balance Data, variables sen_tot_in_sess / hs_tot_in_sess (total seats in the chamber that session)."
California,1950,senate,40,https://dataverse.harvard.edu/dataset.xhtml?persistentId=hdl:1902.1/20403,"Klarner State Partisan Balance Data, variables sen_tot_in_sess / hs_tot_in_sess (total seats in the chamber that session)."
California,1960,house,80,https://dataverse.harvard.edu/dataset.xhtml?persistentId=hdl:1902.1/20403,"Klarner State Partisan Balance Data, variables sen_tot_in_sess / hs_tot_in_sess (total seats in the chamber that session)."
California,1960,senate,40,https://dataverse.harvard.edu/dataset.xhtml?persistentId=hdl:1902.1/20403,"Klarner State Partisan Balance Data, variables sen_tot_in_sess / hs_tot_in_sess (total seats in the chamber that session)."
California,1970,house,80,https://dataverse.harvard.edu/dataset.xhtml?persistentId=hdl:1902.1/20403,"Klarner State Partisan Balance Data, variables sen_tot_in_sess / hs_tot_in_sess (total seats in the chamber that session)."
California,1970,senate,40,https://dataverse.harvard.edu/dataset.xhtml?persistentId=hdl:1902.1/20403,"Klarner State Partisan Balance Data, variables sen_tot_in_sess / hs_tot_in_sess (total seats in the chamber that session)."
California,1980,house,80,https://dataverse.harvard.edu/dataset.xhtml?persistentId=hdl:1902.1/20403,"Klarner State Partisan Balance Data, variables sen_tot_in_sess / hs_tot_in_sess (total seats in the chamber that session)."
California,1980,senate,40,https://dataverse.harvard.edu/dataset.xhtml?persistentId=hdl:1902.1/20403,"Klarner State Partisan Balance Data, variables sen_tot_in_sess / hs_tot_in_sess (total seats in the chamber that session)."
California,1990,house,80,https://dataverse.harvard.edu/dataset.xhtml?persistentId=hdl:1902.1/20403,"Klarner State Partisan Balance Data, variables sen_tot_in_sess / hs_tot_in_sess (total seats in the chamber that session)."
California,1990,senate,40,https://dataverse.harvard.edu/dataset.xhtml?persistentId=hdl:1902.1/20403,"Klarner State Partisan Balance Data, variables sen_tot_in_sess / hs_tot_in_sess (total seats in the chamber that session)."
California,2000,house,80,https://dataverse.harvard.edu/dataset.xhtml?persistentId=hdl:1902.1/20403,"Klarner State Partisan Balance Data, variables sen_tot_in_sess / hs_tot_in_sess (total seats in the chamber that session)."
California,2000,senate,40,https://dataverse.harvard.edu/dataset.xhtml?persistentId=hdl:1902.1/20403,"Klarner State Partisan Balance Data, variables sen_tot_in_sess / hs_tot_in_sess (total seats in the chamber that session)."
California,2010,house,80,https://dataverse.harvard.edu/dataset.xhtml?persistentId=hdl:1902.1/20403,"Klarner State Partisan Balance Data, variables sen_tot_in_sess / hs_tot_in_sess (total seats in the chamber that session)."
California,2010,senate,40,https://dataverse.harvard.edu/dataset.xhtml?persistentId=hdl:1902.1/20403,"Klarner State Partisan Balance Data, variables sen_tot_in_sess / hs_tot_in_sess (total seats in the chamber that session)."
California,2011,house,80,https://dataverse.harvard.edu/dataset.xhtml?persistentId=hdl:1902.1/20403,"Klarner State Partisan Balance Data, variables sen_tot_in_sess / hs_tot_in_sess (total seats in the chamber that session)."
California,2011,senate,40,https://dataverse.harvard.edu/dataset.xhtml?persistentId=hdl:1902.1/20403,"Klarner State Partisan Balance Data, variables sen_tot_in_sess / hs_tot_in_sess (total seats in the chamber that session)."
California,2026,house,80,https://www.ncsl.org/resources/details/number-of-legislators-and-length-of-terms-in-years,"NCSL current chamber sizes, retrieved 2026-09-23. Sizes have been unchanged since 2011 except New York (Senate 62->63) and Wyoming (30/60 -> 31/62)."
California,2026,senate,40,https://www.ncsl.org/resources/details/number-of-legislators-and-length-of-terms-in-years,"NCSL current chamber sizes, retrieved 2026-09-23. Sizes have been unchanged since 2011 except New York (Senate 62->63) and Wyoming (30/60 -> 31/62)."
Colorado,1901,house,65,https://archive.org/details/vol1901tribuneal00unse,Sum of the party division printed in the Tribune Almanac's 'Legislature of 1901' table; Senate+House reconciles to the printed joint-ballot total. May undercount seats vacant at the time of counting.
Colorado,1901,senate,35,https://archive.org/details/vol1901tribuneal00unse,Sum of the party division printed in the Tribune Almanac's 'Legislature of 1901' table; Senate+House reconciles to the printed joint-ballot total. May undercount seats vacant at the time of counting.
Colorado,1911,house,65,https://archive.org/details/vol1911tribuneal00unse,Tribune Almanac 1911; sum (Rep 24 + Dem 41)
Colorado,1911,senate,35,https://archive.org/details/vol1911tribuneal00unse,Tribune Almanac 1911; sum (Rep 9 + Dem 26); joint check 35+65=100
Colorado,1937,house,65,https://dataverse.harvard.edu/dataset.xhtml?persistentId=hdl:1902.1/20403,"Klarner State Partisan Balance Data, variables sen_tot_in_sess / hs_tot_in_sess (total seats in the chamber that session)."
Colorado,1937,senate,35,https://dataverse.harvard.edu/dataset.xhtml?persistentId=hdl:1902.1/20403,"Klarner State Partisan Balance Data, variables sen_tot_in_sess / hs_tot_in_sess (total seats in the chamber that session)."
Colorado,1940,house,65,https://dataverse.harvard.edu/dataset.xhtml?persistentId=hdl:1902.1/20403,"Klarner State Partisan Balance Data, variables sen_tot_in_sess / hs_tot_in_sess (total seats in the chamber that session)."
Colorado,1940,senate,35,https://dataverse.harvard.edu/dataset.xhtml?persistentId=hdl:1902.1/20403,"Klarner State Partisan Balance Data, variables sen_tot_in_sess / hs_tot_in_sess (total seats in the chamber that session)."
Colorado,1950,house,65,https://dataverse.harvard.edu/dataset.xhtml?persistentId=hdl:1902.1/20403,"Klarner State Partisan Balance Data, variables sen_tot_in_sess / hs_tot_in_sess (total seats in the chamber that session)."
Colorado,1950,senate,35,https://dataverse.harvard.edu/dataset.xhtml?persistentId=hdl:1902.1/20403,"Klarner State Partisan Balance Data, variables sen_tot_in_sess / hs_tot_in_sess (total seats in the chamber that session)."
Colorado,1960,house,65,https://dataverse.harvard.edu/dataset.xhtml?persistentId=hdl:1902.1/20403,"Klarner State Partisan Balance Data, variables sen_tot_in_sess / hs_tot_in_sess (total seats in the chamber that session)."
Colorado,1960,senate,35,https://dataverse.harvard.edu/dataset.xhtml?persistentId=hdl:1902.1/20403,"Klarner State Partisan Balance Data, variables sen_tot_in_sess / hs_tot_in_sess (total seats in the chamber that session)."
Colorado,1970,house,65,https://dataverse.harvard.edu/dataset.xhtml?persistentId=hdl:1902.1/20403,"Klarner State Partisan Balance Data, variables sen_tot_in_sess / hs_tot_in_sess (total seats in the chamber that session)."
Colorado,1970,senate,35,https://dataverse.harvard.edu/dataset.xhtml?persistentId=hdl:1902.1/20403,"Klarner State Partisan Balance Data, variables sen_tot_in_sess / hs_tot_in_sess (total seats in the chamber that session)."
Colorado,1980,house,65,https://dataverse.harvard.edu/dataset.xhtml?persistentId=hdl:1902.1/20403,"Klarner State Partisan Balance Data, variables sen_tot_in_sess / hs_tot_in_sess (total seats in the chamber that session)."
Colorado,1980,senate,35,https://dataverse.harvard.edu/dataset.xhtml?persistentId=hdl:1902.1/20403,"Klarner State Partisan Balance Data, variables sen_tot_in_sess / hs_tot_in_sess (total seats in the chamber that session)."
Colorado,1990,house,65,https://dataverse.harvard.edu/dataset.xhtml?persistentId=hdl:1902.1/20403,"Klarner State Partisan Balance Data, variables sen_tot_in_sess / hs_tot_in_sess (total seats in the chamber that session)."
Colorado,1990,senate,35,https://dataverse.harvard.edu/dataset.xhtml?persistentId=hdl:1902.1/20403,"Klarner State Partisan Balance Data, variables sen_tot_in_sess / hs_tot_in_sess (total seats in the chamber that session)."
Colorado,2000,house,65,https://dataverse.harvard.edu/dataset.xhtml?persistentId=hdl:1902.1/20403,"Klarner State Partisan Balance Data, variables sen_tot_in_sess / hs_tot_in_sess (total seats in the chamber that session)."
Colorado,2000,senate,35,https://dataverse.harvard.edu/dataset.xhtml?persistentId=hdl:1902.1/20403,"Klarner State Partisan Balance Data, variables sen_tot_in_sess / hs_tot_in_sess (total seats in the chamber that session)."
Colorado,2010,house,65,https://dataverse.harvard.edu/dataset.xhtml?persistentId=hdl:1902.1/20403,"Klarner State Partisan Balance Data, variables sen_tot_in_sess / hs_tot_in_sess (total seats in the chamber that session)."
Colorado,2010,senate,35,https://dataverse.harvard.edu/dataset.xhtml?persistentId=hdl:1902.1/20403,"Klarner State Partisan Balance Data, variables sen_tot_in_sess / hs_tot_in_sess (total seats in the chamber that session)."
Colorado,2011,house,65,https://dataverse.harvard.edu/dataset.xhtml?persistentId=hdl:1902.1/20403,"Klarner State Partisan Balance Data, variables sen_tot_in_sess / hs_tot_in_sess (total seats in the chamber that session)."
Colorado,2011,senate,35,https://dataverse.harvard.edu/dataset.xhtml?persistentId=hdl:1902.1/20403,"Klarner State Partisan Balance Data, variables sen_tot_in_sess / hs_tot_in_sess (total seats in the chamber that session)."
Colorado,2026,house,65,https://www.ncsl.org/resources/details/number-of-legislators-and-length-of-terms-in-years,"NCSL current chamber sizes, retrieved 2026-09-23. Sizes have been unchanged since 2011 except New York (Senate 62->63) and Wyoming (30/60 -> 31/62)."
Colorado,2026,senate,35,https://www.ncsl.org/resources/details/number-of-legislators-and-length-of-terms-in-years,"NCSL current chamber sizes, retrieved 2026-09-23. Sizes have been unchanged since 2011 except New York (Senate 62->63) and Wyoming (30/60 -> 31/62)."
Connecticut,1790,senate,12,https://avalon.law.yale.edu/17th_century/ct03.asp,Charter of 1662: 'there shall be One Governor; One Deputy-Governor; and Twelve Assistants'. The 12 Assistants were the upper house of the General Assembly. The charter remained Connecticut's frame of government until the constitution of 1818.
Connecticut,1800,senate,12,https://avalon.law.yale.edu/17th_century/ct03.asp,Charter of 1662; 12 Assistants as upper house. Charter still in force in 1800.
Connecticut,1810,senate,12,https://avalon.law.yale.edu/17th_century/ct03.asp,Charter of 1662; 12 Assistants as upper house. Charter still in force in 1810.
Connecticut,1820,senate,12,https://archive.org/download/federalstatecons01thoriala/federalstatecons01thoriala_djvu.txt,Constitution of 1818 Art. III Sec. 4 (Thorpe vol. 1): 'The Senate shall consist of twelve members; to be chosen annually by the electors.' Thorpe notes this was altered by amendments of 1828 and later; 12 applies in 1820.
Connecticut,1831,house,208,https://archive.org/details/americanalmanacr1832bost/page/n297,Read from American Almanac for 1832 p.274 table of Senators and Representatives; figures describe the 1831 legislatures.
Connecticut,1831,senate,21,https://archive.org/details/americanalmanacr1832bost/page/n297,Read from American Almanac for 1832 p.274 table of Senators and Representatives; figures describe the 1831 legislatures.
Connecticut,1832,house,208,https://archive.org/details/americanalmanacr00unguat/page/n260,"Read from the page scan americanalmanac-1833-leaf260.jpg: American Almanac for 1833 p.233, 'Table exhibiting ... the Number of Senators and Representatives ...'. Every row's Senators+Representatives equals the printed Total column. Figures describe the 1832 legislatures."
Connecticut,1832,senate,21,https://archive.org/details/americanalmanacr00unguat/page/n260,"Read from the page scan americanalmanac-1833-leaf260.jpg: American Almanac for 1833 p.233, 'Table exhibiting ... the Number of Senators and Representatives ...'. Every row's Senators+Representatives equals the printed Total column. Figures describe the 1832 legislatures."
Connecticut,1871,house,239,https://archive.org/details/worldalmanac18721873newy,World Almanac 1872; sum of party columns (Rep 130 + Dem 109)
Connecticut,1871,senate,21,https://archive.org/details/worldalmanac18721873newy,World Almanac 1872; derived as joint-ballot total 260 minus House total 239; OCR dropped the Democratic Senate figure
Connecticut,1890,house,251,https://archive.org/details/vol1891tribuneal00unse,Tribune Almanac 1891; sum (Rep 133 + Dem 117 + Ind 1)
Connecticut,1890,senate,24,https://archive.org/details/vol1891tribuneal00unse,Tribune Almanac 1891; sum (Rep 7 + Dem 17); joint check 24+251=275
Connecticut,1901,house,255,https://archive.org/details/vol1901tribuneal00unse,"Sum of the party division printed in the Tribune Almanac's 'Legislature of 1901' table; Senate+House reconciles to the printed joint-ballot total. May undercount seats vacant at the time of counting. Read from the page scan tribune1901-leaf323.jpg (printed p.320): R 22/201/223, D 2/54/56. Table is headed 'Legislature of 1901-02'."
Connecticut,1901,senate,24,https://archive.org/details/vol1901tribuneal00unse,"Sum of the party division printed in the Tribune Almanac's 'Legislature of 1901' table; Senate+House reconciles to the printed joint-ballot total. May undercount seats vacant at the time of counting. Read from the page scan tribune1901-leaf323.jpg (printed p.320): R 22/201/223, D 2/54/56. Table is headed 'Legislature of 1901-02'."
Connecticut,1911,house,256,https://archive.org/details/vol1911tribuneal00unse,Tribune Almanac 1911; sum (Rep 159 + Dem 97)
Connecticut,1911,senate,35,https://archive.org/details/vol1911tribuneal00unse,Tribune Almanac 1911; sum (Rep 21 + Dem 14); joint check 35+256=291
Connecticut,1937,house,267,https://dataverse.harvard.edu/dataset.xhtml?persistentId=hdl:1902.1/20403,"Klarner State Partisan Balance Data, variables sen_tot_in_sess / hs_tot_in_sess (total seats in the chamber that session)."
Connecticut,1937,senate,35,https://dataverse.harvard.edu/dataset.xhtml?persistentId=hdl:1902.1/20403,"Klarner State Partisan Balance Data, variables sen_tot_in_sess / hs_tot_in_sess (total seats in the chamber that session)."
Connecticut,1940,house,267,https://dataverse.harvard.edu/dataset.xhtml?persistentId=hdl:1902.1/20403,"Klarner State Partisan Balance Data, variables sen_tot_in_sess / hs_tot_in_sess (total seats in the chamber that session)."
Connecticut,1940,senate,35,https://dataverse.harvard.edu/dataset.xhtml?persistentId=hdl:1902.1/20403,"Klarner State Partisan Balance Data, variables sen_tot_in_sess / hs_tot_in_sess (total seats in the chamber that session)."
Connecticut,1950,house,272,https://dataverse.harvard.edu/dataset.xhtml?persistentId=hdl:1902.1/20403,"Klarner State Partisan Balance Data, variables sen_tot_in_sess / hs_tot_in_sess (total seats in the chamber that session)."
Connecticut,1950,senate,36,https://dataverse.harvard.edu/dataset.xhtml?persistentId=hdl:1902.1/20403,"Klarner State Partisan Balance Data, variables sen_tot_in_sess / hs_tot_in_sess (total seats in the chamber that session)."
Connecticut,1960,house,280,https://dataverse.harvard.edu/dataset.xhtml?persistentId=hdl:1902.1/20403,"Klarner State Partisan Balance Data, variables sen_tot_in_sess / hs_tot_in_sess (total seats in the chamber that session)."
Connecticut,1960,senate,36,https://dataverse.harvard.edu/dataset.xhtml?persistentId=hdl:1902.1/20403,"Klarner State Partisan Balance Data, variables sen_tot_in_sess / hs_tot_in_sess (total seats in the chamber that session)."
Connecticut,1970,house,177,https://dataverse.harvard.edu/dataset.xhtml?persistentId=hdl:1902.1/20403,"Klarner State Partisan Balance Data, variables sen_tot_in_sess / hs_tot_in_sess (total seats in the chamber that session)."
Connecticut,1970,senate,36,https://dataverse.harvard.edu/dataset.xhtml?persistentId=hdl:1902.1/20403,"Klarner State Partisan Balance Data, variables sen_tot_in_sess / hs_tot_in_sess (total seats in the chamber that session)."
Connecticut,1980,house,151,https://dataverse.harvard.edu/dataset.xhtml?persistentId=hdl:1902.1/20403,"Klarner State Partisan Balance Data, variables sen_tot_in_sess / hs_tot_in_sess (total seats in the chamber that session)."
Connecticut,1980,senate,36,https://dataverse.harvard.edu/dataset.xhtml?persistentId=hdl:1902.1/20403,"Klarner State Partisan Balance Data, variables sen_tot_in_sess / hs_tot_in_sess (total seats in the chamber that session)."
Connecticut,1990,house,151,https://dataverse.harvard.edu/dataset.xhtml?persistentId=hdl:1902.1/20403,"Klarner State Partisan Balance Data, variables sen_tot_in_sess / hs_tot_in_sess (total seats in the chamber that session)."
Connecticut,1990,senate,36,https://dataverse.harvard.edu/dataset.xhtml?persistentId=hdl:1902.1/20403,"Klarner State Partisan Balance Data, variables sen_tot_in_sess / hs_tot_in_sess (total seats in the chamber that session)."
Connecticut,2000,house,151,https://dataverse.harvard.edu/dataset.xhtml?persistentId=hdl:1902.1/20403,"Klarner State Partisan Balance Data, variables sen_tot_in_sess / hs_tot_in_sess (total seats in the chamber that session)."
Connecticut,2000,senate,36,https://dataverse.harvard.edu/dataset.xhtml?persistentId=hdl:1902.1/20403,"Klarner State Partisan Balance Data, variables sen_tot_in_sess / hs_tot_in_sess (total seats in the chamber that session)."
Connecticut,2010,house,151,https://dataverse.harvard.edu/dataset.xhtml?persistentId=hdl:1902.1/20403,"Klarner State Partisan Balance Data, variables sen_tot_in_sess / hs_tot_in_sess (total seats in the chamber that session)."
Connecticut,2010,senate,36,https://dataverse.harvard.edu/dataset.xhtml?persistentId=hdl:1902.1/20403,"Klarner State Partisan Balance Data, variables sen_tot_in_sess / hs_tot_in_sess (total seats in the chamber that session)."
Connecticut,2011,house,151,https://dataverse.harvard.edu/dataset.xhtml?persistentId=hdl:1902.1/20403,"Klarner State Partisan Balance Data, variables sen_tot_in_sess / hs_tot_in_sess (total seats in the chamber that session)."
Connecticut,2011,senate,36,https://dataverse.harvard.edu/dataset.xhtml?persistentId=hdl:1902.1/20403,"Klarner State Partisan Balance Data, variables sen_tot_in_sess / hs_tot_in_sess (total seats in the chamber that session)."
Connecticut,2026,house,151,https://www.ncsl.org/resources/details/number-of-legislators-and-length-of-terms-in-years,"NCSL current chamber sizes, retrieved 2026-09-23. Sizes have been unchanged since 2011 except New York (Senate 62->63) and Wyoming (30/60 -> 31/62)."
Connecticut,2026,senate,36,https://www.ncsl.org/resources/details/number-of-legislators-and-length-of-terms-in-years,"NCSL current chamber sizes, retrieved 2026-09-23. Sizes have been unchanged since 2011 except New York (Senate 62->63) and Wyoming (30/60 -> 31/62)."
Delaware,1790,house,21,https://avalon.law.yale.edu/18th_century/de02.asp,Constitution of 1776 Art. 3: 'shall consist of seven Representatives to be chosen for each county annually'. Delaware had three counties (Art. 4 fixes the 9-member Council at three per county); 7x3=21 is derived from the per-county rule — the constitution states no total.
Delaware,1790,senate,9,https://avalon.law.yale.edu/18th_century/de02.asp,Constitution of 1776 Art. 4: upper house named 'The Council'; 'consist of nine members; three to be chosen for each county'. Recorded under chamber=senate for comparability.
Delaware,1800,house,21,https://archive.org/download/federalstatecons01thoriala/federalstatecons01thoriala_djvu.txt,Constitution of 1792 Art. II Sec. 2: 'There shall be seven representatives chosen in each county; until a greater number of representatives shall by the general assembly be judged necessary'. 7x3=21 derived from the per-county rule.
Delaware,1800,senate,9,https://archive.org/download/federalstatecons01thoriala/federalstatecons01thoriala_djvu.txt,Constitution of 1792 Art. II Sec. 3 (Thorpe vol. 1): 'There shall be three senators chosen in each county.' Three counties; 3x3=9 derived. Same section lets the general assembly increase the number (senate never greater than one-half nor less than one-third of the house).
Delaware,1810,house,21,https://archive.org/download/federalstatecons01thoriala/federalstatecons01thoriala_djvu.txt,Constitution of 1792 Art. II Sec. 2; seven representatives per county; three counties. Derived total; increase permitted by statute.
Delaware,1810,senate,9,https://archive.org/download/federalstatecons01thoriala/federalstatecons01thoriala_djvu.txt,Constitution of 1792 Art. II Sec. 3; three senators per county; three counties. Derived total; increase permitted by statute.
Delaware,1820,house,21,https://archive.org/download/federalstatecons01thoriala/federalstatecons01thoriala_djvu.txt,Constitution of 1792 Art. II Sec. 2; seven representatives per county; three counties. Derived total; increase permitted by statute.
Delaware,1820,senate,9,https://archive.org/download/federalstatecons01thoriala/federalstatecons01thoriala_djvu.txt,Constitution of 1792 Art. II Sec. 3; three senators per county; three counties. Derived total; increase permitted by statute.
Delaware,1831,house,21,https://archive.org/details/americanalmanacr1832bost/page/n297,Read from American Almanac for 1832 p.274 table of Senators and Representatives; figures describe the 1831 legislatures.
Delaware,1831,senate,9,https://archive.org/details/americanalmanacr1832bost/page/n297,Read from American Almanac for 1832 p.274 table of Senators and Representatives; figures describe the 1831 legislatures.
Delaware,1832,house,21,https://archive.org/details/americanalmanacr00unguat/page/n260,"Read from the page scan americanalmanac-1833-leaf260.jpg: American Almanac for 1833 p.233, 'Table exhibiting ... the Number of Senators and Representatives ...'. Every row's Senators+Representatives equals the printed Total column. Figures describe the 1832 legislatures."
Delaware,1832,senate,9,https://archive.org/details/americanalmanacr00unguat/page/n260,"Read from the page scan americanalmanac-1833-leaf260.jpg: American Almanac for 1833 p.233, 'Table exhibiting ... the Number of Senators and Representatives ...'. Every row's Senators+Representatives equals the printed Total column. Figures describe the 1832 legislatures."
Delaware,1871,house,21,https://archive.org/details/worldalmanac18721873newy,"World Almanac 1872 prints it in words: ""consisting of 9 senators and 21 representatives"""
Delaware,1871,senate,9,https://archive.org/details/worldalmanac18721873newy,"World Almanac 1872 prints it in words: ""consisting of 9 senators and 21 representatives"""
Delaware,1890,house,21,https://archive.org/details/vol1891tribuneal00unse,Tribune Almanac 1891; sum (Rep 7 + Dem 14)
Delaware,1890,senate,9,https://archive.org/details/vol1891tribuneal00unse,Tribune Almanac 1891; sum (Rep 4 + Dem 5); joint check 9+21=30
Delaware,1901,house,35,https://archive.org/details/vol1901tribuneal00unse,Sum of the party division printed in the Tribune Almanac's 'Legislature of 1901' table; Senate+House reconciles to the printed joint-ballot total. May undercount seats vacant at the time of counting.
Delaware,1901,senate,17,https://archive.org/details/vol1901tribuneal00unse,Sum of the party division printed in the Tribune Almanac's 'Legislature of 1901' table; Senate+House reconciles to the printed joint-ballot total. May undercount seats vacant at the time of counting.
Delaware,1909,house,35,https://archive.org/details/vol1910tribuneal00unse,Tribune Almanac 1910; sum (Rep 17 + Dem 18)
Delaware,1909,senate,17,https://archive.org/details/vol1910tribuneal00unse,"Tribune Almanac 1910 ""Legislature of 1909-10""; sum (Rep 11 + Dem 6); joint check 17+35=52"
Delaware,1937,house,35,https://dataverse.harvard.edu/dataset.xhtml?persistentId=hdl:1902.1/20403,"Klarner State Partisan Balance Data, variables sen_tot_in_sess / hs_tot_in_sess (total seats in the chamber that session)."
Delaware,1937,senate,17,https://dataverse.harvard.edu/dataset.xhtml?persistentId=hdl:1902.1/20403,"Klarner State Partisan Balance Data, variables sen_tot_in_sess / hs_tot_in_sess (total seats in the chamber that session)."
Delaware,1940,house,35,https://dataverse.harvard.edu/dataset.xhtml?persistentId=hdl:1902.1/20403,"Klarner State Partisan Balance Data, variables sen_tot_in_sess / hs_tot_in_sess (total seats in the chamber that session)."
Delaware,1940,senate,17,https://dataverse.harvard.edu/dataset.xhtml?persistentId=hdl:1902.1/20403,"Klarner State Partisan Balance Data, variables sen_tot_in_sess / hs_tot_in_sess (total seats in the chamber that session)."
Delaware,1950,house,35,https://dataverse.harvard.edu/dataset.xhtml?persistentId=hdl:1902.1/20403,"Klarner State Partisan Balance Data, variables sen_tot_in_sess / hs_tot_in_sess (total seats in the chamber that session)."
Delaware,1950,senate,17,https://dataverse.harvard.edu/dataset.xhtml?persistentId=hdl:1902.1/20403,"Klarner State Partisan Balance Data, variables sen_tot_in_sess / hs_tot_in_sess (total seats in the chamber that session)."
Delaware,1960,house,35,https://dataverse.harvard.edu/dataset.xhtml?persistentId=hdl:1902.1/20403,"Klarner State Partisan Balance Data, variables sen_tot_in_sess / hs_tot_in_sess (total seats in the chamber that session)."
Delaware,1960,senate,17,https://dataverse.harvard.edu/dataset.xhtml?persistentId=hdl:1902.1/20403,"Klarner State Partisan Balance Data, variables sen_tot_in_sess / hs_tot_in_sess (total seats in the chamber that session)."
Delaware,1970,house,39,https://dataverse.harvard.edu/dataset.xhtml?persistentId=hdl:1902.1/20403,"Klarner State Partisan Balance Data, variables sen_tot_in_sess / hs_tot_in_sess (total seats in the chamber that session)."
Delaware,1970,senate,19,https://dataverse.harvard.edu/dataset.xhtml?persistentId=hdl:1902.1/20403,"Klarner State Partisan Balance Data, variables sen_tot_in_sess / hs_tot_in_sess (total seats in the chamber that session)."
Delaware,1980,house,41,https://dataverse.harvard.edu/dataset.xhtml?persistentId=hdl:1902.1/20403,"Klarner State Partisan Balance Data, variables sen_tot_in_sess / hs_tot_in_sess (total seats in the chamber that session)."
Delaware,1980,senate,21,https://dataverse.harvard.edu/dataset.xhtml?persistentId=hdl:1902.1/20403,"Klarner State Partisan Balance Data, variables sen_tot_in_sess / hs_tot_in_sess (total seats in the chamber that session)."
Delaware,1990,house,41,https://dataverse.harvard.edu/dataset.xhtml?persistentId=hdl:1902.1/20403,"Klarner State Partisan Balance Data, variables sen_tot_in_sess / hs_tot_in_sess (total seats in the chamber that session)."
Delaware,1990,senate,21,https://dataverse.harvard.edu/dataset.xhtml?persistentId=hdl:1902.1/20403,"Klarner State Partisan Balance Data, variables sen_tot_in_sess / hs_tot_in_sess (total seats in the chamber that session)."
Delaware,2000,house,41,https://dataverse.harvard.edu/dataset.xhtml?persistentId=hdl:1902.1/20403,"Klarner State Partisan Balance Data, variables sen_tot_in_sess / hs_tot_in_sess (total seats in the chamber that session)."
Delaware,2000,senate,21,https://dataverse.harvard.edu/dataset.xhtml?persistentId=hdl:1902.1/20403,"Klarner State Partisan Balance Data, variables sen_tot_in_sess / hs_tot_in_sess (total seats in the chamber that session)."
Delaware,2010,house,41,https://dataverse.harvard.edu/dataset.xhtml?persistentId=hdl:1902.1/20403,"Klarner State Partisan Balance Data, variables sen_tot_in_sess / hs_tot_in_sess (total seats in the chamber that session)."
Delaware,2010,senate,21,https://dataverse.harvard.edu/dataset.xhtml?persistentId=hdl:1902.1/20403,"Klarner State Partisan Balance Data, variables sen_tot_in_sess / hs_tot_in_sess (total seats in the chamber that session)."
Delaware,2011,house,41,https://dataverse.harvard.edu/dataset.xhtml?persistentId=hdl:1902.1/20403,"Klarner State Partisan Balance Data, variables sen_tot_in_sess / hs_tot_in_sess (total seats in the chamber that session)."
Delaware,2011,senate,21,https://dataverse.harvard.edu/dataset.xhtml?persistentId=hdl:1902.1/20403,"Klarner State Partisan Balance Data, variables sen_tot_in_sess / hs_tot_in_sess (total seats in the chamber that session)."
Delaware,2026,house,41,https://www.ncsl.org/resources/details/number-of-legislators-and-length-of-terms-in-years,"NCSL current chamber sizes, retrieved 2026-09-23. Sizes have been unchanged since 2011 except New York (Senate 62->63) and Wyoming (30/60 -> 31/62)."
Delaware,2026,senate,21,https://www.ncsl.org/resources/details/number-of-legislators-and-length-of-terms-in-years,"NCSL current chamber sizes, retrieved 2026-09-23. Sizes have been unchanged since 2011 except New York (Senate 62->63) and Wyoming (30/60 -> 31/62)."
Florida,1871,house,52,https://archive.org/details/worldalmanac18721873newy,World Almanac 1872; sum (Rep 30 + Dem 22)
Florida,1871,senate,24,https://archive.org/details/worldalmanac18721873newy,World Almanac 1872; sum (Rep 13 + Dem 11); joint check 24+52=76
Florida,1901,house,68,https://archive.org/details/vol1901tribuneal00unse,"Sum of the party division printed in the Tribune Almanac's 'Legislature of 1901' table; Senate+House reconciles to the printed joint-ballot total. May undercount seats vacant at the time of counting. Printed in words on the page scan tribune1901-leaf324.jpg (printed p.321): 'Legislature of 1901-Senate, 32 members; House, 68 members. All Democrats.'"
Florida,1901,senate,32,https://archive.org/details/vol1901tribuneal00unse,"Sum of the party division printed in the Tribune Almanac's 'Legislature of 1901' table; Senate+House reconciles to the printed joint-ballot total. May undercount seats vacant at the time of counting. Printed in words on the page scan tribune1901-leaf324.jpg (printed p.321): 'Legislature of 1901-Senate, 32 members; House, 68 members. All Democrats.'"
Florida,1909,house,68,https://archive.org/details/vol1910tribuneal00unse,Tribune Almanac 1910; all Democratic; joint ballot 100
Florida,1909,senate,32,https://archive.org/details/vol1910tribuneal00unse,"Tribune Almanac 1910 ""Legislature of 1909-10""; all Democratic; printed as 32 / 68 / 100"
Florida,1937,house,95,https://dataverse.harvard.edu/dataset.xhtml?persistentId=hdl:1902.1/20403,"Klarner State Partisan Balance Data, variables sen_tot_in_sess / hs_tot_in_sess (total seats in the chamber that session)."
Florida,1937,senate,38,https://dataverse.harvard.edu/dataset.xhtml?persistentId=hdl:1902.1/20403,"Klarner State Partisan Balance Data, variables sen_tot_in_sess / hs_tot_in_sess (total seats in the chamber that session)."
Florida,1940,house,95,https://dataverse.harvard.edu/dataset.xhtml?persistentId=hdl:1902.1/20403,"Klarner State Partisan Balance Data, variables sen_tot_in_sess / hs_tot_in_sess (total seats in the chamber that session)."
Florida,1940,senate,38,https://dataverse.harvard.edu/dataset.xhtml?persistentId=hdl:1902.1/20403,"Klarner State Partisan Balance Data, variables sen_tot_in_sess / hs_tot_in_sess (total seats in the chamber that session)."
Florida,1950,house,95,https://dataverse.harvard.edu/dataset.xhtml?persistentId=hdl:1902.1/20403,"Klarner State Partisan Balance Data, variables sen_tot_in_sess / hs_tot_in_sess (total seats in the chamber that session)."
Florida,1950,senate,38,https://dataverse.harvard.edu/dataset.xhtml?persistentId=hdl:1902.1/20403,"Klarner State Partisan Balance Data, variables sen_tot_in_sess / hs_tot_in_sess (total seats in the chamber that session)."
Florida,1960,house,95,https://dataverse.harvard.edu/dataset.xhtml?persistentId=hdl:1902.1/20403,"Klarner State Partisan Balance Data, variables sen_tot_in_sess / hs_tot_in_sess (total seats in the chamber that session)."
Florida,1960,senate,38,https://dataverse.harvard.edu/dataset.xhtml?persistentId=hdl:1902.1/20403,"Klarner State Partisan Balance Data, variables sen_tot_in_sess / hs_tot_in_sess (total seats in the chamber that session)."
Florida,1970,house,119,https://dataverse.harvard.edu/dataset.xhtml?persistentId=hdl:1902.1/20403,"Klarner State Partisan Balance Data, variables sen_tot_in_sess / hs_tot_in_sess (total seats in the chamber that session)."
Florida,1970,senate,48,https://dataverse.harvard.edu/dataset.xhtml?persistentId=hdl:1902.1/20403,"Klarner State Partisan Balance Data, variables sen_tot_in_sess / hs_tot_in_sess (total seats in the chamber that session)."
Florida,1980,house,120,https://dataverse.harvard.edu/dataset.xhtml?persistentId=hdl:1902.1/20403,"Klarner State Partisan Balance Data, variables sen_tot_in_sess / hs_tot_in_sess (total seats in the chamber that session)."
Florida,1980,senate,40,https://dataverse.harvard.edu/dataset.xhtml?persistentId=hdl:1902.1/20403,"Klarner State Partisan Balance Data, variables sen_tot_in_sess / hs_tot_in_sess (total seats in the chamber that session)."
Florida,1990,house,120,https://dataverse.harvard.edu/dataset.xhtml?persistentId=hdl:1902.1/20403,"Klarner State Partisan Balance Data, variables sen_tot_in_sess / hs_tot_in_sess (total seats in the chamber that session)."
Florida,1990,senate,40,https://dataverse.harvard.edu/dataset.xhtml?persistentId=hdl:1902.1/20403,"Klarner State Partisan Balance Data, variables sen_tot_in_sess / hs_tot_in_sess (total seats in the chamber that session)."
Florida,2000,house,120,https://dataverse.harvard.edu/dataset.xhtml?persistentId=hdl:1902.1/20403,"Klarner State Partisan Balance Data, variables sen_tot_in_sess / hs_tot_in_sess (total seats in the chamber that session)."
Florida,2000,senate,40,https://dataverse.harvard.edu/dataset.xhtml?persistentId=hdl:1902.1/20403,"Klarner State Partisan Balance Data, variables sen_tot_in_sess / hs_tot_in_sess (total seats in the chamber that session)."
Florida,2010,house,120,https://dataverse.harvard.edu/dataset.xhtml?persistentId=hdl:1902.1/20403,"Klarner State Partisan Balance Data, variables sen_tot_in_sess / hs_tot_in_sess (total seats in the chamber that session)."
Florida,2010,senate,40,https://dataverse.harvard.edu/dataset.xhtml?persistentId=hdl:1902.1/20403,"Klarner State Partisan Balance Data, variables sen_tot_in_sess / hs_tot_in_sess (total seats in the chamber that session)."
Florida,2011,house,120,https://dataverse.harvard.edu/dataset.xhtml?persistentId=hdl:1902.1/20403,"Klarner State Partisan Balance Data, variables sen_tot_in_sess / hs_tot_in_sess (total seats in the chamber that session)."
Florida,2011,senate,40,https://dataverse.harvard.edu/dataset.xhtml?persistentId=hdl:1902.1/20403,"Klarner State Partisan Balance Data, variables sen_tot_in_sess / hs_tot_in_sess (total seats in the chamber that session)."
Florida,2026,house,120,https://www.ncsl.org/resources/details/number-of-legislators-and-length-of-terms-in-years,"NCSL current chamber sizes, retrieved 2026-09-23. Sizes have been unchanged since 2011 except New York (Senate 62->63) and Wyoming (30/60 -> 31/62)."
Florida,2026,senate,40,https://www.ncsl.org/resources/details/number-of-legislators-and-length-of-terms-in-years,"NCSL current chamber sizes, retrieved 2026-09-23. Sizes have been unchanged since 2011 except New York (Senate 62->63) and Wyoming (30/60 -> 31/62)."
Georgia,1790,house,34,https://archive.org/download/federalstatecons02thor/federalstatecons02thor_djvu.txt,Sum of the per-county apportionment in Constitution of 1789 Art. I Sec. 6: Camden 2; Glynn 2; Liberty 4; Chatham 5; Effingham 2; Burke 4; Richmond 4; Wilkes 5; Washington 2; Greene 2; Franklin 2 = 34. Constitutional apportionment at adoption (May 1789); not a counted roster.
Georgia,1790,senate,11,https://archive.org/download/federalstatecons02thor/federalstatecons02thor_djvu.txt,"Constitution of 1789 Art. I Sec. 2 (Thorpe vol. 2): senate 'composed of one member from each county'. The house apportionment in Sec. 6 enumerates 11 counties; 11 is derived from that list. Counties created after 1789 would add senators; this is the constitutional apportionment, not a counted session roster."
Georgia,1800,house,62,https://archive.org/download/federalstatecons02thor/federalstatecons02thor_djvu.txt,Sum of the 24-county apportionment in Constitution of 1798 Art. I Sec. 7 (Camden 2; Glynn 2; Liberty 3; M'Intosh 2; Bryan 1; Chatham 4; Effingham 2; Scriven 2; Montgomery 2; Burke 3; Bullock 1; Jefferson 3; Lincoln 2; Elbert 3; Jackson 2; Richmond 3; Wilkes 4; Columbia 3; Warren 3; Washington 3; Hancock 4; Greene 3; Oglethorpe 3; Franklin 2) = 62. Sec. 7 also sets a formula (1-4 members per county by population); 62 is the apportionment in force until the first enumeration.
Georgia,1800,senate,24,https://archive.org/download/federalstatecons02thor/federalstatecons02thor_djvu.txt,"Constitution of 1798 Art. I Sec. 3: 'composed of one member from each county'. The house list in Sec. 7 enumerates 24 counties; 24 derived from that list. Georgia added counties after 1798; constitutional apportionment, not a counted roster."
Georgia,1831,house,142,https://archive.org/details/americanalmanacr1832bost/page/n297,Read from American Almanac for 1832 p.274 table of Senators and Representatives; figures describe the 1831 legislatures.
Georgia,1831,senate,78,https://archive.org/details/americanalmanacr1832bost/page/n297,Read from American Almanac for 1832 p.274 table of Senators and Representatives; figures describe the 1831 legislatures.
Georgia,1832,house,185,https://archive.org/details/americanalmanacr00unguat/page/n260,"Read from the page scan americanalmanac-1833-leaf260.jpg: American Almanac for 1833 p.233, 'Table exhibiting ... the Number of Senators and Representatives ...'. Every row's Senators+Representatives equals the printed Total column. Figures describe the 1832 legislatures."
Georgia,1832,senate,78,https://archive.org/details/americanalmanacr00unguat/page/n260,"Read from the page scan americanalmanac-1833-leaf260.jpg: American Almanac for 1833 p.233, 'Table exhibiting ... the Number of Senators and Representatives ...'. Every row's Senators+Representatives equals the printed Total column. Figures describe the 1832 legislatures."
Georgia,1872,house,175,https://archive.org/details/worldalmanac18721873newy,World Almanac 1873; sum (Dem 160 + Rep 15)
Georgia,1872,senate,44,https://archive.org/details/worldalmanac18721873newy,World Almanac 1873; sum (Dem 40 + Rep 4); joint check 44+175=219
Georgia,1901,house,184,https://archive.org/details/vol1901tribuneal00unse,"Sum of the party division printed in the Tribune Almanac's 'Legislature of 1901' table; Senate+House reconciles to the printed joint-ballot total. May undercount seats vacant at the time of counting. Read from the page scan tribune1901-leaf326.jpg (printed p.323). Senate and House columns cross-check against the printed Dem-majorities row; the source's printed joint-ballot figure for Democrats (219) is internally inconsistent with 43+171=214, so treat the House figure of 184 with caution."
Georgia,1901,senate,44,https://archive.org/details/vol1901tribuneal00unse,"Sum of the party division printed in the Tribune Almanac's 'Legislature of 1901' table; Senate+House reconciles to the printed joint-ballot total. May undercount seats vacant at the time of counting. Read from the page scan tribune1901-leaf326.jpg (printed p.323). Senate and House columns cross-check against the printed Dem-majorities row; the source's printed joint-ballot figure for Democrats (219) is internally inconsistent with 43+171=214, so treat the House figure of 184 with caution."
Georgia,1911,house,181,https://archive.org/details/vol1911tribuneal00unse,Tribune Almanac 1911; all Democratic; joint ballot 225
Georgia,1911,senate,44,https://archive.org/details/vol1911tribuneal00unse,Tribune Almanac 1911; all Democratic 44 / 181 / 225; same figures in Tribune Almanac 1910 for 1909-10
Georgia,1937,house,205,https://dataverse.harvard.edu/dataset.xhtml?persistentId=hdl:1902.1/20403,"Klarner State Partisan Balance Data, variables sen_tot_in_sess / hs_tot_in_sess (total seats in the chamber that session)."
Georgia,1937,senate,51,https://dataverse.harvard.edu/dataset.xhtml?persistentId=hdl:1902.1/20403,"Klarner State Partisan Balance Data, variables sen_tot_in_sess / hs_tot_in_sess (total seats in the chamber that session)."
Georgia,1940,house,205,https://dataverse.harvard.edu/dataset.xhtml?persistentId=hdl:1902.1/20403,"Klarner State Partisan Balance Data, variables sen_tot_in_sess / hs_tot_in_sess (total seats in the chamber that session)."
Georgia,1940,senate,52,https://dataverse.harvard.edu/dataset.xhtml?persistentId=hdl:1902.1/20403,"Klarner State Partisan Balance Data, variables sen_tot_in_sess / hs_tot_in_sess (total seats in the chamber that session)."
Georgia,1950,house,205,https://dataverse.harvard.edu/dataset.xhtml?persistentId=hdl:1902.1/20403,"Klarner State Partisan Balance Data, variables sen_tot_in_sess / hs_tot_in_sess (total seats in the chamber that session)."
Georgia,1950,senate,54,https://dataverse.harvard.edu/dataset.xhtml?persistentId=hdl:1902.1/20403,"Klarner State Partisan Balance Data, variables sen_tot_in_sess / hs_tot_in_sess (total seats in the chamber that session)."
Georgia,1960,house,205,https://dataverse.harvard.edu/dataset.xhtml?persistentId=hdl:1902.1/20403,"Klarner State Partisan Balance Data, variables sen_tot_in_sess / hs_tot_in_sess (total seats in the chamber that session)."
Georgia,1960,senate,54,https://dataverse.harvard.edu/dataset.xhtml?persistentId=hdl:1902.1/20403,"Klarner State Partisan Balance Data, variables sen_tot_in_sess / hs_tot_in_sess (total seats in the chamber that session)."
Georgia,1970,house,195,https://dataverse.harvard.edu/dataset.xhtml?persistentId=hdl:1902.1/20403,"Klarner State Partisan Balance Data, variables sen_tot_in_sess / hs_tot_in_sess (total seats in the chamber that session)."
Georgia,1970,senate,56,https://dataverse.harvard.edu/dataset.xhtml?persistentId=hdl:1902.1/20403,"Klarner State Partisan Balance Data, variables sen_tot_in_sess / hs_tot_in_sess (total seats in the chamber that session)."
Georgia,1980,house,180,https://dataverse.harvard.edu/dataset.xhtml?persistentId=hdl:1902.1/20403,"Klarner State Partisan Balance Data, variables sen_tot_in_sess / hs_tot_in_sess (total seats in the chamber that session)."
Georgia,1980,senate,56,https://dataverse.harvard.edu/dataset.xhtml?persistentId=hdl:1902.1/20403,"Klarner State Partisan Balance Data, variables sen_tot_in_sess / hs_tot_in_sess (total seats in the chamber that session)."
Georgia,1990,house,180,https://dataverse.harvard.edu/dataset.xhtml?persistentId=hdl:1902.1/20403,"Klarner State Partisan Balance Data, variables sen_tot_in_sess / hs_tot_in_sess (total seats in the chamber that session)."
Georgia,1990,senate,56,https://dataverse.harvard.edu/dataset.xhtml?persistentId=hdl:1902.1/20403,"Klarner State Partisan Balance Data, variables sen_tot_in_sess / hs_tot_in_sess (total seats in the chamber that session)."
Georgia,2000,house,180,https://dataverse.harvard.edu/dataset.xhtml?persistentId=hdl:1902.1/20403,"Klarner State Partisan Balance Data, variables sen_tot_in_sess / hs_tot_in_sess (total seats in the chamber that session)."
Georgia,2000,senate,56,https://dataverse.harvard.edu/dataset.xhtml?persistentId=hdl:1902.1/20403,"Klarner State Partisan Balance Data, variables sen_tot_in_sess / hs_tot_in_sess (total seats in the chamber that session)."
Georgia,2010,house,180,https://dataverse.harvard.edu/dataset.xhtml?persistentId=hdl:1902.1/20403,"Klarner State Partisan Balance Data, variables sen_tot_in_sess / hs_tot_in_sess (total seats in the chamber that session)."
Georgia,2010,senate,56,https://dataverse.harvard.edu/dataset.xhtml?persistentId=hdl:1902.1/20403,"Klarner State Partisan Balance Data, variables sen_tot_in_sess / hs_tot_in_sess (total seats in the chamber that session)."
Georgia,2011,house,180,https://dataverse.harvard.edu/dataset.xhtml?persistentId=hdl:1902.1/20403,"Klarner State Partisan Balance Data, variables sen_tot_in_sess / hs_tot_in_sess (total seats in the chamber that session)."
Georgia,2011,senate,56,https://dataverse.harvard.edu/dataset.xhtml?persistentId=hdl:1902.1/20403,"Klarner State Partisan Balance Data, variables sen_tot_in_sess / hs_tot_in_sess (total seats in the chamber that session)."
Georgia,2026,house,180,https://www.ncsl.org/resources/details/number-of-legislators-and-length-of-terms-in-years,"NCSL current chamber sizes, retrieved 2026-09-23. Sizes have been unchanged since 2011 except New York (Senate 62->63) and Wyoming (30/60 -> 31/62)."
Georgia,2026,senate,56,https://www.ncsl.org/resources/details/number-of-legislators-and-length-of-terms-in-years,"NCSL current chamber sizes, retrieved 2026-09-23. Sizes have been unchanged since 2011 except New York (Senate 62->63) and Wyoming (30/60 -> 31/62)."
Hawaii,1960,house,51,https://dataverse.harvard.edu/dataset.xhtml?persistentId=hdl:1902.1/20403,"Klarner State Partisan Balance Data, variables sen_tot_in_sess / hs_tot_in_sess (total seats in the chamber that session)."
Hawaii,1960,senate,25,https://dataverse.harvard.edu/dataset.xhtml?persistentId=hdl:1902.1/20403,"Klarner State Partisan Balance Data, variables sen_tot_in_sess / hs_tot_in_sess (total seats in the chamber that session)."
Hawaii,1970,house,51,https://dataverse.harvard.edu/dataset.xhtml?persistentId=hdl:1902.1/20403,"Klarner State Partisan Balance Data, variables sen_tot_in_sess / hs_tot_in_sess (total seats in the chamber that session)."
Hawaii,1970,senate,25,https://dataverse.harvard.edu/dataset.xhtml?persistentId=hdl:1902.1/20403,"Klarner State Partisan Balance Data, variables sen_tot_in_sess / hs_tot_in_sess (total seats in the chamber that session)."
Hawaii,1980,house,51,https://dataverse.harvard.edu/dataset.xhtml?persistentId=hdl:1902.1/20403,"Klarner State Partisan Balance Data, variables sen_tot_in_sess / hs_tot_in_sess (total seats in the chamber that session)."
Hawaii,1980,senate,25,https://dataverse.harvard.edu/dataset.xhtml?persistentId=hdl:1902.1/20403,"Klarner State Partisan Balance Data, variables sen_tot_in_sess / hs_tot_in_sess (total seats in the chamber that session)."
Hawaii,1990,house,51,https://dataverse.harvard.edu/dataset.xhtml?persistentId=hdl:1902.1/20403,"Klarner State Partisan Balance Data, variables sen_tot_in_sess / hs_tot_in_sess (total seats in the chamber that session)."
Hawaii,1990,senate,25,https://dataverse.harvard.edu/dataset.xhtml?persistentId=hdl:1902.1/20403,"Klarner State Partisan Balance Data, variables sen_tot_in_sess / hs_tot_in_sess (total seats in the chamber that session)."
Hawaii,2000,house,51,https://dataverse.harvard.edu/dataset.xhtml?persistentId=hdl:1902.1/20403,"Klarner State Partisan Balance Data, variables sen_tot_in_sess / hs_tot_in_sess (total seats in the chamber that session)."
Hawaii,2000,senate,25,https://dataverse.harvard.edu/dataset.xhtml?persistentId=hdl:1902.1/20403,"Klarner State Partisan Balance Data, variables sen_tot_in_sess / hs_tot_in_sess (total seats in the chamber that session)."
Hawaii,2010,house,51,https://dataverse.harvard.edu/dataset.xhtml?persistentId=hdl:1902.1/20403,"Klarner State Partisan Balance Data, variables sen_tot_in_sess / hs_tot_in_sess (total seats in the chamber that session)."
Hawaii,2010,senate,25,https://dataverse.harvard.edu/dataset.xhtml?persistentId=hdl:1902.1/20403,"Klarner State Partisan Balance Data, variables sen_tot_in_sess / hs_tot_in_sess (total seats in the chamber that session)."
Hawaii,2011,house,51,https://dataverse.harvard.edu/dataset.xhtml?persistentId=hdl:1902.1/20403,"Klarner State Partisan Balance Data, variables sen_tot_in_sess / hs_tot_in_sess (total seats in the chamber that session)."
Hawaii,2011,senate,25,https://dataverse.harvard.edu/dataset.xhtml?persistentId=hdl:1902.1/20403,"Klarner State Partisan Balance Data, variables sen_tot_in_sess / hs_tot_in_sess (total seats in the chamber that session)."
Hawaii,2026,house,51,https://www.ncsl.org/resources/details/number-of-legislators-and-length-of-terms-in-years,"NCSL current chamber sizes, retrieved 2026-09-23. Sizes have been unchanged since 2011 except New York (Senate 62->63) and Wyoming (30/60 -> 31/62)."
Hawaii,2026,senate,25,https://www.ncsl.org/resources/details/number-of-legislators-and-length-of-terms-in-years,"NCSL current chamber sizes, retrieved 2026-09-23. Sizes have been unchanged since 2011 except New York (Senate 62->63) and Wyoming (30/60 -> 31/62)."
Idaho,1890,house,36,https://archive.org/details/vol1891tribuneal00unse,Tribune Almanac 1891; sum (Rep 30 + Dem 6)
Idaho,1890,senate,18,https://archive.org/details/vol1891tribuneal00unse,Tribune Almanac 1891 LEGISLATURE-1890; sum (Rep 14 + Dem 4); first state legislature; joint check 18+36=54
Idaho,1901,house,49,https://archive.org/details/vol1901tribuneal00unse,Sum of the party division printed in the Tribune Almanac's 'Legislature of 1901' table; Senate+House reconciles to the printed joint-ballot total. May undercount seats vacant at the time of counting. Read from the page scan tribune1901-leaf326.jpg (printed p.323).
Idaho,1901,senate,21,https://archive.org/details/vol1901tribuneal00unse,Sum of the party division printed in the Tribune Almanac's 'Legislature of 1901' table; Senate+House reconciles to the printed joint-ballot total. May undercount seats vacant at the time of counting. Read from the page scan tribune1901-leaf326.jpg (printed p.323).
Idaho,1911,house,59,https://archive.org/details/vol1911tribuneal00unse,Tribune Almanac 1911; sum (Rep 34 + Dem 25)
Idaho,1911,senate,23,https://archive.org/details/vol1911tribuneal00unse,Tribune Almanac 1911; sum (Rep 14 + Dem 9); joint check 23+59=82
Idaho,1937,house,59,https://dataverse.harvard.edu/dataset.xhtml?persistentId=hdl:1902.1/20403,"Klarner State Partisan Balance Data, variables sen_tot_in_sess / hs_tot_in_sess (total seats in the chamber that session)."
Idaho,1937,senate,44,https://dataverse.harvard.edu/dataset.xhtml?persistentId=hdl:1902.1/20403,"Klarner State Partisan Balance Data, variables sen_tot_in_sess / hs_tot_in_sess (total seats in the chamber that session)."
Idaho,1940,house,59,https://dataverse.harvard.edu/dataset.xhtml?persistentId=hdl:1902.1/20403,"Klarner State Partisan Balance Data, variables sen_tot_in_sess / hs_tot_in_sess (total seats in the chamber that session)."
Idaho,1940,senate,44,https://dataverse.harvard.edu/dataset.xhtml?persistentId=hdl:1902.1/20403,"Klarner State Partisan Balance Data, variables sen_tot_in_sess / hs_tot_in_sess (total seats in the chamber that session)."
Idaho,1950,house,59,https://dataverse.harvard.edu/dataset.xhtml?persistentId=hdl:1902.1/20403,"Klarner State Partisan Balance Data, variables sen_tot_in_sess / hs_tot_in_sess (total seats in the chamber that session)."
Idaho,1950,senate,44,https://dataverse.harvard.edu/dataset.xhtml?persistentId=hdl:1902.1/20403,"Klarner State Partisan Balance Data, variables sen_tot_in_sess / hs_tot_in_sess (total seats in the chamber that session)."
Idaho,1960,house,59,https://dataverse.harvard.edu/dataset.xhtml?persistentId=hdl:1902.1/20403,"Klarner State Partisan Balance Data, variables sen_tot_in_sess / hs_tot_in_sess (total seats in the chamber that session)."
Idaho,1960,senate,44,https://dataverse.harvard.edu/dataset.xhtml?persistentId=hdl:1902.1/20403,"Klarner State Partisan Balance Data, variables sen_tot_in_sess / hs_tot_in_sess (total seats in the chamber that session)."
Idaho,1970,house,70,https://dataverse.harvard.edu/dataset.xhtml?persistentId=hdl:1902.1/20403,"Klarner State Partisan Balance Data, variables sen_tot_in_sess / hs_tot_in_sess (total seats in the chamber that session)."
Idaho,1970,senate,35,https://dataverse.harvard.edu/dataset.xhtml?persistentId=hdl:1902.1/20403,"Klarner State Partisan Balance Data, variables sen_tot_in_sess / hs_tot_in_sess (total seats in the chamber that session)."
Idaho,1980,house,70,https://dataverse.harvard.edu/dataset.xhtml?persistentId=hdl:1902.1/20403,"Klarner State Partisan Balance Data, variables sen_tot_in_sess / hs_tot_in_sess (total seats in the chamber that session)."
Idaho,1980,senate,35,https://dataverse.harvard.edu/dataset.xhtml?persistentId=hdl:1902.1/20403,"Klarner State Partisan Balance Data, variables sen_tot_in_sess / hs_tot_in_sess (total seats in the chamber that session)."
Idaho,1990,house,84,https://dataverse.harvard.edu/dataset.xhtml?persistentId=hdl:1902.1/20403,"Klarner State Partisan Balance Data, variables sen_tot_in_sess / hs_tot_in_sess (total seats in the chamber that session)."
Idaho,1990,senate,42,https://dataverse.harvard.edu/dataset.xhtml?persistentId=hdl:1902.1/20403,"Klarner State Partisan Balance Data, variables sen_tot_in_sess / hs_tot_in_sess (total seats in the chamber that session)."
Idaho,2000,house,70,https://dataverse.harvard.edu/dataset.xhtml?persistentId=hdl:1902.1/20403,"Klarner State Partisan Balance Data, variables sen_tot_in_sess / hs_tot_in_sess (total seats in the chamber that session)."
Idaho,2000,senate,35,https://dataverse.harvard.edu/dataset.xhtml?persistentId=hdl:1902.1/20403,"Klarner State Partisan Balance Data, variables sen_tot_in_sess / hs_tot_in_sess (total seats in the chamber that session)."
Idaho,2010,house,70,https://dataverse.harvard.edu/dataset.xhtml?persistentId=hdl:1902.1/20403,"Klarner State Partisan Balance Data, variables sen_tot_in_sess / hs_tot_in_sess (total seats in the chamber that session)."
Idaho,2010,senate,35,https://dataverse.harvard.edu/dataset.xhtml?persistentId=hdl:1902.1/20403,"Klarner State Partisan Balance Data, variables sen_tot_in_sess / hs_tot_in_sess (total seats in the chamber that session)."
Idaho,2011,house,70,https://dataverse.harvard.edu/dataset.xhtml?persistentId=hdl:1902.1/20403,"Klarner State Partisan Balance Data, variables sen_tot_in_sess / hs_tot_in_sess (total seats in the chamber that session)."
Idaho,2011,senate,35,https://dataverse.harvard.edu/dataset.xhtml?persistentId=hdl:1902.1/20403,"Klarner State Partisan Balance Data, variables sen_tot_in_sess / hs_tot_in_sess (total seats in the chamber that session)."
Idaho,2026,house,70,https://www.ncsl.org/resources/details/number-of-legislators-and-length-of-terms-in-years,"NCSL current chamber sizes, retrieved 2026-09-23. Sizes have been unchanged since 2011 except New York (Senate 62->63) and Wyoming (30/60 -> 31/62)."
Idaho,2026,senate,35,https://www.ncsl.org/resources/details/number-of-legislators-and-length-of-terms-in-years,"NCSL current chamber sizes, retrieved 2026-09-23. Sizes have been unchanged since 2011 except New York (Senate 62->63) and Wyoming (30/60 -> 31/62)."
Illinois,1820,house,28,https://en.wikipedia.org/wiki/2nd_Illinois_General_Assembly,2nd Illinois General Assembly infobox: 28 Representatives. The 1st General Assembly (1818-19) also had 14 senators and 28 representatives.
Illinois,1820,senate,14,https://en.wikipedia.org/wiki/2nd_Illinois_General_Assembly,2nd Illinois General Assembly (met December 4; 1820 - February 15; 1821) infobox: 'Seats 14 Senators 28 Representatives'. Apportionment based on the 1818 constitution; two counties shared one senator.
Illinois,1832,house,55,https://archive.org/details/americanalmanacr00unguat/page/n260,"Read from the page scan americanalmanac-1833-leaf260.jpg: American Almanac for 1833 p.233, 'Table exhibiting ... the Number of Senators and Representatives ...'. Every row's Senators+Representatives equals the printed Total column. Figures describe the 1832 legislatures."
Illinois,1832,senate,26,https://archive.org/details/americanalmanacr00unguat/page/n260,"Read from the page scan americanalmanac-1833-leaf260.jpg: American Almanac for 1833 p.233, 'Table exhibiting ... the Number of Senators and Representatives ...'. Every row's Senators+Representatives equals the printed Total column. Figures describe the 1832 legislatures."
Illinois,1871,house,177,https://archive.org/details/worldalmanac18721873newy,World Almanac 1872; sum (Rep 103 + Dem 74); pre-1872 apportionment
Illinois,1871,senate,50,https://archive.org/details/worldalmanac18721873newy,World Almanac 1872; sum (Rep 38 + Dem 12); joint check 50+177=227
Illinois,1901,house,153,https://archive.org/details/vol1901tribuneal00unse,Sum of the party division printed in the Tribune Almanac's 'Legislature of 1901' table; Senate+House reconciles to the printed joint-ballot total. May undercount seats vacant at the time of counting.
Illinois,1901,senate,51,https://archive.org/details/vol1901tribuneal00unse,Sum of the party division printed in the Tribune Almanac's 'Legislature of 1901' table; Senate+House reconciles to the printed joint-ballot total. May undercount seats vacant at the time of counting.
Illinois,1909,house,153,https://archive.org/details/vol1910tribuneal00unse,Tribune Almanac 1910; sum (Rep 89 + Dem 64)
Illinois,1909,senate,51,https://archive.org/details/vol1910tribuneal00unse,"Tribune Almanac 1910 ""Legislature of 1909-10""; sum (Rep 38 + Dem 13); joint check 51+153=204"
Illinois,1937,house,153,https://dataverse.harvard.edu/dataset.xhtml?persistentId=hdl:1902.1/20403,"Klarner State Partisan Balance Data, variables sen_tot_in_sess / hs_tot_in_sess (total seats in the chamber that session)."
Illinois,1937,senate,51,https://dataverse.harvard.edu/dataset.xhtml?persistentId=hdl:1902.1/20403,"Klarner State Partisan Balance Data, variables sen_tot_in_sess / hs_tot_in_sess (total seats in the chamber that session)."
Illinois,1940,house,153,https://dataverse.harvard.edu/dataset.xhtml?persistentId=hdl:1902.1/20403,"Klarner State Partisan Balance Data, variables sen_tot_in_sess / hs_tot_in_sess (total seats in the chamber that session)."
Illinois,1940,senate,51,https://dataverse.harvard.edu/dataset.xhtml?persistentId=hdl:1902.1/20403,"Klarner State Partisan Balance Data, variables sen_tot_in_sess / hs_tot_in_sess (total seats in the chamber that session)."
Illinois,1950,house,153,https://dataverse.harvard.edu/dataset.xhtml?persistentId=hdl:1902.1/20403,"Klarner State Partisan Balance Data, variables sen_tot_in_sess / hs_tot_in_sess (total seats in the chamber that session)."
Illinois,1950,senate,51,https://dataverse.harvard.edu/dataset.xhtml?persistentId=hdl:1902.1/20403,"Klarner State Partisan Balance Data, variables sen_tot_in_sess / hs_tot_in_sess (total seats in the chamber that session)."
Illinois,1960,house,177,https://dataverse.harvard.edu/dataset.xhtml?persistentId=hdl:1902.1/20403,"Klarner State Partisan Balance Data, variables sen_tot_in_sess / hs_tot_in_sess (total seats in the chamber that session)."
Illinois,1960,senate,58,https://dataverse.harvard.edu/dataset.xhtml?persistentId=hdl:1902.1/20403,"Klarner State Partisan Balance Data, variables sen_tot_in_sess / hs_tot_in_sess (total seats in the chamber that session)."
Illinois,1970,house,177,https://dataverse.harvard.edu/dataset.xhtml?persistentId=hdl:1902.1/20403,"Klarner State Partisan Balance Data, variables sen_tot_in_sess / hs_tot_in_sess (total seats in the chamber that session)."
Illinois,1970,senate,58,https://dataverse.harvard.edu/dataset.xhtml?persistentId=hdl:1902.1/20403,"Klarner State Partisan Balance Data, variables sen_tot_in_sess / hs_tot_in_sess (total seats in the chamber that session)."
Illinois,1980,house,177,https://dataverse.harvard.edu/dataset.xhtml?persistentId=hdl:1902.1/20403,"Klarner State Partisan Balance Data, variables sen_tot_in_sess / hs_tot_in_sess (total seats in the chamber that session)."
Illinois,1980,senate,59,https://dataverse.harvard.edu/dataset.xhtml?persistentId=hdl:1902.1/20403,"Klarner State Partisan Balance Data, variables sen_tot_in_sess / hs_tot_in_sess (total seats in the chamber that session)."
Illinois,1990,house,118,https://dataverse.harvard.edu/dataset.xhtml?persistentId=hdl:1902.1/20403,"Klarner State Partisan Balance Data, variables sen_tot_in_sess / hs_tot_in_sess (total seats in the chamber that session)."
Illinois,1990,senate,59,https://dataverse.harvard.edu/dataset.xhtml?persistentId=hdl:1902.1/20403,"Klarner State Partisan Balance Data, variables sen_tot_in_sess / hs_tot_in_sess (total seats in the chamber that session)."
Illinois,2000,house,118,https://dataverse.harvard.edu/dataset.xhtml?persistentId=hdl:1902.1/20403,"Klarner State Partisan Balance Data, variables sen_tot_in_sess / hs_tot_in_sess (total seats in the chamber that session)."
Illinois,2000,senate,59,https://dataverse.harvard.edu/dataset.xhtml?persistentId=hdl:1902.1/20403,"Klarner State Partisan Balance Data, variables sen_tot_in_sess / hs_tot_in_sess (total seats in the chamber that session)."
Illinois,2010,house,118,https://dataverse.harvard.edu/dataset.xhtml?persistentId=hdl:1902.1/20403,"Klarner State Partisan Balance Data, variables sen_tot_in_sess / hs_tot_in_sess (total seats in the chamber that session)."
Illinois,2010,senate,59,https://dataverse.harvard.edu/dataset.xhtml?persistentId=hdl:1902.1/20403,"Klarner State Partisan Balance Data, variables sen_tot_in_sess / hs_tot_in_sess (total seats in the chamber that session)."
Illinois,2011,house,118,https://dataverse.harvard.edu/dataset.xhtml?persistentId=hdl:1902.1/20403,"Klarner State Partisan Balance Data, variables sen_tot_in_sess / hs_tot_in_sess (total seats in the chamber that session)."
Illinois,2011,senate,59,https://dataverse.harvard.edu/dataset.xhtml?persistentId=hdl:1902.1/20403,"Klarner State Partisan Balance Data, variables sen_tot_in_sess / hs_tot_in_sess (total seats in the chamber that session)."
Illinois,2026,house,118,https://www.ncsl.org/resources/details/number-of-legislators-and-length-of-terms-in-years,"NCSL current chamber sizes, retrieved 2026-09-23. Sizes have been unchanged since 2011 except New York (Senate 62->63) and Wyoming (30/60 -> 31/62)."
Illinois,2026,senate,59,https://www.ncsl.org/resources/details/number-of-legislators-and-length-of-terms-in-years,"NCSL current chamber sizes, retrieved 2026-09-23. Sizes have been unchanged since 2011 except New York (Senate 62->63) and Wyoming (30/60 -> 31/62)."
Indiana,1831,house,62,https://archive.org/details/americanalmanacr1832bost/page/n297,Read from American Almanac for 1832 p.274 table of Senators and Representatives; figures describe the 1831 legislatures.
Indiana,1831,senate,23,https://archive.org/details/americanalmanacr1832bost/page/n297,Read from American Almanac for 1832 p.274 table of Senators and Representatives; figures describe the 1831 legislatures.
Indiana,1832,house,62,https://archive.org/details/americanalmanacr00unguat/page/n260,"Read from the page scan americanalmanac-1833-leaf260.jpg: American Almanac for 1833 p.233, 'Table exhibiting ... the Number of Senators and Representatives ...'. Every row's Senators+Representatives equals the printed Total column. Figures describe the 1832 legislatures."
Indiana,1832,senate,30,https://archive.org/details/americanalmanacr00unguat/page/n260,"Read from the page scan americanalmanac-1833-leaf260.jpg: American Almanac for 1833 p.233, 'Table exhibiting ... the Number of Senators and Representatives ...'. Every row's Senators+Representatives equals the printed Total column. Figures describe the 1832 legislatures."
Indiana,1872,senate,50,https://archive.org/details/worldalmanac18721873newy,World Almanac 1873; sum (Rep 27 + Dem 23); House figures illegible in OCR so no House row
Indiana,1890,house,100,https://archive.org/details/vol1891tribuneal00unse,Tribune Almanac 1891; sum (Rep 27 + Dem 73)
Indiana,1890,senate,50,https://archive.org/details/vol1891tribuneal00unse,Tribune Almanac 1891; sum (Rep 15 + Dem 35); joint check 50+100=150
Indiana,1901,house,100,https://archive.org/details/vol1901tribuneal00unse,Sum of the party division printed in the Tribune Almanac's 'Legislature of 1901' table; Senate+House reconciles to the printed joint-ballot total. May undercount seats vacant at the time of counting.
Indiana,1901,senate,50,https://archive.org/details/vol1901tribuneal00unse,Sum of the party division printed in the Tribune Almanac's 'Legislature of 1901' table; Senate+House reconciles to the printed joint-ballot total. May undercount seats vacant at the time of counting.
Indiana,1911,house,100,https://archive.org/details/vol1911tribuneal00unse,Tribune Almanac 1911; sum (Rep 40 + Dem 60)
Indiana,1911,senate,50,https://archive.org/details/vol1911tribuneal00unse,Tribune Almanac 1911; sum (Rep 20 + Dem 30); joint check 50+100=150
Indiana,1937,house,100,https://dataverse.harvard.edu/dataset.xhtml?persistentId=hdl:1902.1/20403,"Klarner State Partisan Balance Data, variables sen_tot_in_sess / hs_tot_in_sess (total seats in the chamber that session)."
Indiana,1937,senate,50,https://dataverse.harvard.edu/dataset.xhtml?persistentId=hdl:1902.1/20403,"Klarner State Partisan Balance Data, variables sen_tot_in_sess / hs_tot_in_sess (total seats in the chamber that session)."
Indiana,1940,house,100,https://dataverse.harvard.edu/dataset.xhtml?persistentId=hdl:1902.1/20403,"Klarner State Partisan Balance Data, variables sen_tot_in_sess / hs_tot_in_sess (total seats in the chamber that session)."
Indiana,1940,senate,50,https://dataverse.harvard.edu/dataset.xhtml?persistentId=hdl:1902.1/20403,"Klarner State Partisan Balance Data, variables sen_tot_in_sess / hs_tot_in_sess (total seats in the chamber that session)."
Indiana,1950,house,100,https://dataverse.harvard.edu/dataset.xhtml?persistentId=hdl:1902.1/20403,"Klarner State Partisan Balance Data, variables sen_tot_in_sess / hs_tot_in_sess (total seats in the chamber that session)."
Indiana,1950,senate,50,https://dataverse.harvard.edu/dataset.xhtml?persistentId=hdl:1902.1/20403,"Klarner State Partisan Balance Data, variables sen_tot_in_sess / hs_tot_in_sess (total seats in the chamber that session)."
Indiana,1960,house,100,https://dataverse.harvard.edu/dataset.xhtml?persistentId=hdl:1902.1/20403,"Klarner State Partisan Balance Data, variables sen_tot_in_sess / hs_tot_in_sess (total seats in the chamber that session)."
Indiana,1960,senate,50,https://dataverse.harvard.edu/dataset.xhtml?persistentId=hdl:1902.1/20403,"Klarner State Partisan Balance Data, variables sen_tot_in_sess / hs_tot_in_sess (total seats in the chamber that session)."
Indiana,1970,house,100,https://dataverse.harvard.edu/dataset.xhtml?persistentId=hdl:1902.1/20403,"Klarner State Partisan Balance Data, variables sen_tot_in_sess / hs_tot_in_sess (total seats in the chamber that session)."
Indiana,1970,senate,50,https://dataverse.harvard.edu/dataset.xhtml?persistentId=hdl:1902.1/20403,"Klarner State Partisan Balance Data, variables sen_tot_in_sess / hs_tot_in_sess (total seats in the chamber that session)."
Indiana,1980,house,100,https://dataverse.harvard.edu/dataset.xhtml?persistentId=hdl:1902.1/20403,"Klarner State Partisan Balance Data, variables sen_tot_in_sess / hs_tot_in_sess (total seats in the chamber that session)."
Indiana,1980,senate,50,https://dataverse.harvard.edu/dataset.xhtml?persistentId=hdl:1902.1/20403,"Klarner State Partisan Balance Data, variables sen_tot_in_sess / hs_tot_in_sess (total seats in the chamber that session)."
Indiana,1990,house,100,https://dataverse.harvard.edu/dataset.xhtml?persistentId=hdl:1902.1/20403,"Klarner State Partisan Balance Data, variables sen_tot_in_sess / hs_tot_in_sess (total seats in the chamber that session)."
Indiana,1990,senate,50,https://dataverse.harvard.edu/dataset.xhtml?persistentId=hdl:1902.1/20403,"Klarner State Partisan Balance Data, variables sen_tot_in_sess / hs_tot_in_sess (total seats in the chamber that session)."
Indiana,2000,house,100,https://dataverse.harvard.edu/dataset.xhtml?persistentId=hdl:1902.1/20403,"Klarner State Partisan Balance Data, variables sen_tot_in_sess / hs_tot_in_sess (total seats in the chamber that session)."
Indiana,2000,senate,50,https://dataverse.harvard.edu/dataset.xhtml?persistentId=hdl:1902.1/20403,"Klarner State Partisan Balance Data, variables sen_tot_in_sess / hs_tot_in_sess (total seats in the chamber that session)."
Indiana,2010,house,100,https://dataverse.harvard.edu/dataset.xhtml?persistentId=hdl:1902.1/20403,"Klarner State Partisan Balance Data, variables sen_tot_in_sess / hs_tot_in_sess (total seats in the chamber that session)."
Indiana,2010,senate,50,https://dataverse.harvard.edu/dataset.xhtml?persistentId=hdl:1902.1/20403,"Klarner State Partisan Balance Data, variables sen_tot_in_sess / hs_tot_in_sess (total seats in the chamber that session)."
Indiana,2011,house,100,https://dataverse.harvard.edu/dataset.xhtml?persistentId=hdl:1902.1/20403,"Klarner State Partisan Balance Data, variables sen_tot_in_sess / hs_tot_in_sess (total seats in the chamber that session)."
Indiana,2011,senate,50,https://dataverse.harvard.edu/dataset.xhtml?persistentId=hdl:1902.1/20403,"Klarner State Partisan Balance Data, variables sen_tot_in_sess / hs_tot_in_sess (total seats in the chamber that session)."
Indiana,2026,house,100,https://www.ncsl.org/resources/details/number-of-legislators-and-length-of-terms-in-years,"NCSL current chamber sizes, retrieved 2026-09-23. Sizes have been unchanged since 2011 except New York (Senate 62->63) and Wyoming (30/60 -> 31/62)."
Indiana,2026,senate,50,https://www.ncsl.org/resources/details/number-of-legislators-and-length-of-terms-in-years,"NCSL current chamber sizes, retrieved 2026-09-23. Sizes have been unchanged since 2011 except New York (Senate 62->63) and Wyoming (30/60 -> 31/62)."
Iowa,1872,house,100,https://archive.org/details/vol1872tribuneal00unse,Tribune Almanac 1872; sum (Rep 78 + Dem 22)
Iowa,1872,senate,50,https://archive.org/details/vol1872tribuneal00unse,"Tribune Almanac 1872 ""Legislature 1872""; sum (Rep 42 + Dem 8); joint check 50+100=150; matches World Almanac 1873"
Iowa,1889,house,100,https://archive.org/details/vol1891tribuneal00unse,Tribune Almanac 1891; sum (Rep 50 + Dem 45 + Ind 4 + Un Labor 1)
Iowa,1889,senate,50,https://archive.org/details/vol1891tribuneal00unse,Tribune Almanac 1891 LEGISLATURE 1889 column; sum (Rep 28 + Dem 20 + Ind 1 + Un Labor 1); joint check 50+100=150
Iowa,1901,house,100,https://archive.org/details/vol1901tribuneal00unse,Sum of the party division printed in the Tribune Almanac's 'Legislature of 1901' table; Senate+House reconciles to the printed joint-ballot total. May undercount seats vacant at the time of counting. Confirmed against the page scan tribune1901-leaf331.jpg.
Iowa,1901,senate,50,https://archive.org/details/vol1901tribuneal00unse,Sum of the party division printed in the Tribune Almanac's 'Legislature of 1901' table; Senate+House reconciles to the printed joint-ballot total. May undercount seats vacant at the time of counting. Confirmed against the page scan tribune1901-leaf331.jpg.
Iowa,1911,house,108,https://archive.org/details/vol1911tribuneal00unse,Tribune Almanac 1911; sum (Rep 71 + Dem 37)
Iowa,1911,senate,50,https://archive.org/details/vol1911tribuneal00unse,Tribune Almanac 1911; sum (Rep 34 + Dem 16); joint check 50+108=158
Iowa,1937,house,108,https://dataverse.harvard.edu/dataset.xhtml?persistentId=hdl:1902.1/20403,"Klarner State Partisan Balance Data, variables sen_tot_in_sess / hs_tot_in_sess (total seats in the chamber that session)."
Iowa,1937,senate,50,https://dataverse.harvard.edu/dataset.xhtml?persistentId=hdl:1902.1/20403,"Klarner State Partisan Balance Data, variables sen_tot_in_sess / hs_tot_in_sess (total seats in the chamber that session)."
Iowa,1940,house,108,https://dataverse.harvard.edu/dataset.xhtml?persistentId=hdl:1902.1/20403,"Klarner State Partisan Balance Data, variables sen_tot_in_sess / hs_tot_in_sess (total seats in the chamber that session)."
Iowa,1940,senate,50,https://dataverse.harvard.edu/dataset.xhtml?persistentId=hdl:1902.1/20403,"Klarner State Partisan Balance Data, variables sen_tot_in_sess / hs_tot_in_sess (total seats in the chamber that session)."
Iowa,1950,house,108,https://dataverse.harvard.edu/dataset.xhtml?persistentId=hdl:1902.1/20403,"Klarner State Partisan Balance Data, variables sen_tot_in_sess / hs_tot_in_sess (total seats in the chamber that session)."
Iowa,1950,senate,50,https://dataverse.harvard.edu/dataset.xhtml?persistentId=hdl:1902.1/20403,"Klarner State Partisan Balance Data, variables sen_tot_in_sess / hs_tot_in_sess (total seats in the chamber that session)."
Iowa,1960,house,108,https://dataverse.harvard.edu/dataset.xhtml?persistentId=hdl:1902.1/20403,"Klarner State Partisan Balance Data, variables sen_tot_in_sess / hs_tot_in_sess (total seats in the chamber that session)."
Iowa,1960,senate,50,https://dataverse.harvard.edu/dataset.xhtml?persistentId=hdl:1902.1/20403,"Klarner State Partisan Balance Data, variables sen_tot_in_sess / hs_tot_in_sess (total seats in the chamber that session)."
Iowa,1970,house,124,https://dataverse.harvard.edu/dataset.xhtml?persistentId=hdl:1902.1/20403,"Klarner State Partisan Balance Data, variables sen_tot_in_sess / hs_tot_in_sess (total seats in the chamber that session)."
Iowa,1970,senate,61,https://dataverse.harvard.edu/dataset.xhtml?persistentId=hdl:1902.1/20403,"Klarner State Partisan Balance Data, variables sen_tot_in_sess / hs_tot_in_sess (total seats in the chamber that session)."
Iowa,1980,house,100,https://dataverse.harvard.edu/dataset.xhtml?persistentId=hdl:1902.1/20403,"Klarner State Partisan Balance Data, variables sen_tot_in_sess / hs_tot_in_sess (total seats in the chamber that session)."
Iowa,1980,senate,50,https://dataverse.harvard.edu/dataset.xhtml?persistentId=hdl:1902.1/20403,"Klarner State Partisan Balance Data, variables sen_tot_in_sess / hs_tot_in_sess (total seats in the chamber that session)."
Iowa,1990,house,100,https://dataverse.harvard.edu/dataset.xhtml?persistentId=hdl:1902.1/20403,"Klarner State Partisan Balance Data, variables sen_tot_in_sess / hs_tot_in_sess (total seats in the chamber that session)."
Iowa,1990,senate,50,https://dataverse.harvard.edu/dataset.xhtml?persistentId=hdl:1902.1/20403,"Klarner State Partisan Balance Data, variables sen_tot_in_sess / hs_tot_in_sess (total seats in the chamber that session)."
Iowa,2000,house,100,https://dataverse.harvard.edu/dataset.xhtml?persistentId=hdl:1902.1/20403,"Klarner State Partisan Balance Data, variables sen_tot_in_sess / hs_tot_in_sess (total seats in the chamber that session)."
Iowa,2000,senate,50,https://dataverse.harvard.edu/dataset.xhtml?persistentId=hdl:1902.1/20403,"Klarner State Partisan Balance Data, variables sen_tot_in_sess / hs_tot_in_sess (total seats in the chamber that session)."
Iowa,2010,house,100,https://dataverse.harvard.edu/dataset.xhtml?persistentId=hdl:1902.1/20403,"Klarner State Partisan Balance Data, variables sen_tot_in_sess / hs_tot_in_sess (total seats in the chamber that session)."
Iowa,2010,senate,50,https://dataverse.harvard.edu/dataset.xhtml?persistentId=hdl:1902.1/20403,"Klarner State Partisan Balance Data, variables sen_tot_in_sess / hs_tot_in_sess (total seats in the chamber that session)."
Iowa,2011,house,100,https://dataverse.harvard.edu/dataset.xhtml?persistentId=hdl:1902.1/20403,"Klarner State Partisan Balance Data, variables sen_tot_in_sess / hs_tot_in_sess (total seats in the chamber that session)."
Iowa,2011,senate,50,https://dataverse.harvard.edu/dataset.xhtml?persistentId=hdl:1902.1/20403,"Klarner State Partisan Balance Data, variables sen_tot_in_sess / hs_tot_in_sess (total seats in the chamber that session)."
Iowa,2026,house,100,https://www.ncsl.org/resources/details/number-of-legislators-and-length-of-terms-in-years,"NCSL current chamber sizes, retrieved 2026-09-23. Sizes have been unchanged since 2011 except New York (Senate 62->63) and Wyoming (30/60 -> 31/62)."
Iowa,2026,senate,50,https://www.ncsl.org/resources/details/number-of-legislators-and-length-of-terms-in-years,"NCSL current chamber sizes, retrieved 2026-09-23. Sizes have been unchanged since 2011 except New York (Senate 62->63) and Wyoming (30/60 -> 31/62)."
Kansas,1871,house,93,https://archive.org/details/worldalmanac18721873newy,World Almanac 1872; sum (Rep 75 + Dem 18)
Kansas,1871,senate,25,https://archive.org/details/worldalmanac18721873newy,World Almanac 1872; Republicans 25 and no Democrats listed; joint check 25+93=118
Kansas,1901,house,124,https://archive.org/details/vol1901tribuneal00unse,Sum of the party division printed in the Tribune Almanac's 'Legislature of 1901' table; Senate+House reconciles to the printed joint-ballot total. May undercount seats vacant at the time of counting. Read from the page scan tribune1901-leaf332.jpg (printed p.329).
Kansas,1901,senate,40,https://archive.org/details/vol1901tribuneal00unse,Sum of the party division printed in the Tribune Almanac's 'Legislature of 1901' table; Senate+House reconciles to the printed joint-ballot total. May undercount seats vacant at the time of counting. Read from the page scan tribune1901-leaf332.jpg (printed p.329).
Kansas,1909,house,125,https://archive.org/details/vol1910tribuneal00unse,Tribune Almanac 1910; sum (Rep 83 + Dem 40 + Ind 2)
Kansas,1909,senate,40,https://archive.org/details/vol1910tribuneal00unse,"Tribune Almanac 1910 ""Legislature of 1909-10""; sum (Rep 34 + Dem 6); joint check 40+125=165"
Kansas,1937,house,125,https://dataverse.harvard.edu/dataset.xhtml?persistentId=hdl:1902.1/20403,"Klarner State Partisan Balance Data, variables sen_tot_in_sess / hs_tot_in_sess (total seats in the chamber that session)."
Kansas,1937,senate,40,https://dataverse.harvard.edu/dataset.xhtml?persistentId=hdl:1902.1/20403,"Klarner State Partisan Balance Data, variables sen_tot_in_sess / hs_tot_in_sess (total seats in the chamber that session)."
Kansas,1940,house,125,https://dataverse.harvard.edu/dataset.xhtml?persistentId=hdl:1902.1/20403,"Klarner State Partisan Balance Data, variables sen_tot_in_sess / hs_tot_in_sess (total seats in the chamber that session)."
Kansas,1940,senate,40,https://dataverse.harvard.edu/dataset.xhtml?persistentId=hdl:1902.1/20403,"Klarner State Partisan Balance Data, variables sen_tot_in_sess / hs_tot_in_sess (total seats in the chamber that session)."
Kansas,1950,house,125,https://dataverse.harvard.edu/dataset.xhtml?persistentId=hdl:1902.1/20403,"Klarner State Partisan Balance Data, variables sen_tot_in_sess / hs_tot_in_sess (total seats in the chamber that session)."
Kansas,1950,senate,40,https://dataverse.harvard.edu/dataset.xhtml?persistentId=hdl:1902.1/20403,"Klarner State Partisan Balance Data, variables sen_tot_in_sess / hs_tot_in_sess (total seats in the chamber that session)."
Kansas,1960,house,125,https://dataverse.harvard.edu/dataset.xhtml?persistentId=hdl:1902.1/20403,"Klarner State Partisan Balance Data, variables sen_tot_in_sess / hs_tot_in_sess (total seats in the chamber that session)."
Kansas,1960,senate,40,https://dataverse.harvard.edu/dataset.xhtml?persistentId=hdl:1902.1/20403,"Klarner State Partisan Balance Data, variables sen_tot_in_sess / hs_tot_in_sess (total seats in the chamber that session)."
Kansas,1970,house,125,https://dataverse.harvard.edu/dataset.xhtml?persistentId=hdl:1902.1/20403,"Klarner State Partisan Balance Data, variables sen_tot_in_sess / hs_tot_in_sess (total seats in the chamber that session)."
Kansas,1970,senate,40,https://dataverse.harvard.edu/dataset.xhtml?persistentId=hdl:1902.1/20403,"Klarner State Partisan Balance Data, variables sen_tot_in_sess / hs_tot_in_sess (total seats in the chamber that session)."
Kansas,1980,house,125,https://dataverse.harvard.edu/dataset.xhtml?persistentId=hdl:1902.1/20403,"Klarner State Partisan Balance Data, variables sen_tot_in_sess / hs_tot_in_sess (total seats in the chamber that session)."
Kansas,1980,senate,40,https://dataverse.harvard.edu/dataset.xhtml?persistentId=hdl:1902.1/20403,"Klarner State Partisan Balance Data, variables sen_tot_in_sess / hs_tot_in_sess (total seats in the chamber that session)."
Kansas,1990,house,125,https://dataverse.harvard.edu/dataset.xhtml?persistentId=hdl:1902.1/20403,"Klarner State Partisan Balance Data, variables sen_tot_in_sess / hs_tot_in_sess (total seats in the chamber that session)."
Kansas,1990,senate,40,https://dataverse.harvard.edu/dataset.xhtml?persistentId=hdl:1902.1/20403,"Klarner State Partisan Balance Data, variables sen_tot_in_sess / hs_tot_in_sess (total seats in the chamber that session)."
Kansas,2000,house,125,https://dataverse.harvard.edu/dataset.xhtml?persistentId=hdl:1902.1/20403,"Klarner State Partisan Balance Data, variables sen_tot_in_sess / hs_tot_in_sess (total seats in the chamber that session)."
Kansas,2000,senate,40,https://dataverse.harvard.edu/dataset.xhtml?persistentId=hdl:1902.1/20403,"Klarner State Partisan Balance Data, variables sen_tot_in_sess / hs_tot_in_sess (total seats in the chamber that session)."
Kansas,2010,house,125,https://dataverse.harvard.edu/dataset.xhtml?persistentId=hdl:1902.1/20403,"Klarner State Partisan Balance Data, variables sen_tot_in_sess / hs_tot_in_sess (total seats in the chamber that session)."
Kansas,2010,senate,40,https://dataverse.harvard.edu/dataset.xhtml?persistentId=hdl:1902.1/20403,"Klarner State Partisan Balance Data, variables sen_tot_in_sess / hs_tot_in_sess (total seats in the chamber that session)."
Kansas,2011,house,125,https://dataverse.harvard.edu/dataset.xhtml?persistentId=hdl:1902.1/20403,"Klarner State Partisan Balance Data, variables sen_tot_in_sess / hs_tot_in_sess (total seats in the chamber that session)."
Kansas,2011,senate,40,https://dataverse.harvard.edu/dataset.xhtml?persistentId=hdl:1902.1/20403,"Klarner State Partisan Balance Data, variables sen_tot_in_sess / hs_tot_in_sess (total seats in the chamber that session)."
Kansas,2026,house,125,https://www.ncsl.org/resources/details/number-of-legislators-and-length-of-terms-in-years,"NCSL current chamber sizes, retrieved 2026-09-23. Sizes have been unchanged since 2011 except New York (Senate 62->63) and Wyoming (30/60 -> 31/62)."
Kansas,2026,senate,40,https://www.ncsl.org/resources/details/number-of-legislators-and-length-of-terms-in-years,"NCSL current chamber sizes, retrieved 2026-09-23. Sizes have been unchanged since 2011 except New York (Senate 62->63) and Wyoming (30/60 -> 31/62)."
Kentucky,1800,senate,24,https://archive.org/download/federalstatecons03thor/federalstatecons03thor_djvu.txt,Constitution of 1799 Art. II Sec. 11 (Thorpe vol. 3): 'The senate shall consist of twenty-four members at least; and for every three members above fifty-eight; which shall be added to the house of representatives; one member shall be added to the senate.' 24 is the constitutional floor; the 1799 constitution took effect June 1; 1800. Actual seated number not verified.
Kentucky,1831,house,100,https://archive.org/details/americanalmanacr1832bost/page/n297,Read from American Almanac for 1832 p.274 table of Senators and Representatives; figures describe the 1831 legislatures.
Kentucky,1831,senate,38,https://archive.org/details/americanalmanacr1832bost/page/n297,Read from American Almanac for 1832 p.274 table of Senators and Representatives; figures describe the 1831 legislatures.
Kentucky,1832,house,100,https://archive.org/details/americanalmanacr00unguat/page/n260,"Read from the page scan americanalmanac-1833-leaf260.jpg: American Almanac for 1833 p.233, 'Table exhibiting ... the Number of Senators and Representatives ...'. Every row's Senators+Representatives equals the printed Total column. Figures describe the 1832 legislatures."
Kentucky,1832,senate,38,https://archive.org/details/americanalmanacr00unguat/page/n260,"Read from the page scan americanalmanac-1833-leaf260.jpg: American Almanac for 1833 p.233, 'Table exhibiting ... the Number of Senators and Representatives ...'. Every row's Senators+Representatives equals the printed Total column. Figures describe the 1832 legislatures."
Kentucky,1871,house,100,https://archive.org/details/worldalmanac18721873newy,World Almanac 1872; sum (Dem 88 + Rep 12)
Kentucky,1871,senate,38,https://archive.org/details/worldalmanac18721873newy,World Almanac 1872; sum (Dem 35 + Rep 3); joint check 38+100=138
Kentucky,1889,house,100,https://archive.org/details/vol1891tribuneal00unse,Tribune Almanac 1891; sum (Rep 14 + Dem 86)
Kentucky,1889,senate,38,https://archive.org/details/vol1891tribuneal00unse,Tribune Almanac 1891 LEGISLATURE 1889 column; sum (Rep 7 + Dem 31); joint check 38+100=138
Kentucky,1901,house,100,https://archive.org/details/vol1901tribuneal00unse,Sum of the party division printed in the Tribune Almanac's 'Legislature of 1901' table; Senate+House reconciles to the printed joint-ballot total. May undercount seats vacant at the time of counting.
Kentucky,1901,senate,38,https://archive.org/details/vol1901tribuneal00unse,Sum of the party division printed in the Tribune Almanac's 'Legislature of 1901' table; Senate+House reconciles to the printed joint-ballot total. May undercount seats vacant at the time of counting.
Kentucky,1910,house,100,https://archive.org/details/vol1910tribuneal00unse,Tribune Almanac 1910; sum (Rep 28 + Dem 72)
Kentucky,1910,senate,38,https://archive.org/details/vol1910tribuneal00unse,"Tribune Almanac 1910 ""Legislature of 1910-11""; sum (Rep 12 + Dem 26); joint check 38+100=138"
Kentucky,1937,house,100,https://dataverse.harvard.edu/dataset.xhtml?persistentId=hdl:1902.1/20403,"Klarner State Partisan Balance Data, variables sen_tot_in_sess / hs_tot_in_sess (total seats in the chamber that session)."
Kentucky,1937,senate,38,https://dataverse.harvard.edu/dataset.xhtml?persistentId=hdl:1902.1/20403,"Klarner State Partisan Balance Data, variables sen_tot_in_sess / hs_tot_in_sess (total seats in the chamber that session)."
Kentucky,1940,house,100,https://dataverse.harvard.edu/dataset.xhtml?persistentId=hdl:1902.1/20403,"Klarner State Partisan Balance Data, variables sen_tot_in_sess / hs_tot_in_sess (total seats in the chamber that session)."
Kentucky,1940,senate,38,https://dataverse.harvard.edu/dataset.xhtml?persistentId=hdl:1902.1/20403,"Klarner State Partisan Balance Data, variables sen_tot_in_sess / hs_tot_in_sess (total seats in the chamber that session)."
Kentucky,1950,house,100,https://dataverse.harvard.edu/dataset.xhtml?persistentId=hdl:1902.1/20403,"Klarner State Partisan Balance Data, variables sen_tot_in_sess / hs_tot_in_sess (total seats in the chamber that session)."
Kentucky,1950,senate,38,https://dataverse.harvard.edu/dataset.xhtml?persistentId=hdl:1902.1/20403,"Klarner State Partisan Balance Data, variables sen_tot_in_sess / hs_tot_in_sess (total seats in the chamber that session)."
Kentucky,1960,house,100,https://dataverse.harvard.edu/dataset.xhtml?persistentId=hdl:1902.1/20403,"Klarner State Partisan Balance Data, variables sen_tot_in_sess / hs_tot_in_sess (total seats in the chamber that session)."
Kentucky,1960,senate,38,https://dataverse.harvard.edu/dataset.xhtml?persistentId=hdl:1902.1/20403,"Klarner State Partisan Balance Data, variables sen_tot_in_sess / hs_tot_in_sess (total seats in the chamber that session)."
Kentucky,1970,house,100,https://dataverse.harvard.edu/dataset.xhtml?persistentId=hdl:1902.1/20403,"Klarner State Partisan Balance Data, variables sen_tot_in_sess / hs_tot_in_sess (total seats in the chamber that session)."
Kentucky,1970,senate,38,https://dataverse.harvard.edu/dataset.xhtml?persistentId=hdl:1902.1/20403,"Klarner State Partisan Balance Data, variables sen_tot_in_sess / hs_tot_in_sess (total seats in the chamber that session)."
Kentucky,1980,house,100,https://dataverse.harvard.edu/dataset.xhtml?persistentId=hdl:1902.1/20403,"Klarner State Partisan Balance Data, variables sen_tot_in_sess / hs_tot_in_sess (total seats in the chamber that session)."
Kentucky,1980,senate,38,https://dataverse.harvard.edu/dataset.xhtml?persistentId=hdl:1902.1/20403,"Klarner State Partisan Balance Data, variables sen_tot_in_sess / hs_tot_in_sess (total seats in the chamber that session)."
Kentucky,1990,house,100,https://dataverse.harvard.edu/dataset.xhtml?persistentId=hdl:1902.1/20403,"Klarner State Partisan Balance Data, variables sen_tot_in_sess / hs_tot_in_sess (total seats in the chamber that session)."
Kentucky,1990,senate,38,https://dataverse.harvard.edu/dataset.xhtml?persistentId=hdl:1902.1/20403,"Klarner State Partisan Balance Data, variables sen_tot_in_sess / hs_tot_in_sess (total seats in the chamber that session)."
Kentucky,2000,house,100,https://dataverse.harvard.edu/dataset.xhtml?persistentId=hdl:1902.1/20403,"Klarner State Partisan Balance Data, variables sen_tot_in_sess / hs_tot_in_sess (total seats in the chamber that session)."
Kentucky,2000,senate,38,https://dataverse.harvard.edu/dataset.xhtml?persistentId=hdl:1902.1/20403,"Klarner State Partisan Balance Data, variables sen_tot_in_sess / hs_tot_in_sess (total seats in the chamber that session)."
Kentucky,2010,house,100,https://dataverse.harvard.edu/dataset.xhtml?persistentId=hdl:1902.1/20403,"Klarner State Partisan Balance Data, variables sen_tot_in_sess / hs_tot_in_sess (total seats in the chamber that session)."
Kentucky,2010,senate,38,https://dataverse.harvard.edu/dataset.xhtml?persistentId=hdl:1902.1/20403,"Klarner State Partisan Balance Data, variables sen_tot_in_sess / hs_tot_in_sess (total seats in the chamber that session)."
Kentucky,2011,house,100,https://dataverse.harvard.edu/dataset.xhtml?persistentId=hdl:1902.1/20403,"Klarner State Partisan Balance Data, variables sen_tot_in_sess / hs_tot_in_sess (total seats in the chamber that session)."
Kentucky,2011,senate,38,https://dataverse.harvard.edu/dataset.xhtml?persistentId=hdl:1902.1/20403,"Klarner State Partisan Balance Data, variables sen_tot_in_sess / hs_tot_in_sess (total seats in the chamber that session)."
Kentucky,2026,house,100,https://www.ncsl.org/resources/details/number-of-legislators-and-length-of-terms-in-years,"NCSL current chamber sizes, retrieved 2026-09-23. Sizes have been unchanged since 2011 except New York (Senate 62->63) and Wyoming (30/60 -> 31/62)."
Kentucky,2026,senate,38,https://www.ncsl.org/resources/details/number-of-legislators-and-length-of-terms-in-years,"NCSL current chamber sizes, retrieved 2026-09-23. Sizes have been unchanged since 2011 except New York (Senate 62->63) and Wyoming (30/60 -> 31/62)."
Louisiana,1820,senate,14,https://archive.org/download/federalstatecons03thor/federalstatecons03thor_djvu.txt,Constitution of 1812 Art. II Sec. 10 (Thorpe vol. 3): 'The State shall be divided in fourteen senatorial districts; which shall forever remain indivisible ... and each district shall elect a Senator.' Fixed at 14. The House was a range: Sec. 6 'not be less than twenty five nor more than fifty'.
Louisiana,1831,house,50,https://archive.org/details/americanalmanacr1832bost/page/n297,Read from American Almanac for 1832 p.274 table of Senators and Representatives; figures describe the 1831 legislatures.
Louisiana,1831,senate,17,https://archive.org/details/americanalmanacr1832bost/page/n297,Read from American Almanac for 1832 p.274 table of Senators and Representatives; figures describe the 1831 legislatures.
Louisiana,1832,house,50,https://archive.org/details/americanalmanacr00unguat/page/n260,"Read from the page scan americanalmanac-1833-leaf260.jpg: American Almanac for 1833 p.233, 'Table exhibiting ... the Number of Senators and Representatives ...'. Every row's Senators+Representatives equals the printed Total column. Figures describe the 1832 legislatures."
Louisiana,1832,senate,17,https://archive.org/details/americanalmanacr00unguat/page/n260,"Read from the page scan americanalmanac-1833-leaf260.jpg: American Almanac for 1833 p.233, 'Table exhibiting ... the Number of Senators and Representatives ...'. Every row's Senators+Representatives equals the printed Total column. Figures describe the 1832 legislatures."
Louisiana,1871,house,104,https://archive.org/details/worldalmanac18721873newy,World Almanac 1872; sum (Rep 75 + Dem 29)
Louisiana,1871,senate,36,https://archive.org/details/worldalmanac18721873newy,World Almanac 1872; sum (Rep 30 + Dem 6); joint check 36+104=140
Louisiana,1901,house,114,https://archive.org/details/vol1901tribuneal00unse,Sum of the party division printed in the Tribune Almanac's 'Legislature of 1901' table; Senate+House reconciles to the printed joint-ballot total. May undercount seats vacant at the time of counting.
Louisiana,1901,senate,39,https://archive.org/details/vol1901tribuneal00unse,Sum of the party division printed in the Tribune Almanac's 'Legislature of 1901' table; Senate+House reconciles to the printed joint-ballot total. May undercount seats vacant at the time of counting.
Louisiana,1910,house,114,https://archive.org/details/vol1910tribuneal00unse,Tribune Almanac 1910; all Democratic; joint ballot 153
Louisiana,1910,senate,39,https://archive.org/details/vol1910tribuneal00unse,"Tribune Almanac 1910 ""Legislature of 1908-12""; all Democratic 39 / 114 / 153"
Louisiana,1937,house,101,https://dataverse.harvard.edu/dataset.xhtml?persistentId=hdl:1902.1/20403,"Klarner State Partisan Balance Data, variables sen_tot_in_sess / hs_tot_in_sess (total seats in the chamber that session)."
Louisiana,1937,senate,39,https://dataverse.harvard.edu/dataset.xhtml?persistentId=hdl:1902.1/20403,"Klarner State Partisan Balance Data, variables sen_tot_in_sess / hs_tot_in_sess (total seats in the chamber that session)."
Louisiana,1940,house,101,https://dataverse.harvard.edu/dataset.xhtml?persistentId=hdl:1902.1/20403,"Klarner State Partisan Balance Data, variables sen_tot_in_sess / hs_tot_in_sess (total seats in the chamber that session)."
Louisiana,1940,senate,39,https://dataverse.harvard.edu/dataset.xhtml?persistentId=hdl:1902.1/20403,"Klarner State Partisan Balance Data, variables sen_tot_in_sess / hs_tot_in_sess (total seats in the chamber that session)."
Louisiana,1950,house,101,https://dataverse.harvard.edu/dataset.xhtml?persistentId=hdl:1902.1/20403,"Klarner State Partisan Balance Data, variables sen_tot_in_sess / hs_tot_in_sess (total seats in the chamber that session)."
Louisiana,1950,senate,39,https://dataverse.harvard.edu/dataset.xhtml?persistentId=hdl:1902.1/20403,"Klarner State Partisan Balance Data, variables sen_tot_in_sess / hs_tot_in_sess (total seats in the chamber that session)."
Louisiana,1960,house,101,https://dataverse.harvard.edu/dataset.xhtml?persistentId=hdl:1902.1/20403,"Klarner State Partisan Balance Data, variables sen_tot_in_sess / hs_tot_in_sess (total seats in the chamber that session)."
Louisiana,1960,senate,39,https://dataverse.harvard.edu/dataset.xhtml?persistentId=hdl:1902.1/20403,"Klarner State Partisan Balance Data, variables sen_tot_in_sess / hs_tot_in_sess (total seats in the chamber that session)."
Louisiana,1970,house,105,https://dataverse.harvard.edu/dataset.xhtml?persistentId=hdl:1902.1/20403,"Klarner State Partisan Balance Data, variables sen_tot_in_sess / hs_tot_in_sess (total seats in the chamber that session)."
Louisiana,1970,senate,39,https://dataverse.harvard.edu/dataset.xhtml?persistentId=hdl:1902.1/20403,"Klarner State Partisan Balance Data, variables sen_tot_in_sess / hs_tot_in_sess (total seats in the chamber that session)."
Louisiana,1980,house,105,https://dataverse.harvard.edu/dataset.xhtml?persistentId=hdl:1902.1/20403,"Klarner State Partisan Balance Data, variables sen_tot_in_sess / hs_tot_in_sess (total seats in the chamber that session)."
Louisiana,1980,senate,39,https://dataverse.harvard.edu/dataset.xhtml?persistentId=hdl:1902.1/20403,"Klarner State Partisan Balance Data, variables sen_tot_in_sess / hs_tot_in_sess (total seats in the chamber that session)."
Louisiana,1990,house,105,https://dataverse.harvard.edu/dataset.xhtml?persistentId=hdl:1902.1/20403,"Klarner State Partisan Balance Data, variables sen_tot_in_sess / hs_tot_in_sess (total seats in the chamber that session)."
Louisiana,1990,senate,39,https://dataverse.harvard.edu/dataset.xhtml?persistentId=hdl:1902.1/20403,"Klarner State Partisan Balance Data, variables sen_tot_in_sess / hs_tot_in_sess (total seats in the chamber that session)."
Louisiana,2000,house,105,https://dataverse.harvard.edu/dataset.xhtml?persistentId=hdl:1902.1/20403,"Klarner State Partisan Balance Data, variables sen_tot_in_sess / hs_tot_in_sess (total seats in the chamber that session)."
Louisiana,2000,senate,39,https://dataverse.harvard.edu/dataset.xhtml?persistentId=hdl:1902.1/20403,"Klarner State Partisan Balance Data, variables sen_tot_in_sess / hs_tot_in_sess (total seats in the chamber that session)."
Louisiana,2010,house,105,https://dataverse.harvard.edu/dataset.xhtml?persistentId=hdl:1902.1/20403,"Klarner State Partisan Balance Data, variables sen_tot_in_sess / hs_tot_in_sess (total seats in the chamber that session)."
Louisiana,2010,senate,39,https://dataverse.harvard.edu/dataset.xhtml?persistentId=hdl:1902.1/20403,"Klarner State Partisan Balance Data, variables sen_tot_in_sess / hs_tot_in_sess (total seats in the chamber that session)."
Louisiana,2011,house,105,https://dataverse.harvard.edu/dataset.xhtml?persistentId=hdl:1902.1/20403,"Klarner State Partisan Balance Data, variables sen_tot_in_sess / hs_tot_in_sess (total seats in the chamber that session)."
Louisiana,2011,senate,39,https://dataverse.harvard.edu/dataset.xhtml?persistentId=hdl:1902.1/20403,"Klarner State Partisan Balance Data, variables sen_tot_in_sess / hs_tot_in_sess (total seats in the chamber that session)."
Louisiana,2026,house,105,https://www.ncsl.org/resources/details/number-of-legislators-and-length-of-terms-in-years,"NCSL current chamber sizes, retrieved 2026-09-23. Sizes have been unchanged since 2011 except New York (Senate 62->63) and Wyoming (30/60 -> 31/62)."
Louisiana,2026,senate,39,https://www.ncsl.org/resources/details/number-of-legislators-and-length-of-terms-in-years,"NCSL current chamber sizes, retrieved 2026-09-23. Sizes have been unchanged since 2011 except New York (Senate 62->63) and Wyoming (30/60 -> 31/62)."
Maine,1820,senate,20,https://archive.org/download/federalstatecons07thor/federalstatecons07thor_djvu.txt,Constitution of 1819 Art. IV Part Second Sec. 2 (Thorpe vol. 7; original 1819 text): 'The number of senators shall not exceed twenty at the first apportionment; and shall; at each apportionment; be increased until they shall amount to thirty-one'. Recorded as the constitutional cap at the first apportionment; not a counted roster. Sec. 1 gives the range 'not less than twenty nor more than thirty-one'. House was a range: 'not less than one hundred nor more than two hundred members'; first apportionment 'not less than one hundred nor more than one hundred and fifty' — no single number; not recorded.
Maine,1831,house,153,https://archive.org/details/americanalmanacr1832bost/page/n297,Read from American Almanac for 1832 p.274 table of Senators and Representatives; figures describe the 1831 legislatures.
Maine,1831,senate,20,https://archive.org/details/americanalmanacr1832bost/page/n297,Read from American Almanac for 1832 p.274 table of Senators and Representatives; figures describe the 1831 legislatures.
Maine,1832,house,186,https://archive.org/details/americanalmanacr00unguat/page/n260,"Read from the page scan americanalmanac-1833-leaf260.jpg: American Almanac for 1833 p.233, 'Table exhibiting ... the Number of Senators and Representatives ...'. Every row's Senators+Representatives equals the printed Total column. Figures describe the 1832 legislatures."
Maine,1832,senate,25,https://archive.org/details/americanalmanacr00unguat/page/n260,"Read from the page scan americanalmanac-1833-leaf260.jpg: American Almanac for 1833 p.233, 'Table exhibiting ... the Number of Senators and Representatives ...'. Every row's Senators+Representatives equals the printed Total column. Figures describe the 1832 legislatures."
Maine,1872,house,151,https://archive.org/details/vol1872tribuneal00unse,Tribune Almanac 1872; sum (Rep 112 + Dem 39); confirmed by World Almanac 1873
Maine,1872,senate,31,https://archive.org/details/vol1872tribuneal00unse,"Tribune Almanac 1872 ""Legislature 1872""; sum (Rep 26 + Dem 3 + vacancies 2); confirmed by World Almanac 1873"
Maine,1890,house,151,https://archive.org/details/vol1891tribuneal00unse,Tribune Almanac 1891; sum (Rep 110 + Dem 41)
Maine,1890,senate,31,https://archive.org/details/vol1891tribuneal00unse,Tribune Almanac 1891; sum (Rep 27 + Dem 4); joint check 31+151=182
Maine,1901,house,151,https://archive.org/details/vol1901tribuneal00unse,Sum of the party division printed in the Tribune Almanac's 'Legislature of 1901' table; Senate+House reconciles to the printed joint-ballot total. May undercount seats vacant at the time of counting.
Maine,1901,senate,31,https://archive.org/details/vol1901tribuneal00unse,Sum of the party division printed in the Tribune Almanac's 'Legislature of 1901' table; Senate+House reconciles to the printed joint-ballot total. May undercount seats vacant at the time of counting.
Maine,1909,house,151,https://archive.org/details/vol1910tribuneal00unse,Tribune Almanac 1910; sum (Rep 100 + Dem 51)
Maine,1909,senate,31,https://archive.org/details/vol1910tribuneal00unse,"Tribune Almanac 1910 ""Legislature of 1909-10""; sum (Rep 23 + Dem 8); joint check 31+151=182"
Maine,1937,house,151,https://dataverse.harvard.edu/dataset.xhtml?persistentId=hdl:1902.1/20403,"Klarner State Partisan Balance Data, variables sen_tot_in_sess / hs_tot_in_sess (total seats in the chamber that session)."
Maine,1937,senate,33,https://dataverse.harvard.edu/dataset.xhtml?persistentId=hdl:1902.1/20403,"Klarner State Partisan Balance Data, variables sen_tot_in_sess / hs_tot_in_sess (total seats in the chamber that session)."
Maine,1940,house,151,https://dataverse.harvard.edu/dataset.xhtml?persistentId=hdl:1902.1/20403,"Klarner State Partisan Balance Data, variables sen_tot_in_sess / hs_tot_in_sess (total seats in the chamber that session)."
Maine,1940,senate,33,https://dataverse.harvard.edu/dataset.xhtml?persistentId=hdl:1902.1/20403,"Klarner State Partisan Balance Data, variables sen_tot_in_sess / hs_tot_in_sess (total seats in the chamber that session)."
Maine,1950,house,151,https://dataverse.harvard.edu/dataset.xhtml?persistentId=hdl:1902.1/20403,"Klarner State Partisan Balance Data, variables sen_tot_in_sess / hs_tot_in_sess (total seats in the chamber that session)."
Maine,1950,senate,33,https://dataverse.harvard.edu/dataset.xhtml?persistentId=hdl:1902.1/20403,"Klarner State Partisan Balance Data, variables sen_tot_in_sess / hs_tot_in_sess (total seats in the chamber that session)."
Maine,1960,house,151,https://dataverse.harvard.edu/dataset.xhtml?persistentId=hdl:1902.1/20403,"Klarner State Partisan Balance Data, variables sen_tot_in_sess / hs_tot_in_sess (total seats in the chamber that session)."
Maine,1960,senate,33,https://dataverse.harvard.edu/dataset.xhtml?persistentId=hdl:1902.1/20403,"Klarner State Partisan Balance Data, variables sen_tot_in_sess / hs_tot_in_sess (total seats in the chamber that session)."
Maine,1970,house,151,https://dataverse.harvard.edu/dataset.xhtml?persistentId=hdl:1902.1/20403,"Klarner State Partisan Balance Data, variables sen_tot_in_sess / hs_tot_in_sess (total seats in the chamber that session)."
Maine,1970,senate,32,https://dataverse.harvard.edu/dataset.xhtml?persistentId=hdl:1902.1/20403,"Klarner State Partisan Balance Data, variables sen_tot_in_sess / hs_tot_in_sess (total seats in the chamber that session)."
Maine,1980,house,151,https://dataverse.harvard.edu/dataset.xhtml?persistentId=hdl:1902.1/20403,"Klarner State Partisan Balance Data, variables sen_tot_in_sess / hs_tot_in_sess (total seats in the chamber that session)."
Maine,1980,senate,33,https://dataverse.harvard.edu/dataset.xhtml?persistentId=hdl:1902.1/20403,"Klarner State Partisan Balance Data, variables sen_tot_in_sess / hs_tot_in_sess (total seats in the chamber that session)."
Maine,1990,house,151,https://dataverse.harvard.edu/dataset.xhtml?persistentId=hdl:1902.1/20403,"Klarner State Partisan Balance Data, variables sen_tot_in_sess / hs_tot_in_sess (total seats in the chamber that session)."
Maine,1990,senate,35,https://dataverse.harvard.edu/dataset.xhtml?persistentId=hdl:1902.1/20403,"Klarner State Partisan Balance Data, variables sen_tot_in_sess / hs_tot_in_sess (total seats in the chamber that session)."
Maine,2000,house,151,https://dataverse.harvard.edu/dataset.xhtml?persistentId=hdl:1902.1/20403,"Klarner State Partisan Balance Data, variables sen_tot_in_sess / hs_tot_in_sess (total seats in the chamber that session)."
Maine,2000,senate,35,https://dataverse.harvard.edu/dataset.xhtml?persistentId=hdl:1902.1/20403,"Klarner State Partisan Balance Data, variables sen_tot_in_sess / hs_tot_in_sess (total seats in the chamber that session)."
Maine,2010,house,151,https://dataverse.harvard.edu/dataset.xhtml?persistentId=hdl:1902.1/20403,"Klarner State Partisan Balance Data, variables sen_tot_in_sess / hs_tot_in_sess (total seats in the chamber that session)."
Maine,2010,senate,35,https://dataverse.harvard.edu/dataset.xhtml?persistentId=hdl:1902.1/20403,"Klarner State Partisan Balance Data, variables sen_tot_in_sess / hs_tot_in_sess (total seats in the chamber that session)."
Maine,2011,house,151,https://dataverse.harvard.edu/dataset.xhtml?persistentId=hdl:1902.1/20403,"Klarner State Partisan Balance Data, variables sen_tot_in_sess / hs_tot_in_sess (total seats in the chamber that session)."
Maine,2011,senate,35,https://dataverse.harvard.edu/dataset.xhtml?persistentId=hdl:1902.1/20403,"Klarner State Partisan Balance Data, variables sen_tot_in_sess / hs_tot_in_sess (total seats in the chamber that session)."
Maine,2026,house,151,https://www.ncsl.org/resources/details/number-of-legislators-and-length-of-terms-in-years,"NCSL current chamber sizes, retrieved 2026-09-23. Sizes have been unchanged since 2011 except New York (Senate 62->63) and Wyoming (30/60 -> 31/62)."
Maine,2026,senate,35,https://www.ncsl.org/resources/details/number-of-legislators-and-length-of-terms-in-years,"NCSL current chamber sizes, retrieved 2026-09-23. Sizes have been unchanged since 2011 except New York (Senate 62->63) and Wyoming (30/60 -> 31/62)."
Maryland,1790,senate,15,https://archive.org/download/federalstatecons03thor/federalstatecons03thor_djvu.txt,Constitution of 1776 Art. XV (Thorpe vol. 3): an electoral college shall 'elect; by ballot ... fifteen Senators (nine of whom to be residents on the western; and six to be residents on the eastern shore)'; chosen every fifth year. House of Delegates was four per county plus two for Annapolis and two for Baltimore town; no fixed total; not recorded.
Maryland,1800,senate,15,https://archive.org/download/federalstatecons03thor/federalstatecons03thor_djvu.txt,Constitution of 1776 Art. XV; 15 senators. See 1790 note.
Maryland,1810,senate,15,https://archive.org/download/federalstatecons03thor/federalstatecons03thor_djvu.txt,Constitution of 1776 Art. XV; 15 senators. See 1790 note.
Maryland,1820,senate,15,https://archive.org/download/federalstatecons03thor/federalstatecons03thor_djvu.txt,Constitution of 1776 Art. XV; 15 senators. See 1790 note.
Maryland,1831,house,80,https://archive.org/details/americanalmanacr1832bost/page/n297,Read from American Almanac for 1832 p.274 table of Senators and Representatives; figures describe the 1831 legislatures.
Maryland,1831,senate,15,https://archive.org/details/americanalmanacr1832bost/page/n297,Read from American Almanac for 1832 p.274 table of Senators and Representatives; figures describe the 1831 legislatures.
Maryland,1832,house,80,https://archive.org/details/americanalmanacr00unguat/page/n260,"Read from the page scan americanalmanac-1833-leaf260.jpg: American Almanac for 1833 p.233, 'Table exhibiting ... the Number of Senators and Representatives ...'. Every row's Senators+Representatives equals the printed Total column. Figures describe the 1832 legislatures."
Maryland,1832,senate,15,https://archive.org/details/americanalmanacr00unguat/page/n260,"Read from the page scan americanalmanac-1833-leaf260.jpg: American Almanac for 1833 p.233, 'Table exhibiting ... the Number of Senators and Representatives ...'. Every row's Senators+Representatives equals the printed Total column. Figures describe the 1832 legislatures."
Maryland,1871,house,82,https://archive.org/details/worldalmanac18721873newy,World Almanac 1872; chamber named House of Delegates; sum (Dem 70 + Rep 12)
Maryland,1871,senate,25,https://archive.org/details/worldalmanac18721873newy,World Almanac 1872; sum (Dem 24 + Rep 1); joint check 25+82=107
Maryland,1889,house,91,https://archive.org/details/vol1891tribuneal00unse,Tribune Almanac 1891; chamber named House of Delegates; sum (Rep 32 + Dem 59)
Maryland,1889,senate,26,https://archive.org/details/vol1891tribuneal00unse,Tribune Almanac 1891 LEGISLATURE 1889 column; sum (Rep 8 + Dem 18); joint check 26+91=117
Maryland,1901,house,91,https://archive.org/details/vol1901tribuneal00unse,Sum of the party division printed in the Tribune Almanac's 'Legislature of 1901' table; Senate+House reconciles to the printed joint-ballot total. May undercount seats vacant at the time of counting. Lower chamber is the House of Delegates.
Maryland,1901,senate,26,https://archive.org/details/vol1901tribuneal00unse,Sum of the party division printed in the Tribune Almanac's 'Legislature of 1901' table; Senate+House reconciles to the printed joint-ballot total. May undercount seats vacant at the time of counting. Lower chamber is the House of Delegates.
Maryland,1910,house,101,https://archive.org/details/vol1911tribuneal00unse,Tribune Almanac 1911; chamber named House of Delegates; sum (Rep 31 + Dem 70)
Maryland,1910,senate,27,https://archive.org/details/vol1911tribuneal00unse,"Tribune Almanac 1911 ""Legislature of 1910-11""; sum (Rep 6 + Dem 21); joint check 27+101=128"
Maryland,1940,house,120,https://dataverse.harvard.edu/dataset.xhtml?persistentId=hdl:1902.1/20403,"Klarner State Partisan Balance Data, variables sen_tot_in_sess / hs_tot_in_sess (total seats in the chamber that session)."
Maryland,1940,senate,29,https://dataverse.harvard.edu/dataset.xhtml?persistentId=hdl:1902.1/20403,"Klarner State Partisan Balance Data, variables sen_tot_in_sess / hs_tot_in_sess (total seats in the chamber that session)."
Maryland,1950,house,123,https://dataverse.harvard.edu/dataset.xhtml?persistentId=hdl:1902.1/20403,"Klarner State Partisan Balance Data, variables sen_tot_in_sess / hs_tot_in_sess (total seats in the chamber that session)."
Maryland,1950,senate,29,https://dataverse.harvard.edu/dataset.xhtml?persistentId=hdl:1902.1/20403,"Klarner State Partisan Balance Data, variables sen_tot_in_sess / hs_tot_in_sess (total seats in the chamber that session)."
Maryland,1960,house,123,https://dataverse.harvard.edu/dataset.xhtml?persistentId=hdl:1902.1/20403,"Klarner State Partisan Balance Data, variables sen_tot_in_sess / hs_tot_in_sess (total seats in the chamber that session)."
Maryland,1960,senate,29,https://dataverse.harvard.edu/dataset.xhtml?persistentId=hdl:1902.1/20403,"Klarner State Partisan Balance Data, variables sen_tot_in_sess / hs_tot_in_sess (total seats in the chamber that session)."
Maryland,1970,house,142,https://dataverse.harvard.edu/dataset.xhtml?persistentId=hdl:1902.1/20403,"Klarner State Partisan Balance Data, variables sen_tot_in_sess / hs_tot_in_sess (total seats in the chamber that session)."
Maryland,1970,senate,43,https://dataverse.harvard.edu/dataset.xhtml?persistentId=hdl:1902.1/20403,"Klarner State Partisan Balance Data, variables sen_tot_in_sess / hs_tot_in_sess (total seats in the chamber that session)."
Maryland,1980,house,141,https://dataverse.harvard.edu/dataset.xhtml?persistentId=hdl:1902.1/20403,"Klarner State Partisan Balance Data, variables sen_tot_in_sess / hs_tot_in_sess (total seats in the chamber that session)."
Maryland,1980,senate,47,https://dataverse.harvard.edu/dataset.xhtml?persistentId=hdl:1902.1/20403,"Klarner State Partisan Balance Data, variables sen_tot_in_sess / hs_tot_in_sess (total seats in the chamber that session)."
Maryland,1990,house,141,https://dataverse.harvard.edu/dataset.xhtml?persistentId=hdl:1902.1/20403,"Klarner State Partisan Balance Data, variables sen_tot_in_sess / hs_tot_in_sess (total seats in the chamber that session)."
Maryland,1990,senate,47,https://dataverse.harvard.edu/dataset.xhtml?persistentId=hdl:1902.1/20403,"Klarner State Partisan Balance Data, variables sen_tot_in_sess / hs_tot_in_sess (total seats in the chamber that session)."
Maryland,2000,house,141,https://dataverse.harvard.edu/dataset.xhtml?persistentId=hdl:1902.1/20403,"Klarner State Partisan Balance Data, variables sen_tot_in_sess / hs_tot_in_sess (total seats in the chamber that session)."
Maryland,2000,senate,47,https://dataverse.harvard.edu/dataset.xhtml?persistentId=hdl:1902.1/20403,"Klarner State Partisan Balance Data, variables sen_tot_in_sess / hs_tot_in_sess (total seats in the chamber that session)."
Maryland,2010,house,141,https://dataverse.harvard.edu/dataset.xhtml?persistentId=hdl:1902.1/20403,"Klarner State Partisan Balance Data, variables sen_tot_in_sess / hs_tot_in_sess (total seats in the chamber that session)."
Maryland,2010,senate,47,https://dataverse.harvard.edu/dataset.xhtml?persistentId=hdl:1902.1/20403,"Klarner State Partisan Balance Data, variables sen_tot_in_sess / hs_tot_in_sess (total seats in the chamber that session)."
Maryland,2011,house,141,https://dataverse.harvard.edu/dataset.xhtml?persistentId=hdl:1902.1/20403,"Klarner State Partisan Balance Data, variables sen_tot_in_sess / hs_tot_in_sess (total seats in the chamber that session)."
Maryland,2011,senate,47,https://dataverse.harvard.edu/dataset.xhtml?persistentId=hdl:1902.1/20403,"Klarner State Partisan Balance Data, variables sen_tot_in_sess / hs_tot_in_sess (total seats in the chamber that session)."
Maryland,2026,house,141,https://www.ncsl.org/resources/details/number-of-legislators-and-length-of-terms-in-years,"NCSL current chamber sizes, retrieved 2026-09-23. Sizes have been unchanged since 2011 except New York (Senate 62->63) and Wyoming (30/60 -> 31/62)."
Maryland,2026,senate,47,https://www.ncsl.org/resources/details/number-of-legislators-and-length-of-terms-in-years,"NCSL current chamber sizes, retrieved 2026-09-23. Sizes have been unchanged since 2011 except New York (Senate 62->63) and Wyoming (30/60 -> 31/62)."
Massachusetts,1790,senate,40,https://archive.org/download/federalstatecons03thor/federalstatecons03thor_djvu.txt,Constitution of 1780 Ch. I Sec. II Art. I (Thorpe vol. 3): 'forty persons to be councillors and senators' elected annually. Ch. II Sec. III Art. II then takes nine of these for the Governor's Council and provides 'the number of senators left shall constitute the senate for the year'; so the sitting Senate was fewer than 40. Also a range rule: districts never fewer than 13; no district to choose more than six senators. House was a per-town ratable-polls formula and is not recorded.
Massachusetts,1800,senate,40,https://archive.org/download/federalstatecons03thor/federalstatecons03thor_djvu.txt,Constitution of 1780; 40 elected as councillors and senators; nine removed to the Council. See 1790 note.
Massachusetts,1810,senate,40,https://archive.org/download/federalstatecons03thor/federalstatecons03thor_djvu.txt,Constitution of 1780; 40 elected as councillors and senators; nine removed to the Council. See 1790 note.
Massachusetts,1820,senate,40,https://archive.org/download/federalstatecons03thor/federalstatecons03thor_djvu.txt,Constitution of 1780; 40 elected as councillors and senators; nine removed to the Council. Maine separated from Massachusetts in 1820; the Massachusetts House shrank sharply as a result.
Massachusetts,1831,house,481,https://archive.org/details/americanalmanacr1832bost/page/n297,Read from American Almanac for 1832 p.274 table of Senators and Representatives; figures describe the 1831 legislatures. Source footnote: House had 481 members in 1831 'but the number is very variable' (apportioned by town).
Massachusetts,1831,senate,40,https://archive.org/details/americanalmanacr1832bost/page/n297,Read from American Almanac for 1832 p.274 table of Senators and Representatives; figures describe the 1831 legislatures. Source footnote: House had 481 members in 1831 'but the number is very variable' (apportioned by town).
Massachusetts,1832,house,479,https://archive.org/details/americanalmanacr00unguat/page/n260,"Read from the page scan americanalmanac-1833-leaf260.jpg: American Almanac for 1833 p.233, 'Table exhibiting ... the Number of Senators and Representatives ...'. Every row's Senators+Representatives equals the printed Total column. Figures describe the 1832 legislatures. Source footnote: House had 479 members in 1832 'but the number is very variable' (apportioned by town)."
Massachusetts,1832,senate,40,https://archive.org/details/americanalmanacr00unguat/page/n260,"Read from the page scan americanalmanac-1833-leaf260.jpg: American Almanac for 1833 p.233, 'Table exhibiting ... the Number of Senators and Representatives ...'. Every row's Senators+Representatives equals the printed Total column. Figures describe the 1832 legislatures. Source footnote: House had 479 members in 1832 'but the number is very variable' (apportioned by town)."
Massachusetts,1871,house,240,https://archive.org/details/vol1872tribuneal00unse,Tribune Almanac 1872; sum (Rep 176 + Dem/Labor 55 + unknown 9)
Massachusetts,1871,senate,40,https://archive.org/details/vol1872tribuneal00unse,"Tribune Almanac 1872 ""Legislature 71-2""; sum (Rep 35 + Dem/Labor 5); joint check 40+240=280"
Massachusetts,1890,house,240,https://archive.org/details/vol1891tribuneal00unse,Tribune Almanac 1891; sum (Rep 140 + Dem 98 + Pro 1 + vacancy 1)
Massachusetts,1890,senate,40,https://archive.org/details/vol1891tribuneal00unse,Tribune Almanac 1891; sum (Rep 20 + Dem 20); joint check 40+240=280
Massachusetts,1901,house,240,https://archive.org/details/vol1901tribuneal00unse,Sum of the party division printed in the Tribune Almanac's 'Legislature of 1901' table; Senate+House reconciles to the printed joint-ballot total. May undercount seats vacant at the time of counting. Lower chamber is the House of Representatives of the General Court.
Massachusetts,1901,senate,40,https://archive.org/details/vol1901tribuneal00unse,Sum of the party division printed in the Tribune Almanac's 'Legislature of 1901' table; Senate+House reconciles to the printed joint-ballot total. May undercount seats vacant at the time of counting. Lower chamber is the House of Representatives of the General Court.
Massachusetts,1911,house,237,https://archive.org/details/vol1911tribuneal00unse,Tribune Almanac 1911; sum (Rep 128 + Dem 108 + Socialist 1); statutory size 240 so 3 seats unreported
Massachusetts,1911,senate,40,https://archive.org/details/vol1911tribuneal00unse,"Tribune Almanac 1911 ""Legislature of 1911""; sum (Rep 26 + Dem 14); joint check 40+237=277"
Massachusetts,1937,house,240,https://dataverse.harvard.edu/dataset.xhtml?persistentId=hdl:1902.1/20403,"Klarner State Partisan Balance Data, variables sen_tot_in_sess / hs_tot_in_sess (total seats in the chamber that session)."
Massachusetts,1937,senate,40,https://dataverse.harvard.edu/dataset.xhtml?persistentId=hdl:1902.1/20403,"Klarner State Partisan Balance Data, variables sen_tot_in_sess / hs_tot_in_sess (total seats in the chamber that session)."
Massachusetts,1940,house,240,https://dataverse.harvard.edu/dataset.xhtml?persistentId=hdl:1902.1/20403,"Klarner State Partisan Balance Data, variables sen_tot_in_sess / hs_tot_in_sess (total seats in the chamber that session)."
Massachusetts,1940,senate,40,https://dataverse.harvard.edu/dataset.xhtml?persistentId=hdl:1902.1/20403,"Klarner State Partisan Balance Data, variables sen_tot_in_sess / hs_tot_in_sess (total seats in the chamber that session)."
Massachusetts,1950,house,240,https://dataverse.harvard.edu/dataset.xhtml?persistentId=hdl:1902.1/20403,"Klarner State Partisan Balance Data, variables sen_tot_in_sess / hs_tot_in_sess (total seats in the chamber that session)."
Massachusetts,1950,senate,40,https://dataverse.harvard.edu/dataset.xhtml?persistentId=hdl:1902.1/20403,"Klarner State Partisan Balance Data, variables sen_tot_in_sess / hs_tot_in_sess (total seats in the chamber that session)."
Massachusetts,1960,house,240,https://dataverse.harvard.edu/dataset.xhtml?persistentId=hdl:1902.1/20403,"Klarner State Partisan Balance Data, variables sen_tot_in_sess / hs_tot_in_sess (total seats in the chamber that session)."
Massachusetts,1960,senate,40,https://dataverse.harvard.edu/dataset.xhtml?persistentId=hdl:1902.1/20403,"Klarner State Partisan Balance Data, variables sen_tot_in_sess / hs_tot_in_sess (total seats in the chamber that session)."
Massachusetts,1970,house,240,https://dataverse.harvard.edu/dataset.xhtml?persistentId=hdl:1902.1/20403,"Klarner State Partisan Balance Data, variables sen_tot_in_sess / hs_tot_in_sess (total seats in the chamber that session)."
Massachusetts,1970,senate,40,https://dataverse.harvard.edu/dataset.xhtml?persistentId=hdl:1902.1/20403,"Klarner State Partisan Balance Data, variables sen_tot_in_sess / hs_tot_in_sess (total seats in the chamber that session)."
Massachusetts,1980,house,160,https://dataverse.harvard.edu/dataset.xhtml?persistentId=hdl:1902.1/20403,"Klarner State Partisan Balance Data, variables sen_tot_in_sess / hs_tot_in_sess (total seats in the chamber that session)."
Massachusetts,1980,senate,40,https://dataverse.harvard.edu/dataset.xhtml?persistentId=hdl:1902.1/20403,"Klarner State Partisan Balance Data, variables sen_tot_in_sess / hs_tot_in_sess (total seats in the chamber that session)."
Massachusetts,1990,house,160,https://dataverse.harvard.edu/dataset.xhtml?persistentId=hdl:1902.1/20403,"Klarner State Partisan Balance Data, variables sen_tot_in_sess / hs_tot_in_sess (total seats in the chamber that session)."
Massachusetts,1990,senate,40,https://dataverse.harvard.edu/dataset.xhtml?persistentId=hdl:1902.1/20403,"Klarner State Partisan Balance Data, variables sen_tot_in_sess / hs_tot_in_sess (total seats in the chamber that session)."
Massachusetts,2000,house,160,https://dataverse.harvard.edu/dataset.xhtml?persistentId=hdl:1902.1/20403,"Klarner State Partisan Balance Data, variables sen_tot_in_sess / hs_tot_in_sess (total seats in the chamber that session)."
Massachusetts,2000,senate,40,https://dataverse.harvard.edu/dataset.xhtml?persistentId=hdl:1902.1/20403,"Klarner State Partisan Balance Data, variables sen_tot_in_sess / hs_tot_in_sess (total seats in the chamber that session)."
Massachusetts,2010,house,160,https://dataverse.harvard.edu/dataset.xhtml?persistentId=hdl:1902.1/20403,"Klarner State Partisan Balance Data, variables sen_tot_in_sess / hs_tot_in_sess (total seats in the chamber that session)."
Massachusetts,2010,senate,40,https://dataverse.harvard.edu/dataset.xhtml?persistentId=hdl:1902.1/20403,"Klarner State Partisan Balance Data, variables sen_tot_in_sess / hs_tot_in_sess (total seats in the chamber that session)."
Massachusetts,2011,house,160,https://dataverse.harvard.edu/dataset.xhtml?persistentId=hdl:1902.1/20403,"Klarner State Partisan Balance Data, variables sen_tot_in_sess / hs_tot_in_sess (total seats in the chamber that session)."
Massachusetts,2011,senate,40,https://dataverse.harvard.edu/dataset.xhtml?persistentId=hdl:1902.1/20403,"Klarner State Partisan Balance Data, variables sen_tot_in_sess / hs_tot_in_sess (total seats in the chamber that session)."
Massachusetts,2026,house,160,https://www.ncsl.org/resources/details/number-of-legislators-and-length-of-terms-in-years,"NCSL current chamber sizes, retrieved 2026-09-23. Sizes have been unchanged since 2011 except New York (Senate 62->63) and Wyoming (30/60 -> 31/62)."
Massachusetts,2026,senate,40,https://www.ncsl.org/resources/details/number-of-legislators-and-length-of-terms-in-years,"NCSL current chamber sizes, retrieved 2026-09-23. Sizes have been unchanged since 2011 except New York (Senate 62->63) and Wyoming (30/60 -> 31/62)."
Michigan,1871,house,100,https://archive.org/details/worldalmanac18721873newy,World Almanac 1872; sum (Rep 73 + Dem 27)
Michigan,1871,senate,32,https://archive.org/details/worldalmanac18721873newy,World Almanac 1872; sum (Rep 27 + Dem 5); joint check 32+100=132
Michigan,1890,house,100,https://archive.org/details/vol1891tribuneal00unse,Tribune Almanac 1891; sum (Rep 37 + Dem 57 + Dem-Ind 6)
Michigan,1890,senate,32,https://archive.org/details/vol1891tribuneal00unse,Tribune Almanac 1891; sum (Rep 14 + Dem 14 + Dem-Ind 4); joint check 32+100=132
Michigan,1901,house,100,https://archive.org/details/vol1901tribuneal00unse,Sum of the party division printed in the Tribune Almanac's 'Legislature of 1901' table; Senate+House reconciles to the printed joint-ballot total. May undercount seats vacant at the time of counting.
Michigan,1901,senate,32,https://archive.org/details/vol1901tribuneal00unse,Sum of the party division printed in the Tribune Almanac's 'Legislature of 1901' table; Senate+House reconciles to the printed joint-ballot total. May undercount seats vacant at the time of counting.
Michigan,1909,house,100,https://archive.org/details/vol1911tribuneal00unse,Tribune Almanac 1911; derived as joint-ballot total 132 minus Senate 32; Republican House figure garbled in OCR
Michigan,1909,senate,32,https://archive.org/details/vol1911tribuneal00unse,"Tribune Almanac 1911 ""Legislature of 1909-10""; sum (Rep 29 + Dem 3); joint check 32+100=132"
Michigan,1937,house,100,https://dataverse.harvard.edu/dataset.xhtml?persistentId=hdl:1902.1/20403,"Klarner State Partisan Balance Data, variables sen_tot_in_sess / hs_tot_in_sess (total seats in the chamber that session)."
Michigan,1937,senate,32,https://dataverse.harvard.edu/dataset.xhtml?persistentId=hdl:1902.1/20403,"Klarner State Partisan Balance Data, variables sen_tot_in_sess / hs_tot_in_sess (total seats in the chamber that session)."
Michigan,1940,house,100,https://dataverse.harvard.edu/dataset.xhtml?persistentId=hdl:1902.1/20403,"Klarner State Partisan Balance Data, variables sen_tot_in_sess / hs_tot_in_sess (total seats in the chamber that session)."
Michigan,1940,senate,32,https://dataverse.harvard.edu/dataset.xhtml?persistentId=hdl:1902.1/20403,"Klarner State Partisan Balance Data, variables sen_tot_in_sess / hs_tot_in_sess (total seats in the chamber that session)."
Michigan,1950,house,100,https://dataverse.harvard.edu/dataset.xhtml?persistentId=hdl:1902.1/20403,"Klarner State Partisan Balance Data, variables sen_tot_in_sess / hs_tot_in_sess (total seats in the chamber that session)."
Michigan,1950,senate,32,https://dataverse.harvard.edu/dataset.xhtml?persistentId=hdl:1902.1/20403,"Klarner State Partisan Balance Data, variables sen_tot_in_sess / hs_tot_in_sess (total seats in the chamber that session)."
Michigan,1960,house,110,https://dataverse.harvard.edu/dataset.xhtml?persistentId=hdl:1902.1/20403,"Klarner State Partisan Balance Data, variables sen_tot_in_sess / hs_tot_in_sess (total seats in the chamber that session)."
Michigan,1960,senate,34,https://dataverse.harvard.edu/dataset.xhtml?persistentId=hdl:1902.1/20403,"Klarner State Partisan Balance Data, variables sen_tot_in_sess / hs_tot_in_sess (total seats in the chamber that session)."
Michigan,1970,house,110,https://dataverse.harvard.edu/dataset.xhtml?persistentId=hdl:1902.1/20403,"Klarner State Partisan Balance Data, variables sen_tot_in_sess / hs_tot_in_sess (total seats in the chamber that session)."
Michigan,1970,senate,38,https://dataverse.harvard.edu/dataset.xhtml?persistentId=hdl:1902.1/20403,"Klarner State Partisan Balance Data, variables sen_tot_in_sess / hs_tot_in_sess (total seats in the chamber that session)."
Michigan,1980,house,110,https://dataverse.harvard.edu/dataset.xhtml?persistentId=hdl:1902.1/20403,"Klarner State Partisan Balance Data, variables sen_tot_in_sess / hs_tot_in_sess (total seats in the chamber that session)."
Michigan,1980,senate,38,https://dataverse.harvard.edu/dataset.xhtml?persistentId=hdl:1902.1/20403,"Klarner State Partisan Balance Data, variables sen_tot_in_sess / hs_tot_in_sess (total seats in the chamber that session)."
Michigan,1990,house,110,https://dataverse.harvard.edu/dataset.xhtml?persistentId=hdl:1902.1/20403,"Klarner State Partisan Balance Data, variables sen_tot_in_sess / hs_tot_in_sess (total seats in the chamber that session)."
Michigan,1990,senate,38,https://dataverse.harvard.edu/dataset.xhtml?persistentId=hdl:1902.1/20403,"Klarner State Partisan Balance Data, variables sen_tot_in_sess / hs_tot_in_sess (total seats in the chamber that session)."
Michigan,2000,house,110,https://dataverse.harvard.edu/dataset.xhtml?persistentId=hdl:1902.1/20403,"Klarner State Partisan Balance Data, variables sen_tot_in_sess / hs_tot_in_sess (total seats in the chamber that session)."
Michigan,2000,senate,38,https://dataverse.harvard.edu/dataset.xhtml?persistentId=hdl:1902.1/20403,"Klarner State Partisan Balance Data, variables sen_tot_in_sess / hs_tot_in_sess (total seats in the chamber that session)."
Michigan,2010,house,110,https://dataverse.harvard.edu/dataset.xhtml?persistentId=hdl:1902.1/20403,"Klarner State Partisan Balance Data, variables sen_tot_in_sess / hs_tot_in_sess (total seats in the chamber that session)."
Michigan,2010,senate,38,https://dataverse.harvard.edu/dataset.xhtml?persistentId=hdl:1902.1/20403,"Klarner State Partisan Balance Data, variables sen_tot_in_sess / hs_tot_in_sess (total seats in the chamber that session)."
Michigan,2011,house,110,https://dataverse.harvard.edu/dataset.xhtml?persistentId=hdl:1902.1/20403,"Klarner State Partisan Balance Data, variables sen_tot_in_sess / hs_tot_in_sess (total seats in the chamber that session)."
Michigan,2011,senate,38,https://dataverse.harvard.edu/dataset.xhtml?persistentId=hdl:1902.1/20403,"Klarner State Partisan Balance Data, variables sen_tot_in_sess / hs_tot_in_sess (total seats in the chamber that session)."
Michigan,2026,house,110,https://www.ncsl.org/resources/details/number-of-legislators-and-length-of-terms-in-years,"NCSL current chamber sizes, retrieved 2026-09-23. Sizes have been unchanged since 2011 except New York (Senate 62->63) and Wyoming (30/60 -> 31/62)."
Michigan,2026,senate,38,https://www.ncsl.org/resources/details/number-of-legislators-and-length-of-terms-in-years,"NCSL current chamber sizes, retrieved 2026-09-23. Sizes have been unchanged since 2011 except New York (Senate 62->63) and Wyoming (30/60 -> 31/62)."
Minnesota,1872,house,106,https://archive.org/details/vol1872tribuneal00unse,Tribune Almanac 1872; sum (Rep 72 + Dem 34)
Minnesota,1872,senate,41,https://archive.org/details/vol1872tribuneal00unse,"Tribune Almanac 1872 ""Legislature 1872""; sum (Rep 29 + Dem 12); joint check 41+106=147"
Minnesota,1890,house,114,https://archive.org/details/vol1891tribuneal00unse,Tribune Almanac 1891; sum (Rep 40 + Dem 41 + Alliance 33)
Minnesota,1890,senate,54,https://archive.org/details/vol1891tribuneal00unse,Tribune Almanac 1891; sum (Rep 27 + Dem 15 + Alliance 12); joint check 54+114=168
Minnesota,1901,house,119,https://www.lrl.mn.gov/history/seats.aspx,"Minnesota Legislative Reference Library, 'Number of Legislative Seats', which gives House and Senate seat counts by session range. Klarner has no figure for Minnesota before 1955 because the legislature was elected on nonpartisan ballots 1913-1973. Source row: 31st-36th sessions, 1899-1910. This supersedes the Tribune Almanac party-division sum for Minnesota, which totalled 122 House members - an overcount of 3 against the state's own figure of 119."
Minnesota,1901,senate,63,https://www.lrl.mn.gov/history/seats.aspx,"Minnesota Legislative Reference Library, 'Number of Legislative Seats', which gives House and Senate seat counts by session range. Klarner has no figure for Minnesota before 1955 because the legislature was elected on nonpartisan ballots 1913-1973. Source row: 31st-36th sessions, 1899-1910. This supersedes the Tribune Almanac party-division sum for Minnesota, which totalled 122 House members - an overcount of 3 against the state's own figure of 119."
Minnesota,1909,house,116,https://archive.org/details/vol1910tribuneal00unse,Tribune Almanac 1910; sum (Rep 94 + Dem 22)
Minnesota,1909,senate,63,https://archive.org/details/vol1910tribuneal00unse,"Tribune Almanac 1910 ""Legislature of 1909-10""; sum (Rep 44 + Dem 18 + Populist 1); joint check 63+116=179"
Minnesota,1937,house,131,https://www.lrl.mn.gov/history/seats.aspx,"Minnesota Legislative Reference Library, 'Number of Legislative Seats', which gives House and Senate seat counts by session range. Klarner has no figure for Minnesota before 1955 because the legislature was elected on nonpartisan ballots 1913-1973. Source row: 41st-62nd sessions, 1919-1962."
Minnesota,1937,senate,67,https://www.lrl.mn.gov/history/seats.aspx,"Minnesota Legislative Reference Library, 'Number of Legislative Seats', which gives House and Senate seat counts by session range. Klarner has no figure for Minnesota before 1955 because the legislature was elected on nonpartisan ballots 1913-1973. Source row: 41st-62nd sessions, 1919-1962."
Minnesota,1940,house,131,https://www.lrl.mn.gov/history/seats.aspx,"Minnesota Legislative Reference Library, 'Number of Legislative Seats', which gives House and Senate seat counts by session range. Klarner has no figure for Minnesota before 1955 because the legislature was elected on nonpartisan ballots 1913-1973. Source row: 41st-62nd sessions, 1919-1962."
Minnesota,1940,senate,67,https://www.lrl.mn.gov/history/seats.aspx,"Minnesota Legislative Reference Library, 'Number of Legislative Seats', which gives House and Senate seat counts by session range. Klarner has no figure for Minnesota before 1955 because the legislature was elected on nonpartisan ballots 1913-1973. Source row: 41st-62nd sessions, 1919-1962."
Minnesota,1950,house,131,https://www.lrl.mn.gov/history/seats.aspx,"Minnesota Legislative Reference Library, 'Number of Legislative Seats', which gives House and Senate seat counts by session range. Klarner has no figure for Minnesota before 1955 because the legislature was elected on nonpartisan ballots 1913-1973. Source row: 41st-62nd sessions, 1919-1962."
Minnesota,1950,senate,67,https://www.lrl.mn.gov/history/seats.aspx,"Minnesota Legislative Reference Library, 'Number of Legislative Seats', which gives House and Senate seat counts by session range. Klarner has no figure for Minnesota before 1955 because the legislature was elected on nonpartisan ballots 1913-1973. Source row: 41st-62nd sessions, 1919-1962."
Minnesota,1960,house,131,https://dataverse.harvard.edu/dataset.xhtml?persistentId=hdl:1902.1/20403,"Klarner State Partisan Balance Data, variables sen_tot_in_sess / hs_tot_in_sess (total seats in the chamber that session)."
Minnesota,1960,senate,67,https://dataverse.harvard.edu/dataset.xhtml?persistentId=hdl:1902.1/20403,"Klarner State Partisan Balance Data, variables sen_tot_in_sess / hs_tot_in_sess (total seats in the chamber that session)."
Minnesota,1970,house,135,https://dataverse.harvard.edu/dataset.xhtml?persistentId=hdl:1902.1/20403,"Klarner State Partisan Balance Data, variables sen_tot_in_sess / hs_tot_in_sess (total seats in the chamber that session)."
Minnesota,1970,senate,67,https://dataverse.harvard.edu/dataset.xhtml?persistentId=hdl:1902.1/20403,"Klarner State Partisan Balance Data, variables sen_tot_in_sess / hs_tot_in_sess (total seats in the chamber that session)."
Minnesota,1980,house,134,https://dataverse.harvard.edu/dataset.xhtml?persistentId=hdl:1902.1/20403,"Klarner State Partisan Balance Data, variables sen_tot_in_sess / hs_tot_in_sess (total seats in the chamber that session)."
Minnesota,1980,senate,67,https://dataverse.harvard.edu/dataset.xhtml?persistentId=hdl:1902.1/20403,"Klarner State Partisan Balance Data, variables sen_tot_in_sess / hs_tot_in_sess (total seats in the chamber that session)."
Minnesota,1990,house,134,https://dataverse.harvard.edu/dataset.xhtml?persistentId=hdl:1902.1/20403,"Klarner State Partisan Balance Data, variables sen_tot_in_sess / hs_tot_in_sess (total seats in the chamber that session)."
Minnesota,1990,senate,67,https://dataverse.harvard.edu/dataset.xhtml?persistentId=hdl:1902.1/20403,"Klarner State Partisan Balance Data, variables sen_tot_in_sess / hs_tot_in_sess (total seats in the chamber that session)."
Minnesota,2000,house,134,https://dataverse.harvard.edu/dataset.xhtml?persistentId=hdl:1902.1/20403,"Klarner State Partisan Balance Data, variables sen_tot_in_sess / hs_tot_in_sess (total seats in the chamber that session)."
Minnesota,2000,senate,67,https://dataverse.harvard.edu/dataset.xhtml?persistentId=hdl:1902.1/20403,"Klarner State Partisan Balance Data, variables sen_tot_in_sess / hs_tot_in_sess (total seats in the chamber that session)."
Minnesota,2010,house,134,https://dataverse.harvard.edu/dataset.xhtml?persistentId=hdl:1902.1/20403,"Klarner State Partisan Balance Data, variables sen_tot_in_sess / hs_tot_in_sess (total seats in the chamber that session)."
Minnesota,2010,senate,67,https://dataverse.harvard.edu/dataset.xhtml?persistentId=hdl:1902.1/20403,"Klarner State Partisan Balance Data, variables sen_tot_in_sess / hs_tot_in_sess (total seats in the chamber that session)."
Minnesota,2011,house,134,https://dataverse.harvard.edu/dataset.xhtml?persistentId=hdl:1902.1/20403,"Klarner State Partisan Balance Data, variables sen_tot_in_sess / hs_tot_in_sess (total seats in the chamber that session)."
Minnesota,2011,senate,67,https://dataverse.harvard.edu/dataset.xhtml?persistentId=hdl:1902.1/20403,"Klarner State Partisan Balance Data, variables sen_tot_in_sess / hs_tot_in_sess (total seats in the chamber that session)."
Minnesota,2026,house,134,https://www.ncsl.org/resources/details/number-of-legislators-and-length-of-terms-in-years,"NCSL current chamber sizes, retrieved 2026-09-23. Sizes have been unchanged since 2011 except New York (Senate 62->63) and Wyoming (30/60 -> 31/62)."
Minnesota,2026,senate,67,https://www.ncsl.org/resources/details/number-of-legislators-and-length-of-terms-in-years,"NCSL current chamber sizes, retrieved 2026-09-23. Sizes have been unchanged since 2011 except New York (Senate 62->63) and Wyoming (30/60 -> 31/62)."
Mississippi,1831,house,36,https://archive.org/details/americanalmanacr1832bost/page/n297,Read from American Almanac for 1832 p.274 table of Senators and Representatives; figures describe the 1831 legislatures.
Mississippi,1831,senate,11,https://archive.org/details/americanalmanacr1832bost/page/n297,Read from American Almanac for 1832 p.274 table of Senators and Representatives; figures describe the 1831 legislatures.
Mississippi,1832,house,36,https://archive.org/details/americanalmanacr00unguat/page/n260,"Read from the page scan americanalmanac-1833-leaf260.jpg: American Almanac for 1833 p.233, 'Table exhibiting ... the Number of Senators and Representatives ...'. Every row's Senators+Representatives equals the printed Total column. Figures describe the 1832 legislatures."
Mississippi,1832,senate,11,https://archive.org/details/americanalmanacr00unguat/page/n260,"Read from the page scan americanalmanac-1833-leaf260.jpg: American Almanac for 1833 p.233, 'Table exhibiting ... the Number of Senators and Representatives ...'. Every row's Senators+Representatives equals the printed Total column. Figures describe the 1832 legislatures."
Mississippi,1871,house,116,https://archive.org/details/worldalmanac18721873newy,World Almanac 1872; sum (Rep 61 + Dem 55)
Mississippi,1871,senate,36,https://archive.org/details/worldalmanac18721873newy,World Almanac 1872; sum (Rep 23 + Dem 13); joint check 36+116=152
Mississippi,1889,house,120,https://archive.org/details/vol1890tribuneal00unse,Tribune Almanac 1890; sum (Dem 113 + Rep 7)
Mississippi,1889,senate,40,https://archive.org/details/vol1890tribuneal00unse,Tribune Almanac 1890 LEGISLATURE 1889; sum (Dem 40 + Rep 0); joint check 40+120=160
Mississippi,1901,house,133,https://archive.org/details/vol1901tribuneal00unse,Sum of the party division printed in the Tribune Almanac's 'Legislature of 1901' table; Senate+House reconciles to the printed joint-ballot total. May undercount seats vacant at the time of counting.
Mississippi,1901,senate,45,https://archive.org/details/vol1901tribuneal00unse,Sum of the party division printed in the Tribune Almanac's 'Legislature of 1901' table; Senate+House reconciles to the printed joint-ballot total. May undercount seats vacant at the time of counting.
Mississippi,1910,house,133,https://archive.org/details/vol1911tribuneal00unse,Tribune Almanac 1911; all Democratic; joint ballot 178
Mississippi,1910,senate,45,https://archive.org/details/vol1911tribuneal00unse,"Tribune Almanac 1911 ""Legislature of 1908-11""; all Democratic 45 / 133 / 178"
Mississippi,1937,house,140,https://dataverse.harvard.edu/dataset.xhtml?persistentId=hdl:1902.1/20403,"Klarner State Partisan Balance Data, variables sen_tot_in_sess / hs_tot_in_sess (total seats in the chamber that session)."
Mississippi,1937,senate,49,https://dataverse.harvard.edu/dataset.xhtml?persistentId=hdl:1902.1/20403,"Klarner State Partisan Balance Data, variables sen_tot_in_sess / hs_tot_in_sess (total seats in the chamber that session)."
Mississippi,1940,house,140,https://dataverse.harvard.edu/dataset.xhtml?persistentId=hdl:1902.1/20403,"Klarner State Partisan Balance Data, variables sen_tot_in_sess / hs_tot_in_sess (total seats in the chamber that session)."
Mississippi,1940,senate,49,https://dataverse.harvard.edu/dataset.xhtml?persistentId=hdl:1902.1/20403,"Klarner State Partisan Balance Data, variables sen_tot_in_sess / hs_tot_in_sess (total seats in the chamber that session)."
Mississippi,1950,house,140,https://dataverse.harvard.edu/dataset.xhtml?persistentId=hdl:1902.1/20403,"Klarner State Partisan Balance Data, variables sen_tot_in_sess / hs_tot_in_sess (total seats in the chamber that session)."
Mississippi,1950,senate,49,https://dataverse.harvard.edu/dataset.xhtml?persistentId=hdl:1902.1/20403,"Klarner State Partisan Balance Data, variables sen_tot_in_sess / hs_tot_in_sess (total seats in the chamber that session)."
Mississippi,1960,house,140,https://dataverse.harvard.edu/dataset.xhtml?persistentId=hdl:1902.1/20403,"Klarner State Partisan Balance Data, variables sen_tot_in_sess / hs_tot_in_sess (total seats in the chamber that session)."
Mississippi,1960,senate,49,https://dataverse.harvard.edu/dataset.xhtml?persistentId=hdl:1902.1/20403,"Klarner State Partisan Balance Data, variables sen_tot_in_sess / hs_tot_in_sess (total seats in the chamber that session)."
Mississippi,1970,house,122,https://dataverse.harvard.edu/dataset.xhtml?persistentId=hdl:1902.1/20403,"Klarner State Partisan Balance Data, variables sen_tot_in_sess / hs_tot_in_sess (total seats in the chamber that session)."
Mississippi,1970,senate,52,https://dataverse.harvard.edu/dataset.xhtml?persistentId=hdl:1902.1/20403,"Klarner State Partisan Balance Data, variables sen_tot_in_sess / hs_tot_in_sess (total seats in the chamber that session)."
Mississippi,1980,house,122,https://dataverse.harvard.edu/dataset.xhtml?persistentId=hdl:1902.1/20403,"Klarner State Partisan Balance Data, variables sen_tot_in_sess / hs_tot_in_sess (total seats in the chamber that session)."
Mississippi,1980,senate,52,https://dataverse.harvard.edu/dataset.xhtml?persistentId=hdl:1902.1/20403,"Klarner State Partisan Balance Data, variables sen_tot_in_sess / hs_tot_in_sess (total seats in the chamber that session)."
Mississippi,1990,house,122,https://dataverse.harvard.edu/dataset.xhtml?persistentId=hdl:1902.1/20403,"Klarner State Partisan Balance Data, variables sen_tot_in_sess / hs_tot_in_sess (total seats in the chamber that session)."
Mississippi,1990,senate,52,https://dataverse.harvard.edu/dataset.xhtml?persistentId=hdl:1902.1/20403,"Klarner State Partisan Balance Data, variables sen_tot_in_sess / hs_tot_in_sess (total seats in the chamber that session)."
Mississippi,2000,house,122,https://dataverse.harvard.edu/dataset.xhtml?persistentId=hdl:1902.1/20403,"Klarner State Partisan Balance Data, variables sen_tot_in_sess / hs_tot_in_sess (total seats in the chamber that session)."
Mississippi,2000,senate,52,https://dataverse.harvard.edu/dataset.xhtml?persistentId=hdl:1902.1/20403,"Klarner State Partisan Balance Data, variables sen_tot_in_sess / hs_tot_in_sess (total seats in the chamber that session)."
Mississippi,2010,house,122,https://dataverse.harvard.edu/dataset.xhtml?persistentId=hdl:1902.1/20403,"Klarner State Partisan Balance Data, variables sen_tot_in_sess / hs_tot_in_sess (total seats in the chamber that session)."
Mississippi,2010,senate,52,https://dataverse.harvard.edu/dataset.xhtml?persistentId=hdl:1902.1/20403,"Klarner State Partisan Balance Data, variables sen_tot_in_sess / hs_tot_in_sess (total seats in the chamber that session)."
Mississippi,2011,house,122,https://dataverse.harvard.edu/dataset.xhtml?persistentId=hdl:1902.1/20403,"Klarner State Partisan Balance Data, variables sen_tot_in_sess / hs_tot_in_sess (total seats in the chamber that session)."
Mississippi,2011,senate,52,https://dataverse.harvard.edu/dataset.xhtml?persistentId=hdl:1902.1/20403,"Klarner State Partisan Balance Data, variables sen_tot_in_sess / hs_tot_in_sess (total seats in the chamber that session)."
Mississippi,2026,house,122,https://www.ncsl.org/resources/details/number-of-legislators-and-length-of-terms-in-years,"NCSL current chamber sizes, retrieved 2026-09-23. Sizes have been unchanged since 2011 except New York (Senate 62->63) and Wyoming (30/60 -> 31/62)."
Mississippi,2026,senate,52,https://www.ncsl.org/resources/details/number-of-legislators-and-length-of-terms-in-years,"NCSL current chamber sizes, retrieved 2026-09-23. Sizes have been unchanged since 2011 except New York (Senate 62->63) and Wyoming (30/60 -> 31/62)."
Missouri,1831,house,49,https://archive.org/details/americanalmanacr1832bost/page/n297,Read from American Almanac for 1832 p.274 table of Senators and Representatives; figures describe the 1831 legislatures. Source's printed Total column says 66 but 18+49=67.
Missouri,1831,senate,18,https://archive.org/details/americanalmanacr1832bost/page/n297,Read from American Almanac for 1832 p.274 table of Senators and Representatives; figures describe the 1831 legislatures. Source's printed Total column says 66 but 18+49=67.
Missouri,1832,house,49,https://archive.org/details/americanalmanacr00unguat/page/n260,"Read from the page scan americanalmanac-1833-leaf260.jpg: American Almanac for 1833 p.233, 'Table exhibiting ... the Number of Senators and Representatives ...'. Every row's Senators+Representatives equals the printed Total column. Figures describe the 1832 legislatures."
Missouri,1832,senate,18,https://archive.org/details/americanalmanacr00unguat/page/n260,"Read from the page scan americanalmanac-1833-leaf260.jpg: American Almanac for 1833 p.233, 'Table exhibiting ... the Number of Senators and Representatives ...'. Every row's Senators+Representatives equals the printed Total column. Figures describe the 1832 legislatures."
Missouri,1871,house,133,https://archive.org/details/worldalmanac18721873newy,World Almanac 1872; sum (Dem 76 + Lib Rep 20 + Radical 24 + Fusionist 13); no joint-ballot cross-check
Missouri,1871,senate,34,https://archive.org/details/worldalmanac18721873newy,World Almanac 1872; sum (Dem 14 + Lib Rep 5 + Radical 12 + Fusionist 3); no joint-ballot column printed so no cross-check
Missouri,1890,house,140,https://archive.org/details/vol1891tribuneal00unse,Tribune Almanac 1891; derived as joint-ballot total 174 minus Senate 34; Democratic House figure garbled in OCR
Missouri,1890,senate,34,https://archive.org/details/vol1891tribuneal00unse,Tribune Almanac 1891; sum (Rep 8 + Dem 25 + UL Rep 1); joint check 34+140=174
Missouri,1901,house,140,https://archive.org/details/vol1901tribuneal00unse,"Sum of the party division printed in the Tribune Almanac's 'Legislature of 1901' table; Senate+House reconciles to the printed joint-ballot total. May undercount seats vacant at the time of counting. Read from the page scan (leaf n342 = printed p.339), saved as tribune1901-leaf342.jpg."
Missouri,1901,senate,34,https://archive.org/details/vol1901tribuneal00unse,"Sum of the party division printed in the Tribune Almanac's 'Legislature of 1901' table; Senate+House reconciles to the printed joint-ballot total. May undercount seats vacant at the time of counting. Read from the page scan (leaf n342 = printed p.339), saved as tribune1901-leaf342.jpg."
Missouri,1911,house,142,https://archive.org/details/vol1911tribuneal00unse,Tribune Almanac 1911; sum (Rep 60 + Dem 82)
Missouri,1911,senate,34,https://archive.org/details/vol1911tribuneal00unse,Tribune Almanac 1911; sum (Rep 12 + Dem 22); joint check 34+142=176
Missouri,1937,house,150,https://dataverse.harvard.edu/dataset.xhtml?persistentId=hdl:1902.1/20403,"Klarner State Partisan Balance Data, variables sen_tot_in_sess / hs_tot_in_sess (total seats in the chamber that session)."
Missouri,1937,senate,34,https://dataverse.harvard.edu/dataset.xhtml?persistentId=hdl:1902.1/20403,"Klarner State Partisan Balance Data, variables sen_tot_in_sess / hs_tot_in_sess (total seats in the chamber that session)."
Missouri,1940,house,150,https://dataverse.harvard.edu/dataset.xhtml?persistentId=hdl:1902.1/20403,"Klarner State Partisan Balance Data, variables sen_tot_in_sess / hs_tot_in_sess (total seats in the chamber that session)."
Missouri,1940,senate,34,https://dataverse.harvard.edu/dataset.xhtml?persistentId=hdl:1902.1/20403,"Klarner State Partisan Balance Data, variables sen_tot_in_sess / hs_tot_in_sess (total seats in the chamber that session)."
Missouri,1950,house,154,https://dataverse.harvard.edu/dataset.xhtml?persistentId=hdl:1902.1/20403,"Klarner State Partisan Balance Data, variables sen_tot_in_sess / hs_tot_in_sess (total seats in the chamber that session)."
Missouri,1950,senate,34,https://dataverse.harvard.edu/dataset.xhtml?persistentId=hdl:1902.1/20403,"Klarner State Partisan Balance Data, variables sen_tot_in_sess / hs_tot_in_sess (total seats in the chamber that session)."
Missouri,1960,house,157,https://dataverse.harvard.edu/dataset.xhtml?persistentId=hdl:1902.1/20403,"Klarner State Partisan Balance Data, variables sen_tot_in_sess / hs_tot_in_sess (total seats in the chamber that session)."
Missouri,1960,senate,34,https://dataverse.harvard.edu/dataset.xhtml?persistentId=hdl:1902.1/20403,"Klarner State Partisan Balance Data, variables sen_tot_in_sess / hs_tot_in_sess (total seats in the chamber that session)."
Missouri,1970,house,163,https://dataverse.harvard.edu/dataset.xhtml?persistentId=hdl:1902.1/20403,"Klarner State Partisan Balance Data, variables sen_tot_in_sess / hs_tot_in_sess (total seats in the chamber that session)."
Missouri,1970,senate,34,https://dataverse.harvard.edu/dataset.xhtml?persistentId=hdl:1902.1/20403,"Klarner State Partisan Balance Data, variables sen_tot_in_sess / hs_tot_in_sess (total seats in the chamber that session)."
Missouri,1980,house,163,https://dataverse.harvard.edu/dataset.xhtml?persistentId=hdl:1902.1/20403,"Klarner State Partisan Balance Data, variables sen_tot_in_sess / hs_tot_in_sess (total seats in the chamber that session)."
Missouri,1980,senate,34,https://dataverse.harvard.edu/dataset.xhtml?persistentId=hdl:1902.1/20403,"Klarner State Partisan Balance Data, variables sen_tot_in_sess / hs_tot_in_sess (total seats in the chamber that session)."
Missouri,1990,house,163,https://dataverse.harvard.edu/dataset.xhtml?persistentId=hdl:1902.1/20403,"Klarner State Partisan Balance Data, variables sen_tot_in_sess / hs_tot_in_sess (total seats in the chamber that session)."
Missouri,1990,senate,34,https://dataverse.harvard.edu/dataset.xhtml?persistentId=hdl:1902.1/20403,"Klarner State Partisan Balance Data, variables sen_tot_in_sess / hs_tot_in_sess (total seats in the chamber that session)."
Missouri,2000,house,163,https://dataverse.harvard.edu/dataset.xhtml?persistentId=hdl:1902.1/20403,"Klarner State Partisan Balance Data, variables sen_tot_in_sess / hs_tot_in_sess (total seats in the chamber that session)."
Missouri,2000,senate,34,https://dataverse.harvard.edu/dataset.xhtml?persistentId=hdl:1902.1/20403,"Klarner State Partisan Balance Data, variables sen_tot_in_sess / hs_tot_in_sess (total seats in the chamber that session)."
Missouri,2010,house,163,https://dataverse.harvard.edu/dataset.xhtml?persistentId=hdl:1902.1/20403,"Klarner State Partisan Balance Data, variables sen_tot_in_sess / hs_tot_in_sess (total seats in the chamber that session)."
Missouri,2010,senate,34,https://dataverse.harvard.edu/dataset.xhtml?persistentId=hdl:1902.1/20403,"Klarner State Partisan Balance Data, variables sen_tot_in_sess / hs_tot_in_sess (total seats in the chamber that session)."
Missouri,2011,house,163,https://dataverse.harvard.edu/dataset.xhtml?persistentId=hdl:1902.1/20403,"Klarner State Partisan Balance Data, variables sen_tot_in_sess / hs_tot_in_sess (total seats in the chamber that session)."
Missouri,2011,senate,34,https://dataverse.harvard.edu/dataset.xhtml?persistentId=hdl:1902.1/20403,"Klarner State Partisan Balance Data, variables sen_tot_in_sess / hs_tot_in_sess (total seats in the chamber that session)."
Missouri,2026,house,163,https://www.ncsl.org/resources/details/number-of-legislators-and-length-of-terms-in-years,"NCSL current chamber sizes, retrieved 2026-09-23. Sizes have been unchanged since 2011 except New York (Senate 62->63) and Wyoming (30/60 -> 31/62)."
Missouri,2026,senate,34,https://www.ncsl.org/resources/details/number-of-legislators-and-length-of-terms-in-years,"NCSL current chamber sizes, retrieved 2026-09-23. Sizes have been unchanged since 2011 except New York (Senate 62->63) and Wyoming (30/60 -> 31/62)."
Montana,1889,house,55,https://archive.org/details/vol1890tribuneal00unse,Tribune Almanac 1890; sum (Rep 30 + Dem 24 + 1 vacancy footnoted in source)
Montana,1889,senate,16,https://archive.org/details/vol1890tribuneal00unse,Tribune Almanac 1890; first state legislature; sum (Rep 8 + Dem 8)
Montana,1901,house,70,https://archive.org/details/vol1901tribuneal00unse,Sum of the party division printed in the Tribune Almanac's 'Legislature of 1901' table; Senate+House reconciles to the printed joint-ballot total. May undercount seats vacant at the time of counting. Confirmed against the page scan tribune1901-leaf342.jpg.
Montana,1901,senate,21,https://archive.org/details/vol1901tribuneal00unse,Sum of the party division printed in the Tribune Almanac's 'Legislature of 1901' table; Senate+House reconciles to the printed joint-ballot total. May undercount seats vacant at the time of counting. Confirmed against the page scan tribune1901-leaf342.jpg.
Montana,1911,house,74,https://archive.org/details/vol1911tribuneal00unse,Tribune Almanac 1911; sum (Rep 32 + Dem 42)
Montana,1911,senate,28,https://archive.org/details/vol1911tribuneal00unse,Tribune Almanac 1911; sum (Rep 16 + Dem 12); joint check 28+74=102
Montana,1937,house,102,https://dataverse.harvard.edu/dataset.xhtml?persistentId=hdl:1902.1/20403,"Klarner State Partisan Balance Data, variables sen_tot_in_sess / hs_tot_in_sess (total seats in the chamber that session)."
Montana,1937,senate,56,https://dataverse.harvard.edu/dataset.xhtml?persistentId=hdl:1902.1/20403,"Klarner State Partisan Balance Data, variables sen_tot_in_sess / hs_tot_in_sess (total seats in the chamber that session)."
Montana,1940,house,102,https://dataverse.harvard.edu/dataset.xhtml?persistentId=hdl:1902.1/20403,"Klarner State Partisan Balance Data, variables sen_tot_in_sess / hs_tot_in_sess (total seats in the chamber that session)."
Montana,1940,senate,56,https://dataverse.harvard.edu/dataset.xhtml?persistentId=hdl:1902.1/20403,"Klarner State Partisan Balance Data, variables sen_tot_in_sess / hs_tot_in_sess (total seats in the chamber that session)."
Montana,1950,house,90,https://dataverse.harvard.edu/dataset.xhtml?persistentId=hdl:1902.1/20403,"Klarner State Partisan Balance Data, variables sen_tot_in_sess / hs_tot_in_sess (total seats in the chamber that session)."
Montana,1950,senate,56,https://dataverse.harvard.edu/dataset.xhtml?persistentId=hdl:1902.1/20403,"Klarner State Partisan Balance Data, variables sen_tot_in_sess / hs_tot_in_sess (total seats in the chamber that session)."
Montana,1960,house,94,https://dataverse.harvard.edu/dataset.xhtml?persistentId=hdl:1902.1/20403,"Klarner State Partisan Balance Data, variables sen_tot_in_sess / hs_tot_in_sess (total seats in the chamber that session)."
Montana,1960,senate,56,https://dataverse.harvard.edu/dataset.xhtml?persistentId=hdl:1902.1/20403,"Klarner State Partisan Balance Data, variables sen_tot_in_sess / hs_tot_in_sess (total seats in the chamber that session)."
Montana,1970,house,104,https://dataverse.harvard.edu/dataset.xhtml?persistentId=hdl:1902.1/20403,"Klarner State Partisan Balance Data, variables sen_tot_in_sess / hs_tot_in_sess (total seats in the chamber that session)."
Montana,1970,senate,55,https://dataverse.harvard.edu/dataset.xhtml?persistentId=hdl:1902.1/20403,"Klarner State Partisan Balance Data, variables sen_tot_in_sess / hs_tot_in_sess (total seats in the chamber that session)."
Montana,1980,house,100,https://dataverse.harvard.edu/dataset.xhtml?persistentId=hdl:1902.1/20403,"Klarner State Partisan Balance Data, variables sen_tot_in_sess / hs_tot_in_sess (total seats in the chamber that session)."
Montana,1980,senate,49,https://dataverse.harvard.edu/dataset.xhtml?persistentId=hdl:1902.1/20403,"Klarner State Partisan Balance Data, variables sen_tot_in_sess / hs_tot_in_sess (total seats in the chamber that session)."
Montana,1990,house,100,https://dataverse.harvard.edu/dataset.xhtml?persistentId=hdl:1902.1/20403,"Klarner State Partisan Balance Data, variables sen_tot_in_sess / hs_tot_in_sess (total seats in the chamber that session)."
Montana,1990,senate,50,https://dataverse.harvard.edu/dataset.xhtml?persistentId=hdl:1902.1/20403,"Klarner State Partisan Balance Data, variables sen_tot_in_sess / hs_tot_in_sess (total seats in the chamber that session)."
Montana,2000,house,100,https://dataverse.harvard.edu/dataset.xhtml?persistentId=hdl:1902.1/20403,"Klarner State Partisan Balance Data, variables sen_tot_in_sess / hs_tot_in_sess (total seats in the chamber that session)."
Montana,2000,senate,50,https://dataverse.harvard.edu/dataset.xhtml?persistentId=hdl:1902.1/20403,"Klarner State Partisan Balance Data, variables sen_tot_in_sess / hs_tot_in_sess (total seats in the chamber that session)."
Montana,2010,house,100,https://dataverse.harvard.edu/dataset.xhtml?persistentId=hdl:1902.1/20403,"Klarner State Partisan Balance Data, variables sen_tot_in_sess / hs_tot_in_sess (total seats in the chamber that session)."
Montana,2010,senate,50,https://dataverse.harvard.edu/dataset.xhtml?persistentId=hdl:1902.1/20403,"Klarner State Partisan Balance Data, variables sen_tot_in_sess / hs_tot_in_sess (total seats in the chamber that session)."
Montana,2011,house,100,https://dataverse.harvard.edu/dataset.xhtml?persistentId=hdl:1902.1/20403,"Klarner State Partisan Balance Data, variables sen_tot_in_sess / hs_tot_in_sess (total seats in the chamber that session)."
Montana,2011,senate,50,https://dataverse.harvard.edu/dataset.xhtml?persistentId=hdl:1902.1/20403,"Klarner State Partisan Balance Data, variables sen_tot_in_sess / hs_tot_in_sess (total seats in the chamber that session)."
Montana,2026,house,100,https://www.ncsl.org/resources/details/number-of-legislators-and-length-of-terms-in-years,"NCSL current chamber sizes, retrieved 2026-09-23. Sizes have been unchanged since 2011 except New York (Senate 62->63) and Wyoming (30/60 -> 31/62)."
Montana,2026,senate,50,https://www.ncsl.org/resources/details/number-of-legislators-and-length-of-terms-in-years,"NCSL current chamber sizes, retrieved 2026-09-23. Sizes have been unchanged since 2011 except New York (Senate 62->63) and Wyoming (30/60 -> 31/62)."
Nebraska,1871,house,39,https://archive.org/details/vol1872tribuneal00unse,Tribune Almanac 1872; sum (Rep 30 + Dem 9); confirmed by World Almanac 1873
Nebraska,1871,senate,13,https://archive.org/details/vol1872tribuneal00unse,"Tribune Almanac 1872 ""Legislature 1871-2""; sum (Rep 9 + Dem 3 + Ind 1); confirmed by World Almanac 1873"
Nebraska,1890,house,94,https://archive.org/details/vol1891tribuneal00unse,Tribune Almanac 1891; derived as joint-ballot total 127 minus Senate 33; Democratic House figure garbled in OCR
Nebraska,1890,senate,33,https://archive.org/details/vol1891tribuneal00unse,Tribune Almanac 1891; sum (Rep 7 + Dem 8 + Ind 18); joint check 33+94=127
Nebraska,1901,house,100,https://archive.org/details/vol1901tribuneal00unse,Sum of the party division printed in the Tribune Almanac's 'Legislature of 1901' table; Senate+House reconciles to the printed joint-ballot total. May undercount seats vacant at the time of counting. Bicameral at this date; Nebraska became unicameral in 1937.
Nebraska,1901,senate,33,https://archive.org/details/vol1901tribuneal00unse,Sum of the party division printed in the Tribune Almanac's 'Legislature of 1901' table; Senate+House reconciles to the printed joint-ballot total. May undercount seats vacant at the time of counting. Bicameral at this date; Nebraska became unicameral in 1937.
Nebraska,1909,house,100,https://archive.org/details/vol1910tribuneal00unse,Tribune Almanac 1910; sum (Rep 31 + Dem 69)
Nebraska,1909,senate,33,https://archive.org/details/vol1910tribuneal00unse,"Tribune Almanac 1910 ""Legislature of 1909-10""; sum (Rep 13 + Dem 20); joint check 33+100=133"
Nebraska,1937,unicameral,43,https://en.wikipedia.org/wiki/Nebraska_Legislature,"Wikipedia, Nebraska Legislature: 'At 43 members, the new Nebraska Legislature was closer in size to the old 33-member Nebraska Senate...' - the unicameral body first met in 1937 with 43 members (citing the Nebraska Blue Book 1936). Klarner independently records 43 members in session in 1960 and 49 from 1970. 1937 is the first session of the unicameral body."
Nebraska,1940,unicameral,43,https://en.wikipedia.org/wiki/Nebraska_Legislature,"Wikipedia, Nebraska Legislature: 'At 43 members, the new Nebraska Legislature was closer in size to the old 33-member Nebraska Senate...' - the unicameral body first met in 1937 with 43 members (citing the Nebraska Blue Book 1936). Klarner independently records 43 members in session in 1960 and 49 from 1970."
Nebraska,1950,unicameral,43,https://en.wikipedia.org/wiki/Nebraska_Legislature,"Wikipedia, Nebraska Legislature: 'At 43 members, the new Nebraska Legislature was closer in size to the old 33-member Nebraska Senate...' - the unicameral body first met in 1937 with 43 members (citing the Nebraska Blue Book 1936). Klarner independently records 43 members in session in 1960 and 49 from 1970."
Nebraska,1960,unicameral,43,https://dataverse.harvard.edu/dataset.xhtml?persistentId=hdl:1902.1/20403,"Klarner State Partisan Balance Data, variables sen_tot_in_sess / hs_tot_in_sess (total seats in the chamber that session). Nebraska has been unicameral since 1937; Klarner carries the single chamber in the Senate column."
Nebraska,1970,unicameral,49,https://dataverse.harvard.edu/dataset.xhtml?persistentId=hdl:1902.1/20403,"Klarner State Partisan Balance Data, variables sen_tot_in_sess / hs_tot_in_sess (total seats in the chamber that session). Nebraska has been unicameral since 1937; Klarner carries the single chamber in the Senate column."
Nebraska,1980,unicameral,49,https://dataverse.harvard.edu/dataset.xhtml?persistentId=hdl:1902.1/20403,"Klarner State Partisan Balance Data, variables sen_tot_in_sess / hs_tot_in_sess (total seats in the chamber that session). Nebraska has been unicameral since 1937; Klarner carries the single chamber in the Senate column."
Nebraska,1990,unicameral,49,https://dataverse.harvard.edu/dataset.xhtml?persistentId=hdl:1902.1/20403,"Klarner State Partisan Balance Data, variables sen_tot_in_sess / hs_tot_in_sess (total seats in the chamber that session). Nebraska has been unicameral since 1937; Klarner carries the single chamber in the Senate column."
Nebraska,2000,unicameral,49,https://dataverse.harvard.edu/dataset.xhtml?persistentId=hdl:1902.1/20403,"Klarner State Partisan Balance Data, variables sen_tot_in_sess / hs_tot_in_sess (total seats in the chamber that session). Nebraska has been unicameral since 1937; Klarner carries the single chamber in the Senate column."
Nebraska,2010,unicameral,49,https://dataverse.harvard.edu/dataset.xhtml?persistentId=hdl:1902.1/20403,"Klarner State Partisan Balance Data, variables sen_tot_in_sess / hs_tot_in_sess (total seats in the chamber that session). Nebraska has been unicameral since 1937; Klarner carries the single chamber in the Senate column."
Nebraska,2011,unicameral,49,https://dataverse.harvard.edu/dataset.xhtml?persistentId=hdl:1902.1/20403,"Klarner State Partisan Balance Data, variables sen_tot_in_sess / hs_tot_in_sess (total seats in the chamber that session). Nebraska has been unicameral since 1937; Klarner carries the single chamber in the Senate column."
Nebraska,2026,unicameral,49,https://www.ncsl.org/resources/details/number-of-legislators-and-length-of-terms-in-years,"NCSL current chamber sizes, retrieved 2026-09-23. Sizes have been unchanged since 2011 except New York (Senate 62->63) and Wyoming (30/60 -> 31/62). Nebraska is unicameral; NCSL lists its 49 members in the Senate column."
Nevada,1871,house,46,https://archive.org/details/vol1872tribuneal00unse,Tribune Almanac 1872; chamber named Assembly; sum (Rep 23 + Dem 23)
Nevada,1871,senate,23,https://archive.org/details/vol1872tribuneal00unse,"Tribune Almanac 1872 ""Legislature 71-2""; sum (Rep 13 + Dem 10); joint check 23+46=69"
Nevada,1901,house,31,https://archive.org/details/vol1901tribuneal00unse,Sum of the party division printed in the Tribune Almanac's 'Legislature of 1901' table; Senate+House reconciles to the printed joint-ballot total. May undercount seats vacant at the time of counting. Lower chamber is the Assembly.
Nevada,1901,senate,15,https://archive.org/details/vol1901tribuneal00unse,Sum of the party division printed in the Tribune Almanac's 'Legislature of 1901' table; Senate+House reconciles to the printed joint-ballot total. May undercount seats vacant at the time of counting. Lower chamber is the Assembly.
Nevada,1909,house,48,https://archive.org/details/vol1910tribuneal00unse,Tribune Almanac 1910; chamber named Assembly; sum (Rep 14 + Dem 34)
Nevada,1909,senate,19,https://archive.org/details/vol1910tribuneal00unse,"Tribune Almanac 1910 ""Legislature of 1909-10""; sum (Rep 7 + Dem 12); joint check 19+48=67; state identified by the 1900 presidential vote 3849/6347 printed beneath"
Nevada,1937,house,40,https://dataverse.harvard.edu/dataset.xhtml?persistentId=hdl:1902.1/20403,"Klarner State Partisan Balance Data, variables sen_tot_in_sess / hs_tot_in_sess (total seats in the chamber that session)."
Nevada,1937,senate,17,https://dataverse.harvard.edu/dataset.xhtml?persistentId=hdl:1902.1/20403,"Klarner State Partisan Balance Data, variables sen_tot_in_sess / hs_tot_in_sess (total seats in the chamber that session)."
Nevada,1940,house,40,https://dataverse.harvard.edu/dataset.xhtml?persistentId=hdl:1902.1/20403,"Klarner State Partisan Balance Data, variables sen_tot_in_sess / hs_tot_in_sess (total seats in the chamber that session)."
Nevada,1940,senate,17,https://dataverse.harvard.edu/dataset.xhtml?persistentId=hdl:1902.1/20403,"Klarner State Partisan Balance Data, variables sen_tot_in_sess / hs_tot_in_sess (total seats in the chamber that session)."
Nevada,1950,house,43,https://dataverse.harvard.edu/dataset.xhtml?persistentId=hdl:1902.1/20403,"Klarner State Partisan Balance Data, variables sen_tot_in_sess / hs_tot_in_sess (total seats in the chamber that session)."
Nevada,1950,senate,17,https://dataverse.harvard.edu/dataset.xhtml?persistentId=hdl:1902.1/20403,"Klarner State Partisan Balance Data, variables sen_tot_in_sess / hs_tot_in_sess (total seats in the chamber that session)."
Nevada,1960,house,47,https://dataverse.harvard.edu/dataset.xhtml?persistentId=hdl:1902.1/20403,"Klarner State Partisan Balance Data, variables sen_tot_in_sess / hs_tot_in_sess (total seats in the chamber that session)."
Nevada,1960,senate,17,https://dataverse.harvard.edu/dataset.xhtml?persistentId=hdl:1902.1/20403,"Klarner State Partisan Balance Data, variables sen_tot_in_sess / hs_tot_in_sess (total seats in the chamber that session)."
Nevada,1970,house,40,https://dataverse.harvard.edu/dataset.xhtml?persistentId=hdl:1902.1/20403,"Klarner State Partisan Balance Data, variables sen_tot_in_sess / hs_tot_in_sess (total seats in the chamber that session)."
Nevada,1970,senate,20,https://dataverse.harvard.edu/dataset.xhtml?persistentId=hdl:1902.1/20403,"Klarner State Partisan Balance Data, variables sen_tot_in_sess / hs_tot_in_sess (total seats in the chamber that session)."
Nevada,1980,house,40,https://dataverse.harvard.edu/dataset.xhtml?persistentId=hdl:1902.1/20403,"Klarner State Partisan Balance Data, variables sen_tot_in_sess / hs_tot_in_sess (total seats in the chamber that session)."
Nevada,1980,senate,20,https://dataverse.harvard.edu/dataset.xhtml?persistentId=hdl:1902.1/20403,"Klarner State Partisan Balance Data, variables sen_tot_in_sess / hs_tot_in_sess (total seats in the chamber that session)."
Nevada,1990,house,42,https://dataverse.harvard.edu/dataset.xhtml?persistentId=hdl:1902.1/20403,"Klarner State Partisan Balance Data, variables sen_tot_in_sess / hs_tot_in_sess (total seats in the chamber that session)."
Nevada,1990,senate,21,https://dataverse.harvard.edu/dataset.xhtml?persistentId=hdl:1902.1/20403,"Klarner State Partisan Balance Data, variables sen_tot_in_sess / hs_tot_in_sess (total seats in the chamber that session)."
Nevada,2000,house,42,https://dataverse.harvard.edu/dataset.xhtml?persistentId=hdl:1902.1/20403,"Klarner State Partisan Balance Data, variables sen_tot_in_sess / hs_tot_in_sess (total seats in the chamber that session)."
Nevada,2000,senate,21,https://dataverse.harvard.edu/dataset.xhtml?persistentId=hdl:1902.1/20403,"Klarner State Partisan Balance Data, variables sen_tot_in_sess / hs_tot_in_sess (total seats in the chamber that session)."
Nevada,2010,house,42,https://dataverse.harvard.edu/dataset.xhtml?persistentId=hdl:1902.1/20403,"Klarner State Partisan Balance Data, variables sen_tot_in_sess / hs_tot_in_sess (total seats in the chamber that session)."
Nevada,2010,senate,21,https://dataverse.harvard.edu/dataset.xhtml?persistentId=hdl:1902.1/20403,"Klarner State Partisan Balance Data, variables sen_tot_in_sess / hs_tot_in_sess (total seats in the chamber that session)."
Nevada,2011,house,42,https://dataverse.harvard.edu/dataset.xhtml?persistentId=hdl:1902.1/20403,"Klarner State Partisan Balance Data, variables sen_tot_in_sess / hs_tot_in_sess (total seats in the chamber that session)."
Nevada,2011,senate,21,https://dataverse.harvard.edu/dataset.xhtml?persistentId=hdl:1902.1/20403,"Klarner State Partisan Balance Data, variables sen_tot_in_sess / hs_tot_in_sess (total seats in the chamber that session)."
Nevada,2026,house,42,https://www.ncsl.org/resources/details/number-of-legislators-and-length-of-terms-in-years,"NCSL current chamber sizes, retrieved 2026-09-23. Sizes have been unchanged since 2011 except New York (Senate 62->63) and Wyoming (30/60 -> 31/62)."
Nevada,2026,senate,21,https://www.ncsl.org/resources/details/number-of-legislators-and-length-of-terms-in-years,"NCSL current chamber sizes, retrieved 2026-09-23. Sizes have been unchanged since 2011 except New York (Senate 62->63) and Wyoming (30/60 -> 31/62)."
New Hampshire,1790,senate,12,https://archive.org/download/federalstatecons04thor/federalstatecons04thor_djvu.txt,Constitution of 1784; Senate article (Thorpe vol. 4): 'There shall be annually elected ... twelve persons to be senators for the year ensuing their election'. House was a per-town ratable-polls formula; no fixed total; not recorded.
New Hampshire,1800,senate,12,https://archive.org/download/federalstatecons04thor/federalstatecons04thor_djvu.txt,Constitution of 1792 Part II Sec. XXV (Thorpe vol. 4): 'The senate shall consist of twelve members'. 12 senatorial districts.
New Hampshire,1810,senate,12,https://archive.org/download/federalstatecons04thor/federalstatecons04thor_djvu.txt,Constitution of 1792 Part II Sec. XXV: 'The senate shall consist of twelve members'.
New Hampshire,1820,senate,12,https://archive.org/download/federalstatecons04thor/federalstatecons04thor_djvu.txt,Constitution of 1792 Part II Sec. XXV: 'The senate shall consist of twelve members'. Raised to 24 only in the twentieth century.
New Hampshire,1831,house,229,https://archive.org/details/americanalmanacr1832bost/page/n297,"Read from American Almanac for 1832 p.274 table of Senators and Representatives; figures describe the 1831 legislatures. Source's printed Total column says 236 but 12+229=241 (the next year's volume prints 12/230/242, so 236 is a typo in the 1832 volume); House size varied year to year (apportioned by town)."
New Hampshire,1831,senate,12,https://archive.org/details/americanalmanacr1832bost/page/n297,"Read from American Almanac for 1832 p.274 table of Senators and Representatives; figures describe the 1831 legislatures. Source's printed Total column says 236 but 12+229=241 (the next year's volume prints 12/230/242, so 236 is a typo in the 1832 volume); House size varied year to year (apportioned by town)."
New Hampshire,1832,house,230,https://archive.org/details/americanalmanacr00unguat/page/n260,"Read from the page scan americanalmanac-1833-leaf260.jpg: American Almanac for 1833 p.233, 'Table exhibiting ... the Number of Senators and Representatives ...'. Every row's Senators+Representatives equals the printed Total column. Figures describe the 1832 legislatures. House apportioned by town; size varied year to year."
New Hampshire,1832,senate,12,https://archive.org/details/americanalmanacr00unguat/page/n260,"Read from the page scan americanalmanac-1833-leaf260.jpg: American Almanac for 1833 p.233, 'Table exhibiting ... the Number of Senators and Representatives ...'. Every row's Senators+Representatives equals the printed Total column. Figures describe the 1832 legislatures. House apportioned by town; size varied year to year."
New Hampshire,1871,house,329,https://archive.org/details/vol1872tribuneal00unse,Tribune Almanac 1872; sum (Dem 165 + Rep 164); joint ballot printed as 341 = 12+329
New Hampshire,1871,senate,12,https://archive.org/details/vol1872tribuneal00unse,"Tribune Almanac 1872 ""Legislature 1871-2""; sum (Dem 6 + Rep 6)"
New Hampshire,1890,house,329,https://archive.org/details/vol1891tribuneal00unse,Tribune Almanac 1891; sum (Rep 177 + Dem 152)
New Hampshire,1890,senate,24,https://archive.org/details/vol1891tribuneal00unse,Tribune Almanac 1891; sum (Rep 13 + Dem 9 + vacancies 2); joint check 24+329=353
New Hampshire,1901,house,397,https://archive.org/details/vol1901tribuneal00unse,Sum of the party division printed in the Tribune Almanac's 'Legislature of 1901' table; Senate+House reconciles to the printed joint-ballot total. May undercount seats vacant at the time of counting. House size varied year to year (apportioned by town).
New Hampshire,1901,senate,24,https://archive.org/details/vol1901tribuneal00unse,Sum of the party division printed in the Tribune Almanac's 'Legislature of 1901' table; Senate+House reconciles to the printed joint-ballot total. May undercount seats vacant at the time of counting. House size varied year to year (apportioned by town).
New Hampshire,1909,house,389,https://archive.org/details/vol1910tribuneal00unse,Tribune Almanac 1910; sum (Rep 272 + Dem 117)
New Hampshire,1909,senate,24,https://archive.org/details/vol1910tribuneal00unse,"Tribune Almanac 1910 ""Legislature of 1909-10""; sum (Rep 20 + Dem 4); joint check 24+389=413"
New Hampshire,1937,house,418,https://dataverse.harvard.edu/dataset.xhtml?persistentId=hdl:1902.1/20403,"Klarner State Partisan Balance Data, variables sen_tot_in_sess / hs_tot_in_sess (total seats in the chamber that session)."
New Hampshire,1937,senate,24,https://dataverse.harvard.edu/dataset.xhtml?persistentId=hdl:1902.1/20403,"Klarner State Partisan Balance Data, variables sen_tot_in_sess / hs_tot_in_sess (total seats in the chamber that session)."
New Hampshire,1940,house,427,https://dataverse.harvard.edu/dataset.xhtml?persistentId=hdl:1902.1/20403,"Klarner State Partisan Balance Data, variables sen_tot_in_sess / hs_tot_in_sess (total seats in the chamber that session)."
New Hampshire,1940,senate,24,https://dataverse.harvard.edu/dataset.xhtml?persistentId=hdl:1902.1/20403,"Klarner State Partisan Balance Data, variables sen_tot_in_sess / hs_tot_in_sess (total seats in the chamber that session)."
New Hampshire,1950,house,399,https://dataverse.harvard.edu/dataset.xhtml?persistentId=hdl:1902.1/20403,"Klarner State Partisan Balance Data, variables sen_tot_in_sess / hs_tot_in_sess (total seats in the chamber that session)."
New Hampshire,1950,senate,24,https://dataverse.harvard.edu/dataset.xhtml?persistentId=hdl:1902.1/20403,"Klarner State Partisan Balance Data, variables sen_tot_in_sess / hs_tot_in_sess (total seats in the chamber that session)."
New Hampshire,1960,house,400,https://dataverse.harvard.edu/dataset.xhtml?persistentId=hdl:1902.1/20403,"Klarner State Partisan Balance Data, variables sen_tot_in_sess / hs_tot_in_sess (total seats in the chamber that session)."
New Hampshire,1960,senate,24,https://dataverse.harvard.edu/dataset.xhtml?persistentId=hdl:1902.1/20403,"Klarner State Partisan Balance Data, variables sen_tot_in_sess / hs_tot_in_sess (total seats in the chamber that session)."
New Hampshire,1970,house,400,https://dataverse.harvard.edu/dataset.xhtml?persistentId=hdl:1902.1/20403,"Klarner State Partisan Balance Data, variables sen_tot_in_sess / hs_tot_in_sess (total seats in the chamber that session)."
New Hampshire,1970,senate,24,https://dataverse.harvard.edu/dataset.xhtml?persistentId=hdl:1902.1/20403,"Klarner State Partisan Balance Data, variables sen_tot_in_sess / hs_tot_in_sess (total seats in the chamber that session)."
New Hampshire,1980,house,400,https://dataverse.harvard.edu/dataset.xhtml?persistentId=hdl:1902.1/20403,"Klarner State Partisan Balance Data, variables sen_tot_in_sess / hs_tot_in_sess (total seats in the chamber that session)."
New Hampshire,1980,senate,24,https://dataverse.harvard.edu/dataset.xhtml?persistentId=hdl:1902.1/20403,"Klarner State Partisan Balance Data, variables sen_tot_in_sess / hs_tot_in_sess (total seats in the chamber that session)."
New Hampshire,1990,house,400,https://dataverse.harvard.edu/dataset.xhtml?persistentId=hdl:1902.1/20403,"Klarner State Partisan Balance Data, variables sen_tot_in_sess / hs_tot_in_sess (total seats in the chamber that session)."
New Hampshire,1990,senate,24,https://dataverse.harvard.edu/dataset.xhtml?persistentId=hdl:1902.1/20403,"Klarner State Partisan Balance Data, variables sen_tot_in_sess / hs_tot_in_sess (total seats in the chamber that session)."
New Hampshire,2000,house,400,https://dataverse.harvard.edu/dataset.xhtml?persistentId=hdl:1902.1/20403,"Klarner State Partisan Balance Data, variables sen_tot_in_sess / hs_tot_in_sess (total seats in the chamber that session)."
New Hampshire,2000,senate,24,https://dataverse.harvard.edu/dataset.xhtml?persistentId=hdl:1902.1/20403,"Klarner State Partisan Balance Data, variables sen_tot_in_sess / hs_tot_in_sess (total seats in the chamber that session)."
New Hampshire,2010,house,400,https://dataverse.harvard.edu/dataset.xhtml?persistentId=hdl:1902.1/20403,"Klarner State Partisan Balance Data, variables sen_tot_in_sess / hs_tot_in_sess (total seats in the chamber that session)."
New Hampshire,2010,senate,24,https://dataverse.harvard.edu/dataset.xhtml?persistentId=hdl:1902.1/20403,"Klarner State Partisan Balance Data, variables sen_tot_in_sess / hs_tot_in_sess (total seats in the chamber that session)."
New Hampshire,2011,house,400,https://dataverse.harvard.edu/dataset.xhtml?persistentId=hdl:1902.1/20403,"Klarner State Partisan Balance Data, variables sen_tot_in_sess / hs_tot_in_sess (total seats in the chamber that session)."
New Hampshire,2011,senate,24,https://dataverse.harvard.edu/dataset.xhtml?persistentId=hdl:1902.1/20403,"Klarner State Partisan Balance Data, variables sen_tot_in_sess / hs_tot_in_sess (total seats in the chamber that session)."
New Hampshire,2026,house,400,https://www.ncsl.org/resources/details/number-of-legislators-and-length-of-terms-in-years,"NCSL current chamber sizes, retrieved 2026-09-23. Sizes have been unchanged since 2011 except New York (Senate 62->63) and Wyoming (30/60 -> 31/62)."
New Hampshire,2026,senate,24,https://www.ncsl.org/resources/details/number-of-legislators-and-length-of-terms-in-years,"NCSL current chamber sizes, retrieved 2026-09-23. Sizes have been unchanged since 2011 except New York (Senate 62->63) and Wyoming (30/60 -> 31/62)."
New Jersey,1831,house,50,https://archive.org/details/americanalmanacr1832bost/page/n297,Read from American Almanac for 1832 p.274 table of Senators and Representatives; figures describe the 1831 legislatures. Upper house styled the 'Legislative Council' per source footnote.
New Jersey,1831,senate,14,https://archive.org/details/americanalmanacr1832bost/page/n297,Read from American Almanac for 1832 p.274 table of Senators and Representatives; figures describe the 1831 legislatures. Upper house styled the 'Legislative Council' per source footnote.
New Jersey,1832,house,50,https://archive.org/details/americanalmanacr00unguat/page/n260,"Read from the page scan americanalmanac-1833-leaf260.jpg: American Almanac for 1833 p.233, 'Table exhibiting ... the Number of Senators and Representatives ...'. Every row's Senators+Representatives equals the printed Total column. Figures describe the 1832 legislatures. Upper house styled the 'Legislative Council' per source footnote."
New Jersey,1832,senate,14,https://archive.org/details/americanalmanacr00unguat/page/n260,"Read from the page scan americanalmanac-1833-leaf260.jpg: American Almanac for 1833 p.233, 'Table exhibiting ... the Number of Senators and Representatives ...'. Every row's Senators+Representatives equals the printed Total column. Figures describe the 1832 legislatures. Upper house styled the 'Legislative Council' per source footnote."
New Jersey,1872,house,60,https://archive.org/details/vol1872tribuneal00unse,Tribune Almanac 1872; sum (Rep 36 + Dem 24)
New Jersey,1872,senate,21,https://archive.org/details/vol1872tribuneal00unse,"Tribune Almanac 1872 ""Legislature 1872""; Senate derived from joint 81 minus House 60; confirmed by World Almanac 1872"
New Jersey,1888,house,60,https://archive.org/details/vol1891tribuneal00unse,Tribune Almanac 1891 1888 column; chamber named General Assembly; sum (Rep 23 + Dem 37)
New Jersey,1888,senate,21,https://archive.org/details/vol1891tribuneal00unse,Tribune Almanac 1891 LEGISLATURE 1888 column; 1890 column garbled; sum (Rep 11 + Dem 10); joint check 21+60=81
New Jersey,1901,house,60,https://archive.org/details/vol1901tribuneal00unse,Sum of the party division printed in the Tribune Almanac's 'Legislature of 1901' table; Senate+House reconciles to the printed joint-ballot total. May undercount seats vacant at the time of counting. Lower chamber is the General Assembly.
New Jersey,1901,senate,21,https://archive.org/details/vol1901tribuneal00unse,Sum of the party division printed in the Tribune Almanac's 'Legislature of 1901' table; Senate+House reconciles to the printed joint-ballot total. May undercount seats vacant at the time of counting. Lower chamber is the General Assembly.
New Jersey,1910,house,60,https://archive.org/details/vol1910tribuneal00unse,Tribune Almanac 1910; chamber named General Assembly; sum (Rep 41 + Dem 19)
New Jersey,1910,senate,21,https://archive.org/details/vol1910tribuneal00unse,"Tribune Almanac 1910 ""Legislature of 1910""; sum (Rep 15 + Dem 6); joint check 21+60=81"
New Jersey,1937,house,60,https://dataverse.harvard.edu/dataset.xhtml?persistentId=hdl:1902.1/20403,"Klarner State Partisan Balance Data, variables sen_tot_in_sess / hs_tot_in_sess (total seats in the chamber that session)."
New Jersey,1937,senate,21,https://dataverse.harvard.edu/dataset.xhtml?persistentId=hdl:1902.1/20403,"Klarner State Partisan Balance Data, variables sen_tot_in_sess / hs_tot_in_sess (total seats in the chamber that session)."
New Jersey,1940,house,60,https://dataverse.harvard.edu/dataset.xhtml?persistentId=hdl:1902.1/20403,"Klarner State Partisan Balance Data, variables sen_tot_in_sess / hs_tot_in_sess (total seats in the chamber that session)."
New Jersey,1940,senate,21,https://dataverse.harvard.edu/dataset.xhtml?persistentId=hdl:1902.1/20403,"Klarner State Partisan Balance Data, variables sen_tot_in_sess / hs_tot_in_sess (total seats in the chamber that session)."
New Jersey,1950,house,60,https://dataverse.harvard.edu/dataset.xhtml?persistentId=hdl:1902.1/20403,"Klarner State Partisan Balance Data, variables sen_tot_in_sess / hs_tot_in_sess (total seats in the chamber that session)."
New Jersey,1950,senate,21,https://dataverse.harvard.edu/dataset.xhtml?persistentId=hdl:1902.1/20403,"Klarner State Partisan Balance Data, variables sen_tot_in_sess / hs_tot_in_sess (total seats in the chamber that session)."
New Jersey,1960,house,60,https://dataverse.harvard.edu/dataset.xhtml?persistentId=hdl:1902.1/20403,"Klarner State Partisan Balance Data, variables sen_tot_in_sess / hs_tot_in_sess (total seats in the chamber that session)."
New Jersey,1960,senate,21,https://dataverse.harvard.edu/dataset.xhtml?persistentId=hdl:1902.1/20403,"Klarner State Partisan Balance Data, variables sen_tot_in_sess / hs_tot_in_sess (total seats in the chamber that session)."
New Jersey,1970,house,80,https://dataverse.harvard.edu/dataset.xhtml?persistentId=hdl:1902.1/20403,"Klarner State Partisan Balance Data, variables sen_tot_in_sess / hs_tot_in_sess (total seats in the chamber that session)."
New Jersey,1970,senate,40,https://dataverse.harvard.edu/dataset.xhtml?persistentId=hdl:1902.1/20403,"Klarner State Partisan Balance Data, variables sen_tot_in_sess / hs_tot_in_sess (total seats in the chamber that session)."
New Jersey,1980,house,80,https://dataverse.harvard.edu/dataset.xhtml?persistentId=hdl:1902.1/20403,"Klarner State Partisan Balance Data, variables sen_tot_in_sess / hs_tot_in_sess (total seats in the chamber that session)."
New Jersey,1980,senate,40,https://dataverse.harvard.edu/dataset.xhtml?persistentId=hdl:1902.1/20403,"Klarner State Partisan Balance Data, variables sen_tot_in_sess / hs_tot_in_sess (total seats in the chamber that session)."
New Jersey,1990,house,80,https://dataverse.harvard.edu/dataset.xhtml?persistentId=hdl:1902.1/20403,"Klarner State Partisan Balance Data, variables sen_tot_in_sess / hs_tot_in_sess (total seats in the chamber that session)."
New Jersey,1990,senate,40,https://dataverse.harvard.edu/dataset.xhtml?persistentId=hdl:1902.1/20403,"Klarner State Partisan Balance Data, variables sen_tot_in_sess / hs_tot_in_sess (total seats in the chamber that session)."
New Jersey,2000,house,80,https://dataverse.harvard.edu/dataset.xhtml?persistentId=hdl:1902.1/20403,"Klarner State Partisan Balance Data, variables sen_tot_in_sess / hs_tot_in_sess (total seats in the chamber that session)."
New Jersey,2000,senate,40,https://dataverse.harvard.edu/dataset.xhtml?persistentId=hdl:1902.1/20403,"Klarner State Partisan Balance Data, variables sen_tot_in_sess / hs_tot_in_sess (total seats in the chamber that session)."
New Jersey,2010,house,80,https://dataverse.harvard.edu/dataset.xhtml?persistentId=hdl:1902.1/20403,"Klarner State Partisan Balance Data, variables sen_tot_in_sess / hs_tot_in_sess (total seats in the chamber that session)."
New Jersey,2010,senate,40,https://dataverse.harvard.edu/dataset.xhtml?persistentId=hdl:1902.1/20403,"Klarner State Partisan Balance Data, variables sen_tot_in_sess / hs_tot_in_sess (total seats in the chamber that session)."
New Jersey,2011,house,80,https://dataverse.harvard.edu/dataset.xhtml?persistentId=hdl:1902.1/20403,"Klarner State Partisan Balance Data, variables sen_tot_in_sess / hs_tot_in_sess (total seats in the chamber that session)."
New Jersey,2011,senate,40,https://dataverse.harvard.edu/dataset.xhtml?persistentId=hdl:1902.1/20403,"Klarner State Partisan Balance Data, variables sen_tot_in_sess / hs_tot_in_sess (total seats in the chamber that session)."
New Jersey,2026,house,80,https://www.ncsl.org/resources/details/number-of-legislators-and-length-of-terms-in-years,"NCSL current chamber sizes, retrieved 2026-09-23. Sizes have been unchanged since 2011 except New York (Senate 62->63) and Wyoming (30/60 -> 31/62)."
New Jersey,2026,senate,40,https://www.ncsl.org/resources/details/number-of-legislators-and-length-of-terms-in-years,"NCSL current chamber sizes, retrieved 2026-09-23. Sizes have been unchanged since 2011 except New York (Senate 62->63) and Wyoming (30/60 -> 31/62)."
New Mexico,1937,house,49,https://dataverse.harvard.edu/dataset.xhtml?persistentId=hdl:1902.1/20403,"Klarner State Partisan Balance Data, variables sen_tot_in_sess / hs_tot_in_sess (total seats in the chamber that session)."
New Mexico,1937,senate,24,https://dataverse.harvard.edu/dataset.xhtml?persistentId=hdl:1902.1/20403,"Klarner State Partisan Balance Data, variables sen_tot_in_sess / hs_tot_in_sess (total seats in the chamber that session)."
New Mexico,1940,house,49,https://dataverse.harvard.edu/dataset.xhtml?persistentId=hdl:1902.1/20403,"Klarner State Partisan Balance Data, variables sen_tot_in_sess / hs_tot_in_sess (total seats in the chamber that session)."
New Mexico,1940,senate,24,https://dataverse.harvard.edu/dataset.xhtml?persistentId=hdl:1902.1/20403,"Klarner State Partisan Balance Data, variables sen_tot_in_sess / hs_tot_in_sess (total seats in the chamber that session)."
New Mexico,1950,house,49,https://dataverse.harvard.edu/dataset.xhtml?persistentId=hdl:1902.1/20403,"Klarner State Partisan Balance Data, variables sen_tot_in_sess / hs_tot_in_sess (total seats in the chamber that session)."
New Mexico,1950,senate,24,https://dataverse.harvard.edu/dataset.xhtml?persistentId=hdl:1902.1/20403,"Klarner State Partisan Balance Data, variables sen_tot_in_sess / hs_tot_in_sess (total seats in the chamber that session)."
New Mexico,1960,house,66,https://dataverse.harvard.edu/dataset.xhtml?persistentId=hdl:1902.1/20403,"Klarner State Partisan Balance Data, variables sen_tot_in_sess / hs_tot_in_sess (total seats in the chamber that session)."
New Mexico,1960,senate,32,https://dataverse.harvard.edu/dataset.xhtml?persistentId=hdl:1902.1/20403,"Klarner State Partisan Balance Data, variables sen_tot_in_sess / hs_tot_in_sess (total seats in the chamber that session)."
New Mexico,1970,house,70,https://dataverse.harvard.edu/dataset.xhtml?persistentId=hdl:1902.1/20403,"Klarner State Partisan Balance Data, variables sen_tot_in_sess / hs_tot_in_sess (total seats in the chamber that session)."
New Mexico,1970,senate,42,https://dataverse.harvard.edu/dataset.xhtml?persistentId=hdl:1902.1/20403,"Klarner State Partisan Balance Data, variables sen_tot_in_sess / hs_tot_in_sess (total seats in the chamber that session)."
New Mexico,1980,house,70,https://dataverse.harvard.edu/dataset.xhtml?persistentId=hdl:1902.1/20403,"Klarner State Partisan Balance Data, variables sen_tot_in_sess / hs_tot_in_sess (total seats in the chamber that session)."
New Mexico,1980,senate,42,https://dataverse.harvard.edu/dataset.xhtml?persistentId=hdl:1902.1/20403,"Klarner State Partisan Balance Data, variables sen_tot_in_sess / hs_tot_in_sess (total seats in the chamber that session)."
New Mexico,1990,house,70,https://dataverse.harvard.edu/dataset.xhtml?persistentId=hdl:1902.1/20403,"Klarner State Partisan Balance Data, variables sen_tot_in_sess / hs_tot_in_sess (total seats in the chamber that session)."
New Mexico,1990,senate,42,https://dataverse.harvard.edu/dataset.xhtml?persistentId=hdl:1902.1/20403,"Klarner State Partisan Balance Data, variables sen_tot_in_sess / hs_tot_in_sess (total seats in the chamber that session)."
New Mexico,2000,house,70,https://dataverse.harvard.edu/dataset.xhtml?persistentId=hdl:1902.1/20403,"Klarner State Partisan Balance Data, variables sen_tot_in_sess / hs_tot_in_sess (total seats in the chamber that session)."
New Mexico,2000,senate,42,https://dataverse.harvard.edu/dataset.xhtml?persistentId=hdl:1902.1/20403,"Klarner State Partisan Balance Data, variables sen_tot_in_sess / hs_tot_in_sess (total seats in the chamber that session)."
New Mexico,2010,house,70,https://dataverse.harvard.edu/dataset.xhtml?persistentId=hdl:1902.1/20403,"Klarner State Partisan Balance Data, variables sen_tot_in_sess / hs_tot_in_sess (total seats in the chamber that session)."
New Mexico,2010,senate,42,https://dataverse.harvard.edu/dataset.xhtml?persistentId=hdl:1902.1/20403,"Klarner State Partisan Balance Data, variables sen_tot_in_sess / hs_tot_in_sess (total seats in the chamber that session)."
New Mexico,2011,house,70,https://dataverse.harvard.edu/dataset.xhtml?persistentId=hdl:1902.1/20403,"Klarner State Partisan Balance Data, variables sen_tot_in_sess / hs_tot_in_sess (total seats in the chamber that session)."
New Mexico,2011,senate,42,https://dataverse.harvard.edu/dataset.xhtml?persistentId=hdl:1902.1/20403,"Klarner State Partisan Balance Data, variables sen_tot_in_sess / hs_tot_in_sess (total seats in the chamber that session)."
New Mexico,2026,house,70,https://www.ncsl.org/resources/details/number-of-legislators-and-length-of-terms-in-years,"NCSL current chamber sizes, retrieved 2026-09-23. Sizes have been unchanged since 2011 except New York (Senate 62->63) and Wyoming (30/60 -> 31/62)."
New Mexico,2026,senate,42,https://www.ncsl.org/resources/details/number-of-legislators-and-length-of-terms-in-years,"NCSL current chamber sizes, retrieved 2026-09-23. Sizes have been unchanged since 2011 except New York (Senate 62->63) and Wyoming (30/60 -> 31/62)."
New York,1790,house,70,https://en.wikipedia.org/wiki/13th_New_York_State_Legislature,13th New York State Legislature infobox: 'Assembly Members 70 (de facto 65)'. The 14th Legislature (term July 1790 - June 1791) shows 65. Constitution of 1777 Art. IV: 'the assembly shall consist of at least seventy members' with census-based growth (cap 300).
New York,1790,senate,24,https://en.wikipedia.org/wiki/13th_New_York_State_Legislature,13th New York State Legislature (term July 1; 1789 - June 30; 1790; session January 12 - April 6; 1790) infobox: Senate Members 24. Constitution of 1777 Art. X fixed the Senate at 24 subject to census-based growth (cap 100).
New York,1800,house,108,https://en.wikipedia.org/wiki/23rd_New_York_State_Legislature,23rd New York State Legislature infobox: Assembly Members 108. Size changed shortly after: the 1801 amending convention capped the Assembly's growth at 150 and reduced the Senate to 32.
New York,1800,senate,43,https://en.wikipedia.org/wiki/23rd_New_York_State_Legislature,23rd New York State Legislature (term July 1799 - June 1800; session January 28 - April 8; 1800) infobox: Senate Members 43. The Senate had grown under the 1777 census clause; the convention of October 1801 then fixed it permanently at 32.
New York,1810,house,112,https://en.wikipedia.org/wiki/33rd_New_York_State_Legislature,33rd New York State Legislature infobox: Assembly Members 112. Under the 1801 amendments the Assembly grew by two members per year until reaching 150.
New York,1810,senate,32,https://en.wikipedia.org/wiki/33rd_New_York_State_Legislature,33rd New York State Legislature (term July 1809 - June 1810; session January 30 - April 6; 1810) infobox: Senate Members 32. Fixed at 32 by the amendments of the convention of October 27; 1801.
New York,1820,house,126,https://en.wikipedia.org/wiki/43rd_New_York_State_Legislature,43rd New York State Legislature infobox: Assembly Members 126. The 44th Legislature (term July 1820 - June 1821) also shows Senate 32; Assembly 126.
New York,1820,senate,32,https://en.wikipedia.org/wiki/43rd_New_York_State_Legislature,43rd New York State Legislature (term July 1819 - June 1820; session January 4 - April 14; 1820) infobox: Senate Members 32.
New York,1831,house,128,https://archive.org/details/americanalmanacr1832bost/page/n297,Read from American Almanac for 1832 p.274 table of Senators and Representatives; figures describe the 1831 legislatures.
New York,1831,senate,32,https://archive.org/details/americanalmanacr1832bost/page/n297,Read from American Almanac for 1832 p.274 table of Senators and Representatives; figures describe the 1831 legislatures.
New York,1832,house,128,https://archive.org/details/americanalmanacr00unguat/page/n260,"Read from the page scan americanalmanac-1833-leaf260.jpg: American Almanac for 1833 p.233, 'Table exhibiting ... the Number of Senators and Representatives ...'. Every row's Senators+Representatives equals the printed Total column. Figures describe the 1832 legislatures."
New York,1832,senate,32,https://archive.org/details/americanalmanacr00unguat/page/n260,"Read from the page scan americanalmanac-1833-leaf260.jpg: American Almanac for 1833 p.233, 'Table exhibiting ... the Number of Senators and Representatives ...'. Every row's Senators+Representatives equals the printed Total column. Figures describe the 1832 legislatures."
New York,1872,house,128,https://archive.org/details/vol1872tribuneal00unse,Tribune Almanac 1872; chamber named Assembly; sum (Rep 97 + Dem 31); joint check 32+128=160
New York,1872,senate,32,https://archive.org/details/vol1872tribuneal00unse,"Tribune Almanac 1872 ""Legislature 1872""; Senate derived from joint columns (Rep 121-97=24; Dem 39-31=8)"
New York,1889,house,128,https://archive.org/details/vol1890tribuneal00unse,Tribune Almanac 1890; chamber named Assembly; sum (Rep 71 + Dem 57)
New York,1889,senate,32,https://archive.org/details/vol1890tribuneal00unse,Tribune Almanac 1890 LEGISLATURE 1889 column; sum (Rep 19 + Dem 13); joint check 32+128=160
New York,1901,house,150,https://archive.org/details/vol1901tribuneal00unse,"Sum of the party division printed in the Tribune Almanac's 'Legislature of 1901' table; Senate+House reconciles to the printed joint-ballot total. May undercount seats vacant at the time of counting. Printed roster totals read from the page scans tribune1901-leaf392.jpg (Senate: 35 R + 15 D, Total 50) and tribune1901-leaf395.jpg (Assembly: 105 R + 45 D, Total 150). Lower chamber is the Assembly."
New York,1901,senate,50,https://archive.org/details/vol1901tribuneal00unse,"Sum of the party division printed in the Tribune Almanac's 'Legislature of 1901' table; Senate+House reconciles to the printed joint-ballot total. May undercount seats vacant at the time of counting. Printed roster totals read from the page scans tribune1901-leaf392.jpg (Senate: 35 R + 15 D, Total 50) and tribune1901-leaf395.jpg (Assembly: 105 R + 45 D, Total 150). Lower chamber is the Assembly."
New York,1910,house,150,https://archive.org/details/vol1910tribuneal00unse,Tribune Almanac 1910 apportionment list; chamber named Assembly; 41 one-member counties + 10 two + 3 three + 2 four + Monroe 5 + Erie 9 + Kings 23 + New York 35 = 150
New York,1910,senate,51,https://archive.org/details/vol1910tribuneal00unse,"Tribune Almanac 1910 ""Senate and Assembly Apportionments"" p.344; districts enumerated I through LI = 51; statutory size not a party sum"
New York,1937,house,150,https://dataverse.harvard.edu/dataset.xhtml?persistentId=hdl:1902.1/20403,"Klarner State Partisan Balance Data, variables sen_tot_in_sess / hs_tot_in_sess (total seats in the chamber that session)."
New York,1937,senate,51,https://dataverse.harvard.edu/dataset.xhtml?persistentId=hdl:1902.1/20403,"Klarner State Partisan Balance Data, variables sen_tot_in_sess / hs_tot_in_sess (total seats in the chamber that session)."
New York,1940,house,150,https://dataverse.harvard.edu/dataset.xhtml?persistentId=hdl:1902.1/20403,"Klarner State Partisan Balance Data, variables sen_tot_in_sess / hs_tot_in_sess (total seats in the chamber that session)."
New York,1940,senate,51,https://dataverse.harvard.edu/dataset.xhtml?persistentId=hdl:1902.1/20403,"Klarner State Partisan Balance Data, variables sen_tot_in_sess / hs_tot_in_sess (total seats in the chamber that session)."
New York,1950,house,150,https://dataverse.harvard.edu/dataset.xhtml?persistentId=hdl:1902.1/20403,"Klarner State Partisan Balance Data, variables sen_tot_in_sess / hs_tot_in_sess (total seats in the chamber that session)."
New York,1950,senate,56,https://dataverse.harvard.edu/dataset.xhtml?persistentId=hdl:1902.1/20403,"Klarner State Partisan Balance Data, variables sen_tot_in_sess / hs_tot_in_sess (total seats in the chamber that session)."
New York,1960,house,150,https://dataverse.harvard.edu/dataset.xhtml?persistentId=hdl:1902.1/20403,"Klarner State Partisan Balance Data, variables sen_tot_in_sess / hs_tot_in_sess (total seats in the chamber that session)."
New York,1960,senate,58,https://dataverse.harvard.edu/dataset.xhtml?persistentId=hdl:1902.1/20403,"Klarner State Partisan Balance Data, variables sen_tot_in_sess / hs_tot_in_sess (total seats in the chamber that session)."
New York,1970,house,150,https://dataverse.harvard.edu/dataset.xhtml?persistentId=hdl:1902.1/20403,"Klarner State Partisan Balance Data, variables sen_tot_in_sess / hs_tot_in_sess (total seats in the chamber that session)."
New York,1970,senate,57,https://dataverse.harvard.edu/dataset.xhtml?persistentId=hdl:1902.1/20403,"Klarner State Partisan Balance Data, variables sen_tot_in_sess / hs_tot_in_sess (total seats in the chamber that session)."
New York,1980,house,150,https://dataverse.harvard.edu/dataset.xhtml?persistentId=hdl:1902.1/20403,"Klarner State Partisan Balance Data, variables sen_tot_in_sess / hs_tot_in_sess (total seats in the chamber that session)."
New York,1980,senate,60,https://dataverse.harvard.edu/dataset.xhtml?persistentId=hdl:1902.1/20403,"Klarner State Partisan Balance Data, variables sen_tot_in_sess / hs_tot_in_sess (total seats in the chamber that session)."
New York,1990,house,150,https://dataverse.harvard.edu/dataset.xhtml?persistentId=hdl:1902.1/20403,"Klarner State Partisan Balance Data, variables sen_tot_in_sess / hs_tot_in_sess (total seats in the chamber that session)."
New York,1990,senate,61,https://dataverse.harvard.edu/dataset.xhtml?persistentId=hdl:1902.1/20403,"Klarner State Partisan Balance Data, variables sen_tot_in_sess / hs_tot_in_sess (total seats in the chamber that session)."
New York,2000,house,150,https://dataverse.harvard.edu/dataset.xhtml?persistentId=hdl:1902.1/20403,"Klarner State Partisan Balance Data, variables sen_tot_in_sess / hs_tot_in_sess (total seats in the chamber that session)."
New York,2000,senate,61,https://dataverse.harvard.edu/dataset.xhtml?persistentId=hdl:1902.1/20403,"Klarner State Partisan Balance Data, variables sen_tot_in_sess / hs_tot_in_sess (total seats in the chamber that session)."
New York,2010,house,150,https://dataverse.harvard.edu/dataset.xhtml?persistentId=hdl:1902.1/20403,"Klarner State Partisan Balance Data, variables sen_tot_in_sess / hs_tot_in_sess (total seats in the chamber that session)."
New York,2010,senate,62,https://dataverse.harvard.edu/dataset.xhtml?persistentId=hdl:1902.1/20403,"Klarner State Partisan Balance Data, variables sen_tot_in_sess / hs_tot_in_sess (total seats in the chamber that session)."
New York,2011,house,150,https://dataverse.harvard.edu/dataset.xhtml?persistentId=hdl:1902.1/20403,"Klarner State Partisan Balance Data, variables sen_tot_in_sess / hs_tot_in_sess (total seats in the chamber that session)."
New York,2011,senate,62,https://dataverse.harvard.edu/dataset.xhtml?persistentId=hdl:1902.1/20403,"Klarner State Partisan Balance Data, variables sen_tot_in_sess / hs_tot_in_sess (total seats in the chamber that session)."
New York,2026,house,150,https://www.ncsl.org/resources/details/number-of-legislators-and-length-of-terms-in-years,"NCSL current chamber sizes, retrieved 2026-09-23. Sizes have been unchanged since 2011 except New York (Senate 62->63) and Wyoming (30/60 -> 31/62)."
New York,2026,senate,63,https://www.ncsl.org/resources/details/number-of-legislators-and-length-of-terms-in-years,"NCSL current chamber sizes, retrieved 2026-09-23. Sizes have been unchanged since 2011 except New York (Senate 62->63) and Wyoming (30/60 -> 31/62)."
North Carolina,1831,house,134,https://archive.org/details/americanalmanacr1832bost/page/n297,Read from American Almanac for 1832 p.274 table of Senators and Representatives; figures describe the 1831 legislatures.
North Carolina,1831,senate,64,https://archive.org/details/americanalmanacr1832bost/page/n297,Read from American Almanac for 1832 p.274 table of Senators and Representatives; figures describe the 1831 legislatures.
North Carolina,1832,house,134,https://archive.org/details/americanalmanacr00unguat/page/n260,"Read from the page scan americanalmanac-1833-leaf260.jpg: American Almanac for 1833 p.233, 'Table exhibiting ... the Number of Senators and Representatives ...'. Every row's Senators+Representatives equals the printed Total column. Figures describe the 1832 legislatures."
North Carolina,1832,senate,64,https://archive.org/details/americanalmanacr00unguat/page/n260,"Read from the page scan americanalmanac-1833-leaf260.jpg: American Almanac for 1833 p.233, 'Table exhibiting ... the Number of Senators and Representatives ...'. Every row's Senators+Representatives equals the printed Total column. Figures describe the 1832 legislatures."
North Carolina,1871,house,120,https://archive.org/details/worldalmanac18721873newy,World Almanac 1872; sum (Dem 78 + Rep 38 + Ind 4)
North Carolina,1871,senate,50,https://archive.org/details/worldalmanac18721873newy,World Almanac 1872; sum (Dem 36 + Rep 14); joint check 50+120=170
North Carolina,1890,house,122,https://archive.org/details/vol1891tribuneal00unse,Tribune Almanac 1891; sum (Rep 17 + Dem 103 + Ind 2)
North Carolina,1890,senate,50,https://archive.org/details/vol1891tribuneal00unse,Tribune Almanac 1891; sum (Rep 7 + Dem 43); joint check 50+122=172
North Carolina,1901,house,120,https://archive.org/details/vol1901tribuneal00unse,Sum of the party division printed in the Tribune Almanac's 'Legislature of 1901' table; Senate+House reconciles to the printed joint-ballot total. May undercount seats vacant at the time of counting.
North Carolina,1901,senate,50,https://archive.org/details/vol1901tribuneal00unse,Sum of the party division printed in the Tribune Almanac's 'Legislature of 1901' table; Senate+House reconciles to the printed joint-ballot total. May undercount seats vacant at the time of counting.
North Carolina,1911,house,120,https://archive.org/details/vol1911tribuneal00unse,Tribune Almanac 1911; sum (Dem 98 + Rep 22)
North Carolina,1911,senate,50,https://archive.org/details/vol1911tribuneal00unse,Tribune Almanac 1911; sum (Dem 43 + Rep 7); joint check 50+120=170; same figures in Tribune Almanac 1910 for 1909-10
North Carolina,1937,house,120,https://dataverse.harvard.edu/dataset.xhtml?persistentId=hdl:1902.1/20403,"Klarner State Partisan Balance Data, variables sen_tot_in_sess / hs_tot_in_sess (total seats in the chamber that session)."
North Carolina,1937,senate,50,https://dataverse.harvard.edu/dataset.xhtml?persistentId=hdl:1902.1/20403,"Klarner State Partisan Balance Data, variables sen_tot_in_sess / hs_tot_in_sess (total seats in the chamber that session)."
North Carolina,1940,house,120,https://dataverse.harvard.edu/dataset.xhtml?persistentId=hdl:1902.1/20403,"Klarner State Partisan Balance Data, variables sen_tot_in_sess / hs_tot_in_sess (total seats in the chamber that session)."
North Carolina,1940,senate,50,https://dataverse.harvard.edu/dataset.xhtml?persistentId=hdl:1902.1/20403,"Klarner State Partisan Balance Data, variables sen_tot_in_sess / hs_tot_in_sess (total seats in the chamber that session)."
North Carolina,1950,house,120,https://dataverse.harvard.edu/dataset.xhtml?persistentId=hdl:1902.1/20403,"Klarner State Partisan Balance Data, variables sen_tot_in_sess / hs_tot_in_sess (total seats in the chamber that session)."
North Carolina,1950,senate,50,https://dataverse.harvard.edu/dataset.xhtml?persistentId=hdl:1902.1/20403,"Klarner State Partisan Balance Data, variables sen_tot_in_sess / hs_tot_in_sess (total seats in the chamber that session)."
North Carolina,1960,house,120,https://dataverse.harvard.edu/dataset.xhtml?persistentId=hdl:1902.1/20403,"Klarner State Partisan Balance Data, variables sen_tot_in_sess / hs_tot_in_sess (total seats in the chamber that session)."
North Carolina,1960,senate,50,https://dataverse.harvard.edu/dataset.xhtml?persistentId=hdl:1902.1/20403,"Klarner State Partisan Balance Data, variables sen_tot_in_sess / hs_tot_in_sess (total seats in the chamber that session)."
North Carolina,1970,house,120,https://dataverse.harvard.edu/dataset.xhtml?persistentId=hdl:1902.1/20403,"Klarner State Partisan Balance Data, variables sen_tot_in_sess / hs_tot_in_sess (total seats in the chamber that session)."
North Carolina,1970,senate,50,https://dataverse.harvard.edu/dataset.xhtml?persistentId=hdl:1902.1/20403,"Klarner State Partisan Balance Data, variables sen_tot_in_sess / hs_tot_in_sess (total seats in the chamber that session)."
North Carolina,1980,house,120,https://dataverse.harvard.edu/dataset.xhtml?persistentId=hdl:1902.1/20403,"Klarner State Partisan Balance Data, variables sen_tot_in_sess / hs_tot_in_sess (total seats in the chamber that session)."
North Carolina,1980,senate,50,https://dataverse.harvard.edu/dataset.xhtml?persistentId=hdl:1902.1/20403,"Klarner State Partisan Balance Data, variables sen_tot_in_sess / hs_tot_in_sess (total seats in the chamber that session)."
North Carolina,1990,house,120,https://dataverse.harvard.edu/dataset.xhtml?persistentId=hdl:1902.1/20403,"Klarner State Partisan Balance Data, variables sen_tot_in_sess / hs_tot_in_sess (total seats in the chamber that session)."
North Carolina,1990,senate,50,https://dataverse.harvard.edu/dataset.xhtml?persistentId=hdl:1902.1/20403,"Klarner State Partisan Balance Data, variables sen_tot_in_sess / hs_tot_in_sess (total seats in the chamber that session)."
North Carolina,2000,house,120,https://dataverse.harvard.edu/dataset.xhtml?persistentId=hdl:1902.1/20403,"Klarner State Partisan Balance Data, variables sen_tot_in_sess / hs_tot_in_sess (total seats in the chamber that session)."
North Carolina,2000,senate,50,https://dataverse.harvard.edu/dataset.xhtml?persistentId=hdl:1902.1/20403,"Klarner State Partisan Balance Data, variables sen_tot_in_sess / hs_tot_in_sess (total seats in the chamber that session)."
North Carolina,2010,house,120,https://dataverse.harvard.edu/dataset.xhtml?persistentId=hdl:1902.1/20403,"Klarner State Partisan Balance Data, variables sen_tot_in_sess / hs_tot_in_sess (total seats in the chamber that session)."
North Carolina,2010,senate,50,https://dataverse.harvard.edu/dataset.xhtml?persistentId=hdl:1902.1/20403,"Klarner State Partisan Balance Data, variables sen_tot_in_sess / hs_tot_in_sess (total seats in the chamber that session)."
North Carolina,2011,house,120,https://dataverse.harvard.edu/dataset.xhtml?persistentId=hdl:1902.1/20403,"Klarner State Partisan Balance Data, variables sen_tot_in_sess / hs_tot_in_sess (total seats in the chamber that session)."
North Carolina,2011,senate,50,https://dataverse.harvard.edu/dataset.xhtml?persistentId=hdl:1902.1/20403,"Klarner State Partisan Balance Data, variables sen_tot_in_sess / hs_tot_in_sess (total seats in the chamber that session)."
North Carolina,2026,house,120,https://www.ncsl.org/resources/details/number-of-legislators-and-length-of-terms-in-years,"NCSL current chamber sizes, retrieved 2026-09-23. Sizes have been unchanged since 2011 except New York (Senate 62->63) and Wyoming (30/60 -> 31/62)."
North Carolina,2026,senate,50,https://www.ncsl.org/resources/details/number-of-legislators-and-length-of-terms-in-years,"NCSL current chamber sizes, retrieved 2026-09-23. Sizes have been unchanged since 2011 except New York (Senate 62->63) and Wyoming (30/60 -> 31/62)."
North Dakota,1890,house,61,https://archive.org/details/vol1891tribuneal00unse,Tribune Almanac 1891; sum (Rep 39 + Dem 16 + People/Farmers Alliance 6)
North Dakota,1890,senate,31,https://archive.org/details/vol1891tribuneal00unse,Tribune Almanac 1891; sum (Rep 21 + Dem 5 + People/Farmers Alliance 5); joint check 31+61=92
North Dakota,1901,house,62,https://archive.org/details/vol1901tribuneal00unse,Sum of the party division printed in the Tribune Almanac's 'Legislature of 1901' table; Senate+House reconciles to the printed joint-ballot total. May undercount seats vacant at the time of counting.
North Dakota,1901,senate,31,https://archive.org/details/vol1901tribuneal00unse,Sum of the party division printed in the Tribune Almanac's 'Legislature of 1901' table; Senate+House reconciles to the printed joint-ballot total. May undercount seats vacant at the time of counting.
North Dakota,1909,house,100,https://archive.org/details/vol1910tribuneal00unse,Tribune Almanac 1910; sum (Rep 94 + Dem 6)
North Dakota,1909,senate,47,https://archive.org/details/vol1910tribuneal00unse,"Tribune Almanac 1910 ""Legislature of 1909-10""; sum (Rep 39 + Dem 8); joint check 47+100=147"
North Dakota,1937,house,113,https://dataverse.harvard.edu/dataset.xhtml?persistentId=hdl:1902.1/20403,"Klarner State Partisan Balance Data, variables sen_tot_in_sess / hs_tot_in_sess (total seats in the chamber that session)."
North Dakota,1937,senate,49,https://dataverse.harvard.edu/dataset.xhtml?persistentId=hdl:1902.1/20403,"Klarner State Partisan Balance Data, variables sen_tot_in_sess / hs_tot_in_sess (total seats in the chamber that session)."
North Dakota,1940,house,113,https://dataverse.harvard.edu/dataset.xhtml?persistentId=hdl:1902.1/20403,"Klarner State Partisan Balance Data, variables sen_tot_in_sess / hs_tot_in_sess (total seats in the chamber that session)."
North Dakota,1940,senate,49,https://dataverse.harvard.edu/dataset.xhtml?persistentId=hdl:1902.1/20403,"Klarner State Partisan Balance Data, variables sen_tot_in_sess / hs_tot_in_sess (total seats in the chamber that session)."
North Dakota,1950,house,113,https://dataverse.harvard.edu/dataset.xhtml?persistentId=hdl:1902.1/20403,"Klarner State Partisan Balance Data, variables sen_tot_in_sess / hs_tot_in_sess (total seats in the chamber that session)."
North Dakota,1950,senate,49,https://dataverse.harvard.edu/dataset.xhtml?persistentId=hdl:1902.1/20403,"Klarner State Partisan Balance Data, variables sen_tot_in_sess / hs_tot_in_sess (total seats in the chamber that session)."
North Dakota,1960,house,113,https://dataverse.harvard.edu/dataset.xhtml?persistentId=hdl:1902.1/20403,"Klarner State Partisan Balance Data, variables sen_tot_in_sess / hs_tot_in_sess (total seats in the chamber that session)."
North Dakota,1960,senate,49,https://dataverse.harvard.edu/dataset.xhtml?persistentId=hdl:1902.1/20403,"Klarner State Partisan Balance Data, variables sen_tot_in_sess / hs_tot_in_sess (total seats in the chamber that session)."
North Dakota,1970,house,98,https://dataverse.harvard.edu/dataset.xhtml?persistentId=hdl:1902.1/20403,"Klarner State Partisan Balance Data, variables sen_tot_in_sess / hs_tot_in_sess (total seats in the chamber that session)."
North Dakota,1970,senate,49,https://dataverse.harvard.edu/dataset.xhtml?persistentId=hdl:1902.1/20403,"Klarner State Partisan Balance Data, variables sen_tot_in_sess / hs_tot_in_sess (total seats in the chamber that session)."
North Dakota,1980,house,100,https://dataverse.harvard.edu/dataset.xhtml?persistentId=hdl:1902.1/20403,"Klarner State Partisan Balance Data, variables sen_tot_in_sess / hs_tot_in_sess (total seats in the chamber that session)."
North Dakota,1980,senate,50,https://dataverse.harvard.edu/dataset.xhtml?persistentId=hdl:1902.1/20403,"Klarner State Partisan Balance Data, variables sen_tot_in_sess / hs_tot_in_sess (total seats in the chamber that session)."
North Dakota,1990,house,106,https://dataverse.harvard.edu/dataset.xhtml?persistentId=hdl:1902.1/20403,"Klarner State Partisan Balance Data, variables sen_tot_in_sess / hs_tot_in_sess (total seats in the chamber that session)."
North Dakota,1990,senate,53,https://dataverse.harvard.edu/dataset.xhtml?persistentId=hdl:1902.1/20403,"Klarner State Partisan Balance Data, variables sen_tot_in_sess / hs_tot_in_sess (total seats in the chamber that session)."
North Dakota,2000,house,98,https://dataverse.harvard.edu/dataset.xhtml?persistentId=hdl:1902.1/20403,"Klarner State Partisan Balance Data, variables sen_tot_in_sess / hs_tot_in_sess (total seats in the chamber that session)."
North Dakota,2000,senate,49,https://dataverse.harvard.edu/dataset.xhtml?persistentId=hdl:1902.1/20403,"Klarner State Partisan Balance Data, variables sen_tot_in_sess / hs_tot_in_sess (total seats in the chamber that session)."
North Dakota,2010,house,94,https://dataverse.harvard.edu/dataset.xhtml?persistentId=hdl:1902.1/20403,"Klarner State Partisan Balance Data, variables sen_tot_in_sess / hs_tot_in_sess (total seats in the chamber that session)."
North Dakota,2010,senate,47,https://dataverse.harvard.edu/dataset.xhtml?persistentId=hdl:1902.1/20403,"Klarner State Partisan Balance Data, variables sen_tot_in_sess / hs_tot_in_sess (total seats in the chamber that session)."
North Dakota,2011,house,94,https://dataverse.harvard.edu/dataset.xhtml?persistentId=hdl:1902.1/20403,"Klarner State Partisan Balance Data, variables sen_tot_in_sess / hs_tot_in_sess (total seats in the chamber that session)."
North Dakota,2011,senate,47,https://dataverse.harvard.edu/dataset.xhtml?persistentId=hdl:1902.1/20403,"Klarner State Partisan Balance Data, variables sen_tot_in_sess / hs_tot_in_sess (total seats in the chamber that session)."
North Dakota,2026,house,94,https://www.ncsl.org/resources/details/number-of-legislators-and-length-of-terms-in-years,"NCSL current chamber sizes, retrieved 2026-09-23. Sizes have been unchanged since 2011 except New York (Senate 62->63) and Wyoming (30/60 -> 31/62)."
North Dakota,2026,senate,47,https://www.ncsl.org/resources/details/number-of-legislators-and-length-of-terms-in-years,"NCSL current chamber sizes, retrieved 2026-09-23. Sizes have been unchanged since 2011 except New York (Senate 62->63) and Wyoming (30/60 -> 31/62)."
Ohio,1831,house,72,https://archive.org/details/americanalmanacr1832bost/page/n297,Read from American Almanac for 1832 p.274 table of Senators and Representatives; figures describe the 1831 legislatures.
Ohio,1831,senate,36,https://archive.org/details/americanalmanacr1832bost/page/n297,Read from American Almanac for 1832 p.274 table of Senators and Representatives; figures describe the 1831 legislatures.
Ohio,1832,house,72,https://archive.org/details/americanalmanacr00unguat/page/n260,"Read from the page scan americanalmanac-1833-leaf260.jpg: American Almanac for 1833 p.233, 'Table exhibiting ... the Number of Senators and Representatives ...'. Every row's Senators+Representatives equals the printed Total column. Figures describe the 1832 legislatures."
Ohio,1832,senate,36,https://archive.org/details/americanalmanacr00unguat/page/n260,"Read from the page scan americanalmanac-1833-leaf260.jpg: American Almanac for 1833 p.233, 'Table exhibiting ... the Number of Senators and Representatives ...'. Every row's Senators+Representatives equals the printed Total column. Figures describe the 1832 legislatures."
Ohio,1871,house,105,https://archive.org/details/worldalmanac18721873newy,World Almanac 1872; sum (Rep 56 + Dem 49)
Ohio,1871,senate,36,https://archive.org/details/worldalmanac18721873newy,World Almanac 1872; sum (Rep 18 + Dem 18); joint check 36+105=141
Ohio,1889,house,114,https://archive.org/details/vol1891tribuneal00unse,Tribune Almanac 1891; derived as joint-ballot total 150 minus Senate 36; Republican House figure misprinted/garbled
Ohio,1889,senate,36,https://archive.org/details/vol1891tribuneal00unse,Tribune Almanac 1891 LEGISLATURE 1889 column; sum (Rep 17 + Dem 19); joint check 36+114=150
Ohio,1901,house,110,https://archive.org/details/vol1901tribuneal00unse,Sum of the party division printed in the Tribune Almanac's 'Legislature of 1901' table; Senate+House reconciles to the printed joint-ballot total. May undercount seats vacant at the time of counting.
Ohio,1901,senate,31,https://archive.org/details/vol1901tribuneal00unse,Sum of the party division printed in the Tribune Almanac's 'Legislature of 1901' table; Senate+House reconciles to the printed joint-ballot total. May undercount seats vacant at the time of counting.
Ohio,1909,house,117,https://archive.org/details/vol1910tribuneal00unse,Tribune Almanac 1910; sum (Rep 71 + Dem 45 + Ind 1)
Ohio,1909,senate,34,https://archive.org/details/vol1910tribuneal00unse,"Tribune Almanac 1910 ""Legislature of 1909-10""; sum (Rep 20 + Dem 14); joint check 34+117=151"
Ohio,1937,house,138,https://dataverse.harvard.edu/dataset.xhtml?persistentId=hdl:1902.1/20403,"Klarner State Partisan Balance Data, variables sen_tot_in_sess / hs_tot_in_sess (total seats in the chamber that session)."
Ohio,1937,senate,36,https://dataverse.harvard.edu/dataset.xhtml?persistentId=hdl:1902.1/20403,"Klarner State Partisan Balance Data, variables sen_tot_in_sess / hs_tot_in_sess (total seats in the chamber that session)."
Ohio,1940,house,136,https://dataverse.harvard.edu/dataset.xhtml?persistentId=hdl:1902.1/20403,"Klarner State Partisan Balance Data, variables sen_tot_in_sess / hs_tot_in_sess (total seats in the chamber that session)."
Ohio,1940,senate,35,https://dataverse.harvard.edu/dataset.xhtml?persistentId=hdl:1902.1/20403,"Klarner State Partisan Balance Data, variables sen_tot_in_sess / hs_tot_in_sess (total seats in the chamber that session)."
Ohio,1950,house,135,https://dataverse.harvard.edu/dataset.xhtml?persistentId=hdl:1902.1/20403,"Klarner State Partisan Balance Data, variables sen_tot_in_sess / hs_tot_in_sess (total seats in the chamber that session)."
Ohio,1950,senate,33,https://dataverse.harvard.edu/dataset.xhtml?persistentId=hdl:1902.1/20403,"Klarner State Partisan Balance Data, variables sen_tot_in_sess / hs_tot_in_sess (total seats in the chamber that session)."
Ohio,1960,house,139,https://dataverse.harvard.edu/dataset.xhtml?persistentId=hdl:1902.1/20403,"Klarner State Partisan Balance Data, variables sen_tot_in_sess / hs_tot_in_sess (total seats in the chamber that session)."
Ohio,1960,senate,33,https://dataverse.harvard.edu/dataset.xhtml?persistentId=hdl:1902.1/20403,"Klarner State Partisan Balance Data, variables sen_tot_in_sess / hs_tot_in_sess (total seats in the chamber that session)."
Ohio,1970,house,99,https://dataverse.harvard.edu/dataset.xhtml?persistentId=hdl:1902.1/20403,"Klarner State Partisan Balance Data, variables sen_tot_in_sess / hs_tot_in_sess (total seats in the chamber that session)."
Ohio,1970,senate,33,https://dataverse.harvard.edu/dataset.xhtml?persistentId=hdl:1902.1/20403,"Klarner State Partisan Balance Data, variables sen_tot_in_sess / hs_tot_in_sess (total seats in the chamber that session)."
Ohio,1980,house,99,https://dataverse.harvard.edu/dataset.xhtml?persistentId=hdl:1902.1/20403,"Klarner State Partisan Balance Data, variables sen_tot_in_sess / hs_tot_in_sess (total seats in the chamber that session)."
Ohio,1980,senate,33,https://dataverse.harvard.edu/dataset.xhtml?persistentId=hdl:1902.1/20403,"Klarner State Partisan Balance Data, variables sen_tot_in_sess / hs_tot_in_sess (total seats in the chamber that session)."
Ohio,1990,house,99,https://dataverse.harvard.edu/dataset.xhtml?persistentId=hdl:1902.1/20403,"Klarner State Partisan Balance Data, variables sen_tot_in_sess / hs_tot_in_sess (total seats in the chamber that session)."
Ohio,1990,senate,33,https://dataverse.harvard.edu/dataset.xhtml?persistentId=hdl:1902.1/20403,"Klarner State Partisan Balance Data, variables sen_tot_in_sess / hs_tot_in_sess (total seats in the chamber that session)."
Ohio,2000,house,99,https://dataverse.harvard.edu/dataset.xhtml?persistentId=hdl:1902.1/20403,"Klarner State Partisan Balance Data, variables sen_tot_in_sess / hs_tot_in_sess (total seats in the chamber that session)."
Ohio,2000,senate,33,https://dataverse.harvard.edu/dataset.xhtml?persistentId=hdl:1902.1/20403,"Klarner State Partisan Balance Data, variables sen_tot_in_sess / hs_tot_in_sess (total seats in the chamber that session)."
Ohio,2010,house,99,https://dataverse.harvard.edu/dataset.xhtml?persistentId=hdl:1902.1/20403,"Klarner State Partisan Balance Data, variables sen_tot_in_sess / hs_tot_in_sess (total seats in the chamber that session)."
Ohio,2010,senate,33,https://dataverse.harvard.edu/dataset.xhtml?persistentId=hdl:1902.1/20403,"Klarner State Partisan Balance Data, variables sen_tot_in_sess / hs_tot_in_sess (total seats in the chamber that session)."
Ohio,2011,house,99,https://dataverse.harvard.edu/dataset.xhtml?persistentId=hdl:1902.1/20403,"Klarner State Partisan Balance Data, variables sen_tot_in_sess / hs_tot_in_sess (total seats in the chamber that session)."
Ohio,2011,senate,33,https://dataverse.harvard.edu/dataset.xhtml?persistentId=hdl:1902.1/20403,"Klarner State Partisan Balance Data, variables sen_tot_in_sess / hs_tot_in_sess (total seats in the chamber that session)."
Ohio,2026,house,99,https://www.ncsl.org/resources/details/number-of-legislators-and-length-of-terms-in-years,"NCSL current chamber sizes, retrieved 2026-09-23. Sizes have been unchanged since 2011 except New York (Senate 62->63) and Wyoming (30/60 -> 31/62)."
Ohio,2026,senate,33,https://www.ncsl.org/resources/details/number-of-legislators-and-length-of-terms-in-years,"NCSL current chamber sizes, retrieved 2026-09-23. Sizes have been unchanged since 2011 except New York (Senate 62->63) and Wyoming (30/60 -> 31/62)."
Oklahoma,1911,house,109,https://archive.org/details/vol1911tribuneal00unse,Tribune Almanac 1911; sum (Rep 26 + Dem 83)
Oklahoma,1911,senate,44,https://archive.org/details/vol1911tribuneal00unse,"Tribune Almanac 1911 ""Legislature of 1911-12"" printed between the Ohio and Oregon sections; sum (Rep 13 + Dem 31); joint check 44+109=153"
Oklahoma,1937,house,118,https://dataverse.harvard.edu/dataset.xhtml?persistentId=hdl:1902.1/20403,"Klarner State Partisan Balance Data, variables sen_tot_in_sess / hs_tot_in_sess (total seats in the chamber that session)."
Oklahoma,1937,senate,44,https://dataverse.harvard.edu/dataset.xhtml?persistentId=hdl:1902.1/20403,"Klarner State Partisan Balance Data, variables sen_tot_in_sess / hs_tot_in_sess (total seats in the chamber that session)."
Oklahoma,1940,house,118,https://dataverse.harvard.edu/dataset.xhtml?persistentId=hdl:1902.1/20403,"Klarner State Partisan Balance Data, variables sen_tot_in_sess / hs_tot_in_sess (total seats in the chamber that session)."
Oklahoma,1940,senate,44,https://dataverse.harvard.edu/dataset.xhtml?persistentId=hdl:1902.1/20403,"Klarner State Partisan Balance Data, variables sen_tot_in_sess / hs_tot_in_sess (total seats in the chamber that session)."
Oklahoma,1950,house,118,https://dataverse.harvard.edu/dataset.xhtml?persistentId=hdl:1902.1/20403,"Klarner State Partisan Balance Data, variables sen_tot_in_sess / hs_tot_in_sess (total seats in the chamber that session)."
Oklahoma,1950,senate,44,https://dataverse.harvard.edu/dataset.xhtml?persistentId=hdl:1902.1/20403,"Klarner State Partisan Balance Data, variables sen_tot_in_sess / hs_tot_in_sess (total seats in the chamber that session)."
Oklahoma,1960,house,119,https://dataverse.harvard.edu/dataset.xhtml?persistentId=hdl:1902.1/20403,"Klarner State Partisan Balance Data, variables sen_tot_in_sess / hs_tot_in_sess (total seats in the chamber that session)."
Oklahoma,1960,senate,44,https://dataverse.harvard.edu/dataset.xhtml?persistentId=hdl:1902.1/20403,"Klarner State Partisan Balance Data, variables sen_tot_in_sess / hs_tot_in_sess (total seats in the chamber that session)."
Oklahoma,1970,house,99,https://dataverse.harvard.edu/dataset.xhtml?persistentId=hdl:1902.1/20403,"Klarner State Partisan Balance Data, variables sen_tot_in_sess / hs_tot_in_sess (total seats in the chamber that session)."
Oklahoma,1970,senate,48,https://dataverse.harvard.edu/dataset.xhtml?persistentId=hdl:1902.1/20403,"Klarner State Partisan Balance Data, variables sen_tot_in_sess / hs_tot_in_sess (total seats in the chamber that session)."
Oklahoma,1980,house,101,https://dataverse.harvard.edu/dataset.xhtml?persistentId=hdl:1902.1/20403,"Klarner State Partisan Balance Data, variables sen_tot_in_sess / hs_tot_in_sess (total seats in the chamber that session)."
Oklahoma,1980,senate,48,https://dataverse.harvard.edu/dataset.xhtml?persistentId=hdl:1902.1/20403,"Klarner State Partisan Balance Data, variables sen_tot_in_sess / hs_tot_in_sess (total seats in the chamber that session)."
Oklahoma,1990,house,101,https://dataverse.harvard.edu/dataset.xhtml?persistentId=hdl:1902.1/20403,"Klarner State Partisan Balance Data, variables sen_tot_in_sess / hs_tot_in_sess (total seats in the chamber that session)."
Oklahoma,1990,senate,48,https://dataverse.harvard.edu/dataset.xhtml?persistentId=hdl:1902.1/20403,"Klarner State Partisan Balance Data, variables sen_tot_in_sess / hs_tot_in_sess (total seats in the chamber that session)."
Oklahoma,2000,house,101,https://dataverse.harvard.edu/dataset.xhtml?persistentId=hdl:1902.1/20403,"Klarner State Partisan Balance Data, variables sen_tot_in_sess / hs_tot_in_sess (total seats in the chamber that session)."
Oklahoma,2000,senate,48,https://dataverse.harvard.edu/dataset.xhtml?persistentId=hdl:1902.1/20403,"Klarner State Partisan Balance Data, variables sen_tot_in_sess / hs_tot_in_sess (total seats in the chamber that session)."
Oklahoma,2010,house,101,https://dataverse.harvard.edu/dataset.xhtml?persistentId=hdl:1902.1/20403,"Klarner State Partisan Balance Data, variables sen_tot_in_sess / hs_tot_in_sess (total seats in the chamber that session)."
Oklahoma,2010,senate,48,https://dataverse.harvard.edu/dataset.xhtml?persistentId=hdl:1902.1/20403,"Klarner State Partisan Balance Data, variables sen_tot_in_sess / hs_tot_in_sess (total seats in the chamber that session)."
Oklahoma,2011,house,101,https://dataverse.harvard.edu/dataset.xhtml?persistentId=hdl:1902.1/20403,"Klarner State Partisan Balance Data, variables sen_tot_in_sess / hs_tot_in_sess (total seats in the chamber that session)."
Oklahoma,2011,senate,48,https://dataverse.harvard.edu/dataset.xhtml?persistentId=hdl:1902.1/20403,"Klarner State Partisan Balance Data, variables sen_tot_in_sess / hs_tot_in_sess (total seats in the chamber that session)."
Oklahoma,2026,house,101,https://www.ncsl.org/resources/details/number-of-legislators-and-length-of-terms-in-years,"NCSL current chamber sizes, retrieved 2026-09-23. Sizes have been unchanged since 2011 except New York (Senate 62->63) and Wyoming (30/60 -> 31/62)."
Oklahoma,2026,senate,48,https://www.ncsl.org/resources/details/number-of-legislators-and-length-of-terms-in-years,"NCSL current chamber sizes, retrieved 2026-09-23. Sizes have been unchanged since 2011 except New York (Senate 62->63) and Wyoming (30/60 -> 31/62)."
Oregon,1871,house,47,https://archive.org/details/worldalmanac18721873newy,World Almanac 1872; sum (Dem 30 + Rep 15 + vacancies 2)
Oregon,1871,senate,22,https://archive.org/details/worldalmanac18721873newy,World Almanac 1872; sum (Dem 15 + Rep 5 + vacancies 2); joint check 22+47=69
Oregon,1890,house,60,https://archive.org/details/vol1891tribuneal00unse,Tribune Almanac 1891; sum (Rep 41 + Dem 19)
Oregon,1890,senate,30,https://archive.org/details/vol1891tribuneal00unse,Tribune Almanac 1891; sum (Rep 23 + Dem 7); joint check 30+60=90
Oregon,1901,house,61,https://archive.org/details/vol1901tribuneal00unse,Sum of the party division printed in the Tribune Almanac's 'Legislature of 1901' table; Senate+House reconciles to the printed joint-ballot total. May undercount seats vacant at the time of counting.
Oregon,1901,senate,30,https://archive.org/details/vol1901tribuneal00unse,Sum of the party division printed in the Tribune Almanac's 'Legislature of 1901' table; Senate+House reconciles to the printed joint-ballot total. May undercount seats vacant at the time of counting.
Oregon,1937,house,60,https://dataverse.harvard.edu/dataset.xhtml?persistentId=hdl:1902.1/20403,"Klarner State Partisan Balance Data, variables sen_tot_in_sess / hs_tot_in_sess (total seats in the chamber that session)."
Oregon,1937,senate,30,https://dataverse.harvard.edu/dataset.xhtml?persistentId=hdl:1902.1/20403,"Klarner State Partisan Balance Data, variables sen_tot_in_sess / hs_tot_in_sess (total seats in the chamber that session)."
Oregon,1940,house,60,https://dataverse.harvard.edu/dataset.xhtml?persistentId=hdl:1902.1/20403,"Klarner State Partisan Balance Data, variables sen_tot_in_sess / hs_tot_in_sess (total seats in the chamber that session)."
Oregon,1940,senate,30,https://dataverse.harvard.edu/dataset.xhtml?persistentId=hdl:1902.1/20403,"Klarner State Partisan Balance Data, variables sen_tot_in_sess / hs_tot_in_sess (total seats in the chamber that session)."
Oregon,1950,house,60,https://dataverse.harvard.edu/dataset.xhtml?persistentId=hdl:1902.1/20403,"Klarner State Partisan Balance Data, variables sen_tot_in_sess / hs_tot_in_sess (total seats in the chamber that session)."
Oregon,1950,senate,30,https://dataverse.harvard.edu/dataset.xhtml?persistentId=hdl:1902.1/20403,"Klarner State Partisan Balance Data, variables sen_tot_in_sess / hs_tot_in_sess (total seats in the chamber that session)."
Oregon,1960,house,60,https://dataverse.harvard.edu/dataset.xhtml?persistentId=hdl:1902.1/20403,"Klarner State Partisan Balance Data, variables sen_tot_in_sess / hs_tot_in_sess (total seats in the chamber that session)."
Oregon,1960,senate,30,https://dataverse.harvard.edu/dataset.xhtml?persistentId=hdl:1902.1/20403,"Klarner State Partisan Balance Data, variables sen_tot_in_sess / hs_tot_in_sess (total seats in the chamber that session)."
Oregon,1970,house,60,https://dataverse.harvard.edu/dataset.xhtml?persistentId=hdl:1902.1/20403,"Klarner State Partisan Balance Data, variables sen_tot_in_sess / hs_tot_in_sess (total seats in the chamber that session)."
Oregon,1970,senate,30,https://dataverse.harvard.edu/dataset.xhtml?persistentId=hdl:1902.1/20403,"Klarner State Partisan Balance Data, variables sen_tot_in_sess / hs_tot_in_sess (total seats in the chamber that session)."
Oregon,1980,house,60,https://dataverse.harvard.edu/dataset.xhtml?persistentId=hdl:1902.1/20403,"Klarner State Partisan Balance Data, variables sen_tot_in_sess / hs_tot_in_sess (total seats in the chamber that session)."
Oregon,1980,senate,30,https://dataverse.harvard.edu/dataset.xhtml?persistentId=hdl:1902.1/20403,"Klarner State Partisan Balance Data, variables sen_tot_in_sess / hs_tot_in_sess (total seats in the chamber that session)."
Oregon,1990,house,60,https://dataverse.harvard.edu/dataset.xhtml?persistentId=hdl:1902.1/20403,"Klarner State Partisan Balance Data, variables sen_tot_in_sess / hs_tot_in_sess (total seats in the chamber that session)."
Oregon,1990,senate,30,https://dataverse.harvard.edu/dataset.xhtml?persistentId=hdl:1902.1/20403,"Klarner State Partisan Balance Data, variables sen_tot_in_sess / hs_tot_in_sess (total seats in the chamber that session)."
Oregon,2000,house,60,https://dataverse.harvard.edu/dataset.xhtml?persistentId=hdl:1902.1/20403,"Klarner State Partisan Balance Data, variables sen_tot_in_sess / hs_tot_in_sess (total seats in the chamber that session)."
Oregon,2000,senate,30,https://dataverse.harvard.edu/dataset.xhtml?persistentId=hdl:1902.1/20403,"Klarner State Partisan Balance Data, variables sen_tot_in_sess / hs_tot_in_sess (total seats in the chamber that session)."
Oregon,2010,house,60,https://dataverse.harvard.edu/dataset.xhtml?persistentId=hdl:1902.1/20403,"Klarner State Partisan Balance Data, variables sen_tot_in_sess / hs_tot_in_sess (total seats in the chamber that session)."
Oregon,2010,senate,30,https://dataverse.harvard.edu/dataset.xhtml?persistentId=hdl:1902.1/20403,"Klarner State Partisan Balance Data, variables sen_tot_in_sess / hs_tot_in_sess (total seats in the chamber that session)."
Oregon,2011,house,60,https://dataverse.harvard.edu/dataset.xhtml?persistentId=hdl:1902.1/20403,"Klarner State Partisan Balance Data, variables sen_tot_in_sess / hs_tot_in_sess (total seats in the chamber that session)."
Oregon,2011,senate,30,https://dataverse.harvard.edu/dataset.xhtml?persistentId=hdl:1902.1/20403,"Klarner State Partisan Balance Data, variables sen_tot_in_sess / hs_tot_in_sess (total seats in the chamber that session)."
Oregon,2026,house,60,https://www.ncsl.org/resources/details/number-of-legislators-and-length-of-terms-in-years,"NCSL current chamber sizes, retrieved 2026-09-23. Sizes have been unchanged since 2011 except New York (Senate 62->63) and Wyoming (30/60 -> 31/62)."
Oregon,2026,senate,30,https://www.ncsl.org/resources/details/number-of-legislators-and-length-of-terms-in-years,"NCSL current chamber sizes, retrieved 2026-09-23. Sizes have been unchanged since 2011 except New York (Senate 62->63) and Wyoming (30/60 -> 31/62)."
Pennsylvania,1831,house,100,https://archive.org/details/americanalmanacr1832bost/page/n297,Read from American Almanac for 1832 p.274 table of Senators and Representatives; figures describe the 1831 legislatures.
Pennsylvania,1831,senate,33,https://archive.org/details/americanalmanacr1832bost/page/n297,Read from American Almanac for 1832 p.274 table of Senators and Representatives; figures describe the 1831 legislatures.
Pennsylvania,1832,house,100,https://archive.org/details/americanalmanacr00unguat/page/n260,"Read from the page scan americanalmanac-1833-leaf260.jpg: American Almanac for 1833 p.233, 'Table exhibiting ... the Number of Senators and Representatives ...'. Every row's Senators+Representatives equals the printed Total column. Figures describe the 1832 legislatures."
Pennsylvania,1832,senate,33,https://archive.org/details/americanalmanacr00unguat/page/n260,"Read from the page scan americanalmanac-1833-leaf260.jpg: American Almanac for 1833 p.233, 'Table exhibiting ... the Number of Senators and Representatives ...'. Every row's Senators+Representatives equals the printed Total column. Figures describe the 1832 legislatures."
Pennsylvania,1872,house,100,https://archive.org/details/vol1872tribuneal00unse,Tribune Almanac 1872 printed Total column (Rep 61 Dem 38 Ind 1 Tot 100)
Pennsylvania,1872,senate,33,https://archive.org/details/vol1872tribuneal00unse,"Tribune Almanac 1872 ""Legislature 1872"" with a printed Total column (Rep 16 Dem 16 Vac 1 Tot 33)"
Pennsylvania,1890,house,204,https://archive.org/details/vol1891tribuneal00unse,Tribune Almanac 1891; sum (Rep 122 + Dem 79 + Fusion 3)
Pennsylvania,1890,senate,50,https://archive.org/details/vol1891tribuneal00unse,Tribune Almanac 1891; sum (Rep 31 + Dem 19); joint check 50+204=254
Pennsylvania,1901,house,204,https://archive.org/details/vol1901tribuneal00unse,Sum of the party division printed in the Tribune Almanac's 'Legislature of 1901' table; Senate+House reconciles to the printed joint-ballot total. May undercount seats vacant at the time of counting.
Pennsylvania,1901,senate,50,https://archive.org/details/vol1901tribuneal00unse,Sum of the party division printed in the Tribune Almanac's 'Legislature of 1901' table; Senate+House reconciles to the printed joint-ballot total. May undercount seats vacant at the time of counting.
Pennsylvania,1911,house,207,https://archive.org/details/vol1911tribuneal00unse,Tribune Almanac 1911; sum (Rep 161 + Dem 45 + Socialist 1)
Pennsylvania,1911,senate,50,https://archive.org/details/vol1911tribuneal00unse,Tribune Almanac 1911; sum (Rep 38 + Dem 12); joint check 50+207=257
Pennsylvania,1937,house,208,https://dataverse.harvard.edu/dataset.xhtml?persistentId=hdl:1902.1/20403,"Klarner State Partisan Balance Data, variables sen_tot_in_sess / hs_tot_in_sess (total seats in the chamber that session)."
Pennsylvania,1937,senate,50,https://dataverse.harvard.edu/dataset.xhtml?persistentId=hdl:1902.1/20403,"Klarner State Partisan Balance Data, variables sen_tot_in_sess / hs_tot_in_sess (total seats in the chamber that session)."
Pennsylvania,1940,house,208,https://dataverse.harvard.edu/dataset.xhtml?persistentId=hdl:1902.1/20403,"Klarner State Partisan Balance Data, variables sen_tot_in_sess / hs_tot_in_sess (total seats in the chamber that session)."
Pennsylvania,1940,senate,50,https://dataverse.harvard.edu/dataset.xhtml?persistentId=hdl:1902.1/20403,"Klarner State Partisan Balance Data, variables sen_tot_in_sess / hs_tot_in_sess (total seats in the chamber that session)."
Pennsylvania,1950,house,208,https://dataverse.harvard.edu/dataset.xhtml?persistentId=hdl:1902.1/20403,"Klarner State Partisan Balance Data, variables sen_tot_in_sess / hs_tot_in_sess (total seats in the chamber that session)."
Pennsylvania,1950,senate,50,https://dataverse.harvard.edu/dataset.xhtml?persistentId=hdl:1902.1/20403,"Klarner State Partisan Balance Data, variables sen_tot_in_sess / hs_tot_in_sess (total seats in the chamber that session)."
Pennsylvania,1960,house,210,https://dataverse.harvard.edu/dataset.xhtml?persistentId=hdl:1902.1/20403,"Klarner State Partisan Balance Data, variables sen_tot_in_sess / hs_tot_in_sess (total seats in the chamber that session)."
Pennsylvania,1960,senate,50,https://dataverse.harvard.edu/dataset.xhtml?persistentId=hdl:1902.1/20403,"Klarner State Partisan Balance Data, variables sen_tot_in_sess / hs_tot_in_sess (total seats in the chamber that session)."
Pennsylvania,1970,house,203,https://dataverse.harvard.edu/dataset.xhtml?persistentId=hdl:1902.1/20403,"Klarner State Partisan Balance Data, variables sen_tot_in_sess / hs_tot_in_sess (total seats in the chamber that session)."
Pennsylvania,1970,senate,50,https://dataverse.harvard.edu/dataset.xhtml?persistentId=hdl:1902.1/20403,"Klarner State Partisan Balance Data, variables sen_tot_in_sess / hs_tot_in_sess (total seats in the chamber that session)."
Pennsylvania,1980,house,203,https://dataverse.harvard.edu/dataset.xhtml?persistentId=hdl:1902.1/20403,"Klarner State Partisan Balance Data, variables sen_tot_in_sess / hs_tot_in_sess (total seats in the chamber that session)."
Pennsylvania,1980,senate,50,https://dataverse.harvard.edu/dataset.xhtml?persistentId=hdl:1902.1/20403,"Klarner State Partisan Balance Data, variables sen_tot_in_sess / hs_tot_in_sess (total seats in the chamber that session)."
Pennsylvania,1990,house,203,https://dataverse.harvard.edu/dataset.xhtml?persistentId=hdl:1902.1/20403,"Klarner State Partisan Balance Data, variables sen_tot_in_sess / hs_tot_in_sess (total seats in the chamber that session)."
Pennsylvania,1990,senate,50,https://dataverse.harvard.edu/dataset.xhtml?persistentId=hdl:1902.1/20403,"Klarner State Partisan Balance Data, variables sen_tot_in_sess / hs_tot_in_sess (total seats in the chamber that session)."
Pennsylvania,2000,house,203,https://dataverse.harvard.edu/dataset.xhtml?persistentId=hdl:1902.1/20403,"Klarner State Partisan Balance Data, variables sen_tot_in_sess / hs_tot_in_sess (total seats in the chamber that session)."
Pennsylvania,2000,senate,50,https://dataverse.harvard.edu/dataset.xhtml?persistentId=hdl:1902.1/20403,"Klarner State Partisan Balance Data, variables sen_tot_in_sess / hs_tot_in_sess (total seats in the chamber that session)."
Pennsylvania,2010,house,203,https://dataverse.harvard.edu/dataset.xhtml?persistentId=hdl:1902.1/20403,"Klarner State Partisan Balance Data, variables sen_tot_in_sess / hs_tot_in_sess (total seats in the chamber that session)."
Pennsylvania,2010,senate,50,https://dataverse.harvard.edu/dataset.xhtml?persistentId=hdl:1902.1/20403,"Klarner State Partisan Balance Data, variables sen_tot_in_sess / hs_tot_in_sess (total seats in the chamber that session)."
Pennsylvania,2011,house,203,https://dataverse.harvard.edu/dataset.xhtml?persistentId=hdl:1902.1/20403,"Klarner State Partisan Balance Data, variables sen_tot_in_sess / hs_tot_in_sess (total seats in the chamber that session)."
Pennsylvania,2011,senate,50,https://dataverse.harvard.edu/dataset.xhtml?persistentId=hdl:1902.1/20403,"Klarner State Partisan Balance Data, variables sen_tot_in_sess / hs_tot_in_sess (total seats in the chamber that session)."
Pennsylvania,2026,house,203,https://www.ncsl.org/resources/details/number-of-legislators-and-length-of-terms-in-years,"NCSL current chamber sizes, retrieved 2026-09-23. Sizes have been unchanged since 2011 except New York (Senate 62->63) and Wyoming (30/60 -> 31/62)."
Pennsylvania,2026,senate,50,https://www.ncsl.org/resources/details/number-of-legislators-and-length-of-terms-in-years,"NCSL current chamber sizes, retrieved 2026-09-23. Sizes have been unchanged since 2011 except New York (Senate 62->63) and Wyoming (30/60 -> 31/62)."
Rhode Island,1790,senate,10,https://avalon.law.yale.edu/17th_century/ri04.asp,Charter of 1663: 'there shall bee one Governour; one Deputie-Governour and ten Assistants'. The 10 Assistants were the upper house of the General Assembly. The charter remained Rhode Island's frame of government until 1843. Deputies (lower house) were apportioned per town by colony statute; no charter total.
Rhode Island,1800,senate,10,https://avalon.law.yale.edu/17th_century/ri04.asp,Charter of 1663; 10 Assistants as upper house.
Rhode Island,1810,senate,10,https://avalon.law.yale.edu/17th_century/ri04.asp,Charter of 1663; 10 Assistants as upper house.
Rhode Island,1820,senate,10,https://ia800707.us.archive.org/33/items/federalstatecons06thor/federalstatecons06thor_djvu.txt,Charter of 1663 (reprinted in Thorpe vol. 6); 10 Assistants as upper house. Rhode Island had no written constitution until 1842/43.
Rhode Island,1831,house,72,https://archive.org/details/americanalmanacr1832bost/page/n297,Read from American Almanac for 1832 p.274 table of Senators and Representatives; figures describe the 1831 legislatures.
Rhode Island,1831,senate,10,https://archive.org/details/americanalmanacr1832bost/page/n297,Read from American Almanac for 1832 p.274 table of Senators and Representatives; figures describe the 1831 legislatures.
Rhode Island,1832,house,72,https://archive.org/details/americanalmanacr00unguat/page/n260,"Read from the page scan americanalmanac-1833-leaf260.jpg: American Almanac for 1833 p.233, 'Table exhibiting ... the Number of Senators and Representatives ...'. Every row's Senators+Representatives equals the printed Total column. Figures describe the 1832 legislatures."
Rhode Island,1832,senate,10,https://archive.org/details/americanalmanacr00unguat/page/n260,"Read from the page scan americanalmanac-1833-leaf260.jpg: American Almanac for 1833 p.233, 'Table exhibiting ... the Number of Senators and Representatives ...'. Every row's Senators+Representatives equals the printed Total column. Figures describe the 1832 legislatures."
Rhode Island,1871,house,72,https://archive.org/details/worldalmanac18721873newy,World Almanac 1872; sum (Rep 55 + Dem 17)
Rhode Island,1871,senate,36,https://archive.org/details/worldalmanac18721873newy,World Almanac 1872; sum (Rep 28 + Dem 8); joint check 36+72=108
Rhode Island,1890,house,72,https://archive.org/details/vol1891tribuneal00unse,Tribune Almanac 1891; sum (Rep 29 + Dem 43)
Rhode Island,1890,senate,37,https://archive.org/details/vol1891tribuneal00unse,Tribune Almanac 1891; sum (Rep 23 + Dem 14); joint check 37+72=109
Rhode Island,1901,house,72,https://archive.org/details/vol1901tribuneal00unse,Sum of the party division printed in the Tribune Almanac's 'Legislature of 1901' table; Senate+House reconciles to the printed joint-ballot total. May undercount seats vacant at the time of counting.
Rhode Island,1901,senate,37,https://archive.org/details/vol1901tribuneal00unse,Sum of the party division printed in the Tribune Almanac's 'Legislature of 1901' table; Senate+House reconciles to the printed joint-ballot total. May undercount seats vacant at the time of counting.
Rhode Island,1910,house,81,https://archive.org/details/vol1911tribuneal00unse,Tribune Almanac 1911; sum (Rep 63 + Dem 13 + Ind 5); statutory size was 100 after 1909 so this sum is likely short
Rhode Island,1910,senate,38,https://archive.org/details/vol1911tribuneal00unse,"Tribune Almanac 1911 ""Legislature of 1910""; sum (Rep 29 + Dem 6 + Ind 3)"
Rhode Island,1937,house,100,https://dataverse.harvard.edu/dataset.xhtml?persistentId=hdl:1902.1/20403,"Klarner State Partisan Balance Data, variables sen_tot_in_sess / hs_tot_in_sess (total seats in the chamber that session)."
Rhode Island,1937,senate,42,https://dataverse.harvard.edu/dataset.xhtml?persistentId=hdl:1902.1/20403,"Klarner State Partisan Balance Data, variables sen_tot_in_sess / hs_tot_in_sess (total seats in the chamber that session)."
Rhode Island,1940,house,100,https://dataverse.harvard.edu/dataset.xhtml?persistentId=hdl:1902.1/20403,"Klarner State Partisan Balance Data, variables sen_tot_in_sess / hs_tot_in_sess (total seats in the chamber that session)."
Rhode Island,1940,senate,44,https://dataverse.harvard.edu/dataset.xhtml?persistentId=hdl:1902.1/20403,"Klarner State Partisan Balance Data, variables sen_tot_in_sess / hs_tot_in_sess (total seats in the chamber that session)."
Rhode Island,1950,house,100,https://dataverse.harvard.edu/dataset.xhtml?persistentId=hdl:1902.1/20403,"Klarner State Partisan Balance Data, variables sen_tot_in_sess / hs_tot_in_sess (total seats in the chamber that session)."
Rhode Island,1950,senate,44,https://dataverse.harvard.edu/dataset.xhtml?persistentId=hdl:1902.1/20403,"Klarner State Partisan Balance Data, variables sen_tot_in_sess / hs_tot_in_sess (total seats in the chamber that session)."
Rhode Island,1960,house,100,https://dataverse.harvard.edu/dataset.xhtml?persistentId=hdl:1902.1/20403,"Klarner State Partisan Balance Data, variables sen_tot_in_sess / hs_tot_in_sess (total seats in the chamber that session)."
Rhode Island,1960,senate,44,https://dataverse.harvard.edu/dataset.xhtml?persistentId=hdl:1902.1/20403,"Klarner State Partisan Balance Data, variables sen_tot_in_sess / hs_tot_in_sess (total seats in the chamber that session)."
Rhode Island,1970,house,100,https://dataverse.harvard.edu/dataset.xhtml?persistentId=hdl:1902.1/20403,"Klarner State Partisan Balance Data, variables sen_tot_in_sess / hs_tot_in_sess (total seats in the chamber that session)."
Rhode Island,1970,senate,50,https://dataverse.harvard.edu/dataset.xhtml?persistentId=hdl:1902.1/20403,"Klarner State Partisan Balance Data, variables sen_tot_in_sess / hs_tot_in_sess (total seats in the chamber that session)."
Rhode Island,1980,house,100,https://dataverse.harvard.edu/dataset.xhtml?persistentId=hdl:1902.1/20403,"Klarner State Partisan Balance Data, variables sen_tot_in_sess / hs_tot_in_sess (total seats in the chamber that session)."
Rhode Island,1980,senate,50,https://dataverse.harvard.edu/dataset.xhtml?persistentId=hdl:1902.1/20403,"Klarner State Partisan Balance Data, variables sen_tot_in_sess / hs_tot_in_sess (total seats in the chamber that session)."
Rhode Island,1990,house,100,https://dataverse.harvard.edu/dataset.xhtml?persistentId=hdl:1902.1/20403,"Klarner State Partisan Balance Data, variables sen_tot_in_sess / hs_tot_in_sess (total seats in the chamber that session)."
Rhode Island,1990,senate,50,https://dataverse.harvard.edu/dataset.xhtml?persistentId=hdl:1902.1/20403,"Klarner State Partisan Balance Data, variables sen_tot_in_sess / hs_tot_in_sess (total seats in the chamber that session)."
Rhode Island,2000,house,100,https://dataverse.harvard.edu/dataset.xhtml?persistentId=hdl:1902.1/20403,"Klarner State Partisan Balance Data, variables sen_tot_in_sess / hs_tot_in_sess (total seats in the chamber that session)."
Rhode Island,2000,senate,50,https://dataverse.harvard.edu/dataset.xhtml?persistentId=hdl:1902.1/20403,"Klarner State Partisan Balance Data, variables sen_tot_in_sess / hs_tot_in_sess (total seats in the chamber that session)."
Rhode Island,2010,house,75,https://dataverse.harvard.edu/dataset.xhtml?persistentId=hdl:1902.1/20403,"Klarner State Partisan Balance Data, variables sen_tot_in_sess / hs_tot_in_sess (total seats in the chamber that session)."
Rhode Island,2010,senate,38,https://dataverse.harvard.edu/dataset.xhtml?persistentId=hdl:1902.1/20403,"Klarner State Partisan Balance Data, variables sen_tot_in_sess / hs_tot_in_sess (total seats in the chamber that session)."
Rhode Island,2011,house,75,https://dataverse.harvard.edu/dataset.xhtml?persistentId=hdl:1902.1/20403,"Klarner State Partisan Balance Data, variables sen_tot_in_sess / hs_tot_in_sess (total seats in the chamber that session)."
Rhode Island,2011,senate,38,https://dataverse.harvard.edu/dataset.xhtml?persistentId=hdl:1902.1/20403,"Klarner State Partisan Balance Data, variables sen_tot_in_sess / hs_tot_in_sess (total seats in the chamber that session)."
Rhode Island,2026,house,75,https://www.ncsl.org/resources/details/number-of-legislators-and-length-of-terms-in-years,"NCSL current chamber sizes, retrieved 2026-09-23. Sizes have been unchanged since 2011 except New York (Senate 62->63) and Wyoming (30/60 -> 31/62)."
Rhode Island,2026,senate,38,https://www.ncsl.org/resources/details/number-of-legislators-and-length-of-terms-in-years,"NCSL current chamber sizes, retrieved 2026-09-23. Sizes have been unchanged since 2011 except New York (Senate 62->63) and Wyoming (30/60 -> 31/62)."
South Carolina,1790,house,124,https://ia800707.us.archive.org/33/items/federalstatecons06thor/federalstatecons06thor_djvu.txt,Sum of the 44-district apportionment in Constitution of 1790 Art. I Sec. 3 (Charleston 15; fifteen parishes at 3; etc.) = 124. Confirmed by the amendments of 1808 which state 'The house of representatives shall consist of one hundred and twenty-four members'.
South Carolina,1790,senate,37,https://ia800707.us.archive.org/33/items/federalstatecons06thor/federalstatecons06thor_djvu.txt,Sum of the district-by-district senate apportionment in Constitution of 1790 Art. I Sec. 7 (Thorpe vol. 6): Charleston 2 plus 35 single- and paired-district seats = 37. Constitution completed June 3; 1790; Sec. 10 sets the first election for the second Monday in October 1790; first legislature under it met November 1790. The 1778 constitution governed earlier in 1790.
South Carolina,1800,house,124,https://ia800707.us.archive.org/33/items/federalstatecons06thor/federalstatecons06thor_djvu.txt,Constitution of 1790 Art. I Sec. 3 apportionment; 124.
South Carolina,1800,senate,37,https://ia800707.us.archive.org/33/items/federalstatecons06thor/federalstatecons06thor_djvu.txt,Constitution of 1790 Art. I Sec. 7 apportionment; 37. Unchanged until the amendments ratified December 17; 1808 took effect at the October 1810 election.
South Carolina,1810,house,124,https://ia800707.us.archive.org/33/items/federalstatecons06thor/federalstatecons06thor_djvu.txt,Amendments of 1808 state explicitly: 'The house of representatives shall consist of one hundred and twenty-four members'; reapportioned on the 1809 enumeration but the total stayed 124.
South Carolina,1810,senate,45,https://ia800707.us.archive.org/33/items/federalstatecons06thor/federalstatecons06thor_djvu.txt,Amendments to the Constitution of 1790 ratified December 17; 1808: 'The senate shall be composed of one member from each election district ... except the district formed by the parishes of Saint Philip and Saint Michael; to which shall be allowed two senators'. 44 election districts plus one extra for Charleston = 45; derived from the district list in Art. I Sec. 3. MID-DECADE CHANGE: the old senators' seats were vacated the day before the second Monday of October 1810; so 37 applied earlier in 1810 and 45 from the October 1810 election.
South Carolina,1820,house,124,https://ia800707.us.archive.org/33/items/federalstatecons06thor/federalstatecons06thor_djvu.txt,Amendments of 1808: 'The house of representatives shall consist of one hundred and twenty-four members'.
South Carolina,1820,senate,45,https://ia800707.us.archive.org/33/items/federalstatecons06thor/federalstatecons06thor_djvu.txt,Amendments of 1808; one senator per election district plus a second for Saint Philip and Saint Michael; 45 derived from the 44-district list.
South Carolina,1831,house,124,https://archive.org/details/americanalmanacr1832bost/page/n297,Read from American Almanac for 1832 p.274 table of Senators and Representatives; figures describe the 1831 legislatures.
South Carolina,1831,senate,45,https://archive.org/details/americanalmanacr1832bost/page/n297,Read from American Almanac for 1832 p.274 table of Senators and Representatives; figures describe the 1831 legislatures.
South Carolina,1832,house,124,https://archive.org/details/americanalmanacr00unguat/page/n260,"Read from the page scan americanalmanac-1833-leaf260.jpg: American Almanac for 1833 p.233, 'Table exhibiting ... the Number of Senators and Representatives ...'. Every row's Senators+Representatives equals the printed Total column. Figures describe the 1832 legislatures."
South Carolina,1832,senate,45,https://archive.org/details/americanalmanacr00unguat/page/n260,"Read from the page scan americanalmanac-1833-leaf260.jpg: American Almanac for 1833 p.233, 'Table exhibiting ... the Number of Senators and Representatives ...'. Every row's Senators+Representatives equals the printed Total column. Figures describe the 1832 legislatures."
South Carolina,1871,house,121,https://archive.org/details/worldalmanac18721873newy,World Almanac 1872; sum (Rep 100 + Union Reform 21)
South Carolina,1871,senate,30,https://archive.org/details/worldalmanac18721873newy,World Almanac 1872; sum (Rep 25 + Union Reform 5); joint check 30+121=151
South Carolina,1890,house,127,https://archive.org/details/vol1891tribuneal00unse,Tribune Almanac 1891; sum (Dem 124 + Rep 3)
South Carolina,1890,senate,35,https://archive.org/details/vol1891tribuneal00unse,Tribune Almanac 1891; sum (Dem 35 + Rep 0); joint check 35+127=162
South Carolina,1901,house,124,https://archive.org/details/vol1901tribuneal00unse,Sum of the party division printed in the Tribune Almanac's 'Legislature of 1901' table; Senate+House reconciles to the printed joint-ballot total. May undercount seats vacant at the time of counting.
South Carolina,1901,senate,40,https://archive.org/details/vol1901tribuneal00unse,Sum of the party division printed in the Tribune Almanac's 'Legislature of 1901' table; Senate+House reconciles to the printed joint-ballot total. May undercount seats vacant at the time of counting.
South Carolina,1911,house,124,https://archive.org/details/vol1911tribuneal00unse,Tribune Almanac 1911; all Democratic; joint ballot 165
South Carolina,1911,senate,41,https://archive.org/details/vol1911tribuneal00unse,Tribune Almanac 1911; all Democratic 41 / 124 / 165; same figures in Tribune Almanac 1910 for 1909-10
South Carolina,1937,house,124,https://dataverse.harvard.edu/dataset.xhtml?persistentId=hdl:1902.1/20403,"Klarner State Partisan Balance Data, variables sen_tot_in_sess / hs_tot_in_sess (total seats in the chamber that session)."
South Carolina,1937,senate,46,https://dataverse.harvard.edu/dataset.xhtml?persistentId=hdl:1902.1/20403,"Klarner State Partisan Balance Data, variables sen_tot_in_sess / hs_tot_in_sess (total seats in the chamber that session)."
South Carolina,1940,house,124,https://dataverse.harvard.edu/dataset.xhtml?persistentId=hdl:1902.1/20403,"Klarner State Partisan Balance Data, variables sen_tot_in_sess / hs_tot_in_sess (total seats in the chamber that session)."
South Carolina,1940,senate,46,https://dataverse.harvard.edu/dataset.xhtml?persistentId=hdl:1902.1/20403,"Klarner State Partisan Balance Data, variables sen_tot_in_sess / hs_tot_in_sess (total seats in the chamber that session)."
South Carolina,1950,house,124,https://dataverse.harvard.edu/dataset.xhtml?persistentId=hdl:1902.1/20403,"Klarner State Partisan Balance Data, variables sen_tot_in_sess / hs_tot_in_sess (total seats in the chamber that session)."
South Carolina,1950,senate,46,https://dataverse.harvard.edu/dataset.xhtml?persistentId=hdl:1902.1/20403,"Klarner State Partisan Balance Data, variables sen_tot_in_sess / hs_tot_in_sess (total seats in the chamber that session)."
South Carolina,1960,house,124,https://dataverse.harvard.edu/dataset.xhtml?persistentId=hdl:1902.1/20403,"Klarner State Partisan Balance Data, variables sen_tot_in_sess / hs_tot_in_sess (total seats in the chamber that session)."
South Carolina,1960,senate,46,https://dataverse.harvard.edu/dataset.xhtml?persistentId=hdl:1902.1/20403,"Klarner State Partisan Balance Data, variables sen_tot_in_sess / hs_tot_in_sess (total seats in the chamber that session)."
South Carolina,1970,house,124,https://dataverse.harvard.edu/dataset.xhtml?persistentId=hdl:1902.1/20403,"Klarner State Partisan Balance Data, variables sen_tot_in_sess / hs_tot_in_sess (total seats in the chamber that session)."
South Carolina,1970,senate,46,https://dataverse.harvard.edu/dataset.xhtml?persistentId=hdl:1902.1/20403,"Klarner State Partisan Balance Data, variables sen_tot_in_sess / hs_tot_in_sess (total seats in the chamber that session)."
South Carolina,1980,house,124,https://dataverse.harvard.edu/dataset.xhtml?persistentId=hdl:1902.1/20403,"Klarner State Partisan Balance Data, variables sen_tot_in_sess / hs_tot_in_sess (total seats in the chamber that session)."
South Carolina,1980,senate,46,https://dataverse.harvard.edu/dataset.xhtml?persistentId=hdl:1902.1/20403,"Klarner State Partisan Balance Data, variables sen_tot_in_sess / hs_tot_in_sess (total seats in the chamber that session)."
South Carolina,1990,house,124,https://dataverse.harvard.edu/dataset.xhtml?persistentId=hdl:1902.1/20403,"Klarner State Partisan Balance Data, variables sen_tot_in_sess / hs_tot_in_sess (total seats in the chamber that session)."
South Carolina,1990,senate,46,https://dataverse.harvard.edu/dataset.xhtml?persistentId=hdl:1902.1/20403,"Klarner State Partisan Balance Data, variables sen_tot_in_sess / hs_tot_in_sess (total seats in the chamber that session)."
South Carolina,2000,house,124,https://dataverse.harvard.edu/dataset.xhtml?persistentId=hdl:1902.1/20403,"Klarner State Partisan Balance Data, variables sen_tot_in_sess / hs_tot_in_sess (total seats in the chamber that session)."
South Carolina,2000,senate,46,https://dataverse.harvard.edu/dataset.xhtml?persistentId=hdl:1902.1/20403,"Klarner State Partisan Balance Data, variables sen_tot_in_sess / hs_tot_in_sess (total seats in the chamber that session)."
South Carolina,2010,house,124,https://dataverse.harvard.edu/dataset.xhtml?persistentId=hdl:1902.1/20403,"Klarner State Partisan Balance Data, variables sen_tot_in_sess / hs_tot_in_sess (total seats in the chamber that session)."
South Carolina,2010,senate,46,https://dataverse.harvard.edu/dataset.xhtml?persistentId=hdl:1902.1/20403,"Klarner State Partisan Balance Data, variables sen_tot_in_sess / hs_tot_in_sess (total seats in the chamber that session)."
South Carolina,2011,house,124,https://dataverse.harvard.edu/dataset.xhtml?persistentId=hdl:1902.1/20403,"Klarner State Partisan Balance Data, variables sen_tot_in_sess / hs_tot_in_sess (total seats in the chamber that session)."
South Carolina,2011,senate,46,https://dataverse.harvard.edu/dataset.xhtml?persistentId=hdl:1902.1/20403,"Klarner State Partisan Balance Data, variables sen_tot_in_sess / hs_tot_in_sess (total seats in the chamber that session)."
South Carolina,2026,house,124,https://www.ncsl.org/resources/details/number-of-legislators-and-length-of-terms-in-years,"NCSL current chamber sizes, retrieved 2026-09-23. Sizes have been unchanged since 2011 except New York (Senate 62->63) and Wyoming (30/60 -> 31/62)."
South Carolina,2026,senate,46,https://www.ncsl.org/resources/details/number-of-legislators-and-length-of-terms-in-years,"NCSL current chamber sizes, retrieved 2026-09-23. Sizes have been unchanged since 2011 except New York (Senate 62->63) and Wyoming (30/60 -> 31/62)."
South Dakota,1890,house,125,https://archive.org/details/vol1891tribuneal00unse,Tribune Almanac 1891; sum (Rep 60 + Dem 19 + Ind Rep 1 + Ind 45)
South Dakota,1890,senate,45,https://archive.org/details/vol1891tribuneal00unse,Tribune Almanac 1891; sum (Rep 23 + Dem 7 + Ind Rep 1 + Ind 14); joint check 45+125=170
South Dakota,1901,house,87,https://archive.org/details/vol1901tribuneal00unse,Sum of the party division printed in the Tribune Almanac's 'Legislature of 1901' table; Senate+House reconciles to the printed joint-ballot total. May undercount seats vacant at the time of counting.
South Dakota,1901,senate,45,https://archive.org/details/vol1901tribuneal00unse,Sum of the party division printed in the Tribune Almanac's 'Legislature of 1901' table; Senate+House reconciles to the printed joint-ballot total. May undercount seats vacant at the time of counting.
South Dakota,1911,house,104,https://archive.org/details/vol1911tribuneal00unse,Tribune Almanac 1911; sum (Rep 99 + Dem 5)
South Dakota,1911,senate,45,https://archive.org/details/vol1911tribuneal00unse,Tribune Almanac 1911; sum (Rep 34 + Dem 11); joint check 45+104=149; same figures in Tribune Almanac 1910 for 1909-10
South Dakota,1937,house,103,https://dataverse.harvard.edu/dataset.xhtml?persistentId=hdl:1902.1/20403,"Klarner State Partisan Balance Data, variables sen_tot_in_sess / hs_tot_in_sess (total seats in the chamber that session)."
South Dakota,1937,senate,45,https://dataverse.harvard.edu/dataset.xhtml?persistentId=hdl:1902.1/20403,"Klarner State Partisan Balance Data, variables sen_tot_in_sess / hs_tot_in_sess (total seats in the chamber that session)."
South Dakota,1940,house,75,https://dataverse.harvard.edu/dataset.xhtml?persistentId=hdl:1902.1/20403,"Klarner State Partisan Balance Data, variables sen_tot_in_sess / hs_tot_in_sess (total seats in the chamber that session)."
South Dakota,1940,senate,35,https://dataverse.harvard.edu/dataset.xhtml?persistentId=hdl:1902.1/20403,"Klarner State Partisan Balance Data, variables sen_tot_in_sess / hs_tot_in_sess (total seats in the chamber that session)."
South Dakota,1950,house,75,https://dataverse.harvard.edu/dataset.xhtml?persistentId=hdl:1902.1/20403,"Klarner State Partisan Balance Data, variables sen_tot_in_sess / hs_tot_in_sess (total seats in the chamber that session)."
South Dakota,1950,senate,35,https://dataverse.harvard.edu/dataset.xhtml?persistentId=hdl:1902.1/20403,"Klarner State Partisan Balance Data, variables sen_tot_in_sess / hs_tot_in_sess (total seats in the chamber that session)."
South Dakota,1960,house,75,https://dataverse.harvard.edu/dataset.xhtml?persistentId=hdl:1902.1/20403,"Klarner State Partisan Balance Data, variables sen_tot_in_sess / hs_tot_in_sess (total seats in the chamber that session)."
South Dakota,1960,senate,35,https://dataverse.harvard.edu/dataset.xhtml?persistentId=hdl:1902.1/20403,"Klarner State Partisan Balance Data, variables sen_tot_in_sess / hs_tot_in_sess (total seats in the chamber that session)."
South Dakota,1970,house,75,https://dataverse.harvard.edu/dataset.xhtml?persistentId=hdl:1902.1/20403,"Klarner State Partisan Balance Data, variables sen_tot_in_sess / hs_tot_in_sess (total seats in the chamber that session)."
South Dakota,1970,senate,35,https://dataverse.harvard.edu/dataset.xhtml?persistentId=hdl:1902.1/20403,"Klarner State Partisan Balance Data, variables sen_tot_in_sess / hs_tot_in_sess (total seats in the chamber that session)."
South Dakota,1980,house,70,https://dataverse.harvard.edu/dataset.xhtml?persistentId=hdl:1902.1/20403,"Klarner State Partisan Balance Data, variables sen_tot_in_sess / hs_tot_in_sess (total seats in the chamber that session)."
South Dakota,1980,senate,35,https://dataverse.harvard.edu/dataset.xhtml?persistentId=hdl:1902.1/20403,"Klarner State Partisan Balance Data, variables sen_tot_in_sess / hs_tot_in_sess (total seats in the chamber that session)."
South Dakota,1990,house,70,https://dataverse.harvard.edu/dataset.xhtml?persistentId=hdl:1902.1/20403,"Klarner State Partisan Balance Data, variables sen_tot_in_sess / hs_tot_in_sess (total seats in the chamber that session)."
South Dakota,1990,senate,35,https://dataverse.harvard.edu/dataset.xhtml?persistentId=hdl:1902.1/20403,"Klarner State Partisan Balance Data, variables sen_tot_in_sess / hs_tot_in_sess (total seats in the chamber that session)."
South Dakota,2000,house,70,https://dataverse.harvard.edu/dataset.xhtml?persistentId=hdl:1902.1/20403,"Klarner State Partisan Balance Data, variables sen_tot_in_sess / hs_tot_in_sess (total seats in the chamber that session)."
South Dakota,2000,senate,35,https://dataverse.harvard.edu/dataset.xhtml?persistentId=hdl:1902.1/20403,"Klarner State Partisan Balance Data, variables sen_tot_in_sess / hs_tot_in_sess (total seats in the chamber that session)."
South Dakota,2010,house,70,https://dataverse.harvard.edu/dataset.xhtml?persistentId=hdl:1902.1/20403,"Klarner State Partisan Balance Data, variables sen_tot_in_sess / hs_tot_in_sess (total seats in the chamber that session)."
South Dakota,2010,senate,35,https://dataverse.harvard.edu/dataset.xhtml?persistentId=hdl:1902.1/20403,"Klarner State Partisan Balance Data, variables sen_tot_in_sess / hs_tot_in_sess (total seats in the chamber that session)."
South Dakota,2011,house,70,https://dataverse.harvard.edu/dataset.xhtml?persistentId=hdl:1902.1/20403,"Klarner State Partisan Balance Data, variables sen_tot_in_sess / hs_tot_in_sess (total seats in the chamber that session)."
South Dakota,2011,senate,35,https://dataverse.harvard.edu/dataset.xhtml?persistentId=hdl:1902.1/20403,"Klarner State Partisan Balance Data, variables sen_tot_in_sess / hs_tot_in_sess (total seats in the chamber that session)."
South Dakota,2026,house,70,https://www.ncsl.org/resources/details/number-of-legislators-and-length-of-terms-in-years,"NCSL current chamber sizes, retrieved 2026-09-23. Sizes have been unchanged since 2011 except New York (Senate 62->63) and Wyoming (30/60 -> 31/62)."
South Dakota,2026,senate,35,https://www.ncsl.org/resources/details/number-of-legislators-and-length-of-terms-in-years,"NCSL current chamber sizes, retrieved 2026-09-23. Sizes have been unchanged since 2011 except New York (Senate 62->63) and Wyoming (30/60 -> 31/62)."
Tennessee,1831,house,60,https://archive.org/details/americanalmanacr1832bost/page/n297,Read from American Almanac for 1832 p.274 table of Senators and Representatives; figures describe the 1831 legislatures.
Tennessee,1831,senate,20,https://archive.org/details/americanalmanacr1832bost/page/n297,Read from American Almanac for 1832 p.274 table of Senators and Representatives; figures describe the 1831 legislatures.
Tennessee,1832,house,60,https://archive.org/details/americanalmanacr00unguat/page/n260,"Read from the page scan americanalmanac-1833-leaf260.jpg: American Almanac for 1833 p.233, 'Table exhibiting ... the Number of Senators and Representatives ...'. Every row's Senators+Representatives equals the printed Total column. Figures describe the 1832 legislatures."
Tennessee,1832,senate,20,https://archive.org/details/americanalmanacr00unguat/page/n260,"Read from the page scan americanalmanac-1833-leaf260.jpg: American Almanac for 1833 p.233, 'Table exhibiting ... the Number of Senators and Representatives ...'. Every row's Senators+Representatives equals the printed Total column. Figures describe the 1832 legislatures."
Tennessee,1871,house,75,https://archive.org/details/worldalmanac18721873newy,World Almanac 1872; sum (Dem 63 + Rep 12)
Tennessee,1871,senate,25,https://archive.org/details/worldalmanac18721873newy,World Almanac 1872; sum (Dem 22 + Rep 3); joint check 25+75=100
Tennessee,1890,house,99,https://archive.org/details/vol1891tribuneal00unse,Tribune Almanac 1891; sum (Rep 20 + Dem 79); printed joint-ballot figure for Democrats appears misprinted
Tennessee,1890,senate,33,https://archive.org/details/vol1891tribuneal00unse,Tribune Almanac 1891; sum (Rep 8 + Dem 25)
Tennessee,1901,house,99,https://archive.org/details/vol1901tribuneal00unse,Sum of the party division printed in the Tribune Almanac's 'Legislature of 1901' table; Senate+House reconciles to the printed joint-ballot total. May undercount seats vacant at the time of counting. Read from the page scan tribune1901-leaf382.jpg (printed p.379).
Tennessee,1901,senate,33,https://archive.org/details/vol1901tribuneal00unse,Sum of the party division printed in the Tribune Almanac's 'Legislature of 1901' table; Senate+House reconciles to the printed joint-ballot total. May undercount seats vacant at the time of counting. Read from the page scan tribune1901-leaf382.jpg (printed p.379).
Tennessee,1909,house,99,https://archive.org/details/vol1910tribuneal00unse,Tribune Almanac 1910; sum (Rep 22 + Dem 77)
Tennessee,1909,senate,33,https://archive.org/details/vol1910tribuneal00unse,"Tribune Almanac 1910 ""Legislature of 1909-10""; sum (Rep 5 + Dem 28); joint check 33+99=132"
Tennessee,1937,house,99,https://dataverse.harvard.edu/dataset.xhtml?persistentId=hdl:1902.1/20403,"Klarner State Partisan Balance Data, variables sen_tot_in_sess / hs_tot_in_sess (total seats in the chamber that session)."
Tennessee,1937,senate,33,https://dataverse.harvard.edu/dataset.xhtml?persistentId=hdl:1902.1/20403,"Klarner State Partisan Balance Data, variables sen_tot_in_sess / hs_tot_in_sess (total seats in the chamber that session)."
Tennessee,1940,house,99,https://dataverse.harvard.edu/dataset.xhtml?persistentId=hdl:1902.1/20403,"Klarner State Partisan Balance Data, variables sen_tot_in_sess / hs_tot_in_sess (total seats in the chamber that session)."
Tennessee,1940,senate,33,https://dataverse.harvard.edu/dataset.xhtml?persistentId=hdl:1902.1/20403,"Klarner State Partisan Balance Data, variables sen_tot_in_sess / hs_tot_in_sess (total seats in the chamber that session)."
Tennessee,1950,house,99,https://dataverse.harvard.edu/dataset.xhtml?persistentId=hdl:1902.1/20403,"Klarner State Partisan Balance Data, variables sen_tot_in_sess / hs_tot_in_sess (total seats in the chamber that session)."
Tennessee,1950,senate,33,https://dataverse.harvard.edu/dataset.xhtml?persistentId=hdl:1902.1/20403,"Klarner State Partisan Balance Data, variables sen_tot_in_sess / hs_tot_in_sess (total seats in the chamber that session)."
Tennessee,1960,house,99,https://dataverse.harvard.edu/dataset.xhtml?persistentId=hdl:1902.1/20403,"Klarner State Partisan Balance Data, variables sen_tot_in_sess / hs_tot_in_sess (total seats in the chamber that session)."
Tennessee,1960,senate,33,https://dataverse.harvard.edu/dataset.xhtml?persistentId=hdl:1902.1/20403,"Klarner State Partisan Balance Data, variables sen_tot_in_sess / hs_tot_in_sess (total seats in the chamber that session)."
Tennessee,1970,house,99,https://dataverse.harvard.edu/dataset.xhtml?persistentId=hdl:1902.1/20403,"Klarner State Partisan Balance Data, variables sen_tot_in_sess / hs_tot_in_sess (total seats in the chamber that session)."
Tennessee,1970,senate,33,https://dataverse.harvard.edu/dataset.xhtml?persistentId=hdl:1902.1/20403,"Klarner State Partisan Balance Data, variables sen_tot_in_sess / hs_tot_in_sess (total seats in the chamber that session)."
Tennessee,1980,house,99,https://dataverse.harvard.edu/dataset.xhtml?persistentId=hdl:1902.1/20403,"Klarner State Partisan Balance Data, variables sen_tot_in_sess / hs_tot_in_sess (total seats in the chamber that session)."
Tennessee,1980,senate,33,https://dataverse.harvard.edu/dataset.xhtml?persistentId=hdl:1902.1/20403,"Klarner State Partisan Balance Data, variables sen_tot_in_sess / hs_tot_in_sess (total seats in the chamber that session)."
Tennessee,1990,house,99,https://dataverse.harvard.edu/dataset.xhtml?persistentId=hdl:1902.1/20403,"Klarner State Partisan Balance Data, variables sen_tot_in_sess / hs_tot_in_sess (total seats in the chamber that session)."
Tennessee,1990,senate,33,https://dataverse.harvard.edu/dataset.xhtml?persistentId=hdl:1902.1/20403,"Klarner State Partisan Balance Data, variables sen_tot_in_sess / hs_tot_in_sess (total seats in the chamber that session)."
Tennessee,2000,house,99,https://dataverse.harvard.edu/dataset.xhtml?persistentId=hdl:1902.1/20403,"Klarner State Partisan Balance Data, variables sen_tot_in_sess / hs_tot_in_sess (total seats in the chamber that session)."
Tennessee,2000,senate,33,https://dataverse.harvard.edu/dataset.xhtml?persistentId=hdl:1902.1/20403,"Klarner State Partisan Balance Data, variables sen_tot_in_sess / hs_tot_in_sess (total seats in the chamber that session)."
Tennessee,2010,house,99,https://dataverse.harvard.edu/dataset.xhtml?persistentId=hdl:1902.1/20403,"Klarner State Partisan Balance Data, variables sen_tot_in_sess / hs_tot_in_sess (total seats in the chamber that session)."
Tennessee,2010,senate,33,https://dataverse.harvard.edu/dataset.xhtml?persistentId=hdl:1902.1/20403,"Klarner State Partisan Balance Data, variables sen_tot_in_sess / hs_tot_in_sess (total seats in the chamber that session)."
Tennessee,2011,house,99,https://dataverse.harvard.edu/dataset.xhtml?persistentId=hdl:1902.1/20403,"Klarner State Partisan Balance Data, variables sen_tot_in_sess / hs_tot_in_sess (total seats in the chamber that session)."
Tennessee,2011,senate,33,https://dataverse.harvard.edu/dataset.xhtml?persistentId=hdl:1902.1/20403,"Klarner State Partisan Balance Data, variables sen_tot_in_sess / hs_tot_in_sess (total seats in the chamber that session)."
Tennessee,2026,house,99,https://www.ncsl.org/resources/details/number-of-legislators-and-length-of-terms-in-years,"NCSL current chamber sizes, retrieved 2026-09-23. Sizes have been unchanged since 2011 except New York (Senate 62->63) and Wyoming (30/60 -> 31/62)."
Tennessee,2026,senate,33,https://www.ncsl.org/resources/details/number-of-legislators-and-length-of-terms-in-years,"NCSL current chamber sizes, retrieved 2026-09-23. Sizes have been unchanged since 2011 except New York (Senate 62->63) and Wyoming (30/60 -> 31/62)."
Texas,1871,house,89,https://archive.org/details/worldalmanac18721873newy,World Almanac 1872; sum (Rep 46 + Dem 43)
Texas,1871,senate,28,https://archive.org/details/worldalmanac18721873newy,World Almanac 1872; sum (Rep 17 + Dem 11); joint check 28+89=117
Texas,1901,house,128,https://archive.org/details/vol1901tribuneal00unse,Sum of the party division printed in the Tribune Almanac's 'Legislature of 1901' table; Senate+House reconciles to the printed joint-ballot total. May undercount seats vacant at the time of counting.
Texas,1901,senate,31,https://archive.org/details/vol1901tribuneal00unse,Sum of the party division printed in the Tribune Almanac's 'Legislature of 1901' table; Senate+House reconciles to the printed joint-ballot total. May undercount seats vacant at the time of counting.
Texas,1911,house,109,https://archive.org/details/vol1911tribuneal00unse,Tribune Almanac 1911; sum (Rep 1 + Dem 108); statutory size was larger so this party sum is likely short
Texas,1911,senate,31,https://archive.org/details/vol1911tribuneal00unse,Tribune Almanac 1911; sum (Rep 1 + Dem 30); joint check 31+109=140
Texas,1937,house,150,https://dataverse.harvard.edu/dataset.xhtml?persistentId=hdl:1902.1/20403,"Klarner State Partisan Balance Data, variables sen_tot_in_sess / hs_tot_in_sess (total seats in the chamber that session)."
Texas,1937,senate,31,https://dataverse.harvard.edu/dataset.xhtml?persistentId=hdl:1902.1/20403,"Klarner State Partisan Balance Data, variables sen_tot_in_sess / hs_tot_in_sess (total seats in the chamber that session)."
Texas,1940,house,150,https://dataverse.harvard.edu/dataset.xhtml?persistentId=hdl:1902.1/20403,"Klarner State Partisan Balance Data, variables sen_tot_in_sess / hs_tot_in_sess (total seats in the chamber that session)."
Texas,1940,senate,31,https://dataverse.harvard.edu/dataset.xhtml?persistentId=hdl:1902.1/20403,"Klarner State Partisan Balance Data, variables sen_tot_in_sess / hs_tot_in_sess (total seats in the chamber that session)."
Texas,1950,house,150,https://dataverse.harvard.edu/dataset.xhtml?persistentId=hdl:1902.1/20403,"Klarner State Partisan Balance Data, variables sen_tot_in_sess / hs_tot_in_sess (total seats in the chamber that session)."
Texas,1950,senate,31,https://dataverse.harvard.edu/dataset.xhtml?persistentId=hdl:1902.1/20403,"Klarner State Partisan Balance Data, variables sen_tot_in_sess / hs_tot_in_sess (total seats in the chamber that session)."
Texas,1960,house,150,https://dataverse.harvard.edu/dataset.xhtml?persistentId=hdl:1902.1/20403,"Klarner State Partisan Balance Data, variables sen_tot_in_sess / hs_tot_in_sess (total seats in the chamber that session)."
Texas,1960,senate,31,https://dataverse.harvard.edu/dataset.xhtml?persistentId=hdl:1902.1/20403,"Klarner State Partisan Balance Data, variables sen_tot_in_sess / hs_tot_in_sess (total seats in the chamber that session)."
Texas,1970,house,150,https://dataverse.harvard.edu/dataset.xhtml?persistentId=hdl:1902.1/20403,"Klarner State Partisan Balance Data, variables sen_tot_in_sess / hs_tot_in_sess (total seats in the chamber that session)."
Texas,1970,senate,31,https://dataverse.harvard.edu/dataset.xhtml?persistentId=hdl:1902.1/20403,"Klarner State Partisan Balance Data, variables sen_tot_in_sess / hs_tot_in_sess (total seats in the chamber that session)."
Texas,1980,house,150,https://dataverse.harvard.edu/dataset.xhtml?persistentId=hdl:1902.1/20403,"Klarner State Partisan Balance Data, variables sen_tot_in_sess / hs_tot_in_sess (total seats in the chamber that session)."
Texas,1980,senate,31,https://dataverse.harvard.edu/dataset.xhtml?persistentId=hdl:1902.1/20403,"Klarner State Partisan Balance Data, variables sen_tot_in_sess / hs_tot_in_sess (total seats in the chamber that session)."
Texas,1990,house,150,https://dataverse.harvard.edu/dataset.xhtml?persistentId=hdl:1902.1/20403,"Klarner State Partisan Balance Data, variables sen_tot_in_sess / hs_tot_in_sess (total seats in the chamber that session)."
Texas,1990,senate,31,https://dataverse.harvard.edu/dataset.xhtml?persistentId=hdl:1902.1/20403,"Klarner State Partisan Balance Data, variables sen_tot_in_sess / hs_tot_in_sess (total seats in the chamber that session)."
Texas,2000,house,150,https://dataverse.harvard.edu/dataset.xhtml?persistentId=hdl:1902.1/20403,"Klarner State Partisan Balance Data, variables sen_tot_in_sess / hs_tot_in_sess (total seats in the chamber that session)."
Texas,2000,senate,31,https://dataverse.harvard.edu/dataset.xhtml?persistentId=hdl:1902.1/20403,"Klarner State Partisan Balance Data, variables sen_tot_in_sess / hs_tot_in_sess (total seats in the chamber that session)."
Texas,2010,house,150,https://dataverse.harvard.edu/dataset.xhtml?persistentId=hdl:1902.1/20403,"Klarner State Partisan Balance Data, variables sen_tot_in_sess / hs_tot_in_sess (total seats in the chamber that session)."
Texas,2010,senate,31,https://dataverse.harvard.edu/dataset.xhtml?persistentId=hdl:1902.1/20403,"Klarner State Partisan Balance Data, variables sen_tot_in_sess / hs_tot_in_sess (total seats in the chamber that session)."
Texas,2011,house,150,https://dataverse.harvard.edu/dataset.xhtml?persistentId=hdl:1902.1/20403,"Klarner State Partisan Balance Data, variables sen_tot_in_sess / hs_tot_in_sess (total seats in the chamber that session)."
Texas,2011,senate,31,https://dataverse.harvard.edu/dataset.xhtml?persistentId=hdl:1902.1/20403,"Klarner State Partisan Balance Data, variables sen_tot_in_sess / hs_tot_in_sess (total seats in the chamber that session)."
Texas,2026,house,150,https://www.ncsl.org/resources/details/number-of-legislators-and-length-of-terms-in-years,"NCSL current chamber sizes, retrieved 2026-09-23. Sizes have been unchanged since 2011 except New York (Senate 62->63) and Wyoming (30/60 -> 31/62)."
Texas,2026,senate,31,https://www.ncsl.org/resources/details/number-of-legislators-and-length-of-terms-in-years,"NCSL current chamber sizes, retrieved 2026-09-23. Sizes have been unchanged since 2011 except New York (Senate 62->63) and Wyoming (30/60 -> 31/62)."
Utah,1901,house,45,https://archive.org/details/vol1901tribuneal00unse,Sum of the party division printed in the Tribune Almanac's 'Legislature of 1901' table; Senate+House reconciles to the printed joint-ballot total. May undercount seats vacant at the time of counting.
Utah,1901,senate,18,https://archive.org/details/vol1901tribuneal00unse,Sum of the party division printed in the Tribune Almanac's 'Legislature of 1901' table; Senate+House reconciles to the printed joint-ballot total. May undercount seats vacant at the time of counting.
Utah,1911,house,45,https://archive.org/details/vol1911tribuneal00unse,Tribune Almanac 1911; sum (Rep 38 + Dem 7)
Utah,1911,senate,18,https://archive.org/details/vol1911tribuneal00unse,Tribune Almanac 1911; sum (Rep 16 + Dem 2); joint check 18+45=63
Utah,1937,house,60,https://dataverse.harvard.edu/dataset.xhtml?persistentId=hdl:1902.1/20403,"Klarner State Partisan Balance Data, variables sen_tot_in_sess / hs_tot_in_sess (total seats in the chamber that session)."
Utah,1937,senate,23,https://dataverse.harvard.edu/dataset.xhtml?persistentId=hdl:1902.1/20403,"Klarner State Partisan Balance Data, variables sen_tot_in_sess / hs_tot_in_sess (total seats in the chamber that session)."
Utah,1940,house,60,https://dataverse.harvard.edu/dataset.xhtml?persistentId=hdl:1902.1/20403,"Klarner State Partisan Balance Data, variables sen_tot_in_sess / hs_tot_in_sess (total seats in the chamber that session)."
Utah,1940,senate,23,https://dataverse.harvard.edu/dataset.xhtml?persistentId=hdl:1902.1/20403,"Klarner State Partisan Balance Data, variables sen_tot_in_sess / hs_tot_in_sess (total seats in the chamber that session)."
Utah,1950,house,60,https://dataverse.harvard.edu/dataset.xhtml?persistentId=hdl:1902.1/20403,"Klarner State Partisan Balance Data, variables sen_tot_in_sess / hs_tot_in_sess (total seats in the chamber that session)."
Utah,1950,senate,23,https://dataverse.harvard.edu/dataset.xhtml?persistentId=hdl:1902.1/20403,"Klarner State Partisan Balance Data, variables sen_tot_in_sess / hs_tot_in_sess (total seats in the chamber that session)."
Utah,1960,house,64,https://dataverse.harvard.edu/dataset.xhtml?persistentId=hdl:1902.1/20403,"Klarner State Partisan Balance Data, variables sen_tot_in_sess / hs_tot_in_sess (total seats in the chamber that session)."
Utah,1960,senate,25,https://dataverse.harvard.edu/dataset.xhtml?persistentId=hdl:1902.1/20403,"Klarner State Partisan Balance Data, variables sen_tot_in_sess / hs_tot_in_sess (total seats in the chamber that session)."
Utah,1970,house,69,https://dataverse.harvard.edu/dataset.xhtml?persistentId=hdl:1902.1/20403,"Klarner State Partisan Balance Data, variables sen_tot_in_sess / hs_tot_in_sess (total seats in the chamber that session)."
Utah,1970,senate,28,https://dataverse.harvard.edu/dataset.xhtml?persistentId=hdl:1902.1/20403,"Klarner State Partisan Balance Data, variables sen_tot_in_sess / hs_tot_in_sess (total seats in the chamber that session)."
Utah,1980,house,75,https://dataverse.harvard.edu/dataset.xhtml?persistentId=hdl:1902.1/20403,"Klarner State Partisan Balance Data, variables sen_tot_in_sess / hs_tot_in_sess (total seats in the chamber that session)."
Utah,1980,senate,29,https://dataverse.harvard.edu/dataset.xhtml?persistentId=hdl:1902.1/20403,"Klarner State Partisan Balance Data, variables sen_tot_in_sess / hs_tot_in_sess (total seats in the chamber that session)."
Utah,1990,house,75,https://dataverse.harvard.edu/dataset.xhtml?persistentId=hdl:1902.1/20403,"Klarner State Partisan Balance Data, variables sen_tot_in_sess / hs_tot_in_sess (total seats in the chamber that session)."
Utah,1990,senate,29,https://dataverse.harvard.edu/dataset.xhtml?persistentId=hdl:1902.1/20403,"Klarner State Partisan Balance Data, variables sen_tot_in_sess / hs_tot_in_sess (total seats in the chamber that session)."
Utah,2000,house,75,https://dataverse.harvard.edu/dataset.xhtml?persistentId=hdl:1902.1/20403,"Klarner State Partisan Balance Data, variables sen_tot_in_sess / hs_tot_in_sess (total seats in the chamber that session)."
Utah,2000,senate,29,https://dataverse.harvard.edu/dataset.xhtml?persistentId=hdl:1902.1/20403,"Klarner State Partisan Balance Data, variables sen_tot_in_sess / hs_tot_in_sess (total seats in the chamber that session)."
Utah,2010,house,75,https://dataverse.harvard.edu/dataset.xhtml?persistentId=hdl:1902.1/20403,"Klarner State Partisan Balance Data, variables sen_tot_in_sess / hs_tot_in_sess (total seats in the chamber that session)."
Utah,2010,senate,29,https://dataverse.harvard.edu/dataset.xhtml?persistentId=hdl:1902.1/20403,"Klarner State Partisan Balance Data, variables sen_tot_in_sess / hs_tot_in_sess (total seats in the chamber that session)."
Utah,2011,house,75,https://dataverse.harvard.edu/dataset.xhtml?persistentId=hdl:1902.1/20403,"Klarner State Partisan Balance Data, variables sen_tot_in_sess / hs_tot_in_sess (total seats in the chamber that session)."
Utah,2011,senate,29,https://dataverse.harvard.edu/dataset.xhtml?persistentId=hdl:1902.1/20403,"Klarner State Partisan Balance Data, variables sen_tot_in_sess / hs_tot_in_sess (total seats in the chamber that session)."
Utah,2026,house,75,https://www.ncsl.org/resources/details/number-of-legislators-and-length-of-terms-in-years,"NCSL current chamber sizes, retrieved 2026-09-23. Sizes have been unchanged since 2011 except New York (Senate 62->63) and Wyoming (30/60 -> 31/62)."
Utah,2026,senate,29,https://www.ncsl.org/resources/details/number-of-legislators-and-length-of-terms-in-years,"NCSL current chamber sizes, retrieved 2026-09-23. Sizes have been unchanged since 2011 except New York (Senate 62->63) and Wyoming (30/60 -> 31/62)."
Vermont,1831,unicameral,230,https://archive.org/details/americanalmanacr1832bost/page/n297,Read from American Almanac for 1832 p.274 table of Senators and Representatives; figures describe the 1831 legislatures. Unicameral: source footnote states 'There is no senate in the legislature of Vermont'; a Senate was not added until the 1836 amendment.
Vermont,1832,unicameral,230,https://archive.org/details/americanalmanacr00unguat/page/n260,"Read from the page scan americanalmanac-1833-leaf260.jpg: American Almanac for 1833 p.233, 'Table exhibiting ... the Number of Senators and Representatives ...'. Every row's Senators+Representatives equals the printed Total column. Figures describe the 1832 legislatures. Unicameral: source footnote states 'There is no Senate in the Legislature of Vermont'; a Senate was not added until the 1836 amendment."
Vermont,1871,house,235,https://archive.org/details/worldalmanac18721873newy,World Almanac 1872; sum (Rep 208 + Dem 27)
Vermont,1871,senate,30,https://archive.org/details/worldalmanac18721873newy,World Almanac 1872; sum (Rep 28 + Dem 2); joint check 30+235=265
Vermont,1901,house,245,https://archive.org/details/vol1901tribuneal00unse,Sum of the party division printed in the Tribune Almanac's 'Legislature of 1901' table; Senate+House reconciles to the printed joint-ballot total. May undercount seats vacant at the time of counting. Bicameral by this date; House apportioned by town so the number varied.
Vermont,1901,senate,30,https://archive.org/details/vol1901tribuneal00unse,Sum of the party division printed in the Tribune Almanac's 'Legislature of 1901' table; Senate+House reconciles to the printed joint-ballot total. May undercount seats vacant at the time of counting. Bicameral by this date; House apportioned by town so the number varied.
Vermont,1911,house,246,https://archive.org/details/vol1911tribuneal00unse,Tribune Almanac 1911; sum (Rep 194 + Dem 47 + Ind 5)
Vermont,1911,senate,30,https://archive.org/details/vol1911tribuneal00unse,Tribune Almanac 1911; all Republican 30; joint check 30+246=276
Vermont,1937,house,248,https://dataverse.harvard.edu/dataset.xhtml?persistentId=hdl:1902.1/20403,"Klarner State Partisan Balance Data, variables sen_tot_in_sess / hs_tot_in_sess (total seats in the chamber that session)."
Vermont,1937,senate,30,https://dataverse.harvard.edu/dataset.xhtml?persistentId=hdl:1902.1/20403,"Klarner State Partisan Balance Data, variables sen_tot_in_sess / hs_tot_in_sess (total seats in the chamber that session)."
Vermont,1940,house,246,https://dataverse.harvard.edu/dataset.xhtml?persistentId=hdl:1902.1/20403,"Klarner State Partisan Balance Data, variables sen_tot_in_sess / hs_tot_in_sess (total seats in the chamber that session)."
Vermont,1940,senate,30,https://dataverse.harvard.edu/dataset.xhtml?persistentId=hdl:1902.1/20403,"Klarner State Partisan Balance Data, variables sen_tot_in_sess / hs_tot_in_sess (total seats in the chamber that session)."
Vermont,1950,house,246,https://dataverse.harvard.edu/dataset.xhtml?persistentId=hdl:1902.1/20403,"Klarner State Partisan Balance Data, variables sen_tot_in_sess / hs_tot_in_sess (total seats in the chamber that session)."
Vermont,1950,senate,30,https://dataverse.harvard.edu/dataset.xhtml?persistentId=hdl:1902.1/20403,"Klarner State Partisan Balance Data, variables sen_tot_in_sess / hs_tot_in_sess (total seats in the chamber that session)."
Vermont,1960,house,246,https://dataverse.harvard.edu/dataset.xhtml?persistentId=hdl:1902.1/20403,"Klarner State Partisan Balance Data, variables sen_tot_in_sess / hs_tot_in_sess (total seats in the chamber that session)."
Vermont,1960,senate,30,https://dataverse.harvard.edu/dataset.xhtml?persistentId=hdl:1902.1/20403,"Klarner State Partisan Balance Data, variables sen_tot_in_sess / hs_tot_in_sess (total seats in the chamber that session)."
Vermont,1970,house,150,https://dataverse.harvard.edu/dataset.xhtml?persistentId=hdl:1902.1/20403,"Klarner State Partisan Balance Data, variables sen_tot_in_sess / hs_tot_in_sess (total seats in the chamber that session)."
Vermont,1970,senate,30,https://dataverse.harvard.edu/dataset.xhtml?persistentId=hdl:1902.1/20403,"Klarner State Partisan Balance Data, variables sen_tot_in_sess / hs_tot_in_sess (total seats in the chamber that session)."
Vermont,1980,house,150,https://dataverse.harvard.edu/dataset.xhtml?persistentId=hdl:1902.1/20403,"Klarner State Partisan Balance Data, variables sen_tot_in_sess / hs_tot_in_sess (total seats in the chamber that session)."
Vermont,1980,senate,30,https://dataverse.harvard.edu/dataset.xhtml?persistentId=hdl:1902.1/20403,"Klarner State Partisan Balance Data, variables sen_tot_in_sess / hs_tot_in_sess (total seats in the chamber that session)."
Vermont,1990,house,150,https://dataverse.harvard.edu/dataset.xhtml?persistentId=hdl:1902.1/20403,"Klarner State Partisan Balance Data, variables sen_tot_in_sess / hs_tot_in_sess (total seats in the chamber that session)."
Vermont,1990,senate,30,https://dataverse.harvard.edu/dataset.xhtml?persistentId=hdl:1902.1/20403,"Klarner State Partisan Balance Data, variables sen_tot_in_sess / hs_tot_in_sess (total seats in the chamber that session)."
Vermont,2000,house,150,https://dataverse.harvard.edu/dataset.xhtml?persistentId=hdl:1902.1/20403,"Klarner State Partisan Balance Data, variables sen_tot_in_sess / hs_tot_in_sess (total seats in the chamber that session)."
Vermont,2000,senate,30,https://dataverse.harvard.edu/dataset.xhtml?persistentId=hdl:1902.1/20403,"Klarner State Partisan Balance Data, variables sen_tot_in_sess / hs_tot_in_sess (total seats in the chamber that session)."
Vermont,2010,house,150,https://dataverse.harvard.edu/dataset.xhtml?persistentId=hdl:1902.1/20403,"Klarner State Partisan Balance Data, variables sen_tot_in_sess / hs_tot_in_sess (total seats in the chamber that session)."
Vermont,2010,senate,30,https://dataverse.harvard.edu/dataset.xhtml?persistentId=hdl:1902.1/20403,"Klarner State Partisan Balance Data, variables sen_tot_in_sess / hs_tot_in_sess (total seats in the chamber that session)."
Vermont,2011,house,150,https://dataverse.harvard.edu/dataset.xhtml?persistentId=hdl:1902.1/20403,"Klarner State Partisan Balance Data, variables sen_tot_in_sess / hs_tot_in_sess (total seats in the chamber that session)."
Vermont,2011,senate,30,https://dataverse.harvard.edu/dataset.xhtml?persistentId=hdl:1902.1/20403,"Klarner State Partisan Balance Data, variables sen_tot_in_sess / hs_tot_in_sess (total seats in the chamber that session)."
Vermont,2026,house,150,https://www.ncsl.org/resources/details/number-of-legislators-and-length-of-terms-in-years,"NCSL current chamber sizes, retrieved 2026-09-23. Sizes have been unchanged since 2011 except New York (Senate 62->63) and Wyoming (30/60 -> 31/62)."
Vermont,2026,senate,30,https://www.ncsl.org/resources/details/number-of-legislators-and-length-of-terms-in-years,"NCSL current chamber sizes, retrieved 2026-09-23. Sizes have been unchanged since 2011 except New York (Senate 62->63) and Wyoming (30/60 -> 31/62)."
Virginia,1790,house,179,https://archive.org/download/registerofgenera00virg/registerofgenera00virg_djvu.txt,Counted from the House of Delegates roster for the session of October 18 - December 29; 1790 in Swem and Williams: 88 counties at two delegates each plus Norfolk Borough; Richmond and Williamsburg at one each = 179. Cross-checked against the number of name lines in the roster. Constitution of 1776 sets two delegates per county plus one each for certain cities and boroughs; no fixed total. NOTE: Virginia still included the Kentucky district counties (Bourbon; Fayette; Jefferson; Lincoln; Madison; Mason; Mercer; Nelson; Woodford) in 1790; Kentucky separated in 1792.
Virginia,1790,senate,24,https://archive.org/download/registerofgenera00virg/registerofgenera00virg_djvu.txt,Counted from the Senate roster for the session of October 18 - December 29; 1790 in Swem and Williams; 'A Register of the General Assembly of Virginia; 1776-1918': four classes of six districts = 24. Matches Constitution of 1776: 'The Senate ... consist of twenty-four members'.
Virginia,1800,house,183,https://archive.org/download/registerofgenera00virg/registerofgenera00virg_djvu.txt,Counted from the House of Delegates roster for the session of December 1; 1800 - January 23; 1801 in Swem and Williams: 90 counties at two each plus City of Williamsburg; City of Richmond and Norfolk Borough at one each = 183. Cross-checked against the name count after removing the six mid-session replacement members the register lists.
Virginia,1800,senate,24,https://archive.org/download/registerofgenera00virg/registerofgenera00virg_djvu.txt,Counted from the Senate roster for the session of December 1; 1800 - January 23; 1801 in Swem and Williams: four classes of six districts = 24.
Virginia,1810,senate,24,https://archive.org/download/federalstatecons07thor/federalstatecons07thor_djvu.txt,Constitution of 1776 (Thorpe vol. 7): 'The other shall be called The Senate; and consist of twenty-four members'. Fixed at 24 for the whole 1776-1830 period; confirmed by the counted 1790; 1800 and 1820 Senate rosters in Swem and Williams. House of Delegates for 1810 not recorded: the Swem register's OCR for the December 1810 session drops county headings and cannot be counted reliably.
Virginia,1820,house,208,https://archive.org/download/registerofgenera00virg/registerofgenera00virg_djvu.txt,Counted from the House of Delegates roster for the session of December 4; 1820 - March 5; 1821 in Swem and Williams: 102 counties at two each plus Norfolk borough; Petersburg; Richmond city and Williamsburg at one each = 208.
Virginia,1820,senate,24,https://archive.org/download/registerofgenera00virg/registerofgenera00virg_djvu.txt,Counted from the Senate roster for the session of December 4; 1820 - March 5; 1821 in Swem and Williams: four classes of six districts = 24.
Virginia,1831,house,134,https://archive.org/details/americanalmanacr1832bost/page/n297,Read from American Almanac for 1832 p.274 table of Senators and Representatives; figures describe the 1831 legislatures.
Virginia,1831,senate,32,https://archive.org/details/americanalmanacr1832bost/page/n297,Read from American Almanac for 1832 p.274 table of Senators and Representatives; figures describe the 1831 legislatures.
Virginia,1832,house,134,https://archive.org/details/americanalmanacr00unguat/page/n260,"Read from the page scan americanalmanac-1833-leaf260.jpg: American Almanac for 1833 p.233, 'Table exhibiting ... the Number of Senators and Representatives ...'. Every row's Senators+Representatives equals the printed Total column. Figures describe the 1832 legislatures."
Virginia,1832,senate,32,https://archive.org/details/americanalmanacr00unguat/page/n260,"Read from the page scan americanalmanac-1833-leaf260.jpg: American Almanac for 1833 p.233, 'Table exhibiting ... the Number of Senators and Representatives ...'. Every row's Senators+Representatives equals the printed Total column. Figures describe the 1832 legislatures."
Virginia,1871,house,132,https://archive.org/details/worldalmanac18721873newy,World Almanac 1872; chamber named House of Delegates; sum (Conservative 99 + Rep 33)
Virginia,1871,senate,43,https://archive.org/details/worldalmanac18721873newy,World Almanac 1872; sum (Conservative 33 + Rep 10); joint check 43+132=175
Virginia,1889,house,105,https://archive.org/details/vol1891tribuneal00unse,Tribune Almanac 1891; chamber named House of Delegates; sum (Rep 15 + Dem 89 + Ind 1)
Virginia,1889,senate,48,https://archive.org/details/vol1891tribuneal00unse,Tribune Almanac 1891 LEGISLATURE 1889 column; sum (Rep 9 + Dem 39); joint check 48+105=153; confirmed by Tribune Almanac 1890
Virginia,1901,house,100,https://archive.org/details/vol1901tribuneal00unse,Sum of the party division printed in the Tribune Almanac's 'Legislature of 1901' table; Senate+House reconciles to the printed joint-ballot total. May undercount seats vacant at the time of counting. Lower chamber is the House of Delegates.
Virginia,1901,senate,40,https://archive.org/details/vol1901tribuneal00unse,Sum of the party division printed in the Tribune Almanac's 'Legislature of 1901' table; Senate+House reconciles to the printed joint-ballot total. May undercount seats vacant at the time of counting. Lower chamber is the House of Delegates.
Virginia,1910,house,100,https://archive.org/details/vol1910tribuneal00unse,Tribune Almanac 1910; chamber named House of Delegates; derived as joint-ballot total 140 minus Senate 40; Democratic House figure garbled in OCR
Virginia,1910,senate,40,https://archive.org/details/vol1910tribuneal00unse,"Tribune Almanac 1910 ""Legislature of 1910-11""; sum (Dem 34 + Rep 6); joint check 40+100=140"
Virginia,1937,house,100,https://dataverse.harvard.edu/dataset.xhtml?persistentId=hdl:1902.1/20403,"Klarner State Partisan Balance Data, variables sen_tot_in_sess / hs_tot_in_sess (total seats in the chamber that session)."
Virginia,1937,senate,40,https://dataverse.harvard.edu/dataset.xhtml?persistentId=hdl:1902.1/20403,"Klarner State Partisan Balance Data, variables sen_tot_in_sess / hs_tot_in_sess (total seats in the chamber that session)."
Virginia,1940,house,100,https://dataverse.harvard.edu/dataset.xhtml?persistentId=hdl:1902.1/20403,"Klarner State Partisan Balance Data, variables sen_tot_in_sess / hs_tot_in_sess (total seats in the chamber that session)."
Virginia,1940,senate,40,https://dataverse.harvard.edu/dataset.xhtml?persistentId=hdl:1902.1/20403,"Klarner State Partisan Balance Data, variables sen_tot_in_sess / hs_tot_in_sess (total seats in the chamber that session)."
Virginia,1950,house,100,https://dataverse.harvard.edu/dataset.xhtml?persistentId=hdl:1902.1/20403,"Klarner State Partisan Balance Data, variables sen_tot_in_sess / hs_tot_in_sess (total seats in the chamber that session)."
Virginia,1950,senate,40,https://dataverse.harvard.edu/dataset.xhtml?persistentId=hdl:1902.1/20403,"Klarner State Partisan Balance Data, variables sen_tot_in_sess / hs_tot_in_sess (total seats in the chamber that session)."
Virginia,1960,house,100,https://dataverse.harvard.edu/dataset.xhtml?persistentId=hdl:1902.1/20403,"Klarner State Partisan Balance Data, variables sen_tot_in_sess / hs_tot_in_sess (total seats in the chamber that session)."
Virginia,1960,senate,40,https://dataverse.harvard.edu/dataset.xhtml?persistentId=hdl:1902.1/20403,"Klarner State Partisan Balance Data, variables sen_tot_in_sess / hs_tot_in_sess (total seats in the chamber that session)."
Virginia,1970,house,100,https://dataverse.harvard.edu/dataset.xhtml?persistentId=hdl:1902.1/20403,"Klarner State Partisan Balance Data, variables sen_tot_in_sess / hs_tot_in_sess (total seats in the chamber that session)."
Virginia,1970,senate,40,https://dataverse.harvard.edu/dataset.xhtml?persistentId=hdl:1902.1/20403,"Klarner State Partisan Balance Data, variables sen_tot_in_sess / hs_tot_in_sess (total seats in the chamber that session)."
Virginia,1980,house,100,https://dataverse.harvard.edu/dataset.xhtml?persistentId=hdl:1902.1/20403,"Klarner State Partisan Balance Data, variables sen_tot_in_sess / hs_tot_in_sess (total seats in the chamber that session)."
Virginia,1980,senate,40,https://dataverse.harvard.edu/dataset.xhtml?persistentId=hdl:1902.1/20403,"Klarner State Partisan Balance Data, variables sen_tot_in_sess / hs_tot_in_sess (total seats in the chamber that session)."
Virginia,1990,house,100,https://dataverse.harvard.edu/dataset.xhtml?persistentId=hdl:1902.1/20403,"Klarner State Partisan Balance Data, variables sen_tot_in_sess / hs_tot_in_sess (total seats in the chamber that session)."
Virginia,1990,senate,40,https://dataverse.harvard.edu/dataset.xhtml?persistentId=hdl:1902.1/20403,"Klarner State Partisan Balance Data, variables sen_tot_in_sess / hs_tot_in_sess (total seats in the chamber that session)."
Virginia,2000,house,100,https://dataverse.harvard.edu/dataset.xhtml?persistentId=hdl:1902.1/20403,"Klarner State Partisan Balance Data, variables sen_tot_in_sess / hs_tot_in_sess (total seats in the chamber that session)."
Virginia,2000,senate,40,https://dataverse.harvard.edu/dataset.xhtml?persistentId=hdl:1902.1/20403,"Klarner State Partisan Balance Data, variables sen_tot_in_sess / hs_tot_in_sess (total seats in the chamber that session)."
Virginia,2010,house,100,https://dataverse.harvard.edu/dataset.xhtml?persistentId=hdl:1902.1/20403,"Klarner State Partisan Balance Data, variables sen_tot_in_sess / hs_tot_in_sess (total seats in the chamber that session)."
Virginia,2010,senate,40,https://dataverse.harvard.edu/dataset.xhtml?persistentId=hdl:1902.1/20403,"Klarner State Partisan Balance Data, variables sen_tot_in_sess / hs_tot_in_sess (total seats in the chamber that session)."
Virginia,2011,house,100,https://dataverse.harvard.edu/dataset.xhtml?persistentId=hdl:1902.1/20403,"Klarner State Partisan Balance Data, variables sen_tot_in_sess / hs_tot_in_sess (total seats in the chamber that session)."
Virginia,2011,senate,40,https://dataverse.harvard.edu/dataset.xhtml?persistentId=hdl:1902.1/20403,"Klarner State Partisan Balance Data, variables sen_tot_in_sess / hs_tot_in_sess (total seats in the chamber that session)."
Virginia,2026,house,100,https://www.ncsl.org/resources/details/number-of-legislators-and-length-of-terms-in-years,"NCSL current chamber sizes, retrieved 2026-09-23. Sizes have been unchanged since 2011 except New York (Senate 62->63) and Wyoming (30/60 -> 31/62)."
Virginia,2026,senate,40,https://www.ncsl.org/resources/details/number-of-legislators-and-length-of-terms-in-years,"NCSL current chamber sizes, retrieved 2026-09-23. Sizes have been unchanged since 2011 except New York (Senate 62->63) and Wyoming (30/60 -> 31/62)."
Washington,1889,house,70,https://archive.org/details/vol1890tribuneal00unse,"Tribune Almanac 1890; sum (Rep 62 + Dem 8); Democratic row OCR run together as ""18 9"" but joint total 105 confirms 35+70"
Washington,1889,senate,35,https://archive.org/details/vol1890tribuneal00unse,"Tribune Almanac 1890 ""Legislature 1889""; first state legislature; sum (Rep 34 + Dem 1); joint check 35+70=105"
Washington,1901,house,80,https://archive.org/details/vol1901tribuneal00unse,Sum of the party division printed in the Tribune Almanac's 'Legislature of 1901' table; Senate+House reconciles to the printed joint-ballot total. May undercount seats vacant at the time of counting.
Washington,1901,senate,34,https://archive.org/details/vol1901tribuneal00unse,Sum of the party division printed in the Tribune Almanac's 'Legislature of 1901' table; Senate+House reconciles to the printed joint-ballot total. May undercount seats vacant at the time of counting.
Washington,1909,house,95,https://archive.org/details/vol1910tribuneal00unse,Tribune Almanac 1910; sum (Rep 89 + Dem 6)
Washington,1909,senate,42,https://archive.org/details/vol1910tribuneal00unse,"Tribune Almanac 1910 ""Legislature of 1909-10""; sum (Rep 40 + Dem 2 from the printed majority row); joint check 42+95=137"
Washington,1937,house,99,https://dataverse.harvard.edu/dataset.xhtml?persistentId=hdl:1902.1/20403,"Klarner State Partisan Balance Data, variables sen_tot_in_sess / hs_tot_in_sess (total seats in the chamber that session)."
Washington,1937,senate,46,https://dataverse.harvard.edu/dataset.xhtml?persistentId=hdl:1902.1/20403,"Klarner State Partisan Balance Data, variables sen_tot_in_sess / hs_tot_in_sess (total seats in the chamber that session)."
Washington,1940,house,99,https://dataverse.harvard.edu/dataset.xhtml?persistentId=hdl:1902.1/20403,"Klarner State Partisan Balance Data, variables sen_tot_in_sess / hs_tot_in_sess (total seats in the chamber that session)."
Washington,1940,senate,46,https://dataverse.harvard.edu/dataset.xhtml?persistentId=hdl:1902.1/20403,"Klarner State Partisan Balance Data, variables sen_tot_in_sess / hs_tot_in_sess (total seats in the chamber that session)."
Washington,1950,house,99,https://dataverse.harvard.edu/dataset.xhtml?persistentId=hdl:1902.1/20403,"Klarner State Partisan Balance Data, variables sen_tot_in_sess / hs_tot_in_sess (total seats in the chamber that session)."
Washington,1950,senate,46,https://dataverse.harvard.edu/dataset.xhtml?persistentId=hdl:1902.1/20403,"Klarner State Partisan Balance Data, variables sen_tot_in_sess / hs_tot_in_sess (total seats in the chamber that session)."
Washington,1960,house,99,https://dataverse.harvard.edu/dataset.xhtml?persistentId=hdl:1902.1/20403,"Klarner State Partisan Balance Data, variables sen_tot_in_sess / hs_tot_in_sess (total seats in the chamber that session)."
Washington,1960,senate,49,https://dataverse.harvard.edu/dataset.xhtml?persistentId=hdl:1902.1/20403,"Klarner State Partisan Balance Data, variables sen_tot_in_sess / hs_tot_in_sess (total seats in the chamber that session)."
Washington,1970,house,99,https://dataverse.harvard.edu/dataset.xhtml?persistentId=hdl:1902.1/20403,"Klarner State Partisan Balance Data, variables sen_tot_in_sess / hs_tot_in_sess (total seats in the chamber that session)."
Washington,1970,senate,49,https://dataverse.harvard.edu/dataset.xhtml?persistentId=hdl:1902.1/20403,"Klarner State Partisan Balance Data, variables sen_tot_in_sess / hs_tot_in_sess (total seats in the chamber that session)."
Washington,1980,house,98,https://dataverse.harvard.edu/dataset.xhtml?persistentId=hdl:1902.1/20403,"Klarner State Partisan Balance Data, variables sen_tot_in_sess / hs_tot_in_sess (total seats in the chamber that session)."
Washington,1980,senate,49,https://dataverse.harvard.edu/dataset.xhtml?persistentId=hdl:1902.1/20403,"Klarner State Partisan Balance Data, variables sen_tot_in_sess / hs_tot_in_sess (total seats in the chamber that session)."
Washington,1990,house,98,https://dataverse.harvard.edu/dataset.xhtml?persistentId=hdl:1902.1/20403,"Klarner State Partisan Balance Data, variables sen_tot_in_sess / hs_tot_in_sess (total seats in the chamber that session)."
Washington,1990,senate,49,https://dataverse.harvard.edu/dataset.xhtml?persistentId=hdl:1902.1/20403,"Klarner State Partisan Balance Data, variables sen_tot_in_sess / hs_tot_in_sess (total seats in the chamber that session)."
Washington,2000,house,98,https://dataverse.harvard.edu/dataset.xhtml?persistentId=hdl:1902.1/20403,"Klarner State Partisan Balance Data, variables sen_tot_in_sess / hs_tot_in_sess (total seats in the chamber that session)."
Washington,2000,senate,49,https://dataverse.harvard.edu/dataset.xhtml?persistentId=hdl:1902.1/20403,"Klarner State Partisan Balance Data, variables sen_tot_in_sess / hs_tot_in_sess (total seats in the chamber that session)."
Washington,2010,house,98,https://dataverse.harvard.edu/dataset.xhtml?persistentId=hdl:1902.1/20403,"Klarner State Partisan Balance Data, variables sen_tot_in_sess / hs_tot_in_sess (total seats in the chamber that session)."
Washington,2010,senate,49,https://dataverse.harvard.edu/dataset.xhtml?persistentId=hdl:1902.1/20403,"Klarner State Partisan Balance Data, variables sen_tot_in_sess / hs_tot_in_sess (total seats in the chamber that session)."
Washington,2011,house,98,https://dataverse.harvard.edu/dataset.xhtml?persistentId=hdl:1902.1/20403,"Klarner State Partisan Balance Data, variables sen_tot_in_sess / hs_tot_in_sess (total seats in the chamber that session)."
Washington,2011,senate,49,https://dataverse.harvard.edu/dataset.xhtml?persistentId=hdl:1902.1/20403,"Klarner State Partisan Balance Data, variables sen_tot_in_sess / hs_tot_in_sess (total seats in the chamber that session)."
Washington,2026,house,98,https://www.ncsl.org/resources/details/number-of-legislators-and-length-of-terms-in-years,"NCSL current chamber sizes, retrieved 2026-09-23. Sizes have been unchanged since 2011 except New York (Senate 62->63) and Wyoming (30/60 -> 31/62)."
Washington,2026,senate,49,https://www.ncsl.org/resources/details/number-of-legislators-and-length-of-terms-in-years,"NCSL current chamber sizes, retrieved 2026-09-23. Sizes have been unchanged since 2011 except New York (Senate 62->63) and Wyoming (30/60 -> 31/62)."
West Virginia,1871,house,56,https://archive.org/details/worldalmanac18721873newy,World Almanac 1872; chamber named House of Delegates; sum (Dem 45 + Rep 11)
West Virginia,1871,senate,22,https://archive.org/details/worldalmanac18721873newy,World Almanac 1872; sum (Dem 17 + Rep 5); joint check 22+56=78
West Virginia,1890,house,65,https://archive.org/details/vol1891tribuneal00unse,Tribune Almanac 1891; chamber named House of Delegates; sum (Rep 21 + Dem 44)
West Virginia,1890,senate,27,https://archive.org/details/vol1891tribuneal00unse,Tribune Almanac 1891; sum (Rep 10 + Dem 16 + Labor 1); joint check 27+65=92
West Virginia,1901,house,71,https://archive.org/details/vol1901tribuneal00unse,Sum of the party division printed in the Tribune Almanac's 'Legislature of 1901' table; Senate+House reconciles to the printed joint-ballot total. May undercount seats vacant at the time of counting. Lower chamber is the House of Delegates.
West Virginia,1901,senate,25,https://archive.org/details/vol1901tribuneal00unse,Sum of the party division printed in the Tribune Almanac's 'Legislature of 1901' table; Senate+House reconciles to the printed joint-ballot total. May undercount seats vacant at the time of counting. Lower chamber is the House of Delegates.
West Virginia,1911,house,86,https://archive.org/details/vol1911tribuneal00unse,Tribune Almanac 1911; chamber named House of Delegates; sum (Rep 23 + Dem 63)
West Virginia,1911,senate,30,https://archive.org/details/vol1911tribuneal00unse,Tribune Almanac 1911; sum (Rep 15 + Dem 15); joint check 30+86=116
West Virginia,1937,house,94,https://dataverse.harvard.edu/dataset.xhtml?persistentId=hdl:1902.1/20403,"Klarner State Partisan Balance Data, variables sen_tot_in_sess / hs_tot_in_sess (total seats in the chamber that session)."
West Virginia,1937,senate,30,https://dataverse.harvard.edu/dataset.xhtml?persistentId=hdl:1902.1/20403,"Klarner State Partisan Balance Data, variables sen_tot_in_sess / hs_tot_in_sess (total seats in the chamber that session)."
West Virginia,1940,house,94,https://dataverse.harvard.edu/dataset.xhtml?persistentId=hdl:1902.1/20403,"Klarner State Partisan Balance Data, variables sen_tot_in_sess / hs_tot_in_sess (total seats in the chamber that session)."
West Virginia,1940,senate,32,https://dataverse.harvard.edu/dataset.xhtml?persistentId=hdl:1902.1/20403,"Klarner State Partisan Balance Data, variables sen_tot_in_sess / hs_tot_in_sess (total seats in the chamber that session)."
West Virginia,1950,house,94,https://dataverse.harvard.edu/dataset.xhtml?persistentId=hdl:1902.1/20403,"Klarner State Partisan Balance Data, variables sen_tot_in_sess / hs_tot_in_sess (total seats in the chamber that session)."
West Virginia,1950,senate,32,https://dataverse.harvard.edu/dataset.xhtml?persistentId=hdl:1902.1/20403,"Klarner State Partisan Balance Data, variables sen_tot_in_sess / hs_tot_in_sess (total seats in the chamber that session)."
West Virginia,1960,house,100,https://dataverse.harvard.edu/dataset.xhtml?persistentId=hdl:1902.1/20403,"Klarner State Partisan Balance Data, variables sen_tot_in_sess / hs_tot_in_sess (total seats in the chamber that session)."
West Virginia,1960,senate,32,https://dataverse.harvard.edu/dataset.xhtml?persistentId=hdl:1902.1/20403,"Klarner State Partisan Balance Data, variables sen_tot_in_sess / hs_tot_in_sess (total seats in the chamber that session)."
West Virginia,1970,house,100,https://dataverse.harvard.edu/dataset.xhtml?persistentId=hdl:1902.1/20403,"Klarner State Partisan Balance Data, variables sen_tot_in_sess / hs_tot_in_sess (total seats in the chamber that session)."
West Virginia,1970,senate,34,https://dataverse.harvard.edu/dataset.xhtml?persistentId=hdl:1902.1/20403,"Klarner State Partisan Balance Data, variables sen_tot_in_sess / hs_tot_in_sess (total seats in the chamber that session)."
West Virginia,1980,house,100,https://dataverse.harvard.edu/dataset.xhtml?persistentId=hdl:1902.1/20403,"Klarner State Partisan Balance Data, variables sen_tot_in_sess / hs_tot_in_sess (total seats in the chamber that session)."
West Virginia,1980,senate,34,https://dataverse.harvard.edu/dataset.xhtml?persistentId=hdl:1902.1/20403,"Klarner State Partisan Balance Data, variables sen_tot_in_sess / hs_tot_in_sess (total seats in the chamber that session)."
West Virginia,1990,house,100,https://dataverse.harvard.edu/dataset.xhtml?persistentId=hdl:1902.1/20403,"Klarner State Partisan Balance Data, variables sen_tot_in_sess / hs_tot_in_sess (total seats in the chamber that session)."
West Virginia,1990,senate,34,https://dataverse.harvard.edu/dataset.xhtml?persistentId=hdl:1902.1/20403,"Klarner State Partisan Balance Data, variables sen_tot_in_sess / hs_tot_in_sess (total seats in the chamber that session)."
West Virginia,2000,house,100,https://dataverse.harvard.edu/dataset.xhtml?persistentId=hdl:1902.1/20403,"Klarner State Partisan Balance Data, variables sen_tot_in_sess / hs_tot_in_sess (total seats in the chamber that session)."
West Virginia,2000,senate,34,https://dataverse.harvard.edu/dataset.xhtml?persistentId=hdl:1902.1/20403,"Klarner State Partisan Balance Data, variables sen_tot_in_sess / hs_tot_in_sess (total seats in the chamber that session)."
West Virginia,2010,house,100,https://dataverse.harvard.edu/dataset.xhtml?persistentId=hdl:1902.1/20403,"Klarner State Partisan Balance Data, variables sen_tot_in_sess / hs_tot_in_sess (total seats in the chamber that session)."
West Virginia,2010,senate,34,https://dataverse.harvard.edu/dataset.xhtml?persistentId=hdl:1902.1/20403,"Klarner State Partisan Balance Data, variables sen_tot_in_sess / hs_tot_in_sess (total seats in the chamber that session)."
West Virginia,2011,house,100,https://dataverse.harvard.edu/dataset.xhtml?persistentId=hdl:1902.1/20403,"Klarner State Partisan Balance Data, variables sen_tot_in_sess / hs_tot_in_sess (total seats in the chamber that session)."
West Virginia,2011,senate,34,https://dataverse.harvard.edu/dataset.xhtml?persistentId=hdl:1902.1/20403,"Klarner State Partisan Balance Data, variables sen_tot_in_sess / hs_tot_in_sess (total seats in the chamber that session)."
West Virginia,2026,house,100,https://www.ncsl.org/resources/details/number-of-legislators-and-length-of-terms-in-years,"NCSL current chamber sizes, retrieved 2026-09-23. Sizes have been unchanged since 2011 except New York (Senate 62->63) and Wyoming (30/60 -> 31/62)."
West Virginia,2026,senate,34,https://www.ncsl.org/resources/details/number-of-legislators-and-length-of-terms-in-years,"NCSL current chamber sizes, retrieved 2026-09-23. Sizes have been unchanged since 2011 except New York (Senate 62->63) and Wyoming (30/60 -> 31/62)."
Wisconsin,1872,house,100,https://archive.org/details/worldalmanac18721873newy,World Almanac 1873; chamber named Assembly; sum (Rep 60 + Dem 36 + Ind 4)
Wisconsin,1872,senate,33,https://archive.org/details/worldalmanac18721873newy,World Almanac 1873; sum (Rep 21 + Dem 10 + Lib Rep 2); joint check 33+100=133
Wisconsin,1890,house,100,https://archive.org/details/vol1891tribuneal00unse,Tribune Almanac 1891; chamber named Assembly; sum (Rep 33 + Dem 66 + Union Labor 1)
Wisconsin,1890,senate,33,https://archive.org/details/vol1891tribuneal00unse,Tribune Almanac 1891; sum (Rep 15 + Dem 18); joint check 33+100=133
Wisconsin,1901,house,100,https://archive.org/details/vol1901tribuneal00unse,Sum of the party division printed in the Tribune Almanac's 'Legislature of 1901' table; Senate+House reconciles to the printed joint-ballot total. May undercount seats vacant at the time of counting. Lower chamber is the Assembly.
Wisconsin,1901,senate,33,https://archive.org/details/vol1901tribuneal00unse,Sum of the party division printed in the Tribune Almanac's 'Legislature of 1901' table; Senate+House reconciles to the printed joint-ballot total. May undercount seats vacant at the time of counting. Lower chamber is the Assembly.
Wisconsin,1911,house,100,https://archive.org/details/vol1911tribuneal00unse,Tribune Almanac 1911; chamber named Assembly; derived as joint-ballot total 133 minus Senate 33; Republican House figure garbled in OCR
Wisconsin,1911,senate,33,https://archive.org/details/vol1911tribuneal00unse,Tribune Almanac 1911; sum (Rep 27 + Dem 4 + Social Dem 2); joint check 33+100=133
Wisconsin,1937,house,100,https://dataverse.harvard.edu/dataset.xhtml?persistentId=hdl:1902.1/20403,"Klarner State Partisan Balance Data, variables sen_tot_in_sess / hs_tot_in_sess (total seats in the chamber that session)."
Wisconsin,1937,senate,33,https://dataverse.harvard.edu/dataset.xhtml?persistentId=hdl:1902.1/20403,"Klarner State Partisan Balance Data, variables sen_tot_in_sess / hs_tot_in_sess (total seats in the chamber that session)."
Wisconsin,1940,house,100,https://dataverse.harvard.edu/dataset.xhtml?persistentId=hdl:1902.1/20403,"Klarner State Partisan Balance Data, variables sen_tot_in_sess / hs_tot_in_sess (total seats in the chamber that session)."
Wisconsin,1940,senate,33,https://dataverse.harvard.edu/dataset.xhtml?persistentId=hdl:1902.1/20403,"Klarner State Partisan Balance Data, variables sen_tot_in_sess / hs_tot_in_sess (total seats in the chamber that session)."
Wisconsin,1950,house,100,https://dataverse.harvard.edu/dataset.xhtml?persistentId=hdl:1902.1/20403,"Klarner State Partisan Balance Data, variables sen_tot_in_sess / hs_tot_in_sess (total seats in the chamber that session)."
Wisconsin,1950,senate,33,https://dataverse.harvard.edu/dataset.xhtml?persistentId=hdl:1902.1/20403,"Klarner State Partisan Balance Data, variables sen_tot_in_sess / hs_tot_in_sess (total seats in the chamber that session)."
Wisconsin,1960,house,100,https://dataverse.harvard.edu/dataset.xhtml?persistentId=hdl:1902.1/20403,"Klarner State Partisan Balance Data, variables sen_tot_in_sess / hs_tot_in_sess (total seats in the chamber that session)."
Wisconsin,1960,senate,33,https://dataverse.harvard.edu/dataset.xhtml?persistentId=hdl:1902.1/20403,"Klarner State Partisan Balance Data, variables sen_tot_in_sess / hs_tot_in_sess (total seats in the chamber that session)."
Wisconsin,1970,house,100,https://dataverse.harvard.edu/dataset.xhtml?persistentId=hdl:1902.1/20403,"Klarner State Partisan Balance Data, variables sen_tot_in_sess / hs_tot_in_sess (total seats in the chamber that session)."
Wisconsin,1970,senate,33,https://dataverse.harvard.edu/dataset.xhtml?persistentId=hdl:1902.1/20403,"Klarner State Partisan Balance Data, variables sen_tot_in_sess / hs_tot_in_sess (total seats in the chamber that session)."
Wisconsin,1980,house,99,https://dataverse.harvard.edu/dataset.xhtml?persistentId=hdl:1902.1/20403,"Klarner State Partisan Balance Data, variables sen_tot_in_sess / hs_tot_in_sess (total seats in the chamber that session)."
Wisconsin,1980,senate,33,https://dataverse.harvard.edu/dataset.xhtml?persistentId=hdl:1902.1/20403,"Klarner State Partisan Balance Data, variables sen_tot_in_sess / hs_tot_in_sess (total seats in the chamber that session)."
Wisconsin,1990,house,99,https://dataverse.harvard.edu/dataset.xhtml?persistentId=hdl:1902.1/20403,"Klarner State Partisan Balance Data, variables sen_tot_in_sess / hs_tot_in_sess (total seats in the chamber that session)."
Wisconsin,1990,senate,33,https://dataverse.harvard.edu/dataset.xhtml?persistentId=hdl:1902.1/20403,"Klarner State Partisan Balance Data, variables sen_tot_in_sess / hs_tot_in_sess (total seats in the chamber that session)."
Wisconsin,2000,house,99,https://dataverse.harvard.edu/dataset.xhtml?persistentId=hdl:1902.1/20403,"Klarner State Partisan Balance Data, variables sen_tot_in_sess / hs_tot_in_sess (total seats in the chamber that session)."
Wisconsin,2000,senate,33,https://dataverse.harvard.edu/dataset.xhtml?persistentId=hdl:1902.1/20403,"Klarner State Partisan Balance Data, variables sen_tot_in_sess / hs_tot_in_sess (total seats in the chamber that session)."
Wisconsin,2010,house,99,https://dataverse.harvard.edu/dataset.xhtml?persistentId=hdl:1902.1/20403,"Klarner State Partisan Balance Data, variables sen_tot_in_sess / hs_tot_in_sess (total seats in the chamber that session)."
Wisconsin,2010,senate,33,https://dataverse.harvard.edu/dataset.xhtml?persistentId=hdl:1902.1/20403,"Klarner State Partisan Balance Data, variables sen_tot_in_sess / hs_tot_in_sess (total seats in the chamber that session)."
Wisconsin,2011,house,99,https://dataverse.harvard.edu/dataset.xhtml?persistentId=hdl:1902.1/20403,"Klarner State Partisan Balance Data, variables sen_tot_in_sess / hs_tot_in_sess (total seats in the chamber that session)."
Wisconsin,2011,senate,33,https://dataverse.harvard.edu/dataset.xhtml?persistentId=hdl:1902.1/20403,"Klarner State Partisan Balance Data, variables sen_tot_in_sess / hs_tot_in_sess (total seats in the chamber that session)."
Wisconsin,2026,house,99,https://www.ncsl.org/resources/details/number-of-legislators-and-length-of-terms-in-years,"NCSL current chamber sizes, retrieved 2026-09-23. Sizes have been unchanged since 2011 except New York (Senate 62->63) and Wyoming (30/60 -> 31/62)."
Wisconsin,2026,senate,33,https://www.ncsl.org/resources/details/number-of-legislators-and-length-of-terms-in-years,"NCSL current chamber sizes, retrieved 2026-09-23. Sizes have been unchanged since 2011 except New York (Senate 62->63) and Wyoming (30/60 -> 31/62)."
Wyoming,1901,house,37,https://archive.org/details/vol1901tribuneal00unse,Sum of the party division printed in the Tribune Almanac's 'Legislature of 1901' table; Senate+House reconciles to the printed joint-ballot total. May undercount seats vacant at the time of counting.
Wyoming,1901,senate,19,https://archive.org/details/vol1901tribuneal00unse,Sum of the party division printed in the Tribune Almanac's 'Legislature of 1901' table; Senate+House reconciles to the printed joint-ballot total. May undercount seats vacant at the time of counting.
Wyoming,1911,house,56,https://archive.org/details/vol1911tribuneal00unse,Tribune Almanac 1911; sum (Rep 29 + Dem 27)
Wyoming,1911,senate,27,https://archive.org/details/vol1911tribuneal00unse,Tribune Almanac 1911; sum (Rep 19 + Dem 8); joint check 27+56=83
Wyoming,1937,house,56,https://dataverse.harvard.edu/dataset.xhtml?persistentId=hdl:1902.1/20403,"Klarner State Partisan Balance Data, variables sen_tot_in_sess / hs_tot_in_sess (total seats in the chamber that session)."
Wyoming,1937,senate,27,https://dataverse.harvard.edu/dataset.xhtml?persistentId=hdl:1902.1/20403,"Klarner State Partisan Balance Data, variables sen_tot_in_sess / hs_tot_in_sess (total seats in the chamber that session)."
Wyoming,1940,house,56,https://dataverse.harvard.edu/dataset.xhtml?persistentId=hdl:1902.1/20403,"Klarner State Partisan Balance Data, variables sen_tot_in_sess / hs_tot_in_sess (total seats in the chamber that session)."
Wyoming,1940,senate,27,https://dataverse.harvard.edu/dataset.xhtml?persistentId=hdl:1902.1/20403,"Klarner State Partisan Balance Data, variables sen_tot_in_sess / hs_tot_in_sess (total seats in the chamber that session)."
Wyoming,1950,house,56,https://dataverse.harvard.edu/dataset.xhtml?persistentId=hdl:1902.1/20403,"Klarner State Partisan Balance Data, variables sen_tot_in_sess / hs_tot_in_sess (total seats in the chamber that session)."
Wyoming,1950,senate,27,https://dataverse.harvard.edu/dataset.xhtml?persistentId=hdl:1902.1/20403,"Klarner State Partisan Balance Data, variables sen_tot_in_sess / hs_tot_in_sess (total seats in the chamber that session)."
Wyoming,1960,house,56,https://dataverse.harvard.edu/dataset.xhtml?persistentId=hdl:1902.1/20403,"Klarner State Partisan Balance Data, variables sen_tot_in_sess / hs_tot_in_sess (total seats in the chamber that session)."
Wyoming,1960,senate,27,https://dataverse.harvard.edu/dataset.xhtml?persistentId=hdl:1902.1/20403,"Klarner State Partisan Balance Data, variables sen_tot_in_sess / hs_tot_in_sess (total seats in the chamber that session)."
Wyoming,1970,house,61,https://dataverse.harvard.edu/dataset.xhtml?persistentId=hdl:1902.1/20403,"Klarner State Partisan Balance Data, variables sen_tot_in_sess / hs_tot_in_sess (total seats in the chamber that session)."
Wyoming,1970,senate,30,https://dataverse.harvard.edu/dataset.xhtml?persistentId=hdl:1902.1/20403,"Klarner State Partisan Balance Data, variables sen_tot_in_sess / hs_tot_in_sess (total seats in the chamber that session)."
Wyoming,1980,house,62,https://dataverse.harvard.edu/dataset.xhtml?persistentId=hdl:1902.1/20403,"Klarner State Partisan Balance Data, variables sen_tot_in_sess / hs_tot_in_sess (total seats in the chamber that session)."
Wyoming,1980,senate,30,https://dataverse.harvard.edu/dataset.xhtml?persistentId=hdl:1902.1/20403,"Klarner State Partisan Balance Data, variables sen_tot_in_sess / hs_tot_in_sess (total seats in the chamber that session)."
Wyoming,1990,house,64,https://dataverse.harvard.edu/dataset.xhtml?persistentId=hdl:1902.1/20403,"Klarner State Partisan Balance Data, variables sen_tot_in_sess / hs_tot_in_sess (total seats in the chamber that session)."
Wyoming,1990,senate,30,https://dataverse.harvard.edu/dataset.xhtml?persistentId=hdl:1902.1/20403,"Klarner State Partisan Balance Data, variables sen_tot_in_sess / hs_tot_in_sess (total seats in the chamber that session)."
Wyoming,2000,house,60,https://dataverse.harvard.edu/dataset.xhtml?persistentId=hdl:1902.1/20403,"Klarner State Partisan Balance Data, variables sen_tot_in_sess / hs_tot_in_sess (total seats in the chamber that session)."
Wyoming,2000,senate,30,https://dataverse.harvard.edu/dataset.xhtml?persistentId=hdl:1902.1/20403,"Klarner State Partisan Balance Data, variables sen_tot_in_sess / hs_tot_in_sess (total seats in the chamber that session)."
Wyoming,2010,house,60,https://dataverse.harvard.edu/dataset.xhtml?persistentId=hdl:1902.1/20403,"Klarner State Partisan Balance Data, variables sen_tot_in_sess / hs_tot_in_sess (total seats in the chamber that session)."
Wyoming,2010,senate,30,https://dataverse.harvard.edu/dataset.xhtml?persistentId=hdl:1902.1/20403,"Klarner State Partisan Balance Data, variables sen_tot_in_sess / hs_tot_in_sess (total seats in the chamber that session)."
Wyoming,2011,house,60,https://dataverse.harvard.edu/dataset.xhtml?persistentId=hdl:1902.1/20403,"Klarner State Partisan Balance Data, variables sen_tot_in_sess / hs_tot_in_sess (total seats in the chamber that session)."
Wyoming,2011,senate,30,https://dataverse.harvard.edu/dataset.xhtml?persistentId=hdl:1902.1/20403,"Klarner State Partisan Balance Data, variables sen_tot_in_sess / hs_tot_in_sess (total seats in the chamber that session)."
Wyoming,2026,house,62,https://www.ncsl.org/resources/details/number-of-legislators-and-length-of-terms-in-years,"NCSL current chamber sizes, retrieved 2026-09-23. Sizes have been unchanged since 2011 except New York (Senate 62->63) and Wyoming (30/60 -> 31/62)."
Wyoming,2026,senate,31,https://www.ncsl.org/resources/details/number-of-legislators-and-length-of-terms-in-years,"NCSL current chamber sizes, retrieved 2026-09-23. Sizes have been unchanged since 2011 except New York (Senate 62->63) and Wyoming (30/60 -> 31/62)."
