state,year,total_pop,free_pop,slave_pop,source_url
Alabama,1800,1250,756,494,https://en.wikipedia.org/wiki/List_of_U.S._states_by_historical_population
Alabama,1810,9046,6481,2565,https://en.wikipedia.org/wiki/List_of_U.S._states_by_historical_population
Alabama,1820,127901,86022,41879,https://en.wikipedia.org/wiki/List_of_U.S._states_by_historical_population
Alabama,1830,309527,191978,117549,https://en.wikipedia.org/wiki/List_of_U.S._states_by_historical_population
Alabama,1840,590756,337224,253532,https://en.wikipedia.org/wiki/List_of_U.S._states_by_historical_population
Alabama,1850,771623,428779,342844,https://en.wikipedia.org/wiki/List_of_U.S._states_by_historical_population
Alabama,1860,964201,529120,435081,https://en.wikipedia.org/wiki/List_of_U.S._states_by_historical_population
Alabama,1870,996992,,,https://en.wikipedia.org/wiki/List_of_U.S._states_by_historical_population
Alabama,1880,1262505,,,https://en.wikipedia.org/wiki/List_of_U.S._states_by_historical_population
Alabama,1890,1513401,,,https://en.wikipedia.org/wiki/List_of_U.S._states_by_historical_population
Alabama,1900,1828697,,,https://en.wikipedia.org/wiki/List_of_U.S._states_by_historical_population
Alabama,1910,2138093,,,https://en.wikipedia.org/wiki/List_of_U.S._states_by_historical_population
Alabama,1920,2348174,,,https://en.wikipedia.org/wiki/List_of_U.S._states_by_historical_population
Alabama,1930,2646248,,,https://en.wikipedia.org/wiki/List_of_U.S._states_by_historical_population
Alabama,1940,2832961,,,https://en.wikipedia.org/wiki/List_of_U.S._states_by_historical_population
Alabama,1950,3061743,,,https://en.wikipedia.org/wiki/List_of_U.S._states_by_historical_population
Alabama,1960,3266740,,,https://en.wikipedia.org/wiki/List_of_U.S._states_by_historical_population
Alabama,1970,3444165,,,https://en.wikipedia.org/wiki/List_of_U.S._states_by_historical_population
Alabama,1980,3893888,,,https://en.wikipedia.org/wiki/List_of_U.S._states_by_historical_population
Alabama,1990,4040587,,,https://en.wikipedia.org/wiki/List_of_U.S._states_by_historical_population
Alabama,2000,4447100,,,https://en.wikipedia.org/wiki/List_of_U.S._states_by_historical_population
Alabama,2010,4779736,,,https://en.wikipedia.org/wiki/List_of_U.S._states_by_historical_population
Alabama,2020,5024279,,,https://www2.census.gov/programs-surveys/decennial/2020/data/apportionment/apportionment-2020-table02.xlsx
Alaska,1880,33426,,,https://en.wikipedia.org/wiki/List_of_U.S._states_by_historical_population
Alaska,1890,32052,,,https://en.wikipedia.org/wiki/List_of_U.S._states_by_historical_population
Alaska,1900,63592,,,https://en.wikipedia.org/wiki/List_of_U.S._states_by_historical_population
Alaska,1910,64356,,,https://en.wikipedia.org/wiki/List_of_U.S._states_by_historical_population
Alaska,1920,55036,,,https://en.wikipedia.org/wiki/List_of_U.S._states_by_historical_population
Alaska,1930,59278,,,https://en.wikipedia.org/wiki/List_of_U.S._states_by_historical_population
Alaska,1940,72524,,,https://en.wikipedia.org/wiki/List_of_U.S._states_by_historical_population
Alaska,1950,128643,,,https://en.wikipedia.org/wiki/List_of_U.S._states_by_historical_population
Alaska,1960,226167,,,https://en.wikipedia.org/wiki/List_of_U.S._states_by_historical_population
Alaska,1970,300382,,,https://en.wikipedia.org/wiki/List_of_U.S._states_by_historical_population
Alaska,1980,401851,,,https://en.wikipedia.org/wiki/List_of_U.S._states_by_historical_population
Alaska,1990,550043,,,https://en.wikipedia.org/wiki/List_of_U.S._states_by_historical_population
Alaska,2000,626932,,,https://en.wikipedia.org/wiki/List_of_U.S._states_by_historical_population
Alaska,2010,710231,,,https://en.wikipedia.org/wiki/List_of_U.S._states_by_historical_population
Alaska,2020,733391,,,https://www2.census.gov/programs-surveys/decennial/2020/data/apportionment/apportionment-2020-table02.xlsx
Arizona,1870,9658,,,https://en.wikipedia.org/wiki/List_of_U.S._states_by_historical_population
Arizona,1880,40440,,,https://en.wikipedia.org/wiki/List_of_U.S._states_by_historical_population
Arizona,1890,88243,,,https://en.wikipedia.org/wiki/List_of_U.S._states_by_historical_population
Arizona,1900,122931,,,https://en.wikipedia.org/wiki/List_of_U.S._states_by_historical_population
Arizona,1910,204354,,,https://en.wikipedia.org/wiki/List_of_U.S._states_by_historical_population
Arizona,1920,334162,,,https://en.wikipedia.org/wiki/List_of_U.S._states_by_historical_population
Arizona,1930,435573,,,https://en.wikipedia.org/wiki/List_of_U.S._states_by_historical_population
Arizona,1940,499261,,,https://en.wikipedia.org/wiki/List_of_U.S._states_by_historical_population
Arizona,1950,749587,,,https://en.wikipedia.org/wiki/List_of_U.S._states_by_historical_population
Arizona,1960,1302161,,,https://en.wikipedia.org/wiki/List_of_U.S._states_by_historical_population
Arizona,1970,1770900,,,https://en.wikipedia.org/wiki/List_of_U.S._states_by_historical_population
Arizona,1980,2718215,,,https://en.wikipedia.org/wiki/List_of_U.S._states_by_historical_population
Arizona,1990,3665228,,,https://en.wikipedia.org/wiki/List_of_U.S._states_by_historical_population
Arizona,2000,5130632,,,https://en.wikipedia.org/wiki/List_of_U.S._states_by_historical_population
Arizona,2010,6392017,,,https://en.wikipedia.org/wiki/List_of_U.S._states_by_historical_population
Arizona,2020,7151502,,,https://www2.census.gov/programs-surveys/decennial/2020/data/apportionment/apportionment-2020-table02.xlsx
Arkansas,1810,1062,926,136,https://en.wikipedia.org/wiki/List_of_U.S._states_by_historical_population
Arkansas,1820,14273,12656,1617,https://en.wikipedia.org/wiki/List_of_U.S._states_by_historical_population
Arkansas,1830,30388,25812,4576,https://en.wikipedia.org/wiki/List_of_U.S._states_by_historical_population
Arkansas,1840,97574,77639,19935,https://en.wikipedia.org/wiki/List_of_U.S._states_by_historical_population
Arkansas,1850,209897,162797,47100,https://en.wikipedia.org/wiki/List_of_U.S._states_by_historical_population
Arkansas,1860,435450,324335,111115,https://en.wikipedia.org/wiki/List_of_U.S._states_by_historical_population
Arkansas,1870,484471,,,https://en.wikipedia.org/wiki/List_of_U.S._states_by_historical_population
Arkansas,1880,802525,,,https://en.wikipedia.org/wiki/List_of_U.S._states_by_historical_population
Arkansas,1890,1128211,,,https://en.wikipedia.org/wiki/List_of_U.S._states_by_historical_population
Arkansas,1900,1311564,,,https://en.wikipedia.org/wiki/List_of_U.S._states_by_historical_population
Arkansas,1910,1574449,,,https://en.wikipedia.org/wiki/List_of_U.S._states_by_historical_population
Arkansas,1920,1752204,,,https://en.wikipedia.org/wiki/List_of_U.S._states_by_historical_population
Arkansas,1930,1854482,,,https://en.wikipedia.org/wiki/List_of_U.S._states_by_historical_population
Arkansas,1940,1949387,,,https://en.wikipedia.org/wiki/List_of_U.S._states_by_historical_population
Arkansas,1950,1909511,,,https://en.wikipedia.org/wiki/List_of_U.S._states_by_historical_population
Arkansas,1960,1786272,,,https://en.wikipedia.org/wiki/List_of_U.S._states_by_historical_population
Arkansas,1970,1923295,,,https://en.wikipedia.org/wiki/List_of_U.S._states_by_historical_population
Arkansas,1980,2286435,,,https://en.wikipedia.org/wiki/List_of_U.S._states_by_historical_population
Arkansas,1990,2350725,,,https://en.wikipedia.org/wiki/List_of_U.S._states_by_historical_population
Arkansas,2000,2673400,,,https://en.wikipedia.org/wiki/List_of_U.S._states_by_historical_population
Arkansas,2010,2915918,,,https://en.wikipedia.org/wiki/List_of_U.S._states_by_historical_population
Arkansas,2020,3011524,,,https://www2.census.gov/programs-surveys/decennial/2020/data/apportionment/apportionment-2020-table02.xlsx
California,1850,92597,92597,0,https://en.wikipedia.org/wiki/List_of_U.S._states_by_historical_population
California,1860,379994,379994,0,https://en.wikipedia.org/wiki/List_of_U.S._states_by_historical_population
California,1870,560247,,,https://en.wikipedia.org/wiki/List_of_U.S._states_by_historical_population
California,1880,864694,,,https://en.wikipedia.org/wiki/List_of_U.S._states_by_historical_population
California,1890,1213398,,,https://en.wikipedia.org/wiki/List_of_U.S._states_by_historical_population
California,1900,1485053,,,https://en.wikipedia.org/wiki/List_of_U.S._states_by_historical_population
California,1910,2377549,,,https://en.wikipedia.org/wiki/List_of_U.S._states_by_historical_population
California,1920,3426861,,,https://en.wikipedia.org/wiki/List_of_U.S._states_by_historical_population
California,1930,5677251,,,https://en.wikipedia.org/wiki/List_of_U.S._states_by_historical_population
California,1940,6907387,,,https://en.wikipedia.org/wiki/List_of_U.S._states_by_historical_population
California,1950,10586223,,,https://en.wikipedia.org/wiki/List_of_U.S._states_by_historical_population
California,1960,15717204,,,https://en.wikipedia.org/wiki/List_of_U.S._states_by_historical_population
California,1970,19953134,,,https://en.wikipedia.org/wiki/List_of_U.S._states_by_historical_population
California,1980,23667902,,,https://en.wikipedia.org/wiki/List_of_U.S._states_by_historical_population
California,1990,29760021,,,https://en.wikipedia.org/wiki/List_of_U.S._states_by_historical_population
California,2000,33871648,,,https://en.wikipedia.org/wiki/List_of_U.S._states_by_historical_population
California,2010,37253956,,,https://en.wikipedia.org/wiki/List_of_U.S._states_by_historical_population
California,2020,39538223,,,https://www2.census.gov/programs-surveys/decennial/2020/data/apportionment/apportionment-2020-table02.xlsx
Colorado,1860,34277,34277,0,https://en.wikipedia.org/wiki/List_of_U.S._states_by_historical_population
Colorado,1870,39864,,,https://en.wikipedia.org/wiki/List_of_U.S._states_by_historical_population
Colorado,1880,194327,,,https://en.wikipedia.org/wiki/List_of_U.S._states_by_historical_population
Colorado,1890,413249,,,https://en.wikipedia.org/wiki/List_of_U.S._states_by_historical_population
Colorado,1900,539700,,,https://en.wikipedia.org/wiki/List_of_U.S._states_by_historical_population
Colorado,1910,799024,,,https://en.wikipedia.org/wiki/List_of_U.S._states_by_historical_population
Colorado,1920,939629,,,https://en.wikipedia.org/wiki/List_of_U.S._states_by_historical_population
Colorado,1930,1035791,,,https://en.wikipedia.org/wiki/List_of_U.S._states_by_historical_population
Colorado,1940,1123296,,,https://en.wikipedia.org/wiki/List_of_U.S._states_by_historical_population
Colorado,1950,1325089,,,https://en.wikipedia.org/wiki/List_of_U.S._states_by_historical_population
Colorado,1960,1753947,,,https://en.wikipedia.org/wiki/List_of_U.S._states_by_historical_population
Colorado,1970,2207259,,,https://en.wikipedia.org/wiki/List_of_U.S._states_by_historical_population
Colorado,1980,2889964,,,https://en.wikipedia.org/wiki/List_of_U.S._states_by_historical_population
Colorado,1990,3294394,,,https://en.wikipedia.org/wiki/List_of_U.S._states_by_historical_population
Colorado,2000,4301261,,,https://en.wikipedia.org/wiki/List_of_U.S._states_by_historical_population
Colorado,2010,5029196,,,https://en.wikipedia.org/wiki/List_of_U.S._states_by_historical_population
Colorado,2020,5773714,,,https://www2.census.gov/programs-surveys/decennial/2020/data/apportionment/apportionment-2020-table02.xlsx
Connecticut,1790,237946,235182,2764,https://en.wikipedia.org/wiki/List_of_U.S._states_by_historical_population
Connecticut,1800,251002,250051,951,https://en.wikipedia.org/wiki/List_of_U.S._states_by_historical_population
Connecticut,1810,262042,261732,310,https://en.wikipedia.org/wiki/List_of_U.S._states_by_historical_population
Connecticut,1820,275202,275105,97,https://en.wikipedia.org/wiki/List_of_U.S._states_by_historical_population
Connecticut,1830,297675,297650,25,https://en.wikipedia.org/wiki/List_of_U.S._states_by_historical_population
Connecticut,1840,309978,309961,17,https://en.wikipedia.org/wiki/List_of_U.S._states_by_historical_population
Connecticut,1850,370792,370792,0,https://en.wikipedia.org/wiki/List_of_U.S._states_by_historical_population
Connecticut,1860,460147,460147,0,https://en.wikipedia.org/wiki/List_of_U.S._states_by_historical_population
Connecticut,1870,537454,,,https://en.wikipedia.org/wiki/List_of_U.S._states_by_historical_population
Connecticut,1880,622700,,,https://en.wikipedia.org/wiki/List_of_U.S._states_by_historical_population
Connecticut,1890,746258,,,https://en.wikipedia.org/wiki/List_of_U.S._states_by_historical_population
Connecticut,1900,908420,,,https://en.wikipedia.org/wiki/List_of_U.S._states_by_historical_population
Connecticut,1910,1114756,,,https://en.wikipedia.org/wiki/List_of_U.S._states_by_historical_population
Connecticut,1920,1380631,,,https://en.wikipedia.org/wiki/List_of_U.S._states_by_historical_population
Connecticut,1930,1606903,,,https://en.wikipedia.org/wiki/List_of_U.S._states_by_historical_population
Connecticut,1940,1709242,,,https://en.wikipedia.org/wiki/List_of_U.S._states_by_historical_population
Connecticut,1950,2007280,,,https://en.wikipedia.org/wiki/List_of_U.S._states_by_historical_population
Connecticut,1960,2535234,,,https://en.wikipedia.org/wiki/List_of_U.S._states_by_historical_population
Connecticut,1970,3031709,,,https://en.wikipedia.org/wiki/List_of_U.S._states_by_historical_population
Connecticut,1980,3107576,,,https://en.wikipedia.org/wiki/List_of_U.S._states_by_historical_population
Connecticut,1990,3287116,,,https://en.wikipedia.org/wiki/List_of_U.S._states_by_historical_population
Connecticut,2000,3405565,,,https://en.wikipedia.org/wiki/List_of_U.S._states_by_historical_population
Connecticut,2010,3574097,,,https://en.wikipedia.org/wiki/List_of_U.S._states_by_historical_population
Connecticut,2020,3605944,,,https://www2.census.gov/programs-surveys/decennial/2020/data/apportionment/apportionment-2020-table02.xlsx
Delaware,1790,59096,50209,8887,https://en.wikipedia.org/wiki/List_of_U.S._states_by_historical_population
Delaware,1800,64273,58120,6153,https://en.wikipedia.org/wiki/List_of_U.S._states_by_historical_population
Delaware,1810,72674,68497,4177,https://en.wikipedia.org/wiki/List_of_U.S._states_by_historical_population
Delaware,1820,72749,68240,4509,https://en.wikipedia.org/wiki/List_of_U.S._states_by_historical_population
Delaware,1830,76748,73456,3292,https://en.wikipedia.org/wiki/List_of_U.S._states_by_historical_population
Delaware,1840,78085,75480,2605,https://en.wikipedia.org/wiki/List_of_U.S._states_by_historical_population
Delaware,1850,91532,89242,2290,https://en.wikipedia.org/wiki/List_of_U.S._states_by_historical_population
Delaware,1860,112216,110418,1798,https://en.wikipedia.org/wiki/List_of_U.S._states_by_historical_population
Delaware,1870,125015,,,https://en.wikipedia.org/wiki/List_of_U.S._states_by_historical_population
Delaware,1880,146608,,,https://en.wikipedia.org/wiki/List_of_U.S._states_by_historical_population
Delaware,1890,168493,,,https://en.wikipedia.org/wiki/List_of_U.S._states_by_historical_population
Delaware,1900,184735,,,https://en.wikipedia.org/wiki/List_of_U.S._states_by_historical_population
Delaware,1910,202322,,,https://en.wikipedia.org/wiki/List_of_U.S._states_by_historical_population
Delaware,1920,223003,,,https://en.wikipedia.org/wiki/List_of_U.S._states_by_historical_population
Delaware,1930,238380,,,https://en.wikipedia.org/wiki/List_of_U.S._states_by_historical_population
Delaware,1940,266505,,,https://en.wikipedia.org/wiki/List_of_U.S._states_by_historical_population
Delaware,1950,318085,,,https://en.wikipedia.org/wiki/List_of_U.S._states_by_historical_population
Delaware,1960,446292,,,https://en.wikipedia.org/wiki/List_of_U.S._states_by_historical_population
Delaware,1970,548104,,,https://en.wikipedia.org/wiki/List_of_U.S._states_by_historical_population
Delaware,1980,594338,,,https://en.wikipedia.org/wiki/List_of_U.S._states_by_historical_population
Delaware,1990,666168,,,https://en.wikipedia.org/wiki/List_of_U.S._states_by_historical_population
Delaware,2000,783600,,,https://en.wikipedia.org/wiki/List_of_U.S._states_by_historical_population
Delaware,2010,897934,,,https://en.wikipedia.org/wiki/List_of_U.S._states_by_historical_population
Delaware,2020,989948,,,https://www2.census.gov/programs-surveys/decennial/2020/data/apportionment/apportionment-2020-table02.xlsx
District of Columbia,1800,8144,6072,2072,https://en.wikipedia.org/wiki/List_of_U.S._states_by_historical_population
District of Columbia,1810,15471,11917,3554,https://en.wikipedia.org/wiki/List_of_U.S._states_by_historical_population
District of Columbia,1820,23336,18816,4520,https://en.wikipedia.org/wiki/List_of_U.S._states_by_historical_population
District of Columbia,1830,30261,25756,4505,https://en.wikipedia.org/wiki/List_of_U.S._states_by_historical_population
District of Columbia,1840,33745,30425,3320,https://en.wikipedia.org/wiki/List_of_U.S._states_by_historical_population
District of Columbia,1850,51687,48000,3687,https://en.wikipedia.org/wiki/List_of_U.S._states_by_historical_population
District of Columbia,1860,75080,71895,3185,https://en.wikipedia.org/wiki/List_of_U.S._states_by_historical_population
District of Columbia,1870,131700,,,https://en.wikipedia.org/wiki/List_of_U.S._states_by_historical_population
District of Columbia,1880,177624,,,https://en.wikipedia.org/wiki/List_of_U.S._states_by_historical_population
District of Columbia,1890,230392,,,https://en.wikipedia.org/wiki/List_of_U.S._states_by_historical_population
District of Columbia,1900,278718,,,https://en.wikipedia.org/wiki/List_of_U.S._states_by_historical_population
District of Columbia,1910,331069,,,https://en.wikipedia.org/wiki/List_of_U.S._states_by_historical_population
District of Columbia,1920,437571,,,https://en.wikipedia.org/wiki/List_of_U.S._states_by_historical_population
District of Columbia,1930,486869,,,https://en.wikipedia.org/wiki/List_of_U.S._states_by_historical_population
District of Columbia,1940,663091,,,https://en.wikipedia.org/wiki/List_of_U.S._states_by_historical_population
District of Columbia,1950,802178,,,https://en.wikipedia.org/wiki/List_of_U.S._states_by_historical_population
District of Columbia,1960,763956,,,https://en.wikipedia.org/wiki/List_of_U.S._states_by_historical_population
District of Columbia,1970,756510,,,https://en.wikipedia.org/wiki/List_of_U.S._states_by_historical_population
District of Columbia,1980,638333,,,https://en.wikipedia.org/wiki/List_of_U.S._states_by_historical_population
District of Columbia,1990,606900,,,https://en.wikipedia.org/wiki/List_of_U.S._states_by_historical_population
District of Columbia,2000,572059,,,https://en.wikipedia.org/wiki/List_of_U.S._states_by_historical_population
District of Columbia,2010,601723,,,https://en.wikipedia.org/wiki/List_of_U.S._states_by_historical_population
District of Columbia,2020,689545,,,https://www2.census.gov/programs-surveys/decennial/2020/data/apportionment/apportionment-2020-table02.xlsx
Florida,1830,34730,19229,15501,https://en.wikipedia.org/wiki/List_of_U.S._states_by_historical_population
Florida,1840,54477,28760,25717,https://en.wikipedia.org/wiki/List_of_U.S._states_by_historical_population
Florida,1850,87445,48135,39310,https://en.wikipedia.org/wiki/List_of_U.S._states_by_historical_population
Florida,1860,140424,78679,61745,https://en.wikipedia.org/wiki/List_of_U.S._states_by_historical_population
Florida,1870,187748,,,https://en.wikipedia.org/wiki/List_of_U.S._states_by_historical_population
Florida,1880,269493,,,https://en.wikipedia.org/wiki/List_of_U.S._states_by_historical_population
Florida,1890,391422,,,https://en.wikipedia.org/wiki/List_of_U.S._states_by_historical_population
Florida,1900,528542,,,https://en.wikipedia.org/wiki/List_of_U.S._states_by_historical_population
Florida,1910,752619,,,https://en.wikipedia.org/wiki/List_of_U.S._states_by_historical_population
Florida,1920,968470,,,https://en.wikipedia.org/wiki/List_of_U.S._states_by_historical_population
Florida,1930,1468211,,,https://en.wikipedia.org/wiki/List_of_U.S._states_by_historical_population
Florida,1940,1897414,,,https://en.wikipedia.org/wiki/List_of_U.S._states_by_historical_population
Florida,1950,2771305,,,https://en.wikipedia.org/wiki/List_of_U.S._states_by_historical_population
Florida,1960,4951560,,,https://en.wikipedia.org/wiki/List_of_U.S._states_by_historical_population
Florida,1970,6789443,,,https://en.wikipedia.org/wiki/List_of_U.S._states_by_historical_population
Florida,1980,9746324,,,https://en.wikipedia.org/wiki/List_of_U.S._states_by_historical_population
Florida,1990,12937926,,,https://en.wikipedia.org/wiki/List_of_U.S._states_by_historical_population
Florida,2000,15982378,,,https://en.wikipedia.org/wiki/List_of_U.S._states_by_historical_population
Florida,2010,18801310,,,https://en.wikipedia.org/wiki/List_of_U.S._states_by_historical_population
Florida,2020,21538187,,,https://www2.census.gov/programs-surveys/decennial/2020/data/apportionment/apportionment-2020-table02.xlsx
Georgia,1790,82548,53284,29264,https://en.wikipedia.org/wiki/List_of_U.S._states_by_historical_population
Georgia,1800,162686,102987,59699,https://en.wikipedia.org/wiki/List_of_U.S._states_by_historical_population
Georgia,1810,251407,146189,105218,https://en.wikipedia.org/wiki/List_of_U.S._states_by_historical_population
Georgia,1820,340989,191333,149656,https://en.wikipedia.org/wiki/List_of_U.S._states_by_historical_population
Georgia,1830,516823,299292,217531,https://en.wikipedia.org/wiki/List_of_U.S._states_by_historical_population
Georgia,1840,691392,410448,280944,https://en.wikipedia.org/wiki/List_of_U.S._states_by_historical_population
Georgia,1850,906185,524503,381682,https://en.wikipedia.org/wiki/List_of_U.S._states_by_historical_population
Georgia,1860,1057286,595088,462198,https://en.wikipedia.org/wiki/List_of_U.S._states_by_historical_population
Georgia,1870,1184109,,,https://en.wikipedia.org/wiki/List_of_U.S._states_by_historical_population
Georgia,1880,1542180,,,https://en.wikipedia.org/wiki/List_of_U.S._states_by_historical_population
Georgia,1890,1837353,,,https://en.wikipedia.org/wiki/List_of_U.S._states_by_historical_population
Georgia,1900,2216331,,,https://en.wikipedia.org/wiki/List_of_U.S._states_by_historical_population
Georgia,1910,2609121,,,https://en.wikipedia.org/wiki/List_of_U.S._states_by_historical_population
Georgia,1920,2895832,,,https://en.wikipedia.org/wiki/List_of_U.S._states_by_historical_population
Georgia,1930,2908506,,,https://en.wikipedia.org/wiki/List_of_U.S._states_by_historical_population
Georgia,1940,3123723,,,https://en.wikipedia.org/wiki/List_of_U.S._states_by_historical_population
Georgia,1950,3444578,,,https://en.wikipedia.org/wiki/List_of_U.S._states_by_historical_population
Georgia,1960,3943116,,,https://en.wikipedia.org/wiki/List_of_U.S._states_by_historical_population
Georgia,1970,4589575,,,https://en.wikipedia.org/wiki/List_of_U.S._states_by_historical_population
Georgia,1980,5463105,,,https://en.wikipedia.org/wiki/List_of_U.S._states_by_historical_population
Georgia,1990,6478216,,,https://en.wikipedia.org/wiki/List_of_U.S._states_by_historical_population
Georgia,2000,8186453,,,https://en.wikipedia.org/wiki/List_of_U.S._states_by_historical_population
Georgia,2010,9687653,,,https://en.wikipedia.org/wiki/List_of_U.S._states_by_historical_population
Georgia,2020,10711908,,,https://www2.census.gov/programs-surveys/decennial/2020/data/apportionment/apportionment-2020-table02.xlsx
Hawaii,1900,154001,,,https://en.wikipedia.org/wiki/List_of_U.S._states_by_historical_population
Hawaii,1910,191874,,,https://en.wikipedia.org/wiki/List_of_U.S._states_by_historical_population
Hawaii,1920,255881,,,https://en.wikipedia.org/wiki/List_of_U.S._states_by_historical_population
Hawaii,1930,368300,,,https://en.wikipedia.org/wiki/List_of_U.S._states_by_historical_population
Hawaii,1940,422738,,,https://en.wikipedia.org/wiki/List_of_U.S._states_by_historical_population
Hawaii,1950,499794,,,https://en.wikipedia.org/wiki/List_of_U.S._states_by_historical_population
Hawaii,1960,632772,,,https://en.wikipedia.org/wiki/List_of_U.S._states_by_historical_population
Hawaii,1970,768561,,,https://en.wikipedia.org/wiki/List_of_U.S._states_by_historical_population
Hawaii,1980,964691,,,https://en.wikipedia.org/wiki/List_of_U.S._states_by_historical_population
Hawaii,1990,1108229,,,https://en.wikipedia.org/wiki/List_of_U.S._states_by_historical_population
Hawaii,2000,1211537,,,https://en.wikipedia.org/wiki/List_of_U.S._states_by_historical_population
Hawaii,2010,1360301,,,https://en.wikipedia.org/wiki/List_of_U.S._states_by_historical_population
Hawaii,2020,1455271,,,https://www2.census.gov/programs-surveys/decennial/2020/data/apportionment/apportionment-2020-table02.xlsx
Idaho,1870,14999,,,https://en.wikipedia.org/wiki/List_of_U.S._states_by_historical_population
Idaho,1880,32610,,,https://en.wikipedia.org/wiki/List_of_U.S._states_by_historical_population
Idaho,1890,88548,,,https://en.wikipedia.org/wiki/List_of_U.S._states_by_historical_population
Idaho,1900,161772,,,https://en.wikipedia.org/wiki/List_of_U.S._states_by_historical_population
Idaho,1910,325594,,,https://en.wikipedia.org/wiki/List_of_U.S._states_by_historical_population
Idaho,1920,431866,,,https://en.wikipedia.org/wiki/List_of_U.S._states_by_historical_population
Idaho,1930,445032,,,https://en.wikipedia.org/wiki/List_of_U.S._states_by_historical_population
Idaho,1940,524873,,,https://en.wikipedia.org/wiki/List_of_U.S._states_by_historical_population
Idaho,1950,588637,,,https://en.wikipedia.org/wiki/List_of_U.S._states_by_historical_population
Idaho,1960,667191,,,https://en.wikipedia.org/wiki/List_of_U.S._states_by_historical_population
Idaho,1970,712567,,,https://en.wikipedia.org/wiki/List_of_U.S._states_by_historical_population
Idaho,1980,943935,,,https://en.wikipedia.org/wiki/List_of_U.S._states_by_historical_population
Idaho,1990,1006749,,,https://en.wikipedia.org/wiki/List_of_U.S._states_by_historical_population
Idaho,2000,1293953,,,https://en.wikipedia.org/wiki/List_of_U.S._states_by_historical_population
Idaho,2010,1567582,,,https://en.wikipedia.org/wiki/List_of_U.S._states_by_historical_population
Idaho,2020,1839106,,,https://www2.census.gov/programs-surveys/decennial/2020/data/apportionment/apportionment-2020-table02.xlsx
Illinois,1800,2458,2351,107,https://en.wikipedia.org/wiki/List_of_U.S._states_by_historical_population
Illinois,1810,12282,12114,168,https://en.wikipedia.org/wiki/List_of_U.S._states_by_historical_population
Illinois,1820,55211,54294,917,https://en.wikipedia.org/wiki/List_of_U.S._states_by_historical_population
Illinois,1830,157445,156698,747,https://en.wikipedia.org/wiki/List_of_U.S._states_by_historical_population
Illinois,1840,476183,475852,331,https://en.wikipedia.org/wiki/List_of_U.S._states_by_historical_population
Illinois,1850,851470,851470,0,https://en.wikipedia.org/wiki/List_of_U.S._states_by_historical_population
Illinois,1860,1711951,1711951,0,https://en.wikipedia.org/wiki/List_of_U.S._states_by_historical_population
Illinois,1870,2539891,,,https://en.wikipedia.org/wiki/List_of_U.S._states_by_historical_population
Illinois,1880,3077871,,,https://en.wikipedia.org/wiki/List_of_U.S._states_by_historical_population
Illinois,1890,3826352,,,https://en.wikipedia.org/wiki/List_of_U.S._states_by_historical_population
Illinois,1900,4821550,,,https://en.wikipedia.org/wiki/List_of_U.S._states_by_historical_population
Illinois,1910,5638591,,,https://en.wikipedia.org/wiki/List_of_U.S._states_by_historical_population
Illinois,1920,6485280,,,https://en.wikipedia.org/wiki/List_of_U.S._states_by_historical_population
Illinois,1930,7630654,,,https://en.wikipedia.org/wiki/List_of_U.S._states_by_historical_population
Illinois,1940,7897241,,,https://en.wikipedia.org/wiki/List_of_U.S._states_by_historical_population
Illinois,1950,8712176,,,https://en.wikipedia.org/wiki/List_of_U.S._states_by_historical_population
Illinois,1960,10081158,,,https://en.wikipedia.org/wiki/List_of_U.S._states_by_historical_population
Illinois,1970,11113976,,,https://en.wikipedia.org/wiki/List_of_U.S._states_by_historical_population
Illinois,1980,11426518,,,https://en.wikipedia.org/wiki/List_of_U.S._states_by_historical_population
Illinois,1990,11430602,,,https://en.wikipedia.org/wiki/List_of_U.S._states_by_historical_population
Illinois,2000,12419293,,,https://en.wikipedia.org/wiki/List_of_U.S._states_by_historical_population
Illinois,2010,12830632,,,https://en.wikipedia.org/wiki/List_of_U.S._states_by_historical_population
Illinois,2020,12812508,,,https://www2.census.gov/programs-surveys/decennial/2020/data/apportionment/apportionment-2020-table02.xlsx
Indiana,1800,2632,2604,28,https://en.wikipedia.org/wiki/List_of_U.S._states_by_historical_population
Indiana,1810,24520,24283,237,https://en.wikipedia.org/wiki/List_of_U.S._states_by_historical_population
Indiana,1820,147178,146988,190,https://en.wikipedia.org/wiki/List_of_U.S._states_by_historical_population
Indiana,1830,343031,343028,3,https://en.wikipedia.org/wiki/List_of_U.S._states_by_historical_population
Indiana,1840,685866,685863,3,https://en.wikipedia.org/wiki/List_of_U.S._states_by_historical_population
Indiana,1850,988416,988416,0,https://en.wikipedia.org/wiki/List_of_U.S._states_by_historical_population
Indiana,1860,1350428,1350428,0,https://en.wikipedia.org/wiki/List_of_U.S._states_by_historical_population
Indiana,1870,1680637,,,https://en.wikipedia.org/wiki/List_of_U.S._states_by_historical_population
Indiana,1880,1978301,,,https://en.wikipedia.org/wiki/List_of_U.S._states_by_historical_population
Indiana,1890,2192404,,,https://en.wikipedia.org/wiki/List_of_U.S._states_by_historical_population
Indiana,1900,2516462,,,https://en.wikipedia.org/wiki/List_of_U.S._states_by_historical_population
Indiana,1910,2700876,,,https://en.wikipedia.org/wiki/List_of_U.S._states_by_historical_population
Indiana,1920,2930390,,,https://en.wikipedia.org/wiki/List_of_U.S._states_by_historical_population
Indiana,1930,3238503,,,https://en.wikipedia.org/wiki/List_of_U.S._states_by_historical_population
Indiana,1940,3427796,,,https://en.wikipedia.org/wiki/List_of_U.S._states_by_historical_population
Indiana,1950,3934224,,,https://en.wikipedia.org/wiki/List_of_U.S._states_by_historical_population
Indiana,1960,4662498,,,https://en.wikipedia.org/wiki/List_of_U.S._states_by_historical_population
Indiana,1970,5193669,,,https://en.wikipedia.org/wiki/List_of_U.S._states_by_historical_population
Indiana,1980,5490224,,,https://en.wikipedia.org/wiki/List_of_U.S._states_by_historical_population
Indiana,1990,5544159,,,https://en.wikipedia.org/wiki/List_of_U.S._states_by_historical_population
Indiana,2000,6080485,,,https://en.wikipedia.org/wiki/List_of_U.S._states_by_historical_population
Indiana,2010,6483802,,,https://en.wikipedia.org/wiki/List_of_U.S._states_by_historical_population
Indiana,2020,6785528,,,https://www2.census.gov/programs-surveys/decennial/2020/data/apportionment/apportionment-2020-table02.xlsx
Iowa,1840,43112,43096,16,https://en.wikipedia.org/wiki/List_of_U.S._states_by_historical_population
Iowa,1850,192214,192214,0,https://en.wikipedia.org/wiki/List_of_U.S._states_by_historical_population
Iowa,1860,674913,674913,0,https://en.wikipedia.org/wiki/List_of_U.S._states_by_historical_population
Iowa,1870,1194020,,,https://en.wikipedia.org/wiki/List_of_U.S._states_by_historical_population
Iowa,1880,1624615,,,https://en.wikipedia.org/wiki/List_of_U.S._states_by_historical_population
Iowa,1890,1912297,,,https://en.wikipedia.org/wiki/List_of_U.S._states_by_historical_population
Iowa,1900,2231853,,,https://en.wikipedia.org/wiki/List_of_U.S._states_by_historical_population
Iowa,1910,2224771,,,https://en.wikipedia.org/wiki/List_of_U.S._states_by_historical_population
Iowa,1920,2404021,,,https://en.wikipedia.org/wiki/List_of_U.S._states_by_historical_population
Iowa,1930,2470939,,,https://en.wikipedia.org/wiki/List_of_U.S._states_by_historical_population
Iowa,1940,2538268,,,https://en.wikipedia.org/wiki/List_of_U.S._states_by_historical_population
Iowa,1950,2621073,,,https://en.wikipedia.org/wiki/List_of_U.S._states_by_historical_population
Iowa,1960,2757537,,,https://en.wikipedia.org/wiki/List_of_U.S._states_by_historical_population
Iowa,1970,2824376,,,https://en.wikipedia.org/wiki/List_of_U.S._states_by_historical_population
Iowa,1980,2913808,,,https://en.wikipedia.org/wiki/List_of_U.S._states_by_historical_population
Iowa,1990,2776755,,,https://en.wikipedia.org/wiki/List_of_U.S._states_by_historical_population
Iowa,2000,2926324,,,https://en.wikipedia.org/wiki/List_of_U.S._states_by_historical_population
Iowa,2010,3046355,,,https://en.wikipedia.org/wiki/List_of_U.S._states_by_historical_population
Iowa,2020,3190369,,,https://www2.census.gov/programs-surveys/decennial/2020/data/apportionment/apportionment-2020-table02.xlsx
Kansas,1860,107206,107204,2,https://en.wikipedia.org/wiki/List_of_U.S._states_by_historical_population
Kansas,1870,364399,,,https://en.wikipedia.org/wiki/List_of_U.S._states_by_historical_population
Kansas,1880,996096,,,https://en.wikipedia.org/wiki/List_of_U.S._states_by_historical_population
Kansas,1890,1428108,,,https://en.wikipedia.org/wiki/List_of_U.S._states_by_historical_population
Kansas,1900,1470495,,,https://en.wikipedia.org/wiki/List_of_U.S._states_by_historical_population
Kansas,1910,1690949,,,https://en.wikipedia.org/wiki/List_of_U.S._states_by_historical_population
Kansas,1920,1769257,,,https://en.wikipedia.org/wiki/List_of_U.S._states_by_historical_population
Kansas,1930,1880999,,,https://en.wikipedia.org/wiki/List_of_U.S._states_by_historical_population
Kansas,1940,1801028,,,https://en.wikipedia.org/wiki/List_of_U.S._states_by_historical_population
Kansas,1950,1905299,,,https://en.wikipedia.org/wiki/List_of_U.S._states_by_historical_population
Kansas,1960,2178611,,,https://en.wikipedia.org/wiki/List_of_U.S._states_by_historical_population
Kansas,1970,2246578,,,https://en.wikipedia.org/wiki/List_of_U.S._states_by_historical_population
Kansas,1980,2363679,,,https://en.wikipedia.org/wiki/List_of_U.S._states_by_historical_population
Kansas,1990,2477574,,,https://en.wikipedia.org/wiki/List_of_U.S._states_by_historical_population
Kansas,2000,2688418,,,https://en.wikipedia.org/wiki/List_of_U.S._states_by_historical_population
Kansas,2010,2853118,,,https://en.wikipedia.org/wiki/List_of_U.S._states_by_historical_population
Kansas,2020,2937880,,,https://www2.census.gov/programs-surveys/decennial/2020/data/apportionment/apportionment-2020-table02.xlsx
Kentucky,1790,73677,61247,12430,https://en.wikipedia.org/wiki/List_of_U.S._states_by_historical_population
Kentucky,1800,220959,180616,40343,https://en.wikipedia.org/wiki/List_of_U.S._states_by_historical_population
Kentucky,1810,406511,325950,80561,https://en.wikipedia.org/wiki/List_of_U.S._states_by_historical_population
Kentucky,1820,564317,437585,126732,https://en.wikipedia.org/wiki/List_of_U.S._states_by_historical_population
Kentucky,1830,687917,522704,165213,https://en.wikipedia.org/wiki/List_of_U.S._states_by_historical_population
Kentucky,1840,779828,597570,182258,https://en.wikipedia.org/wiki/List_of_U.S._states_by_historical_population
Kentucky,1850,982405,771424,210981,https://en.wikipedia.org/wiki/List_of_U.S._states_by_historical_population
Kentucky,1860,1155684,930201,225483,https://en.wikipedia.org/wiki/List_of_U.S._states_by_historical_population
Kentucky,1870,1321011,,,https://en.wikipedia.org/wiki/List_of_U.S._states_by_historical_population
Kentucky,1880,1648690,,,https://en.wikipedia.org/wiki/List_of_U.S._states_by_historical_population
Kentucky,1890,1858635,,,https://en.wikipedia.org/wiki/List_of_U.S._states_by_historical_population
Kentucky,1900,2147174,,,https://en.wikipedia.org/wiki/List_of_U.S._states_by_historical_population
Kentucky,1910,2289905,,,https://en.wikipedia.org/wiki/List_of_U.S._states_by_historical_population
Kentucky,1920,2416630,,,https://en.wikipedia.org/wiki/List_of_U.S._states_by_historical_population
Kentucky,1930,2614589,,,https://en.wikipedia.org/wiki/List_of_U.S._states_by_historical_population
Kentucky,1940,2845627,,,https://en.wikipedia.org/wiki/List_of_U.S._states_by_historical_population
Kentucky,1950,2944806,,,https://en.wikipedia.org/wiki/List_of_U.S._states_by_historical_population
Kentucky,1960,3038156,,,https://en.wikipedia.org/wiki/List_of_U.S._states_by_historical_population
Kentucky,1970,3218706,,,https://en.wikipedia.org/wiki/List_of_U.S._states_by_historical_population
Kentucky,1980,3660777,,,https://en.wikipedia.org/wiki/List_of_U.S._states_by_historical_population
Kentucky,1990,3685296,,,https://en.wikipedia.org/wiki/List_of_U.S._states_by_historical_population
Kentucky,2000,4041769,,,https://en.wikipedia.org/wiki/List_of_U.S._states_by_historical_population
Kentucky,2010,4339367,,,https://en.wikipedia.org/wiki/List_of_U.S._states_by_historical_population
Kentucky,2020,4505836,,,https://www2.census.gov/programs-surveys/decennial/2020/data/apportionment/apportionment-2020-table02.xlsx
Louisiana,1810,76556,41896,34660,https://en.wikipedia.org/wiki/List_of_U.S._states_by_historical_population
Louisiana,1820,153407,84343,69064,https://en.wikipedia.org/wiki/List_of_U.S._states_by_historical_population
Louisiana,1830,215739,106151,109588,https://en.wikipedia.org/wiki/List_of_U.S._states_by_historical_population
Louisiana,1840,352411,183959,168452,https://en.wikipedia.org/wiki/List_of_U.S._states_by_historical_population
Louisiana,1850,517762,272953,244809,https://en.wikipedia.org/wiki/List_of_U.S._states_by_historical_population
Louisiana,1860,708002,376276,331726,https://en.wikipedia.org/wiki/List_of_U.S._states_by_historical_population
Louisiana,1870,726915,,,https://en.wikipedia.org/wiki/List_of_U.S._states_by_historical_population
Louisiana,1880,939946,,,https://en.wikipedia.org/wiki/List_of_U.S._states_by_historical_population
Louisiana,1890,1118588,,,https://en.wikipedia.org/wiki/List_of_U.S._states_by_historical_population
Louisiana,1900,1381625,,,https://en.wikipedia.org/wiki/List_of_U.S._states_by_historical_population
Louisiana,1910,1656388,,,https://en.wikipedia.org/wiki/List_of_U.S._states_by_historical_population
Louisiana,1920,1798509,,,https://en.wikipedia.org/wiki/List_of_U.S._states_by_historical_population
Louisiana,1930,2101593,,,https://en.wikipedia.org/wiki/List_of_U.S._states_by_historical_population
Louisiana,1940,2363880,,,https://en.wikipedia.org/wiki/List_of_U.S._states_by_historical_population
Louisiana,1950,2683516,,,https://en.wikipedia.org/wiki/List_of_U.S._states_by_historical_population
Louisiana,1960,3257022,,,https://en.wikipedia.org/wiki/List_of_U.S._states_by_historical_population
Louisiana,1970,3641306,,,https://en.wikipedia.org/wiki/List_of_U.S._states_by_historical_population
Louisiana,1980,4205900,,,https://en.wikipedia.org/wiki/List_of_U.S._states_by_historical_population
Louisiana,1990,4219973,,,https://en.wikipedia.org/wiki/List_of_U.S._states_by_historical_population
Louisiana,2000,4468976,,,https://en.wikipedia.org/wiki/List_of_U.S._states_by_historical_population
Louisiana,2010,4533372,,,https://en.wikipedia.org/wiki/List_of_U.S._states_by_historical_population
Louisiana,2020,4657757,,,https://www2.census.gov/programs-surveys/decennial/2020/data/apportionment/apportionment-2020-table02.xlsx
Maine,1790,96540,96540,0,https://en.wikipedia.org/wiki/List_of_U.S._states_by_historical_population
Maine,1800,151719,151719,0,https://en.wikipedia.org/wiki/List_of_U.S._states_by_historical_population
Maine,1810,228705,228705,0,https://en.wikipedia.org/wiki/List_of_U.S._states_by_historical_population
Maine,1820,298335,298335,0,https://en.wikipedia.org/wiki/List_of_U.S._states_by_historical_population
Maine,1830,399455,399453,2,https://en.wikipedia.org/wiki/List_of_U.S._states_by_historical_population
Maine,1840,501793,501793,0,https://en.wikipedia.org/wiki/List_of_U.S._states_by_historical_population
Maine,1850,583169,583169,0,https://en.wikipedia.org/wiki/List_of_U.S._states_by_historical_population
Maine,1860,628279,628279,0,https://en.wikipedia.org/wiki/List_of_U.S._states_by_historical_population
Maine,1870,626915,,,https://en.wikipedia.org/wiki/List_of_U.S._states_by_historical_population
Maine,1880,648936,,,https://en.wikipedia.org/wiki/List_of_U.S._states_by_historical_population
Maine,1890,661086,,,https://en.wikipedia.org/wiki/List_of_U.S._states_by_historical_population
Maine,1900,694466,,,https://en.wikipedia.org/wiki/List_of_U.S._states_by_historical_population
Maine,1910,742371,,,https://en.wikipedia.org/wiki/List_of_U.S._states_by_historical_population
Maine,1920,768014,,,https://en.wikipedia.org/wiki/List_of_U.S._states_by_historical_population
Maine,1930,797423,,,https://en.wikipedia.org/wiki/List_of_U.S._states_by_historical_population
Maine,1940,847226,,,https://en.wikipedia.org/wiki/List_of_U.S._states_by_historical_population
Maine,1950,913774,,,https://en.wikipedia.org/wiki/List_of_U.S._states_by_historical_population
Maine,1960,969265,,,https://en.wikipedia.org/wiki/List_of_U.S._states_by_historical_population
Maine,1970,992048,,,https://en.wikipedia.org/wiki/List_of_U.S._states_by_historical_population
Maine,1980,1124660,,,https://en.wikipedia.org/wiki/List_of_U.S._states_by_historical_population
Maine,1990,1227928,,,https://en.wikipedia.org/wiki/List_of_U.S._states_by_historical_population
Maine,2000,1274923,,,https://en.wikipedia.org/wiki/List_of_U.S._states_by_historical_population
Maine,2010,1328361,,,https://en.wikipedia.org/wiki/List_of_U.S._states_by_historical_population
Maine,2020,1362359,,,https://www2.census.gov/programs-surveys/decennial/2020/data/apportionment/apportionment-2020-table02.xlsx
Maryland,1790,319728,216692,103036,https://en.wikipedia.org/wiki/List_of_U.S._states_by_historical_population
Maryland,1800,341548,235913,105635,https://en.wikipedia.org/wiki/List_of_U.S._states_by_historical_population
Maryland,1810,380546,269044,111502,https://en.wikipedia.org/wiki/List_of_U.S._states_by_historical_population
Maryland,1820,407350,299952,107398,https://en.wikipedia.org/wiki/List_of_U.S._states_by_historical_population
Maryland,1830,447040,344046,102994,https://en.wikipedia.org/wiki/List_of_U.S._states_by_historical_population
Maryland,1840,470019,380282,89737,https://en.wikipedia.org/wiki/List_of_U.S._states_by_historical_population
Maryland,1850,583034,492666,90368,https://en.wikipedia.org/wiki/List_of_U.S._states_by_historical_population
Maryland,1860,687049,599860,87189,https://en.wikipedia.org/wiki/List_of_U.S._states_by_historical_population
Maryland,1870,780894,,,https://en.wikipedia.org/wiki/List_of_U.S._states_by_historical_population
Maryland,1880,934943,,,https://en.wikipedia.org/wiki/List_of_U.S._states_by_historical_population
Maryland,1890,1042390,,,https://en.wikipedia.org/wiki/List_of_U.S._states_by_historical_population
Maryland,1900,1188044,,,https://en.wikipedia.org/wiki/List_of_U.S._states_by_historical_population
Maryland,1910,1295346,,,https://en.wikipedia.org/wiki/List_of_U.S._states_by_historical_population
Maryland,1920,1449661,,,https://en.wikipedia.org/wiki/List_of_U.S._states_by_historical_population
Maryland,1930,1631526,,,https://en.wikipedia.org/wiki/List_of_U.S._states_by_historical_population
Maryland,1940,1821244,,,https://en.wikipedia.org/wiki/List_of_U.S._states_by_historical_population
Maryland,1950,2343001,,,https://en.wikipedia.org/wiki/List_of_U.S._states_by_historical_population
Maryland,1960,3100689,,,https://en.wikipedia.org/wiki/List_of_U.S._states_by_historical_population
Maryland,1970,3922399,,,https://en.wikipedia.org/wiki/List_of_U.S._states_by_historical_population
Maryland,1980,4216975,,,https://en.wikipedia.org/wiki/List_of_U.S._states_by_historical_population
Maryland,1990,4781468,,,https://en.wikipedia.org/wiki/List_of_U.S._states_by_historical_population
Maryland,2000,5296486,,,https://en.wikipedia.org/wiki/List_of_U.S._states_by_historical_population
Maryland,2010,5773552,,,https://en.wikipedia.org/wiki/List_of_U.S._states_by_historical_population
Maryland,2020,6177224,,,https://www2.census.gov/programs-surveys/decennial/2020/data/apportionment/apportionment-2020-table02.xlsx
Massachusetts,1790,378787,378787,0,https://en.wikipedia.org/wiki/List_of_U.S._states_by_historical_population
Massachusetts,1800,422845,422845,0,https://en.wikipedia.org/wiki/List_of_U.S._states_by_historical_population
Massachusetts,1810,472040,472040,0,https://en.wikipedia.org/wiki/List_of_U.S._states_by_historical_population
Massachusetts,1820,523287,523287,0,https://en.wikipedia.org/wiki/List_of_U.S._states_by_historical_population
Massachusetts,1830,610408,610407,1,https://en.wikipedia.org/wiki/List_of_U.S._states_by_historical_population
Massachusetts,1840,737699,737699,0,https://en.wikipedia.org/wiki/List_of_U.S._states_by_historical_population
Massachusetts,1850,994514,994514,0,https://en.wikipedia.org/wiki/List_of_U.S._states_by_historical_population
Massachusetts,1860,1231066,1231066,0,https://en.wikipedia.org/wiki/List_of_U.S._states_by_historical_population
Massachusetts,1870,1457351,,,https://en.wikipedia.org/wiki/List_of_U.S._states_by_historical_population
Massachusetts,1880,1783085,,,https://en.wikipedia.org/wiki/List_of_U.S._states_by_historical_population
Massachusetts,1890,2238947,,,https://en.wikipedia.org/wiki/List_of_U.S._states_by_historical_population
Massachusetts,1900,2805346,,,https://en.wikipedia.org/wiki/List_of_U.S._states_by_historical_population
Massachusetts,1910,3366416,,,https://en.wikipedia.org/wiki/List_of_U.S._states_by_historical_population
Massachusetts,1920,3852356,,,https://en.wikipedia.org/wiki/List_of_U.S._states_by_historical_population
Massachusetts,1930,4249614,,,https://en.wikipedia.org/wiki/List_of_U.S._states_by_historical_population
Massachusetts,1940,4316721,,,https://en.wikipedia.org/wiki/List_of_U.S._states_by_historical_population
Massachusetts,1950,4690514,,,https://en.wikipedia.org/wiki/List_of_U.S._states_by_historical_population
Massachusetts,1960,5148578,,,https://en.wikipedia.org/wiki/List_of_U.S._states_by_historical_population
Massachusetts,1970,5689170,,,https://en.wikipedia.org/wiki/List_of_U.S._states_by_historical_population
Massachusetts,1980,5737037,,,https://en.wikipedia.org/wiki/List_of_U.S._states_by_historical_population
Massachusetts,1990,6016425,,,https://en.wikipedia.org/wiki/List_of_U.S._states_by_historical_population
Massachusetts,2000,6349097,,,https://en.wikipedia.org/wiki/List_of_U.S._states_by_historical_population
Massachusetts,2010,6547629,,,https://en.wikipedia.org/wiki/List_of_U.S._states_by_historical_population
Massachusetts,2020,7029917,,,https://www2.census.gov/programs-surveys/decennial/2020/data/apportionment/apportionment-2020-table02.xlsx
Michigan,1800,3757,3757,0,https://en.wikipedia.org/wiki/List_of_U.S._states_by_historical_population
Michigan,1810,4762,4738,24,https://en.wikipedia.org/wiki/List_of_U.S._states_by_historical_population
Michigan,1820,7452,7452,0,https://en.wikipedia.org/wiki/List_of_U.S._states_by_historical_population
Michigan,1830,28004,28003,1,https://en.wikipedia.org/wiki/List_of_U.S._states_by_historical_population
Michigan,1840,212267,212267,0,https://en.wikipedia.org/wiki/List_of_U.S._states_by_historical_population
Michigan,1850,397654,397654,0,https://en.wikipedia.org/wiki/List_of_U.S._states_by_historical_population
Michigan,1860,749113,749113,0,https://en.wikipedia.org/wiki/List_of_U.S._states_by_historical_population
Michigan,1870,1184059,,,https://en.wikipedia.org/wiki/List_of_U.S._states_by_historical_population
Michigan,1880,1636937,,,https://en.wikipedia.org/wiki/List_of_U.S._states_by_historical_population
Michigan,1890,2093890,,,https://en.wikipedia.org/wiki/List_of_U.S._states_by_historical_population
Michigan,1900,2420982,,,https://en.wikipedia.org/wiki/List_of_U.S._states_by_historical_population
Michigan,1910,2810173,,,https://en.wikipedia.org/wiki/List_of_U.S._states_by_historical_population
Michigan,1920,3668412,,,https://en.wikipedia.org/wiki/List_of_U.S._states_by_historical_population
Michigan,1930,4842325,,,https://en.wikipedia.org/wiki/List_of_U.S._states_by_historical_population
Michigan,1940,5256106,,,https://en.wikipedia.org/wiki/List_of_U.S._states_by_historical_population
Michigan,1950,6371766,,,https://en.wikipedia.org/wiki/List_of_U.S._states_by_historical_population
Michigan,1960,7823194,,,https://en.wikipedia.org/wiki/List_of_U.S._states_by_historical_population
Michigan,1970,8875083,,,https://en.wikipedia.org/wiki/List_of_U.S._states_by_historical_population
Michigan,1980,9262078,,,https://en.wikipedia.org/wiki/List_of_U.S._states_by_historical_population
Michigan,1990,9295297,,,https://en.wikipedia.org/wiki/List_of_U.S._states_by_historical_population
Michigan,2000,9938444,,,https://en.wikipedia.org/wiki/List_of_U.S._states_by_historical_population
Michigan,2010,9883640,,,https://en.wikipedia.org/wiki/List_of_U.S._states_by_historical_population
Michigan,2020,10077331,,,https://www2.census.gov/programs-surveys/decennial/2020/data/apportionment/apportionment-2020-table02.xlsx
Minnesota,1850,6077,6077,0,https://en.wikipedia.org/wiki/List_of_U.S._states_by_historical_population
Minnesota,1860,172023,172023,0,https://en.wikipedia.org/wiki/List_of_U.S._states_by_historical_population
Minnesota,1870,439706,,,https://en.wikipedia.org/wiki/List_of_U.S._states_by_historical_population
Minnesota,1880,780773,,,https://en.wikipedia.org/wiki/List_of_U.S._states_by_historical_population
Minnesota,1890,1310283,,,https://en.wikipedia.org/wiki/List_of_U.S._states_by_historical_population
Minnesota,1900,1751394,,,https://en.wikipedia.org/wiki/List_of_U.S._states_by_historical_population
Minnesota,1910,2075708,,,https://en.wikipedia.org/wiki/List_of_U.S._states_by_historical_population
Minnesota,1920,2387125,,,https://en.wikipedia.org/wiki/List_of_U.S._states_by_historical_population
Minnesota,1930,2563953,,,https://en.wikipedia.org/wiki/List_of_U.S._states_by_historical_population
Minnesota,1940,2792300,,,https://en.wikipedia.org/wiki/List_of_U.S._states_by_historical_population
Minnesota,1950,2982483,,,https://en.wikipedia.org/wiki/List_of_U.S._states_by_historical_population
Minnesota,1960,3413864,,,https://en.wikipedia.org/wiki/List_of_U.S._states_by_historical_population
Minnesota,1970,3804971,,,https://en.wikipedia.org/wiki/List_of_U.S._states_by_historical_population
Minnesota,1980,4075970,,,https://en.wikipedia.org/wiki/List_of_U.S._states_by_historical_population
Minnesota,1990,4375099,,,https://en.wikipedia.org/wiki/List_of_U.S._states_by_historical_population
Minnesota,2000,4919479,,,https://en.wikipedia.org/wiki/List_of_U.S._states_by_historical_population
Minnesota,2010,5303925,,,https://en.wikipedia.org/wiki/List_of_U.S._states_by_historical_population
Minnesota,2020,5706494,,,https://www2.census.gov/programs-surveys/decennial/2020/data/apportionment/apportionment-2020-table02.xlsx
Mississippi,1800,7600,4605,2995,https://en.wikipedia.org/wiki/List_of_U.S._states_by_historical_population
Mississippi,1810,31306,16783,14523,https://en.wikipedia.org/wiki/List_of_U.S._states_by_historical_population
Mississippi,1820,75448,42634,32814,https://en.wikipedia.org/wiki/List_of_U.S._states_by_historical_population
Mississippi,1830,136621,70962,65659,https://en.wikipedia.org/wiki/List_of_U.S._states_by_historical_population
Mississippi,1840,375651,180440,195211,https://en.wikipedia.org/wiki/List_of_U.S._states_by_historical_population
Mississippi,1850,606526,296648,309878,https://en.wikipedia.org/wiki/List_of_U.S._states_by_historical_population
Mississippi,1860,791305,354674,436631,https://en.wikipedia.org/wiki/List_of_U.S._states_by_historical_population
Mississippi,1870,827922,,,https://en.wikipedia.org/wiki/List_of_U.S._states_by_historical_population
Mississippi,1880,1131597,,,https://en.wikipedia.org/wiki/List_of_U.S._states_by_historical_population
Mississippi,1890,1289600,,,https://en.wikipedia.org/wiki/List_of_U.S._states_by_historical_population
Mississippi,1900,1551270,,,https://en.wikipedia.org/wiki/List_of_U.S._states_by_historical_population
Mississippi,1910,1797114,,,https://en.wikipedia.org/wiki/List_of_U.S._states_by_historical_population
Mississippi,1920,1790618,,,https://en.wikipedia.org/wiki/List_of_U.S._states_by_historical_population
Mississippi,1930,2009821,,,https://en.wikipedia.org/wiki/List_of_U.S._states_by_historical_population
Mississippi,1940,2183796,,,https://en.wikipedia.org/wiki/List_of_U.S._states_by_historical_population
Mississippi,1950,2178914,,,https://en.wikipedia.org/wiki/List_of_U.S._states_by_historical_population
Mississippi,1960,2178141,,,https://en.wikipedia.org/wiki/List_of_U.S._states_by_historical_population
Mississippi,1970,2216912,,,https://en.wikipedia.org/wiki/List_of_U.S._states_by_historical_population
Mississippi,1980,2520638,,,https://en.wikipedia.org/wiki/List_of_U.S._states_by_historical_population
Mississippi,1990,2573216,,,https://en.wikipedia.org/wiki/List_of_U.S._states_by_historical_population
Mississippi,2000,2844658,,,https://en.wikipedia.org/wiki/List_of_U.S._states_by_historical_population
Mississippi,2010,2967297,,,https://en.wikipedia.org/wiki/List_of_U.S._states_by_historical_population
Mississippi,2020,2961279,,,https://www2.census.gov/programs-surveys/decennial/2020/data/apportionment/apportionment-2020-table02.xlsx
Missouri,1810,19783,16908,2875,https://en.wikipedia.org/wiki/List_of_U.S._states_by_historical_population
Missouri,1820,66586,56364,10222,https://en.wikipedia.org/wiki/List_of_U.S._states_by_historical_population
Missouri,1830,140455,115364,25091,https://en.wikipedia.org/wiki/List_of_U.S._states_by_historical_population
Missouri,1840,383702,325462,58240,https://en.wikipedia.org/wiki/List_of_U.S._states_by_historical_population
Missouri,1850,682044,594622,87422,https://en.wikipedia.org/wiki/List_of_U.S._states_by_historical_population
Missouri,1860,1182012,1067081,114931,https://en.wikipedia.org/wiki/List_of_U.S._states_by_historical_population
Missouri,1870,1721295,,,https://en.wikipedia.org/wiki/List_of_U.S._states_by_historical_population
Missouri,1880,2168380,,,https://en.wikipedia.org/wiki/List_of_U.S._states_by_historical_population
Missouri,1890,2679185,,,https://en.wikipedia.org/wiki/List_of_U.S._states_by_historical_population
Missouri,1900,3106665,,,https://en.wikipedia.org/wiki/List_of_U.S._states_by_historical_population
Missouri,1910,3293335,,,https://en.wikipedia.org/wiki/List_of_U.S._states_by_historical_population
Missouri,1920,3404055,,,https://en.wikipedia.org/wiki/List_of_U.S._states_by_historical_population
Missouri,1930,3629367,,,https://en.wikipedia.org/wiki/List_of_U.S._states_by_historical_population
Missouri,1940,3784664,,,https://en.wikipedia.org/wiki/List_of_U.S._states_by_historical_population
Missouri,1950,3954653,,,https://en.wikipedia.org/wiki/List_of_U.S._states_by_historical_population
Missouri,1960,4319813,,,https://en.wikipedia.org/wiki/List_of_U.S._states_by_historical_population
Missouri,1970,4676501,,,https://en.wikipedia.org/wiki/List_of_U.S._states_by_historical_population
Missouri,1980,4916686,,,https://en.wikipedia.org/wiki/List_of_U.S._states_by_historical_population
Missouri,1990,5117073,,,https://en.wikipedia.org/wiki/List_of_U.S._states_by_historical_population
Missouri,2000,5595211,,,https://en.wikipedia.org/wiki/List_of_U.S._states_by_historical_population
Missouri,2010,5988927,,,https://en.wikipedia.org/wiki/List_of_U.S._states_by_historical_population
Missouri,2020,6154913,,,https://www2.census.gov/programs-surveys/decennial/2020/data/apportionment/apportionment-2020-table02.xlsx
Montana,1870,20595,,,https://en.wikipedia.org/wiki/List_of_U.S._states_by_historical_population
Montana,1880,39159,,,https://en.wikipedia.org/wiki/List_of_U.S._states_by_historical_population
Montana,1890,142924,,,https://en.wikipedia.org/wiki/List_of_U.S._states_by_historical_population
Montana,1900,243329,,,https://en.wikipedia.org/wiki/List_of_U.S._states_by_historical_population
Montana,1910,376053,,,https://en.wikipedia.org/wiki/List_of_U.S._states_by_historical_population
Montana,1920,548889,,,https://en.wikipedia.org/wiki/List_of_U.S._states_by_historical_population
Montana,1930,537606,,,https://en.wikipedia.org/wiki/List_of_U.S._states_by_historical_population
Montana,1940,559456,,,https://en.wikipedia.org/wiki/List_of_U.S._states_by_historical_population
Montana,1950,591024,,,https://en.wikipedia.org/wiki/List_of_U.S._states_by_historical_population
Montana,1960,674767,,,https://en.wikipedia.org/wiki/List_of_U.S._states_by_historical_population
Montana,1970,694409,,,https://en.wikipedia.org/wiki/List_of_U.S._states_by_historical_population
Montana,1980,786690,,,https://en.wikipedia.org/wiki/List_of_U.S._states_by_historical_population
Montana,1990,799065,,,https://en.wikipedia.org/wiki/List_of_U.S._states_by_historical_population
Montana,2000,902195,,,https://en.wikipedia.org/wiki/List_of_U.S._states_by_historical_population
Montana,2010,989415,,,https://en.wikipedia.org/wiki/List_of_U.S._states_by_historical_population
Montana,2020,1084225,,,https://www2.census.gov/programs-surveys/decennial/2020/data/apportionment/apportionment-2020-table02.xlsx
Nebraska,1860,28841,28826,15,https://en.wikipedia.org/wiki/List_of_U.S._states_by_historical_population
Nebraska,1870,122993,,,https://en.wikipedia.org/wiki/List_of_U.S._states_by_historical_population
Nebraska,1880,452402,,,https://en.wikipedia.org/wiki/List_of_U.S._states_by_historical_population
Nebraska,1890,1062656,,,https://en.wikipedia.org/wiki/List_of_U.S._states_by_historical_population
Nebraska,1900,1066300,,,https://en.wikipedia.org/wiki/List_of_U.S._states_by_historical_population
Nebraska,1910,1192214,,,https://en.wikipedia.org/wiki/List_of_U.S._states_by_historical_population
Nebraska,1920,1296372,,,https://en.wikipedia.org/wiki/List_of_U.S._states_by_historical_population
Nebraska,1930,1377963,,,https://en.wikipedia.org/wiki/List_of_U.S._states_by_historical_population
Nebraska,1940,1315834,,,https://en.wikipedia.org/wiki/List_of_U.S._states_by_historical_population
Nebraska,1950,1325510,,,https://en.wikipedia.org/wiki/List_of_U.S._states_by_historical_population
Nebraska,1960,1411330,,,https://en.wikipedia.org/wiki/List_of_U.S._states_by_historical_population
Nebraska,1970,1483493,,,https://en.wikipedia.org/wiki/List_of_U.S._states_by_historical_population
Nebraska,1980,1569825,,,https://en.wikipedia.org/wiki/List_of_U.S._states_by_historical_population
Nebraska,1990,1578385,,,https://en.wikipedia.org/wiki/List_of_U.S._states_by_historical_population
Nebraska,2000,1711263,,,https://en.wikipedia.org/wiki/List_of_U.S._states_by_historical_population
Nebraska,2010,1826341,,,https://en.wikipedia.org/wiki/List_of_U.S._states_by_historical_population
Nebraska,2020,1961504,,,https://www2.census.gov/programs-surveys/decennial/2020/data/apportionment/apportionment-2020-table02.xlsx
Nevada,1860,6857,6857,0,https://en.wikipedia.org/wiki/List_of_U.S._states_by_historical_population
Nevada,1870,42941,,,https://en.wikipedia.org/wiki/List_of_U.S._states_by_historical_population
Nevada,1880,62266,,,https://en.wikipedia.org/wiki/List_of_U.S._states_by_historical_population
Nevada,1890,47355,,,https://en.wikipedia.org/wiki/List_of_U.S._states_by_historical_population
Nevada,1900,42335,,,https://en.wikipedia.org/wiki/List_of_U.S._states_by_historical_population
Nevada,1910,81875,,,https://en.wikipedia.org/wiki/List_of_U.S._states_by_historical_population
Nevada,1920,77407,,,https://en.wikipedia.org/wiki/List_of_U.S._states_by_historical_population
Nevada,1930,91058,,,https://en.wikipedia.org/wiki/List_of_U.S._states_by_historical_population
Nevada,1940,110247,,,https://en.wikipedia.org/wiki/List_of_U.S._states_by_historical_population
Nevada,1950,160083,,,https://en.wikipedia.org/wiki/List_of_U.S._states_by_historical_population
Nevada,1960,285278,,,https://en.wikipedia.org/wiki/List_of_U.S._states_by_historical_population
Nevada,1970,488738,,,https://en.wikipedia.org/wiki/List_of_U.S._states_by_historical_population
Nevada,1980,800493,,,https://en.wikipedia.org/wiki/List_of_U.S._states_by_historical_population
Nevada,1990,1201833,,,https://en.wikipedia.org/wiki/List_of_U.S._states_by_historical_population
Nevada,2000,1998257,,,https://en.wikipedia.org/wiki/List_of_U.S._states_by_historical_population
Nevada,2010,2700551,,,https://en.wikipedia.org/wiki/List_of_U.S._states_by_historical_population
Nevada,2020,3104614,,,https://www2.census.gov/programs-surveys/decennial/2020/data/apportionment/apportionment-2020-table02.xlsx
New Hampshire,1790,141885,141727,158,https://en.wikipedia.org/wiki/List_of_U.S._states_by_historical_population
New Hampshire,1800,183858,183850,8,https://en.wikipedia.org/wiki/List_of_U.S._states_by_historical_population
New Hampshire,1810,214360,214360,0,https://en.wikipedia.org/wiki/List_of_U.S._states_by_historical_population
New Hampshire,1820,244161,244161,0,https://en.wikipedia.org/wiki/List_of_U.S._states_by_historical_population
New Hampshire,1830,269328,269325,3,https://en.wikipedia.org/wiki/List_of_U.S._states_by_historical_population
New Hampshire,1840,284574,284573,1,https://en.wikipedia.org/wiki/List_of_U.S._states_by_historical_population
New Hampshire,1850,317976,317976,0,https://en.wikipedia.org/wiki/List_of_U.S._states_by_historical_population
New Hampshire,1860,326073,326073,0,https://en.wikipedia.org/wiki/List_of_U.S._states_by_historical_population
New Hampshire,1870,318300,,,https://en.wikipedia.org/wiki/List_of_U.S._states_by_historical_population
New Hampshire,1880,346991,,,https://en.wikipedia.org/wiki/List_of_U.S._states_by_historical_population
New Hampshire,1890,376530,,,https://en.wikipedia.org/wiki/List_of_U.S._states_by_historical_population
New Hampshire,1900,411588,,,https://en.wikipedia.org/wiki/List_of_U.S._states_by_historical_population
New Hampshire,1910,430572,,,https://en.wikipedia.org/wiki/List_of_U.S._states_by_historical_population
New Hampshire,1920,443083,,,https://en.wikipedia.org/wiki/List_of_U.S._states_by_historical_population
New Hampshire,1930,465293,,,https://en.wikipedia.org/wiki/List_of_U.S._states_by_historical_population
New Hampshire,1940,491524,,,https://en.wikipedia.org/wiki/List_of_U.S._states_by_historical_population
New Hampshire,1950,533242,,,https://en.wikipedia.org/wiki/List_of_U.S._states_by_historical_population
New Hampshire,1960,606921,,,https://en.wikipedia.org/wiki/List_of_U.S._states_by_historical_population
New Hampshire,1970,737681,,,https://en.wikipedia.org/wiki/List_of_U.S._states_by_historical_population
New Hampshire,1980,920610,,,https://en.wikipedia.org/wiki/List_of_U.S._states_by_historical_population
New Hampshire,1990,1109252,,,https://en.wikipedia.org/wiki/List_of_U.S._states_by_historical_population
New Hampshire,2000,1235786,,,https://en.wikipedia.org/wiki/List_of_U.S._states_by_historical_population
New Hampshire,2010,1316470,,,https://en.wikipedia.org/wiki/List_of_U.S._states_by_historical_population
New Hampshire,2020,1377529,,,https://www2.census.gov/programs-surveys/decennial/2020/data/apportionment/apportionment-2020-table02.xlsx
New Jersey,1790,184139,172716,11423,https://en.wikipedia.org/wiki/List_of_U.S._states_by_historical_population
New Jersey,1800,211149,198727,12422,https://en.wikipedia.org/wiki/List_of_U.S._states_by_historical_population
New Jersey,1810,245555,234704,10851,https://en.wikipedia.org/wiki/List_of_U.S._states_by_historical_population
New Jersey,1820,277575,270018,7557,https://en.wikipedia.org/wiki/List_of_U.S._states_by_historical_population
New Jersey,1830,320823,318569,2254,https://en.wikipedia.org/wiki/List_of_U.S._states_by_historical_population
New Jersey,1840,373306,372632,674,https://en.wikipedia.org/wiki/List_of_U.S._states_by_historical_population
New Jersey,1850,489555,489319,236,https://en.wikipedia.org/wiki/List_of_U.S._states_by_historical_population
New Jersey,1860,672035,672017,18,https://en.wikipedia.org/wiki/List_of_U.S._states_by_historical_population
New Jersey,1870,906096,,,https://en.wikipedia.org/wiki/List_of_U.S._states_by_historical_population
New Jersey,1880,1131116,,,https://en.wikipedia.org/wiki/List_of_U.S._states_by_historical_population
New Jersey,1890,1444933,,,https://en.wikipedia.org/wiki/List_of_U.S._states_by_historical_population
New Jersey,1900,1883669,,,https://en.wikipedia.org/wiki/List_of_U.S._states_by_historical_population
New Jersey,1910,2537167,,,https://en.wikipedia.org/wiki/List_of_U.S._states_by_historical_population
New Jersey,1920,3155900,,,https://en.wikipedia.org/wiki/List_of_U.S._states_by_historical_population
New Jersey,1930,4041334,,,https://en.wikipedia.org/wiki/List_of_U.S._states_by_historical_population
New Jersey,1940,4160165,,,https://en.wikipedia.org/wiki/List_of_U.S._states_by_historical_population
New Jersey,1950,4835329,,,https://en.wikipedia.org/wiki/List_of_U.S._states_by_historical_population
New Jersey,1960,6066782,,,https://en.wikipedia.org/wiki/List_of_U.S._states_by_historical_population
New Jersey,1970,7168164,,,https://en.wikipedia.org/wiki/List_of_U.S._states_by_historical_population
New Jersey,1980,7364823,,,https://en.wikipedia.org/wiki/List_of_U.S._states_by_historical_population
New Jersey,1990,7730188,,,https://en.wikipedia.org/wiki/List_of_U.S._states_by_historical_population
New Jersey,2000,8414350,,,https://en.wikipedia.org/wiki/List_of_U.S._states_by_historical_population
New Jersey,2010,8791894,,,https://en.wikipedia.org/wiki/List_of_U.S._states_by_historical_population
New Jersey,2020,9288994,,,https://www2.census.gov/programs-surveys/decennial/2020/data/apportionment/apportionment-2020-table02.xlsx
New Mexico,1850,61547,61547,0,https://en.wikipedia.org/wiki/List_of_U.S._states_by_historical_population
New Mexico,1860,93516,93516,0,https://en.wikipedia.org/wiki/List_of_U.S._states_by_historical_population
New Mexico,1870,91874,,,https://en.wikipedia.org/wiki/List_of_U.S._states_by_historical_population
New Mexico,1880,119565,,,https://en.wikipedia.org/wiki/List_of_U.S._states_by_historical_population
New Mexico,1890,160282,,,https://en.wikipedia.org/wiki/List_of_U.S._states_by_historical_population
New Mexico,1900,195310,,,https://en.wikipedia.org/wiki/List_of_U.S._states_by_historical_population
New Mexico,1910,327301,,,https://en.wikipedia.org/wiki/List_of_U.S._states_by_historical_population
New Mexico,1920,360350,,,https://en.wikipedia.org/wiki/List_of_U.S._states_by_historical_population
New Mexico,1930,423317,,,https://en.wikipedia.org/wiki/List_of_U.S._states_by_historical_population
New Mexico,1940,531818,,,https://en.wikipedia.org/wiki/List_of_U.S._states_by_historical_population
New Mexico,1950,681187,,,https://en.wikipedia.org/wiki/List_of_U.S._states_by_historical_population
New Mexico,1960,951023,,,https://en.wikipedia.org/wiki/List_of_U.S._states_by_historical_population
New Mexico,1970,1016000,,,https://en.wikipedia.org/wiki/List_of_U.S._states_by_historical_population
New Mexico,1980,1302894,,,https://en.wikipedia.org/wiki/List_of_U.S._states_by_historical_population
New Mexico,1990,1515069,,,https://en.wikipedia.org/wiki/List_of_U.S._states_by_historical_population
New Mexico,2000,1819046,,,https://en.wikipedia.org/wiki/List_of_U.S._states_by_historical_population
New Mexico,2010,2059179,,,https://en.wikipedia.org/wiki/List_of_U.S._states_by_historical_population
New Mexico,2020,2117522,,,https://www2.census.gov/programs-surveys/decennial/2020/data/apportionment/apportionment-2020-table02.xlsx
New York,1790,340120,318796,21324,https://en.wikipedia.org/wiki/List_of_U.S._states_by_historical_population
New York,1800,586050,565437,20613,https://en.wikipedia.org/wiki/List_of_U.S._states_by_historical_population
New York,1810,959049,944032,15017,https://en.wikipedia.org/wiki/List_of_U.S._states_by_historical_population
New York,1820,1372812,1362724,10088,https://en.wikipedia.org/wiki/List_of_U.S._states_by_historical_population
New York,1830,1918608,1918533,75,https://en.wikipedia.org/wiki/List_of_U.S._states_by_historical_population
New York,1840,2428921,2428917,4,https://en.wikipedia.org/wiki/List_of_U.S._states_by_historical_population
New York,1850,3097394,3097394,0,https://en.wikipedia.org/wiki/List_of_U.S._states_by_historical_population
New York,1860,3880735,3880735,0,https://en.wikipedia.org/wiki/List_of_U.S._states_by_historical_population
New York,1870,4382759,,,https://en.wikipedia.org/wiki/List_of_U.S._states_by_historical_population
New York,1880,5082871,,,https://en.wikipedia.org/wiki/List_of_U.S._states_by_historical_population
New York,1890,6003174,,,https://en.wikipedia.org/wiki/List_of_U.S._states_by_historical_population
New York,1900,7268894,,,https://en.wikipedia.org/wiki/List_of_U.S._states_by_historical_population
New York,1910,9113614,,,https://en.wikipedia.org/wiki/List_of_U.S._states_by_historical_population
New York,1920,10385227,,,https://en.wikipedia.org/wiki/List_of_U.S._states_by_historical_population
New York,1930,12588066,,,https://en.wikipedia.org/wiki/List_of_U.S._states_by_historical_population
New York,1940,13479142,,,https://en.wikipedia.org/wiki/List_of_U.S._states_by_historical_population
New York,1950,14830192,,,https://en.wikipedia.org/wiki/List_of_U.S._states_by_historical_population
New York,1960,16782304,,,https://en.wikipedia.org/wiki/List_of_U.S._states_by_historical_population
New York,1970,18236967,,,https://en.wikipedia.org/wiki/List_of_U.S._states_by_historical_population
New York,1980,17558072,,,https://en.wikipedia.org/wiki/List_of_U.S._states_by_historical_population
New York,1990,17990455,,,https://en.wikipedia.org/wiki/List_of_U.S._states_by_historical_population
New York,2000,18976457,,,https://en.wikipedia.org/wiki/List_of_U.S._states_by_historical_population
New York,2010,19378102,,,https://en.wikipedia.org/wiki/List_of_U.S._states_by_historical_population
New York,2020,20201249,,,https://www2.census.gov/programs-surveys/decennial/2020/data/apportionment/apportionment-2020-table02.xlsx
North Carolina,1790,393751,293179,100572,https://en.wikipedia.org/wiki/List_of_U.S._states_by_historical_population
North Carolina,1800,478103,344807,133296,https://en.wikipedia.org/wiki/List_of_U.S._states_by_historical_population
North Carolina,1810,556526,387702,168824,https://en.wikipedia.org/wiki/List_of_U.S._states_by_historical_population
North Carolina,1820,638829,433912,204917,https://en.wikipedia.org/wiki/List_of_U.S._states_by_historical_population
North Carolina,1830,737987,492386,245601,https://en.wikipedia.org/wiki/List_of_U.S._states_by_historical_population
North Carolina,1840,753419,507602,245817,https://en.wikipedia.org/wiki/List_of_U.S._states_by_historical_population
North Carolina,1850,869039,580491,288548,https://en.wikipedia.org/wiki/List_of_U.S._states_by_historical_population
North Carolina,1860,992622,661563,331059,https://en.wikipedia.org/wiki/List_of_U.S._states_by_historical_population
North Carolina,1870,1071361,,,https://en.wikipedia.org/wiki/List_of_U.S._states_by_historical_population
North Carolina,1880,1399750,,,https://en.wikipedia.org/wiki/List_of_U.S._states_by_historical_population
North Carolina,1890,1617949,,,https://en.wikipedia.org/wiki/List_of_U.S._states_by_historical_population
North Carolina,1900,1893810,,,https://en.wikipedia.org/wiki/List_of_U.S._states_by_historical_population
North Carolina,1910,2206287,,,https://en.wikipedia.org/wiki/List_of_U.S._states_by_historical_population
North Carolina,1920,2559123,,,https://en.wikipedia.org/wiki/List_of_U.S._states_by_historical_population
North Carolina,1930,3170276,,,https://en.wikipedia.org/wiki/List_of_U.S._states_by_historical_population
North Carolina,1940,3571623,,,https://en.wikipedia.org/wiki/List_of_U.S._states_by_historical_population
North Carolina,1950,4061929,,,https://en.wikipedia.org/wiki/List_of_U.S._states_by_historical_population
North Carolina,1960,4556155,,,https://en.wikipedia.org/wiki/List_of_U.S._states_by_historical_population
North Carolina,1970,5082059,,,https://en.wikipedia.org/wiki/List_of_U.S._states_by_historical_population
North Carolina,1980,5881766,,,https://en.wikipedia.org/wiki/List_of_U.S._states_by_historical_population
North Carolina,1990,6628637,,,https://en.wikipedia.org/wiki/List_of_U.S._states_by_historical_population
North Carolina,2000,8049313,,,https://en.wikipedia.org/wiki/List_of_U.S._states_by_historical_population
North Carolina,2010,9535483,,,https://en.wikipedia.org/wiki/List_of_U.S._states_by_historical_population
North Carolina,2020,10439388,,,https://www2.census.gov/programs-surveys/decennial/2020/data/apportionment/apportionment-2020-table02.xlsx
North Dakota,1870,2405,,,https://en.wikipedia.org/wiki/List_of_U.S._states_by_historical_population
North Dakota,1880,36909,,,https://en.wikipedia.org/wiki/List_of_U.S._states_by_historical_population
North Dakota,1890,190983,,,https://en.wikipedia.org/wiki/List_of_U.S._states_by_historical_population
North Dakota,1900,319146,,,https://en.wikipedia.org/wiki/List_of_U.S._states_by_historical_population
North Dakota,1910,577056,,,https://en.wikipedia.org/wiki/List_of_U.S._states_by_historical_population
North Dakota,1920,646872,,,https://en.wikipedia.org/wiki/List_of_U.S._states_by_historical_population
North Dakota,1930,680845,,,https://en.wikipedia.org/wiki/List_of_U.S._states_by_historical_population
North Dakota,1940,641935,,,https://en.wikipedia.org/wiki/List_of_U.S._states_by_historical_population
North Dakota,1950,619636,,,https://en.wikipedia.org/wiki/List_of_U.S._states_by_historical_population
North Dakota,1960,632446,,,https://en.wikipedia.org/wiki/List_of_U.S._states_by_historical_population
North Dakota,1970,617761,,,https://en.wikipedia.org/wiki/List_of_U.S._states_by_historical_population
North Dakota,1980,652717,,,https://en.wikipedia.org/wiki/List_of_U.S._states_by_historical_population
North Dakota,1990,638800,,,https://en.wikipedia.org/wiki/List_of_U.S._states_by_historical_population
North Dakota,2000,642200,,,https://en.wikipedia.org/wiki/List_of_U.S._states_by_historical_population
North Dakota,2010,672591,,,https://en.wikipedia.org/wiki/List_of_U.S._states_by_historical_population
North Dakota,2020,779094,,,https://www2.census.gov/programs-surveys/decennial/2020/data/apportionment/apportionment-2020-table02.xlsx
Ohio,1800,42159,42159,0,https://en.wikipedia.org/wiki/List_of_U.S._states_by_historical_population
Ohio,1810,230760,230760,0,https://en.wikipedia.org/wiki/List_of_U.S._states_by_historical_population
Ohio,1820,581434,581434,0,https://en.wikipedia.org/wiki/List_of_U.S._states_by_historical_population
Ohio,1830,937903,937897,6,https://en.wikipedia.org/wiki/List_of_U.S._states_by_historical_population
Ohio,1840,1519467,1519464,3,https://en.wikipedia.org/wiki/List_of_U.S._states_by_historical_population
Ohio,1850,1980329,1980329,0,https://en.wikipedia.org/wiki/List_of_U.S._states_by_historical_population
Ohio,1860,2339511,2339511,0,https://en.wikipedia.org/wiki/List_of_U.S._states_by_historical_population
Ohio,1870,2665260,,,https://en.wikipedia.org/wiki/List_of_U.S._states_by_historical_population
Ohio,1880,3198062,,,https://en.wikipedia.org/wiki/List_of_U.S._states_by_historical_population
Ohio,1890,3672329,,,https://en.wikipedia.org/wiki/List_of_U.S._states_by_historical_population
Ohio,1900,4157545,,,https://en.wikipedia.org/wiki/List_of_U.S._states_by_historical_population
Ohio,1910,4767121,,,https://en.wikipedia.org/wiki/List_of_U.S._states_by_historical_population
Ohio,1920,5759394,,,https://en.wikipedia.org/wiki/List_of_U.S._states_by_historical_population
Ohio,1930,6646697,,,https://en.wikipedia.org/wiki/List_of_U.S._states_by_historical_population
Ohio,1940,6907612,,,https://en.wikipedia.org/wiki/List_of_U.S._states_by_historical_population
Ohio,1950,7946627,,,https://en.wikipedia.org/wiki/List_of_U.S._states_by_historical_population
Ohio,1960,9706397,,,https://en.wikipedia.org/wiki/List_of_U.S._states_by_historical_population
Ohio,1970,10652017,,,https://en.wikipedia.org/wiki/List_of_U.S._states_by_historical_population
Ohio,1980,10797630,,,https://en.wikipedia.org/wiki/List_of_U.S._states_by_historical_population
Ohio,1990,10847115,,,https://en.wikipedia.org/wiki/List_of_U.S._states_by_historical_population
Ohio,2000,11353140,,,https://en.wikipedia.org/wiki/List_of_U.S._states_by_historical_population
Ohio,2010,11536504,,,https://en.wikipedia.org/wiki/List_of_U.S._states_by_historical_population
Ohio,2020,11799448,,,https://www2.census.gov/programs-surveys/decennial/2020/data/apportionment/apportionment-2020-table02.xlsx
Oklahoma,1890,258657,,,https://en.wikipedia.org/wiki/List_of_U.S._states_by_historical_population
Oklahoma,1900,790391,,,https://en.wikipedia.org/wiki/List_of_U.S._states_by_historical_population
Oklahoma,1910,1657155,,,https://en.wikipedia.org/wiki/List_of_U.S._states_by_historical_population
Oklahoma,1920,2028283,,,https://en.wikipedia.org/wiki/List_of_U.S._states_by_historical_population
Oklahoma,1930,2396040,,,https://en.wikipedia.org/wiki/List_of_U.S._states_by_historical_population
Oklahoma,1940,2336434,,,https://en.wikipedia.org/wiki/List_of_U.S._states_by_historical_population
Oklahoma,1950,2233351,,,https://en.wikipedia.org/wiki/List_of_U.S._states_by_historical_population
Oklahoma,1960,2328284,,,https://en.wikipedia.org/wiki/List_of_U.S._states_by_historical_population
Oklahoma,1970,2559229,,,https://en.wikipedia.org/wiki/List_of_U.S._states_by_historical_population
Oklahoma,1980,3025290,,,https://en.wikipedia.org/wiki/List_of_U.S._states_by_historical_population
Oklahoma,1990,3145585,,,https://en.wikipedia.org/wiki/List_of_U.S._states_by_historical_population
Oklahoma,2000,3450654,,,https://en.wikipedia.org/wiki/List_of_U.S._states_by_historical_population
Oklahoma,2010,3751351,,,https://en.wikipedia.org/wiki/List_of_U.S._states_by_historical_population
Oklahoma,2020,3959353,,,https://www2.census.gov/programs-surveys/decennial/2020/data/apportionment/apportionment-2020-table02.xlsx
Oregon,1850,12093,12093,0,https://en.wikipedia.org/wiki/List_of_U.S._states_by_historical_population
Oregon,1860,52465,52465,0,https://en.wikipedia.org/wiki/List_of_U.S._states_by_historical_population
Oregon,1870,90923,,,https://en.wikipedia.org/wiki/List_of_U.S._states_by_historical_population
Oregon,1880,174768,,,https://en.wikipedia.org/wiki/List_of_U.S._states_by_historical_population
Oregon,1890,317704,,,https://en.wikipedia.org/wiki/List_of_U.S._states_by_historical_population
Oregon,1900,413536,,,https://en.wikipedia.org/wiki/List_of_U.S._states_by_historical_population
Oregon,1910,672765,,,https://en.wikipedia.org/wiki/List_of_U.S._states_by_historical_population
Oregon,1920,783389,,,https://en.wikipedia.org/wiki/List_of_U.S._states_by_historical_population
Oregon,1930,953786,,,https://en.wikipedia.org/wiki/List_of_U.S._states_by_historical_population
Oregon,1940,1089684,,,https://en.wikipedia.org/wiki/List_of_U.S._states_by_historical_population
Oregon,1950,1521341,,,https://en.wikipedia.org/wiki/List_of_U.S._states_by_historical_population
Oregon,1960,1768687,,,https://en.wikipedia.org/wiki/List_of_U.S._states_by_historical_population
Oregon,1970,2091385,,,https://en.wikipedia.org/wiki/List_of_U.S._states_by_historical_population
Oregon,1980,2633105,,,https://en.wikipedia.org/wiki/List_of_U.S._states_by_historical_population
Oregon,1990,2842321,,,https://en.wikipedia.org/wiki/List_of_U.S._states_by_historical_population
Oregon,2000,3421399,,,https://en.wikipedia.org/wiki/List_of_U.S._states_by_historical_population
Oregon,2010,3831074,,,https://en.wikipedia.org/wiki/List_of_U.S._states_by_historical_population
Oregon,2020,4237256,,,https://www2.census.gov/programs-surveys/decennial/2020/data/apportionment/apportionment-2020-table02.xlsx
Pennsylvania,1790,434373,430636,3737,https://en.wikipedia.org/wiki/List_of_U.S._states_by_historical_population
Pennsylvania,1800,602545,600839,1706,https://en.wikipedia.org/wiki/List_of_U.S._states_by_historical_population
Pennsylvania,1810,810091,809296,795,https://en.wikipedia.org/wiki/List_of_U.S._states_by_historical_population
Pennsylvania,1820,1049458,1049247,211,https://en.wikipedia.org/wiki/List_of_U.S._states_by_historical_population
Pennsylvania,1830,1348233,1347830,403,https://en.wikipedia.org/wiki/List_of_U.S._states_by_historical_population
Pennsylvania,1840,1724033,1723969,64,https://en.wikipedia.org/wiki/List_of_U.S._states_by_historical_population
Pennsylvania,1850,2311786,2311786,0,https://en.wikipedia.org/wiki/List_of_U.S._states_by_historical_population
Pennsylvania,1860,2906215,2906215,0,https://en.wikipedia.org/wiki/List_of_U.S._states_by_historical_population
Pennsylvania,1870,3521951,,,https://en.wikipedia.org/wiki/List_of_U.S._states_by_historical_population
Pennsylvania,1880,4282891,,,https://en.wikipedia.org/wiki/List_of_U.S._states_by_historical_population
Pennsylvania,1890,5258113,,,https://en.wikipedia.org/wiki/List_of_U.S._states_by_historical_population
Pennsylvania,1900,6302115,,,https://en.wikipedia.org/wiki/List_of_U.S._states_by_historical_population
Pennsylvania,1910,7665111,,,https://en.wikipedia.org/wiki/List_of_U.S._states_by_historical_population
Pennsylvania,1920,8720017,,,https://en.wikipedia.org/wiki/List_of_U.S._states_by_historical_population
Pennsylvania,1930,9631350,,,https://en.wikipedia.org/wiki/List_of_U.S._states_by_historical_population
Pennsylvania,1940,9900180,,,https://en.wikipedia.org/wiki/List_of_U.S._states_by_historical_population
Pennsylvania,1950,10498012,,,https://en.wikipedia.org/wiki/List_of_U.S._states_by_historical_population
Pennsylvania,1960,11319366,,,https://en.wikipedia.org/wiki/List_of_U.S._states_by_historical_population
Pennsylvania,1970,11793909,,,https://en.wikipedia.org/wiki/List_of_U.S._states_by_historical_population
Pennsylvania,1980,11863895,,,https://en.wikipedia.org/wiki/List_of_U.S._states_by_historical_population
Pennsylvania,1990,11881643,,,https://en.wikipedia.org/wiki/List_of_U.S._states_by_historical_population
Pennsylvania,2000,12281054,,,https://en.wikipedia.org/wiki/List_of_U.S._states_by_historical_population
Pennsylvania,2010,12702379,,,https://en.wikipedia.org/wiki/List_of_U.S._states_by_historical_population
Pennsylvania,2020,13002700,,,https://www2.census.gov/programs-surveys/decennial/2020/data/apportionment/apportionment-2020-table02.xlsx
Rhode Island,1790,68825,67877,948,https://en.wikipedia.org/wiki/List_of_U.S._states_by_historical_population
Rhode Island,1800,69122,68742,380,https://en.wikipedia.org/wiki/List_of_U.S._states_by_historical_population
Rhode Island,1810,76931,76823,108,https://en.wikipedia.org/wiki/List_of_U.S._states_by_historical_population
Rhode Island,1820,83059,83011,48,https://en.wikipedia.org/wiki/List_of_U.S._states_by_historical_population
Rhode Island,1830,97199,97182,17,https://en.wikipedia.org/wiki/List_of_U.S._states_by_historical_population
Rhode Island,1840,108830,108825,5,https://en.wikipedia.org/wiki/List_of_U.S._states_by_historical_population
Rhode Island,1850,147545,147545,0,https://en.wikipedia.org/wiki/List_of_U.S._states_by_historical_population
Rhode Island,1860,174620,174620,0,https://en.wikipedia.org/wiki/List_of_U.S._states_by_historical_population
Rhode Island,1870,217353,,,https://en.wikipedia.org/wiki/List_of_U.S._states_by_historical_population
Rhode Island,1880,276531,,,https://en.wikipedia.org/wiki/List_of_U.S._states_by_historical_population
Rhode Island,1890,345506,,,https://en.wikipedia.org/wiki/List_of_U.S._states_by_historical_population
Rhode Island,1900,428556,,,https://en.wikipedia.org/wiki/List_of_U.S._states_by_historical_population
Rhode Island,1910,542610,,,https://en.wikipedia.org/wiki/List_of_U.S._states_by_historical_population
Rhode Island,1920,604397,,,https://en.wikipedia.org/wiki/List_of_U.S._states_by_historical_population
Rhode Island,1930,687497,,,https://en.wikipedia.org/wiki/List_of_U.S._states_by_historical_population
Rhode Island,1940,713346,,,https://en.wikipedia.org/wiki/List_of_U.S._states_by_historical_population
Rhode Island,1950,791896,,,https://en.wikipedia.org/wiki/List_of_U.S._states_by_historical_population
Rhode Island,1960,859488,,,https://en.wikipedia.org/wiki/List_of_U.S._states_by_historical_population
Rhode Island,1970,946725,,,https://en.wikipedia.org/wiki/List_of_U.S._states_by_historical_population
Rhode Island,1980,947154,,,https://en.wikipedia.org/wiki/List_of_U.S._states_by_historical_population
Rhode Island,1990,1003464,,,https://en.wikipedia.org/wiki/List_of_U.S._states_by_historical_population
Rhode Island,2000,1048319,,,https://en.wikipedia.org/wiki/List_of_U.S._states_by_historical_population
Rhode Island,2010,1052567,,,https://en.wikipedia.org/wiki/List_of_U.S._states_by_historical_population
Rhode Island,2020,1097379,,,https://www2.census.gov/programs-surveys/decennial/2020/data/apportionment/apportionment-2020-table02.xlsx
South Carolina,1790,249073,141979,107094,https://en.wikipedia.org/wiki/List_of_U.S._states_by_historical_population
South Carolina,1800,345591,199440,146151,https://en.wikipedia.org/wiki/List_of_U.S._states_by_historical_population
South Carolina,1810,415115,218750,196365,https://en.wikipedia.org/wiki/List_of_U.S._states_by_historical_population
South Carolina,1820,502741,244266,258475,https://en.wikipedia.org/wiki/List_of_U.S._states_by_historical_population
South Carolina,1830,581185,265784,315401,https://en.wikipedia.org/wiki/List_of_U.S._states_by_historical_population
South Carolina,1840,594398,267360,327038,https://en.wikipedia.org/wiki/List_of_U.S._states_by_historical_population
South Carolina,1850,668507,283523,384984,https://en.wikipedia.org/wiki/List_of_U.S._states_by_historical_population
South Carolina,1860,703708,301302,402406,https://en.wikipedia.org/wiki/List_of_U.S._states_by_historical_population
South Carolina,1870,705606,,,https://en.wikipedia.org/wiki/List_of_U.S._states_by_historical_population
South Carolina,1880,995577,,,https://en.wikipedia.org/wiki/List_of_U.S._states_by_historical_population
South Carolina,1890,1151149,,,https://en.wikipedia.org/wiki/List_of_U.S._states_by_historical_population
South Carolina,1900,1340316,,,https://en.wikipedia.org/wiki/List_of_U.S._states_by_historical_population
South Carolina,1910,1515400,,,https://en.wikipedia.org/wiki/List_of_U.S._states_by_historical_population
South Carolina,1920,1683724,,,https://en.wikipedia.org/wiki/List_of_U.S._states_by_historical_population
South Carolina,1930,1738765,,,https://en.wikipedia.org/wiki/List_of_U.S._states_by_historical_population
South Carolina,1940,1899804,,,https://en.wikipedia.org/wiki/List_of_U.S._states_by_historical_population
South Carolina,1950,2117027,,,https://en.wikipedia.org/wiki/List_of_U.S._states_by_historical_population
South Carolina,1960,2382594,,,https://en.wikipedia.org/wiki/List_of_U.S._states_by_historical_population
South Carolina,1970,2590516,,,https://en.wikipedia.org/wiki/List_of_U.S._states_by_historical_population
South Carolina,1980,3121820,,,https://en.wikipedia.org/wiki/List_of_U.S._states_by_historical_population
South Carolina,1990,3486703,,,https://en.wikipedia.org/wiki/List_of_U.S._states_by_historical_population
South Carolina,2000,4012012,,,https://en.wikipedia.org/wiki/List_of_U.S._states_by_historical_population
South Carolina,2010,4625364,,,https://en.wikipedia.org/wiki/List_of_U.S._states_by_historical_population
South Carolina,2020,5118425,,,https://www2.census.gov/programs-surveys/decennial/2020/data/apportionment/apportionment-2020-table02.xlsx
South Dakota,1860,4837,,,https://en.wikipedia.org/wiki/List_of_U.S._states_by_historical_population
South Dakota,1870,11776,,,https://en.wikipedia.org/wiki/List_of_U.S._states_by_historical_population
South Dakota,1880,98268,,,https://en.wikipedia.org/wiki/List_of_U.S._states_by_historical_population
South Dakota,1890,348600,,,https://en.wikipedia.org/wiki/List_of_U.S._states_by_historical_population
South Dakota,1900,401570,,,https://en.wikipedia.org/wiki/List_of_U.S._states_by_historical_population
South Dakota,1910,583888,,,https://en.wikipedia.org/wiki/List_of_U.S._states_by_historical_population
South Dakota,1920,636547,,,https://en.wikipedia.org/wiki/List_of_U.S._states_by_historical_population
South Dakota,1930,692849,,,https://en.wikipedia.org/wiki/List_of_U.S._states_by_historical_population
South Dakota,1940,642961,,,https://en.wikipedia.org/wiki/List_of_U.S._states_by_historical_population
South Dakota,1950,652740,,,https://en.wikipedia.org/wiki/List_of_U.S._states_by_historical_population
South Dakota,1960,680514,,,https://en.wikipedia.org/wiki/List_of_U.S._states_by_historical_population
South Dakota,1970,665507,,,https://en.wikipedia.org/wiki/List_of_U.S._states_by_historical_population
South Dakota,1980,690768,,,https://en.wikipedia.org/wiki/List_of_U.S._states_by_historical_population
South Dakota,1990,696004,,,https://en.wikipedia.org/wiki/List_of_U.S._states_by_historical_population
South Dakota,2000,754844,,,https://en.wikipedia.org/wiki/List_of_U.S._states_by_historical_population
South Dakota,2010,814180,,,https://en.wikipedia.org/wiki/List_of_U.S._states_by_historical_population
South Dakota,2020,886667,,,https://www2.census.gov/programs-surveys/decennial/2020/data/apportionment/apportionment-2020-table02.xlsx
Tennessee,1790,35691,32274,3417,https://en.wikipedia.org/wiki/List_of_U.S._states_by_historical_population
Tennessee,1800,105602,92018,13584,https://en.wikipedia.org/wiki/List_of_U.S._states_by_historical_population
Tennessee,1810,261727,217192,44535,https://en.wikipedia.org/wiki/List_of_U.S._states_by_historical_population
Tennessee,1820,422813,342706,80107,https://en.wikipedia.org/wiki/List_of_U.S._states_by_historical_population
Tennessee,1830,681904,540301,141603,https://en.wikipedia.org/wiki/List_of_U.S._states_by_historical_population
Tennessee,1840,829210,646151,183059,https://en.wikipedia.org/wiki/List_of_U.S._states_by_historical_population
Tennessee,1850,1002717,763258,239459,https://en.wikipedia.org/wiki/List_of_U.S._states_by_historical_population
Tennessee,1860,1109801,834082,275719,https://en.wikipedia.org/wiki/List_of_U.S._states_by_historical_population
Tennessee,1870,1258520,,,https://en.wikipedia.org/wiki/List_of_U.S._states_by_historical_population
Tennessee,1880,1542359,,,https://en.wikipedia.org/wiki/List_of_U.S._states_by_historical_population
Tennessee,1890,1767518,,,https://en.wikipedia.org/wiki/List_of_U.S._states_by_historical_population
Tennessee,1900,2020616,,,https://en.wikipedia.org/wiki/List_of_U.S._states_by_historical_population
Tennessee,1910,2184789,,,https://en.wikipedia.org/wiki/List_of_U.S._states_by_historical_population
Tennessee,1920,2337885,,,https://en.wikipedia.org/wiki/List_of_U.S._states_by_historical_population
Tennessee,1930,2616556,,,https://en.wikipedia.org/wiki/List_of_U.S._states_by_historical_population
Tennessee,1940,2915841,,,https://en.wikipedia.org/wiki/List_of_U.S._states_by_historical_population
Tennessee,1950,3291718,,,https://en.wikipedia.org/wiki/List_of_U.S._states_by_historical_population
Tennessee,1960,3567089,,,https://en.wikipedia.org/wiki/List_of_U.S._states_by_historical_population
Tennessee,1970,3923687,,,https://en.wikipedia.org/wiki/List_of_U.S._states_by_historical_population
Tennessee,1980,4591120,,,https://en.wikipedia.org/wiki/List_of_U.S._states_by_historical_population
Tennessee,1990,4877185,,,https://en.wikipedia.org/wiki/List_of_U.S._states_by_historical_population
Tennessee,2000,5689283,,,https://en.wikipedia.org/wiki/List_of_U.S._states_by_historical_population
Tennessee,2010,6346105,,,https://en.wikipedia.org/wiki/List_of_U.S._states_by_historical_population
Tennessee,2020,6910840,,,https://www2.census.gov/programs-surveys/decennial/2020/data/apportionment/apportionment-2020-table02.xlsx
Texas,1850,212592,154431,58161,https://en.wikipedia.org/wiki/List_of_U.S._states_by_historical_population
Texas,1860,604215,421649,182566,https://en.wikipedia.org/wiki/List_of_U.S._states_by_historical_population
Texas,1870,818579,,,https://en.wikipedia.org/wiki/List_of_U.S._states_by_historical_population
Texas,1880,1591749,,,https://en.wikipedia.org/wiki/List_of_U.S._states_by_historical_population
Texas,1890,2235527,,,https://en.wikipedia.org/wiki/List_of_U.S._states_by_historical_population
Texas,1900,3048710,,,https://en.wikipedia.org/wiki/List_of_U.S._states_by_historical_population
Texas,1910,3896542,,,https://en.wikipedia.org/wiki/List_of_U.S._states_by_historical_population
Texas,1920,4663228,,,https://en.wikipedia.org/wiki/List_of_U.S._states_by_historical_population
Texas,1930,5824715,,,https://en.wikipedia.org/wiki/List_of_U.S._states_by_historical_population
Texas,1940,6414824,,,https://en.wikipedia.org/wiki/List_of_U.S._states_by_historical_population
Texas,1950,7711194,,,https://en.wikipedia.org/wiki/List_of_U.S._states_by_historical_population
Texas,1960,9579677,,,https://en.wikipedia.org/wiki/List_of_U.S._states_by_historical_population
Texas,1970,11196730,,,https://en.wikipedia.org/wiki/List_of_U.S._states_by_historical_population
Texas,1980,14229191,,,https://en.wikipedia.org/wiki/List_of_U.S._states_by_historical_population
Texas,1990,16986510,,,https://en.wikipedia.org/wiki/List_of_U.S._states_by_historical_population
Texas,2000,20851820,,,https://en.wikipedia.org/wiki/List_of_U.S._states_by_historical_population
Texas,2010,25145561,,,https://en.wikipedia.org/wiki/List_of_U.S._states_by_historical_population
Texas,2020,29145505,,,https://www2.census.gov/programs-surveys/decennial/2020/data/apportionment/apportionment-2020-table02.xlsx
Utah,1850,11380,11354,26,https://en.wikipedia.org/wiki/List_of_U.S._states_by_historical_population
Utah,1860,40273,40244,29,https://en.wikipedia.org/wiki/List_of_U.S._states_by_historical_population
Utah,1870,86786,,,https://en.wikipedia.org/wiki/List_of_U.S._states_by_historical_population
Utah,1880,143963,,,https://en.wikipedia.org/wiki/List_of_U.S._states_by_historical_population
Utah,1890,210779,,,https://en.wikipedia.org/wiki/List_of_U.S._states_by_historical_population
Utah,1900,276749,,,https://en.wikipedia.org/wiki/List_of_U.S._states_by_historical_population
Utah,1910,373351,,,https://en.wikipedia.org/wiki/List_of_U.S._states_by_historical_population
Utah,1920,449396,,,https://en.wikipedia.org/wiki/List_of_U.S._states_by_historical_population
Utah,1930,507847,,,https://en.wikipedia.org/wiki/List_of_U.S._states_by_historical_population
Utah,1940,550310,,,https://en.wikipedia.org/wiki/List_of_U.S._states_by_historical_population
Utah,1950,688862,,,https://en.wikipedia.org/wiki/List_of_U.S._states_by_historical_population
Utah,1960,890627,,,https://en.wikipedia.org/wiki/List_of_U.S._states_by_historical_population
Utah,1970,1059273,,,https://en.wikipedia.org/wiki/List_of_U.S._states_by_historical_population
Utah,1980,1461037,,,https://en.wikipedia.org/wiki/List_of_U.S._states_by_historical_population
Utah,1990,1722850,,,https://en.wikipedia.org/wiki/List_of_U.S._states_by_historical_population
Utah,2000,2233169,,,https://en.wikipedia.org/wiki/List_of_U.S._states_by_historical_population
Utah,2010,2763885,,,https://en.wikipedia.org/wiki/List_of_U.S._states_by_historical_population
Utah,2020,3271616,,,https://www2.census.gov/programs-surveys/decennial/2020/data/apportionment/apportionment-2020-table02.xlsx
Vermont,1790,85425,85425,0,https://en.wikipedia.org/wiki/List_of_U.S._states_by_historical_population
Vermont,1800,154465,154465,0,https://en.wikipedia.org/wiki/List_of_U.S._states_by_historical_population
Vermont,1810,217713,217713,0,https://en.wikipedia.org/wiki/List_of_U.S._states_by_historical_population
Vermont,1820,235764,235764,0,https://en.wikipedia.org/wiki/List_of_U.S._states_by_historical_population
Vermont,1830,280652,280652,0,https://en.wikipedia.org/wiki/List_of_U.S._states_by_historical_population
Vermont,1840,291948,291948,0,https://en.wikipedia.org/wiki/List_of_U.S._states_by_historical_population
Vermont,1850,314120,314120,0,https://en.wikipedia.org/wiki/List_of_U.S._states_by_historical_population
Vermont,1860,315098,315098,0,https://en.wikipedia.org/wiki/List_of_U.S._states_by_historical_population
Vermont,1870,330551,,,https://en.wikipedia.org/wiki/List_of_U.S._states_by_historical_population
Vermont,1880,332286,,,https://en.wikipedia.org/wiki/List_of_U.S._states_by_historical_population
Vermont,1890,332422,,,https://en.wikipedia.org/wiki/List_of_U.S._states_by_historical_population
Vermont,1900,343641,,,https://en.wikipedia.org/wiki/List_of_U.S._states_by_historical_population
Vermont,1910,355956,,,https://en.wikipedia.org/wiki/List_of_U.S._states_by_historical_population
Vermont,1920,352428,,,https://en.wikipedia.org/wiki/List_of_U.S._states_by_historical_population
Vermont,1930,359611,,,https://en.wikipedia.org/wiki/List_of_U.S._states_by_historical_population
Vermont,1940,359231,,,https://en.wikipedia.org/wiki/List_of_U.S._states_by_historical_population
Vermont,1950,377747,,,https://en.wikipedia.org/wiki/List_of_U.S._states_by_historical_population
Vermont,1960,389881,,,https://en.wikipedia.org/wiki/List_of_U.S._states_by_historical_population
Vermont,1970,444330,,,https://en.wikipedia.org/wiki/List_of_U.S._states_by_historical_population
Vermont,1980,511456,,,https://en.wikipedia.org/wiki/List_of_U.S._states_by_historical_population
Vermont,1990,562758,,,https://en.wikipedia.org/wiki/List_of_U.S._states_by_historical_population
Vermont,2000,608827,,,https://en.wikipedia.org/wiki/List_of_U.S._states_by_historical_population
Vermont,2010,625741,,,https://en.wikipedia.org/wiki/List_of_U.S._states_by_historical_population
Vermont,2020,643077,,,https://www2.census.gov/programs-surveys/decennial/2020/data/apportionment/apportionment-2020-table02.xlsx
Virginia,1790,691937,403978,287959,https://en.wikipedia.org/wiki/List_of_U.S._states_by_historical_population
Virginia,1800,807557,468058,339499,https://en.wikipedia.org/wiki/List_of_U.S._states_by_historical_population
Virginia,1810,877683,494162,383521,https://en.wikipedia.org/wiki/List_of_U.S._states_by_historical_population
Virginia,1820,938261,526375,411886,https://en.wikipedia.org/wiki/List_of_U.S._states_by_historical_population
Virginia,1830,1044054,590356,453698,https://en.wikipedia.org/wiki/List_of_U.S._states_by_historical_population
Virginia,1840,1025227,593354,431873,https://en.wikipedia.org/wiki/List_of_U.S._states_by_historical_population
Virginia,1850,1119348,667320,452028,https://en.wikipedia.org/wiki/List_of_U.S._states_by_historical_population
Virginia,1860,1219630,747136,472494,https://en.wikipedia.org/wiki/List_of_U.S._states_by_historical_population
Virginia,1870,1225163,,,https://en.wikipedia.org/wiki/List_of_U.S._states_by_historical_population
Virginia,1880,1512565,,,https://en.wikipedia.org/wiki/List_of_U.S._states_by_historical_population
Virginia,1890,1655980,,,https://en.wikipedia.org/wiki/List_of_U.S._states_by_historical_population
Virginia,1900,1854184,,,https://en.wikipedia.org/wiki/List_of_U.S._states_by_historical_population
Virginia,1910,2061612,,,https://en.wikipedia.org/wiki/List_of_U.S._states_by_historical_population
Virginia,1920,2309187,,,https://en.wikipedia.org/wiki/List_of_U.S._states_by_historical_population
Virginia,1930,2421851,,,https://en.wikipedia.org/wiki/List_of_U.S._states_by_historical_population
Virginia,1940,2677773,,,https://en.wikipedia.org/wiki/List_of_U.S._states_by_historical_population
Virginia,1950,3318680,,,https://en.wikipedia.org/wiki/List_of_U.S._states_by_historical_population
Virginia,1960,3966949,,,https://en.wikipedia.org/wiki/List_of_U.S._states_by_historical_population
Virginia,1970,4648494,,,https://en.wikipedia.org/wiki/List_of_U.S._states_by_historical_population
Virginia,1980,5346818,,,https://en.wikipedia.org/wiki/List_of_U.S._states_by_historical_population
Virginia,1990,6187358,,,https://en.wikipedia.org/wiki/List_of_U.S._states_by_historical_population
Virginia,2000,7078515,,,https://en.wikipedia.org/wiki/List_of_U.S._states_by_historical_population
Virginia,2010,8001024,,,https://en.wikipedia.org/wiki/List_of_U.S._states_by_historical_population
Virginia,2020,8631393,,,https://www2.census.gov/programs-surveys/decennial/2020/data/apportionment/apportionment-2020-table02.xlsx
Washington,1850,1201,1201,0,https://en.wikipedia.org/wiki/List_of_U.S._states_by_historical_population
Washington,1860,11594,11594,0,https://en.wikipedia.org/wiki/List_of_U.S._states_by_historical_population
Washington,1870,23955,,,https://en.wikipedia.org/wiki/List_of_U.S._states_by_historical_population
Washington,1880,75116,,,https://en.wikipedia.org/wiki/List_of_U.S._states_by_historical_population
Washington,1890,357232,,,https://en.wikipedia.org/wiki/List_of_U.S._states_by_historical_population
Washington,1900,518103,,,https://en.wikipedia.org/wiki/List_of_U.S._states_by_historical_population
Washington,1910,1141990,,,https://en.wikipedia.org/wiki/List_of_U.S._states_by_historical_population
Washington,1920,1356621,,,https://en.wikipedia.org/wiki/List_of_U.S._states_by_historical_population
Washington,1930,1563396,,,https://en.wikipedia.org/wiki/List_of_U.S._states_by_historical_population
Washington,1940,1736191,,,https://en.wikipedia.org/wiki/List_of_U.S._states_by_historical_population
Washington,1950,2378963,,,https://en.wikipedia.org/wiki/List_of_U.S._states_by_historical_population
Washington,1960,2853214,,,https://en.wikipedia.org/wiki/List_of_U.S._states_by_historical_population
Washington,1970,3409169,,,https://en.wikipedia.org/wiki/List_of_U.S._states_by_historical_population
Washington,1980,4132156,,,https://en.wikipedia.org/wiki/List_of_U.S._states_by_historical_population
Washington,1990,4866692,,,https://en.wikipedia.org/wiki/List_of_U.S._states_by_historical_population
Washington,2000,5894121,,,https://en.wikipedia.org/wiki/List_of_U.S._states_by_historical_population
Washington,2010,6724540,,,https://en.wikipedia.org/wiki/List_of_U.S._states_by_historical_population
Washington,2020,7705281,,,https://www2.census.gov/programs-surveys/decennial/2020/data/apportionment/apportionment-2020-table02.xlsx
West Virginia,1790,55873,51205,4668,https://en.wikipedia.org/wiki/List_of_U.S._states_by_historical_population
West Virginia,1800,78592,71420,7172,https://en.wikipedia.org/wiki/List_of_U.S._states_by_historical_population
West Virginia,1810,105469,94633,10836,https://en.wikipedia.org/wiki/List_of_U.S._states_by_historical_population
West Virginia,1820,136808,121639,15169,https://en.wikipedia.org/wiki/List_of_U.S._states_by_historical_population
West Virginia,1830,176924,159251,17673,https://en.wikipedia.org/wiki/List_of_U.S._states_by_historical_population
West Virginia,1840,224537,206049,18488,https://en.wikipedia.org/wiki/List_of_U.S._states_by_historical_population
West Virginia,1850,302313,281813,20500,https://en.wikipedia.org/wiki/List_of_U.S._states_by_historical_population
West Virginia,1860,376688,358317,18371,https://en.wikipedia.org/wiki/List_of_U.S._states_by_historical_population
West Virginia,1870,442014,,,https://en.wikipedia.org/wiki/List_of_U.S._states_by_historical_population
West Virginia,1880,618457,,,https://en.wikipedia.org/wiki/List_of_U.S._states_by_historical_population
West Virginia,1890,762794,,,https://en.wikipedia.org/wiki/List_of_U.S._states_by_historical_population
West Virginia,1900,958800,,,https://en.wikipedia.org/wiki/List_of_U.S._states_by_historical_population
West Virginia,1910,1221119,,,https://en.wikipedia.org/wiki/List_of_U.S._states_by_historical_population
West Virginia,1920,1463701,,,https://en.wikipedia.org/wiki/List_of_U.S._states_by_historical_population
West Virginia,1930,1729205,,,https://en.wikipedia.org/wiki/List_of_U.S._states_by_historical_population
West Virginia,1940,1901974,,,https://en.wikipedia.org/wiki/List_of_U.S._states_by_historical_population
West Virginia,1950,2005552,,,https://en.wikipedia.org/wiki/List_of_U.S._states_by_historical_population
West Virginia,1960,1860421,,,https://en.wikipedia.org/wiki/List_of_U.S._states_by_historical_population
West Virginia,1970,1744237,,,https://en.wikipedia.org/wiki/List_of_U.S._states_by_historical_population
West Virginia,1980,1949644,,,https://en.wikipedia.org/wiki/List_of_U.S._states_by_historical_population
West Virginia,1990,1793477,,,https://en.wikipedia.org/wiki/List_of_U.S._states_by_historical_population
West Virginia,2000,1808344,,,https://en.wikipedia.org/wiki/List_of_U.S._states_by_historical_population
West Virginia,2010,1852994,,,https://en.wikipedia.org/wiki/List_of_U.S._states_by_historical_population
West Virginia,2020,1793716,,,https://www2.census.gov/programs-surveys/decennial/2020/data/apportionment/apportionment-2020-table02.xlsx
Wisconsin,1820,1444,1444,0,https://en.wikipedia.org/wiki/List_of_U.S._states_by_historical_population
Wisconsin,1830,3635,3604,31,https://en.wikipedia.org/wiki/List_of_U.S._states_by_historical_population
Wisconsin,1840,30945,30934,11,https://en.wikipedia.org/wiki/List_of_U.S._states_by_historical_population
Wisconsin,1850,305391,305391,0,https://en.wikipedia.org/wiki/List_of_U.S._states_by_historical_population
Wisconsin,1860,775881,775881,0,https://en.wikipedia.org/wiki/List_of_U.S._states_by_historical_population
Wisconsin,1870,1054670,,,https://en.wikipedia.org/wiki/List_of_U.S._states_by_historical_population
Wisconsin,1880,1315497,,,https://en.wikipedia.org/wiki/List_of_U.S._states_by_historical_population
Wisconsin,1890,1693330,,,https://en.wikipedia.org/wiki/List_of_U.S._states_by_historical_population
Wisconsin,1900,2069042,,,https://en.wikipedia.org/wiki/List_of_U.S._states_by_historical_population
Wisconsin,1910,2333860,,,https://en.wikipedia.org/wiki/List_of_U.S._states_by_historical_population
Wisconsin,1920,2632067,,,https://en.wikipedia.org/wiki/List_of_U.S._states_by_historical_population
Wisconsin,1930,2939006,,,https://en.wikipedia.org/wiki/List_of_U.S._states_by_historical_population
Wisconsin,1940,3137587,,,https://en.wikipedia.org/wiki/List_of_U.S._states_by_historical_population
Wisconsin,1950,3434575,,,https://en.wikipedia.org/wiki/List_of_U.S._states_by_historical_population
Wisconsin,1960,3951777,,,https://en.wikipedia.org/wiki/List_of_U.S._states_by_historical_population
Wisconsin,1970,4417731,,,https://en.wikipedia.org/wiki/List_of_U.S._states_by_historical_population
Wisconsin,1980,4705767,,,https://en.wikipedia.org/wiki/List_of_U.S._states_by_historical_population
Wisconsin,1990,4891769,,,https://en.wikipedia.org/wiki/List_of_U.S._states_by_historical_population
Wisconsin,2000,5363675,,,https://en.wikipedia.org/wiki/List_of_U.S._states_by_historical_population
Wisconsin,2010,5686986,,,https://en.wikipedia.org/wiki/List_of_U.S._states_by_historical_population
Wisconsin,2020,5893718,,,https://www2.census.gov/programs-surveys/decennial/2020/data/apportionment/apportionment-2020-table02.xlsx
Wyoming,1870,9118,,,https://en.wikipedia.org/wiki/List_of_U.S._states_by_historical_population
Wyoming,1880,20789,,,https://en.wikipedia.org/wiki/List_of_U.S._states_by_historical_population
Wyoming,1890,62555,,,https://en.wikipedia.org/wiki/List_of_U.S._states_by_historical_population
Wyoming,1900,92531,,,https://en.wikipedia.org/wiki/List_of_U.S._states_by_historical_population
Wyoming,1910,145965,,,https://en.wikipedia.org/wiki/List_of_U.S._states_by_historical_population
Wyoming,1920,194402,,,https://en.wikipedia.org/wiki/List_of_U.S._states_by_historical_population
Wyoming,1930,225565,,,https://en.wikipedia.org/wiki/List_of_U.S._states_by_historical_population
Wyoming,1940,250742,,,https://en.wikipedia.org/wiki/List_of_U.S._states_by_historical_population
Wyoming,1950,290529,,,https://en.wikipedia.org/wiki/List_of_U.S._states_by_historical_population
Wyoming,1960,330066,,,https://en.wikipedia.org/wiki/List_of_U.S._states_by_historical_population
Wyoming,1970,332416,,,https://en.wikipedia.org/wiki/List_of_U.S._states_by_historical_population
Wyoming,1980,469557,,,https://en.wikipedia.org/wiki/List_of_U.S._states_by_historical_population
Wyoming,1990,453588,,,https://en.wikipedia.org/wiki/List_of_U.S._states_by_historical_population
Wyoming,2000,493782,,,https://en.wikipedia.org/wiki/List_of_U.S._states_by_historical_population
Wyoming,2010,563626,,,https://en.wikipedia.org/wiki/List_of_U.S._states_by_historical_population
Wyoming,2020,576851,,,https://www2.census.gov/programs-surveys/decennial/2020/data/apportionment/apportionment-2020-table02.xlsx
