amendment,state,chamber,yeas,nays,date,is_decisive_state,source_url,chamber_name,action,notes
19,Tennessee,senate,25,4,1920-08-13,TRUE,https://home.nps.gov/articles/000/suffrage60seconds_harry_burn.htm,Senate,ratify,"NPS: ""the Tennessee state senate took up ratification and passed the Nineteenth by an overwhelming 25 to 4 vote."" Brookings (Sherman & Casey) gives ""25 ayes, 4 nays, and 2 not voting."" Date fixed by NYT headline 1920-08-14 ""TENNESSEE SENATE RATIFIES SUFFRAGE; HOUSE ACTS MONDAY; Vote of 25 to 4"" and tnmuseum.org (""The Senate had voted yes on the amendment on Aug. 13"")."
19,Tennessee,house,49,47,1920-08-18,TRUE,https://publications.tnsosfiles.com/pub/blue_book/19-20/19-20preface.pdf,House of Representatives,ratify,"Tennessee Blue Book 2019-2020 (TN Secretary of State): ""the resolution carried 49-47. In an attempt at political maneuvering, Speaker Seth Walker changed his vote to 'Aye,' to force reconsideration of the resolution, but his strategy failed, and the resolution passed with a final vote of 50-46."" Two prior motions to table each failed on a 48-48 tie. The 49-47 figure is the roll call as cast (Harry Burn switching); 50-46 is the journal figure after Speaker Walker switched to be on the prevailing side. 99-member House."
21,Utah,convention,,0,1933-12-05,TRUE,https://archive.org/download/Article_V_Ratification_Convention_Records/mdp-39015069875576-1773787375_djvu.txt,Ratifying Convention,ratify,"Yea count DISPUTED; nays 0 is certain. Brown (1938) official convention record: roll call with no delegate voting nay; ""PRESIDENT OLSON: The vote upon the resolution is unanimous."" 21 delegates elected; Mrs. S. Grover Rich absent (out of state), and ""(Delegate Gilmour absent.)"" at the ratification roll call. Wikipedia gives 20-0 citing Salt Lake Tribune 1933-12-06; Utah State Archives says all 21 delegates voted yea; the OCR of the journal shows 20 names called (Rich, the 21st, not called), 18 legible ""Aye"" responses plus Hollenbeck whose response the OCR drops, implying 19-0. Certified 5:49pm EST, 17 minutes after the convention voted."
21,Indiana,convention,246,83,1933-06-26,FALSE,https://archive.org/download/Article_V_Ratification_Convention_Records/mdp-39015069875576-1773787375_djvu.txt,Ratifying Convention,ratify,"Brown (1938) official convention record: ""The roll call resulted in a total of 246 Ayes and 83 Noes."" The most contested of the 38 state conventions; 74.8% yes."
21,Michigan,convention,99,1,1933-04-10,FALSE,https://en.wikipedia.org/wiki/Twenty-first_Amendment_to_the_United_States_Constitution,Ratifying Convention,ratify,"Wikipedia convention list, sourced to Brown (1938) State Convention Records and Laws and GPO CONAN-1992. First state to ratify."
21,Wisconsin,convention,15,0,1933-04-25,FALSE,https://en.wikipedia.org/wiki/Twenty-first_Amendment_to_the_United_States_Constitution,Ratifying Convention,ratify,"Wikipedia convention list, sourced to Brown (1938) and GPO CONAN-1992."
21,Rhode Island,convention,31,0,1933-05-08,FALSE,https://en.wikipedia.org/wiki/Twenty-first_Amendment_to_the_United_States_Constitution,Ratifying Convention,ratify,"Wikipedia convention list, sourced to Brown (1938) and GPO CONAN-1992."
21,Wyoming,convention,65,0,1933-05-25,FALSE,https://en.wikipedia.org/wiki/Twenty-first_Amendment_to_the_United_States_Constitution,Ratifying Convention,ratify,"Wikipedia convention list, sourced to Brown (1938) and GPO CONAN-1992."
21,New Jersey,convention,202,2,1933-06-01,FALSE,https://en.wikipedia.org/wiki/Twenty-first_Amendment_to_the_United_States_Constitution,Ratifying Convention,ratify,"Wikipedia convention list, sourced to Brown (1938) and GPO CONAN-1992."
21,Delaware,convention,17,0,1933-06-24,FALSE,https://en.wikipedia.org/wiki/Twenty-first_Amendment_to_the_United_States_Constitution,Ratifying Convention,ratify,"Wikipedia convention list, sourced to Brown (1938) and GPO CONAN-1992."
21,Massachusetts,convention,45,0,1933-06-26,FALSE,https://en.wikipedia.org/wiki/Twenty-first_Amendment_to_the_United_States_Constitution,Ratifying Convention,ratify,"Wikipedia convention list, sourced to Brown (1938) and GPO CONAN-1992."
21,New York,convention,150,0,1933-06-27,FALSE,https://en.wikipedia.org/wiki/Twenty-first_Amendment_to_the_United_States_Constitution,Ratifying Convention,ratify,"Wikipedia convention list, sourced to Brown (1938) and GPO CONAN-1992."
21,Illinois,convention,50,0,1933-07-10,FALSE,https://en.wikipedia.org/wiki/Twenty-first_Amendment_to_the_United_States_Constitution,Ratifying Convention,ratify,"Wikipedia convention list, sourced to Brown (1938) and GPO CONAN-1992."
21,Iowa,convention,90,0,1933-07-10,FALSE,https://en.wikipedia.org/wiki/Twenty-first_Amendment_to_the_United_States_Constitution,Ratifying Convention,ratify,"Wikipedia convention list, sourced to Brown (1938) and GPO CONAN-1992. 8 county delegates absent; 1 died before the convention."
21,Connecticut,convention,50,0,1933-07-11,FALSE,https://en.wikipedia.org/wiki/Twenty-first_Amendment_to_the_United_States_Constitution,Ratifying Convention,ratify,"Wikipedia convention list, sourced to Brown (1938) and GPO CONAN-1992."
21,Maine,convention,72,0,1933-12-06,FALSE,https://en.wikipedia.org/wiki/Twenty-first_Amendment_to_the_United_States_Constitution,Ratifying Convention,ratify,"Wikipedia convention list, sourced to Brown (1938) and AP/Lewiston Daily Sun 1933-12-07. 8 state delegates absent. Ratified after the amendment was already adopted."
21,Montana,convention,45,4,1934-08-06,FALSE,https://en.wikipedia.org/wiki/Twenty-first_Amendment_to_the_United_States_Constitution,Ratifying Convention,ratify,"Wikipedia convention list, sourced to Brown (1938) and GPO CONAN-1992. Ratified after adoption."
U-ERA,Virginia,house,59,41,2020-01-15,TRUE,https://legacylis.virginia.gov/cgi-bin/legp604.exe?201+sum+HJ1,House of Delegates,ratify,"Virginia LIS bill history for HJ1 (2020): ""01/15/20 House: Agreed to by House (59-Y 41-N)""."
U-ERA,Virginia,senate,28,12,2020-01-15,TRUE,https://legacylis.virginia.gov/cgi-bin/legp604.exe?201+sum+SJ1,Senate,ratify,"Virginia LIS bill history for SJ1 (2020): ""01/15/20 Senate: Agreed to by Senate (28-Y 12-N)""."
U-ERA,Virginia,senate,27,12,2020-01-27,TRUE,https://legacylis.virginia.gov/cgi-bin/legp604.exe?201+sum+HJ1,Senate,ratify,"Virginia LIS bill history for HJ1 (2020): ""01/27/20 Senate: Agreed to by Senate (27-Y 12-N)"". This is one of the two completing votes on 2020-01-27, the date on which Virginia became the 38th state."
U-ERA,Virginia,house,58,40,2020-01-27,TRUE,https://legacylis.virginia.gov/cgi-bin/legp604.exe?201+sum+SJ1,House of Delegates,ratify,"Virginia LIS bill history for SJ1 (2020): ""01/27/20 House: Agreed to by House (58-Y 40-N)"". Companion resolutions HJ1 and SJ1 were each passed by both chambers; ratification completed 2020-01-27."
19,Alabama,senate,13,19,1919-07-17,FALSE,https://archive.org/download/thehistoryofwoma30051gut/30051-8.txt,Senate,reject,"History of Woman Suffrage, Vol. VI (ed. Ida Husted Harper, 1922), state chapter. ""The date set for the vote in the Senate was July 17... The vote was 13 ayes, 19 noes."" Vote on the ratifying resolution."
19,Alabama,house,31,60,1919-09-17,FALSE,https://archive.org/download/thehistoryofwoma30051gut/30051-8.txt,House of Representatives,reject,"History of Woman Suffrage, Vol. VI (ed. Ida Husted Harper, 1922), state chapter. ""The House did not act on the measure until September 17... the vote was 31 ayes, 60 noes."" Ledger dates the state-level rejection 1919-09-22."
19,Arkansas,senate,29,2,1919-07-28,FALSE,https://archive.org/download/thehistoryofwoma30051gut/30051-8.txt,Senate,ratify,"History of Woman Suffrage, Vol. VI (ed. Ida Husted Harper, 1922), state chapter. ""The Senate ratified by a vote of 29 to two and the House by 74 to 15."" Date from ledger."
19,Arkansas,house,74,15,1919-07-28,FALSE,https://archive.org/download/thehistoryofwoma30051gut/30051-8.txt,House of Representatives,ratify,"History of Woman Suffrage, Vol. VI (ed. Ida Husted Harper, 1922), state chapter. ""The Senate ratified by a vote of 29 to two and the House by 74 to 15."" Date from ledger."
19,California,house,73,2,1919-11-01,FALSE,https://archive.org/download/thehistoryofwoma30051gut/30051-8.txt,Assembly,ratify,"History of Woman Suffrage, Vol. VI (ed. Ida Husted Harper, 1922), state chapter. ""the vote in favor was unanimous in the Senate, 73 to 2 in the House"". Senate unanimous, no count given."
19,Georgia,senate,39,10,1919-07-24,FALSE,https://archive.org/download/thehistoryofwoma30051gut/30051-8.txt,Senate,reject_resolution,"History of Woman Suffrage, Vol. VI (ed. Ida Husted Harper, 1922), state chapter. ""the rejection resolution was carried on July 24 by 39 to 10."" YEAS ARE VOTES AGAINST the amendment."
19,Georgia,house,132,34,1919-07-24,FALSE,https://archive.org/download/thehistoryofwoma30051gut/30051-8.txt,House of Representatives,reject_resolution,"History of Woman Suffrage, Vol. VI (ed. Ida Husted Harper, 1922), state chapter. ""the Jackson resolution to reject was presented in the House and after a spirited debate... the resolution was carried by 132 to 34."" YEAS ARE VOTES AGAINST the amendment. Date from ledger."
19,Illinois,house,135,3,1919-06-10,FALSE,https://archive.org/download/thehistoryofwoma30051gut/30051-8.txt,House of Representatives,ratify,"History of Woman Suffrage, Vol. VI (ed. Ida Husted Harper, 1922), state chapter. ""The vote in the Senate was unanimous, in the House it was 135 ayes, 85 Republicans, 50 Democrats; three nays, all Democrats."""
19,Iowa,house,96,5,1919-07-02,FALSE,https://archive.org/download/thehistoryofwoma30051gut/30051-8.txt,House of Representatives,ratify,"History of Woman Suffrage, Vol. VI (ed. Ida Husted Harper, 1922), state chapter. ""the vote in the House was 96 ayes, 5 noes"". Senate: ""Every Senator but two was present and was recorded in the affirmative"" (no count)."
19,Kentucky,senate,30,8,1920-01-06,FALSE,https://archive.org/download/thehistoryofwoma30051gut/30051-8.txt,Senate,ratify,"History of Woman Suffrage, Vol. VI (ed. Ida Husted Harper, 1922), state chapter. ""On Jan. 6, 1920, the first day of the session, it was passed by a vote of 30 ayes, 8 noes in the Senate and 72 ayes, 25 noes in the House."""
19,Kentucky,house,72,25,1920-01-06,FALSE,https://archive.org/download/thehistoryofwoma30051gut/30051-8.txt,House of Representatives,ratify,"History of Woman Suffrage, Vol. VI (ed. Ida Husted Harper, 1922), state chapter. ""...72 ayes, 25 noes in the House."""
19,Louisiana,house,44,67,1920-06-15,FALSE,https://archive.org/download/thehistoryofwoma30051gut/30051-8.txt,House of Representatives,reject,"History of Woman Suffrage, Vol. VI (ed. Ida Husted Harper, 1922), state chapter. ""On June 15 the ratification of the Federal Amendment was defeated in the House by a vote of 67 noes to 44 ayes."" A separate rejection resolution then passed the House 60 ayes to 29 noes; a later attempt to revive ratification failed 46 ayes, 52 noes."
19,Maine,senate,24,5,1919-11-04,FALSE,https://archive.org/download/thehistoryofwoma30051gut/30051-8.txt,Senate,ratify,"History of Woman Suffrage, Vol. VI (ed. Ida Husted Harper, 1922), state chapter. ""The amendment was ratified in the Senate on November 4 by 24 ayes, 5 noes; in the House on November 5 by 72 ayes, 68 noes."""
19,Maine,house,72,68,1919-11-05,FALSE,https://archive.org/download/thehistoryofwoma30051gut/30051-8.txt,House of Representatives,ratify,"History of Woman Suffrage, Vol. VI (ed. Ida Husted Harper, 1922), state chapter. ""in the House on November 5 by 72 ayes, 68 noes. After the vote was taken an attempt to reconsider was made but was unsuccessful."" One of the narrowest successful ratification votes on record (margin 2.9 points)."
19,Massachusetts,house,185,47,1919-06-25,FALSE,https://archive.org/download/thehistoryofwoma30051gut/30051-8.txt,House of Representatives,ratify,"History of Woman Suffrage, Vol. VI (ed. Ida Husted Harper, 1922), state chapter. ""An amendment calling for a referendum was defeated by 166 to 67 and ratification carried by 185 ayes to 47 noes."""
19,Massachusetts,senate,34,5,1919-06-25,FALSE,https://archive.org/download/thehistoryofwoma30051gut/30051-8.txt,Senate,ratify,"History of Woman Suffrage, Vol. VI (ed. Ida Husted Harper, 1922), state chapter. ""The Senate ratified by 34 ayes, 5 noes."""
19,Minnesota,house,120,6,1919-09-08,FALSE,https://archive.org/download/thehistoryofwoma30051gut/30051-8.txt,House of Representatives,ratify,"History of Woman Suffrage, Vol. VI (ed. Ida Husted Harper, 1922), state chapter. ""it was ratified by a vote of 120 to 6."""
19,Minnesota,senate,60,5,1919-09-08,FALSE,https://archive.org/download/thehistoryofwoma30051gut/30051-8.txt,Senate,ratify,"History of Woman Suffrage, Vol. VI (ed. Ida Husted Harper, 1922), state chapter. ""with no debate went through by 60 to 5."""
19,Mississippi,senate,21,21,1920-03-30,FALSE,https://archive.org/download/thehistoryofwoma30051gut/30051-8.txt,Senate,ratify,"History of Woman Suffrage, Vol. VI (ed. Ida Husted Harper, 1922), state chapter. ""Thus amended the vote in the Senate stood 21 ayes, 21 noes and Lieutenant Governor H. H. Casteel broke the tie in favor of its adoption."" A tied chamber (margin 0). The House then refused to concur and Mississippi did not ratify until 1984. Date inferred: the source says the Senate substitute went to the House ""the next afternoon, March 31""; ledger dates the state-level rejection 1920-03-29."
19,Mississippi,house,23,94,1920-03-31,FALSE,https://archive.org/download/thehistoryofwoma30051gut/30051-8.txt,House of Representatives,reject,"History of Woman Suffrage, Vol. VI (ed. Ida Husted Harper, 1922), state chapter. ""The substitute was defeated by 94 noes, 23 ayes."" Vote on the Senate ratification substitute, 1920-03-31."
19,Missouri,house,125,4,1919-07-03,FALSE,https://archive.org/download/thehistoryofwoma30051gut/30051-8.txt,House of Representatives,ratify,"History of Woman Suffrage, Vol. VI (ed. Ida Husted Harper, 1922), state chapter. ""The resolution passed the House by a vote of 125 to 4; the Senate by a vote of 29 to 3."""
19,Missouri,senate,29,3,1919-07-03,FALSE,https://archive.org/download/thehistoryofwoma30051gut/30051-8.txt,Senate,ratify,"History of Woman Suffrage, Vol. VI (ed. Ida Husted Harper, 1922), state chapter. ""the Senate by a vote of 29 to 3."""
19,Montana,senate,38,1,1919-07-30,FALSE,https://archive.org/download/thehistoryofwoma30051gut/30051-8.txt,Senate,ratify,"History of Woman Suffrage, Vol. VI (ed. Ida Husted Harper, 1922), state chapter. ""the Federal Suffrage Amendment was ratified on the 2nd by unanimous vote in the House and by 38 to one in the Senate"". DATE CONFLICT: the source dates the special session ""August, 1920"", evidently an error; ledger gives 1919-07-30."
19,New Hampshire,house,212,143,1919-09-09,FALSE,https://archive.org/download/thehistoryofwoma30051gut/30051-8.txt,House of Representatives,ratify,"History of Woman Suffrage, Vol. VI (ed. Ida Husted Harper, 1922), state chapter. ""The special session met on September 9... The House voted on the opening day, 212 ayes to 143 noes."""
19,New Hampshire,senate,14,10,1919-09-10,FALSE,https://archive.org/download/thehistoryofwoma30051gut/30051-8.txt,Senate,ratify,"History of Woman Suffrage, Vol. VI (ed. Ida Husted Harper, 1922), state chapter. ""The real test was in the Senate, which on September 10... The Senate ratified by 14 to 10."""
19,New Jersey,senate,18,2,1920-02-09,FALSE,https://archive.org/download/thehistoryofwoma30051gut/30051-8.txt,Senate,ratify,"History of Woman Suffrage, Vol. VI (ed. Ida Husted Harper, 1922), state chapter. ""That day the Senate ratified by 18 ayes, 2 noes, two men voting in favor who had been pledged against it."""
19,New Jersey,house,34,24,1920-02-09,FALSE,https://archive.org/download/thehistoryofwoma30051gut/30051-8.txt,General Assembly,ratify,"History of Woman Suffrage, Vol. VI (ed. Ida Husted Harper, 1922), state chapter. ""at ten minutes to 1 o'clock in the morning the Assembly passed the resolution by 34 ayes, 24 noes."""
19,New Mexico,senate,17,5,1920-02-18,FALSE,https://archive.org/download/thehistoryofwoma30051gut/30051-8.txt,Senate,ratify,"History of Woman Suffrage, Vol. VI (ed. Ida Husted Harper, 1922), state chapter. ""The vote in the Senate February 18 was 17 ayes... 5 noes, all Republicans."" Ledger dates the state action 1920-02-16."
19,New Mexico,house,36,10,1920-02-19,FALSE,https://archive.org/download/thehistoryofwoma30051gut/30051-8.txt,House of Representatives,ratify,"History of Woman Suffrage, Vol. VI (ed. Ida Husted Harper, 1922), state chapter. ""The vote in the House February 19 was 36 ayes... 10 noes."" Ledger dates the state action 1920-02-16."
19,New York,house,137,0,1919-06-16,FALSE,https://archive.org/download/thehistoryofwoma30051gut/30051-8.txt,Assembly,ratify,"History of Woman Suffrage, Vol. VI (ed. Ida Husted Harper, 1922), state chapter. ""immediately the Assembly ratified by unanimous vote of 137."""
19,North Dakota,senate,41,4,1919-12-01,FALSE,https://archive.org/download/thehistoryofwoma30051gut/30051-8.txt,Senate,ratify,"History of Woman Suffrage, Vol. VI (ed. Ida Husted Harper, 1922), state chapter. ""ratified by the following vote: Senate, 41 ayes, 4 noes with 3 absent; House 102 ayes, 6 noes."" Source says the special session met Dec. 2, 1919; ledger gives 1919-12-01."
19,North Dakota,house,102,6,1919-12-01,FALSE,https://archive.org/download/thehistoryofwoma30051gut/30051-8.txt,House of Representatives,ratify,"History of Woman Suffrage, Vol. VI (ed. Ida Husted Harper, 1922), state chapter. ""House 102 ayes, 6 noes."""
19,Ohio,house,76,6,1919-06-16,FALSE,https://archive.org/download/thehistoryofwoma30051gut/30051-8.txt,House of Representatives,ratify,"History of Woman Suffrage, Vol. VI (ed. Ida Husted Harper, 1922), state chapter. ""The legislators assembled to ratify on June 16 and the House vote was 76 ayes, 6 noes."""
19,Ohio,senate,27,3,1919-06-16,FALSE,https://archive.org/download/thehistoryofwoma30051gut/30051-8.txt,Senate,ratify,"History of Woman Suffrage, Vol. VI (ed. Ida Husted Harper, 1922), state chapter. ""The Senate ratified by a vote of 27 ayes, 3 noes."""
19,Pennsylvania,senate,31,6,1919-06-19,FALSE,https://archive.org/download/thehistoryofwoma30051gut/30051-8.txt,Senate,ratify,"History of Woman Suffrage, Vol. VI (ed. Ida Husted Harper, 1922), state chapter. ""it would come to a vote June 19. The vote stood 31 ayes, 6 noes."""
19,Pennsylvania,house,153,44,1919-06-24,FALSE,https://archive.org/download/thehistoryofwoma30051gut/30051-8.txt,House of Representatives,ratify,"History of Woman Suffrage, Vol. VI (ed. Ida Husted Harper, 1922), state chapter. ""The House voted on June 24, giving 153 ayes, 44 noes."""
19,Rhode Island,house,89,3,1920-01-06,FALSE,https://archive.org/download/thehistoryofwoma30051gut/30051-8.txt,House of Representatives,ratify,"History of Woman Suffrage, Vol. VI (ed. Ida Husted Harper, 1922), state chapter. ""It was passed on roll call by 89 ayes, 3 noes"". Senate passed it the same day by viva voce vote with one dissenting voice (no count)."
19,South Carolina,senate,4,32,1920-01-28,FALSE,https://archive.org/download/thehistoryofwoma30051gut/30051-8.txt,Senate,reject,"History of Woman Suffrage, Vol. VI (ed. Ida Husted Harper, 1922), state chapter. ""on the 28th the resolution went to a vote and received 32 noes, four ayes--Christensen, Duncan, Shelor and Walker."" Vote on the ratifying resolution."
19,South Carolina,house,93,20,1920-01-22,FALSE,https://archive.org/download/thehistoryofwoma30051gut/30051-8.txt,House of Representatives,reject_resolution,"History of Woman Suffrage, Vol. VI (ed. Ida Husted Harper, 1922), state chapter. ""The debate on the resolution to reject extended into the afternoon and the vote resulted in 93 ayes, 20 noes."" YEAS ARE VOTES AGAINST the amendment. A motion to refer was defeated 85 to 26 on the 22nd. Ledger dates the state rejection 1920-01-28."
19,Texas,house,96,20,1919-06-24,FALSE,https://archive.org/download/thehistoryofwoma30051gut/30051-8.txt,House of Representatives,ratify,"History of Woman Suffrage, Vol. VI (ed. Ida Husted Harper, 1922), state chapter. ""The vote stood 96 ayes, 20 noes."" Second special session convened June 23, 1919; the House voted the next morning."
19,Texas,senate,19,10,1919-06-28,FALSE,https://archive.org/download/thehistoryofwoma30051gut/30051-8.txt,Senate,ratify,"History of Woman Suffrage, Vol. VI (ed. Ida Husted Harper, 1922), state chapter. ""On June 28 by a viva voce vote the Senate went on record as the ninth State to ratify... the actual strength being 19 to 10, with one absent."" Passed to third reading June 27 by 18 to 9."
19,Vermont,house,202,3,1921-01-28,FALSE,https://archive.org/download/thehistoryofwoma30051gut/30051-8.txt,House of Representatives,ratify_late,"History of Woman Suffrage, Vol. VI (ed. Ida Husted Harper, 1922), state chapter. ""The resolution to ratify the Federal Suffrage Amendment was read in the House for the third time on January 28 and passed by 202 ayes, 3 noes... On February 8 it passed the Senate unanimously."" Ratified after adoption."
19,Virginia,senate,24,10,1920-02-06,FALSE,https://archive.org/download/thehistoryofwoma30051gut/30051-8.txt,Senate,reject_resolution,"History of Woman Suffrage, Vol. VI (ed. Ida Husted Harper, 1922), state chapter. ""The Ratifying Resolution was defeated. The Rejection Resolution was adopted by 24 to 10 votes."" YEAS ARE VOTES AGAINST the amendment. Vote taken February 6, 1920; ledger dates the state rejection 1920-02-12. The source also gives a House figure (""in the House by 16 to 22"") that is internally inconsistent and is omitted here."
19,West Virginia,house,47,40,1920-03-03,FALSE,https://archive.org/download/thehistoryofwoma30051gut/30051-8.txt,House of Delegates,ratify,"History of Woman Suffrage, Vol. VI (ed. Ida Husted Harper, 1922), state chapter. ""The vote was taken on Wednesday and stood 47 ayes, 40 noes in the House."" Margin 8.0 points. DATE INFERRED: the special session convened Friday 1920-02-27 and the source says the House voted ""on Wednesday""; 1920-03-03 is the first Wednesday after."
19,West Virginia,senate,14,14,1920-03-01,FALSE,https://archive.org/download/thehistoryofwoma30051gut/30051-8.txt,Senate,fail_tie,"History of Woman Suffrage, Vol. VI (ed. Ida Husted Harper, 1922), state chapter. ""The vote was 14 to 14 in the Senate. A motion to reconsider was lost by the same vote."" Tied, so failed. Sen. Jesse A. Bloch was in California and was refused a pair; he crossed the country by special train. DATE INFERRED (same week as the House vote). DATE CORRECTED to 1920-03-01 on the WV Division of Culture & History exhibit: ""On March 1, the Senate voted 14-14 on the resolution""."
19,West Virginia,senate,16,13,1920-03-10,FALSE,https://archive.org/download/thehistoryofwoma30051gut/30051-8.txt,Senate,ratify,"History of Woman Suffrage, Vol. VI (ed. Ida Husted Harper, 1922), state chapter. ""He arrived on March 10 and took his seat in the Senate... at 6 o'clock in the afternoon the vote was taken--16 ayes, 13 noes, one opponent changing his vote when he saw the resolution would pass."" CORROBORATED by the West Virginia Division of Culture & History exhibit citing the 1920 Senate Journal: ""ratifying it by a vote of 16 to 13 and making West Virginia the 34th state"". CONFLICT: the widely repeated figure is 15-14 (w-v Encyclopedia, ""In a 15-14 vote in the state senate on March 10, 1920""), but both 15-14 sources trace to a single author while 16-13 has two independent sources including the state archive. Using 16-13."
19,Connecticut,house,216,11,1920-09-14,FALSE,https://archive.org/download/thehistoryofwoma30051gut/30051-8.txt,House of Representatives,ratify_late,"History of Woman Suffrage, Vol. VI (ed. Ida Husted Harper, 1922), state chapter. ""by unanimous vote in the Senate and by a vote of 216 to 11 in the House, the Federal Suffrage Amendment was ratified"". Ratified after adoption; re-ratified in 1921 (Senate unanimous, House 194 to 9)."
19,Delaware,senate,11,6,1920-05-05,FALSE,https://archive.org/download/thehistoryofwoma30051gut/30051-8.txt,Senate,ratify,"History of Woman Suffrage, Vol. VI (ed. Ida Husted Harper, 1922), state chapter. ""The resolution to ratify the Federal Suffrage Amendment was called up in the Senate by Senator Walker Wednesday, May 5... it was adopted by 11 ayes, 6 noes."" The Delaware House then refused to act and the state rejected the amendment (ledger: 1920-06-02); Delaware ratified in 1923."
19,Colorado,house,,,1919-12-12,FALSE,https://archive.org/download/thehistoryofwoma30051gut/30051-8.txt,House of Representatives,ratify,"History of Woman Suffrage, Vol. VI (ed. Ida Husted Harper, 1922), state chapter. NO COUNTS RECORDED: ""the ratification was completed on the 12th, both Houses voting unanimously in favor."""
19,Colorado,senate,,,1919-12-12,FALSE,https://archive.org/download/thehistoryofwoma30051gut/30051-8.txt,Senate,ratify,"History of Woman Suffrage, Vol. VI (ed. Ida Husted Harper, 1922), state chapter. NO COUNTS RECORDED: ""both Houses voting unanimously in favor."""
19,Kansas,house,,,1919-06-16,FALSE,https://archive.org/download/thehistoryofwoma30051gut/30051-8.txt,House of Representatives,ratify,"History of Woman Suffrage, Vol. VI (ed. Ida Husted Harper, 1922), state chapter. NO COUNTS RECORDED: ""it was passed unanimously on June 16 by both Houses."""
19,Kansas,senate,,,1919-06-16,FALSE,https://archive.org/download/thehistoryofwoma30051gut/30051-8.txt,Senate,ratify,"History of Woman Suffrage, Vol. VI (ed. Ida Husted Harper, 1922), state chapter. NO COUNTS RECORDED: ""passed unanimously on June 16 by both Houses."""
19,Michigan,house,,,1919-06-10,FALSE,https://archive.org/download/thehistoryofwoma30051gut/30051-8.txt,House of Representatives,ratify,"History of Woman Suffrage, Vol. VI (ed. Ida Husted Harper, 1922), state chapter. NO COUNTS RECORDED: ""The Senate and House at once voted unanimously in favor of ratification."""
19,Michigan,senate,,,1919-06-10,FALSE,https://archive.org/download/thehistoryofwoma30051gut/30051-8.txt,Senate,ratify,"History of Woman Suffrage, Vol. VI (ed. Ida Husted Harper, 1922), state chapter. NO COUNTS RECORDED: ""The Senate and House at once voted unanimously in favor of ratification."""
19,Nebraska,house,,,1919-08-02,FALSE,https://archive.org/download/thehistoryofwoma30051gut/30051-8.txt,House of Representatives,ratify,"History of Woman Suffrage, Vol. VI (ed. Ida Husted Harper, 1922), state chapter. NO COUNTS RECORDED: ""the ratification of both Houses on August 2 by unanimous vote."""
19,Nebraska,senate,,,1919-08-02,FALSE,https://archive.org/download/thehistoryofwoma30051gut/30051-8.txt,Senate,ratify,"History of Woman Suffrage, Vol. VI (ed. Ida Husted Harper, 1922), state chapter. NO COUNTS RECORDED: ""the ratification of both Houses on August 2 by unanimous vote."""
19,South Dakota,house,,,1919-12-04,FALSE,https://archive.org/download/thehistoryofwoma30051gut/30051-8.txt,House of Representatives,ratify,"History of Woman Suffrage, Vol. VI (ed. Ida Husted Harper, 1922), state chapter. NO COUNTS RECORDED: ""unanimously ratified the Federal Suffrage Amendment... on the 4th by unanimous vote."""
19,South Dakota,senate,,,1919-12-04,FALSE,https://archive.org/download/thehistoryofwoma30051gut/30051-8.txt,Senate,ratify,"History of Woman Suffrage, Vol. VI (ed. Ida Husted Harper, 1922), state chapter. NO COUNTS RECORDED: ""unanimously ratified the Federal Suffrage Amendment... on the 4th by unanimous vote."""
19,Utah,house,,,1919-09-30,FALSE,https://archive.org/download/thehistoryofwoma30051gut/30051-8.txt,House of Representatives,ratify,"History of Woman Suffrage, Vol. VI (ed. Ida Husted Harper, 1922), state chapter. NO COUNTS RECORDED: ""was ratified unanimously by both Houses within thirty minutes."""
19,Utah,senate,,,1919-09-30,FALSE,https://archive.org/download/thehistoryofwoma30051gut/30051-8.txt,Senate,ratify,"History of Woman Suffrage, Vol. VI (ed. Ida Husted Harper, 1922), state chapter. NO COUNTS RECORDED: ""was ratified unanimously by both Houses within thirty minutes."""
19,Wyoming,house,,,1920-01-26,FALSE,https://archive.org/download/thehistoryofwoma30051gut/30051-8.txt,House of Representatives,ratify,"History of Woman Suffrage, Vol. VI (ed. Ida Husted Harper, 1922), state chapter. NO COUNTS RECORDED: ""The vote was unanimous in each House."""
19,Wyoming,senate,,,1920-01-26,FALSE,https://archive.org/download/thehistoryofwoma30051gut/30051-8.txt,Senate,ratify,"History of Woman Suffrage, Vol. VI (ed. Ida Husted Harper, 1922), state chapter. NO COUNTS RECORDED: ""The vote was unanimous in each House."""
19,Idaho,house,,,1920-02-11,FALSE,https://archive.org/download/thehistoryofwoma30051gut/30051-8.txt,House of Representatives,ratify,"History of Woman Suffrage, Vol. VI (ed. Ida Husted Harper, 1922), state chapter. NO COUNTS RECORDED: ""It was carried unanimously in the House."""
19,Nevada,senate,,,1920-02-07,FALSE,https://archive.org/download/thehistoryofwoma30051gut/30051-8.txt,Senate,ratify,"History of Woman Suffrage, Vol. VI (ed. Ida Husted Harper, 1922), state chapter. NO COUNTS RECORDED: ""a message from the Senate was received stating that the resolution had passed unanimously."""
19,Illinois,senate,,,1919-06-10,FALSE,https://archive.org/download/thehistoryofwoma30051gut/30051-8.txt,Senate,ratify,"History of Woman Suffrage, Vol. VI (ed. Ida Husted Harper, 1922), state chapter. NO COUNTS RECORDED: ""The vote in the Senate was unanimous."""
19,California,senate,,,1919-11-01,FALSE,https://archive.org/download/thehistoryofwoma30051gut/30051-8.txt,Senate,ratify,"History of Woman Suffrage, Vol. VI (ed. Ida Husted Harper, 1922), state chapter. NO COUNTS RECORDED: ""the vote in favor was unanimous in the Senate."""
19,Connecticut,senate,,,1920-09-14,FALSE,https://archive.org/download/thehistoryofwoma30051gut/30051-8.txt,Senate,ratify_late,"History of Woman Suffrage, Vol. VI (ed. Ida Husted Harper, 1922), state chapter. NO COUNTS RECORDED: ""by unanimous vote in the Senate."" Ratified after adoption."
19,Vermont,senate,,,1921-02-08,FALSE,https://archive.org/download/thehistoryofwoma30051gut/30051-8.txt,Senate,ratify_late,"History of Woman Suffrage, Vol. VI (ed. Ida Husted Harper, 1922), state chapter. NO COUNTS RECORDED: ""On February 8 it passed the Senate unanimously."" Ratified after adoption."
25,Nevada,house,33,0,1967-02-09,TRUE,https://www.leg.state.nv.us/assembly/Journals/1967%2054th%20Session%20Journal%20of%20the%20Nevada%20State%20Assembly.pdf,Assembly,ratify,"Nevada Assembly Journal, 54th Session, 1967: ""Roll call on Assembly Joint Resolution No. 6:"" / ""YEAs-33."" / ""NAYS-None."" / ""Absent-Ashworth, Bishop, Howard, Jacobsen, Manning, Prince, Wood-7."" Legislative day ""CARSON CITY (Thursday), February 9, 1967"". Decisive state: Nevada was the 38th to ratify, 1967-02-10."
25,Nevada,senate,,,1967-02-10,TRUE,https://www.leg.state.nv.us/assembly/Journals/1967%2054th%20Session%20Journal%20of%20the%20Nevada%20State%20Assembly.pdf,Senate,ratify,"NO COUNTS AVAILABLE. Nevada Assembly Journal records the Senate message under ""SENATE CHAMBER, Carson City, February 10, 1967"": ""passed Assembly Joint Resolutions Nos. 6, 10."" This fixes Nevada's Senate concurrence, and the state ratification, at 1967-02-10 but carries no tally. Nevada Senate Journals are digitized online only back to 2005; the 1967 Senate Journal is print-only."
26,Ohio,house,81,9,1971-06-30,FALSE,https://archive.lib.msu.edu/DMC/state_news/1971/state_news_19710702.pdf,House of Representatives,ratify,"Associated Press dispatch (COLUMBUS), printed in the Michigan State University State News, 1971-07-02, p.1, ""Vote at 18 made law, 38 states OK plan"". OCR breaks the sentence; contiguous strings are ""House, with 99 members,"" and ""81-9, one day after"". Contemporaneous journalism, not the Ohio House Journal."
26,Ohio,senate,30,2,1971-06-29,FALSE,https://archive.lib.msu.edu/DMC/state_news/1971/state_news_19710702.pdf,Senate,ratify,"Same AP dispatch: ""he Senate passed it 30-2."" (leading T lost to OCR). DATE INFERRED from ""one day after"" relative to the House vote of 1971-06-30."
13,Minnesota,house,33,5,1865-02-23,FALSE,https://www.lrl.mn.gov/history/usconamd_data.aspx,House of Representatives,ratify,"Minnesota Legislative Reference Library, ""U.S. Constitutional Amendments Ratified by Minnesota"" table (official state legislative-library compilation drawn from the Journals; verified against the saved raw HTML). The table gives one state ratification date, not separate per-chamber dates. House 33-5 of 42 members."
13,Minnesota,senate,17,1,1865-02-23,FALSE,https://www.lrl.mn.gov/history/usconamd_data.aspx,Senate,ratify,"Minnesota Legislative Reference Library, ""U.S. Constitutional Amendments Ratified by Minnesota"" table (official state legislative-library compilation drawn from the Journals; verified against the saved raw HTML). The table gives one state ratification date, not separate per-chamber dates. Senate 17-1 of 21 members."
14,Minnesota,house,40,5,1867-01-17,FALSE,https://www.lrl.mn.gov/history/usconamd_data.aspx,House of Representatives,ratify,"Minnesota Legislative Reference Library, ""U.S. Constitutional Amendments Ratified by Minnesota"" table (official state legislative-library compilation drawn from the Journals; verified against the saved raw HTML). The table gives one state ratification date, not separate per-chamber dates. House 40-5 of 47 members."
14,Minnesota,senate,16,5,1867-01-17,FALSE,https://www.lrl.mn.gov/history/usconamd_data.aspx,Senate,ratify,"Minnesota Legislative Reference Library, ""U.S. Constitutional Amendments Ratified by Minnesota"" table (official state legislative-library compilation drawn from the Journals; verified against the saved raw HTML). The table gives one state ratification date, not separate per-chamber dates. Senate 16-5 of 22 members."
15,Minnesota,house,28,15,1870-01-13,FALSE,https://www.lrl.mn.gov/history/usconamd_data.aspx,House of Representatives,ratify,"Minnesota Legislative Reference Library, ""U.S. Constitutional Amendments Ratified by Minnesota"" table (official state legislative-library compilation drawn from the Journals; verified against the saved raw HTML). The table gives one state ratification date, not separate per-chamber dates. House 28-15 of 47 members (60% yes) - the lowest yes-share of any Minnesota ratification in the table."
15,Minnesota,senate,13,6,1870-01-13,FALSE,https://www.lrl.mn.gov/history/usconamd_data.aspx,Senate,ratify,"Minnesota Legislative Reference Library, ""U.S. Constitutional Amendments Ratified by Minnesota"" table (official state legislative-library compilation drawn from the Journals; verified against the saved raw HTML). The table gives one state ratification date, not separate per-chamber dates. Senate 13-6 of 22 members (59% yes)."
16,Minnesota,house,89,0,1912-06-11,FALSE,https://www.lrl.mn.gov/history/usconamd_data.aspx,House of Representatives,ratify,"Minnesota Legislative Reference Library, ""U.S. Constitutional Amendments Ratified by Minnesota"" table (official state legislative-library compilation drawn from the Journals; verified against the saved raw HTML). The table gives one state ratification date, not separate per-chamber dates. House 89-0 of 120 members."
16,Minnesota,senate,49,5,1912-06-11,FALSE,https://www.lrl.mn.gov/history/usconamd_data.aspx,Senate,ratify,"Minnesota Legislative Reference Library, ""U.S. Constitutional Amendments Ratified by Minnesota"" table (official state legislative-library compilation drawn from the Journals; verified against the saved raw HTML). The table gives one state ratification date, not separate per-chamber dates. Senate 49-5 of 63 members."
17,Minnesota,house,90,0,1912-06-10,FALSE,https://www.lrl.mn.gov/history/usconamd_data.aspx,House of Representatives,ratify,"Minnesota Legislative Reference Library, ""U.S. Constitutional Amendments Ratified by Minnesota"" table (official state legislative-library compilation drawn from the Journals; verified against the saved raw HTML). The table gives one state ratification date, not separate per-chamber dates. House 90-0 of 120 members."
17,Minnesota,senate,51,0,1912-06-10,FALSE,https://www.lrl.mn.gov/history/usconamd_data.aspx,Senate,ratify,"Minnesota Legislative Reference Library, ""U.S. Constitutional Amendments Ratified by Minnesota"" table (official state legislative-library compilation drawn from the Journals; verified against the saved raw HTML). The table gives one state ratification date, not separate per-chamber dates. Senate 51-0 of 63 members."
18,Minnesota,house,92,36,1919-01-17,FALSE,https://www.lrl.mn.gov/history/usconamd_data.aspx,House of Representatives,ratify,"Minnesota Legislative Reference Library, ""U.S. Constitutional Amendments Ratified by Minnesota"" table (official state legislative-library compilation drawn from the Journals; verified against the saved raw HTML). The table gives one state ratification date, not separate per-chamber dates. House 92-36 of 130 members. Minnesota ratified the day after adoption (1919-01-16)."
18,Minnesota,senate,48,11,1919-01-17,FALSE,https://www.lrl.mn.gov/history/usconamd_data.aspx,Senate,ratify,"Minnesota Legislative Reference Library, ""U.S. Constitutional Amendments Ratified by Minnesota"" table (official state legislative-library compilation drawn from the Journals; verified against the saved raw HTML). The table gives one state ratification date, not separate per-chamber dates. Senate 48-11 of 67 members."
20,Minnesota,house,118,0,1933-01-12,FALSE,https://www.lrl.mn.gov/archive/US_Constitutional_Amendments/20_housevote.pdf,House of Representatives,ratify,"Journal of the House, Minnesota, p.101, 7th Day, Thursday January 12, 1933, S.F. No. 94: ""And the roll being called, there were yeas 118 and nays none, as"". Primary journal roll-call page published by the Minnesota Legislative Reference Library."
20,Minnesota,senate,62,0,1933-01-12,FALSE,https://www.lrl.mn.gov/archive/US_Constitutional_Amendments/20_senatevote.pdf,Senate,ratify,"Journal of the Senate, Minnesota, p.69, 8th Day, Thursday January 12, 1933, S.F. No. 94: ""yeas 62"". (OCR doubles words on this line.) Primary journal roll-call page."
21,Minnesota,convention,21,0,1933-10-10,FALSE,https://www.lrl.mn.gov/history/usconamd_data.aspx,Ratifying Convention,ratify,"Minnesota Legislative Reference Library, ""U.S. Constitutional Amendments Ratified by Minnesota"" table (official state legislative-library compilation drawn from the Journals; verified against the saved raw HTML). The table gives one state ratification date, not separate per-chamber dates. Governor Action column reads ""None (21-0 State Convention Vote)"". Minnesota ratified by convention, not by the legislature."
22,Minnesota,house,80,43,1951-02-27,TRUE,https://www.lrl.mn.gov/archive/US_Constitutional_Amendments/22_housevote.pdf,House of Representatives,ratify,"Journal of the House, Minnesota, p.651, Tuesday February 27, 1951: ""And the roll being called, there were yeas 80, and nays 43, as"". DECISIVE STATE: this chamber action completed national ratification of the 22nd Amendment (36th of 48). The journal also records ""Mr. Dunn moved that those not voting be excused from voting. Which motion lost."" - the roll call was forced. 65.0% yes."
22,Minnesota,senate,39,27,1951-02-13,TRUE,https://www.lrl.mn.gov/archive/US_Constitutional_Amendments/22_senatevote.pdf,Senate,ratify,"Journal of the Senate, Minnesota, p.345, 28th Day, Tuesday February 13, 1951, S.F. No. 15: ""And the roll being called, there were yeas 39, and nays 27, as"". DECISIVE STATE for the 22nd Amendment. 59.1% yes, a 12-vote margin on a 66-seat chamber - 5 votes to spare over the 34 needed. The closest decisive-state legislative vote in this dataset after New Hampshire 1804 and Tennessee 1920."
23,Minnesota,house,123,0,1961-01-31,FALSE,https://www.lrl.mn.gov/archive/US_Constitutional_Amendments/23_housevote.pdf,House of Representatives,ratify,"Journal of the House, Minnesota, p.219, 19th Day, Tuesday January 31, 1961: ""roll being called, there were yeas 123, and nays 0, as follows:""."
23,Minnesota,senate,58,0,1961-01-17,FALSE,https://www.lrl.mn.gov/archive/US_Constitutional_Amendments/23_senatevote.pdf,Senate,ratify,"Journal of the Senate, Minnesota, p.57, 9th Day, Tuesday January 17, 1961, S.F. No. 5: ""And the roll being called, there were yeas 58, and nays none,""."
24,Minnesota,house,121,0,1963-02-19,FALSE,https://www.lrl.mn.gov/archive/US_Constitutional_Amendments/24_housevote.pdf,House of Representatives,ratify,"Journal of the House, Minnesota, p.380, 29th Day, Tuesday February 19, 1963, H.F. No. 66 (""A resolution ratifying a proposed amendment to the Constitution of the United States of America to outlaw the poll tax""): ""being called, there were yeas 121, and nays 0, as follows:"". CAUTION: the same PDF holds two other roll calls (127-0 on H.F. 410, and one with Dickinson as sole nay); only the 121-0 follows the H.F. 66 caption."
24,Minnesota,senate,59,0,1963-02-27,FALSE,https://www.lrl.mn.gov/archive/US_Constitutional_Amendments/24_senatevote.pdf,Senate,ratify,"Journal of the Senate, Minnesota, 35th Day, Wednesday February 27, 1963: ""And the roll being called, there were yeas 59, and nays none,"". CAUTION: ""yeas 61, and nays none"" and ""yeas 61, and nays 1"" on the same scan belong to other bills; only the 59-0 follows the H.F. 66 poll-tax caption."
25,Minnesota,house,124,7,1967-02-10,FALSE,https://www.lrl.mn.gov/history/usconamd_data.aspx,House of Representatives,ratify,"Minnesota Legislative Reference Library, ""U.S. Constitutional Amendments Ratified by Minnesota"" table (official state legislative-library compilation drawn from the Journals; verified against the saved raw HTML). The table gives one state ratification date, not separate per-chamber dates. House 124-7 of 135 members. Minnesota ratified the same day as Nevada and is counted 37th; Nevada is the decisive 38th."
25,Minnesota,senate,64,0,1967-02-10,FALSE,https://www.lrl.mn.gov/history/usconamd_data.aspx,Senate,ratify,"Minnesota Legislative Reference Library, ""U.S. Constitutional Amendments Ratified by Minnesota"" table (official state legislative-library compilation drawn from the Journals; verified against the saved raw HTML). The table gives one state ratification date, not separate per-chamber dates. Senate 64-0 of 67 members."
26,Minnesota,house,126,3,1971-03-23,FALSE,https://www.lrl.mn.gov/history/usconamd_data.aspx,House of Representatives,ratify,"Minnesota Legislative Reference Library, ""U.S. Constitutional Amendments Ratified by Minnesota"" table (official state legislative-library compilation drawn from the Journals; verified against the saved raw HTML). The table gives one state ratification date, not separate per-chamber dates. House 126-3 of 135 members. Minnesota ratified the same day Congress proposed the amendment."
26,Minnesota,senate,59,0,1971-03-23,FALSE,https://www.lrl.mn.gov/history/usconamd_data.aspx,Senate,ratify,"Minnesota Legislative Reference Library, ""U.S. Constitutional Amendments Ratified by Minnesota"" table (official state legislative-library compilation drawn from the Journals; verified against the saved raw HTML). The table gives one state ratification date, not separate per-chamber dates. Senate 59-0 of 67 members."
27,Minnesota,house,126,2,1989-05-22,FALSE,https://www.lrl.mn.gov/history/usconamd_data.aspx,House of Representatives,ratify,"Minnesota Legislative Reference Library, ""U.S. Constitutional Amendments Ratified by Minnesota"" table (official state legislative-library compilation drawn from the Journals; verified against the saved raw HTML). The table gives one state ratification date, not separate per-chamber dates. House 126-2 of 134 members."
27,Minnesota,senate,63,4,1989-05-22,FALSE,https://www.lrl.mn.gov/history/usconamd_data.aspx,Senate,ratify,"Minnesota Legislative Reference Library, ""U.S. Constitutional Amendments Ratified by Minnesota"" table (official state legislative-library compilation drawn from the Journals; verified against the saved raw HTML). The table gives one state ratification date, not separate per-chamber dates. Senate 63-4 of 67 members."
12,New Hampshire,house,81,73,1804-06-15,TRUE,https://babel.hathitrust.org/cgi/pt/search?q1=Nays&id=uiug.30112108098069&sz=100&view=1up&start=1,House of Representatives,ratify,"Journal of the House of Representatives of the State of New-Hampshire, June 1804 session, pp. 46-47 (HathiTrust uiug.30112108098069): ""Yeas 81-Nays; 73. So it paffed to be enacted."" (long-s OCR). DECISIVE: New Hampshire was the 13th of 17 states, completing the 12th Amendment. Margin 5.2 points - the narrowest decisive-state vote in this dataset. Gov. John Taylor Gilman then VETOED the ratifying act on 1804-06-20 and the House failed to repass it (""Yeas 76-Nays; 68. So it does not become a Law, there not being two thirds of the members in favour of it.""); the orthodox view is that Article V vests the power in the legislature so the veto is irrelevant."
12,New Hampshire,senate,7,5,1804-06-15,TRUE,https://babel.hathitrust.org/cgi/pt/search?q1=ratify&id=nyp.33433010041774&sz=25&view=1up&start=1,Senate,ratify,"Journal of the Senate of New Hampshire, 1804, p. 25 (HathiTrust nyp.33433010041774): ""the yeas and nays were required, and were-Yeas 7-Nays 5, fo it was enacted."""
14,South Carolina,senate,23,5,1868-07-08,TRUE,https://archive.org/download/adoptionoffourte00flacuoft/adoptionoffourte00flacuoft_djvu.txt,Senate,ratify,"Flack, ""The Adoption of the Fourteenth Amendment"" (1908), citing the state legislative journals. ""the vote in the Senate, July 8, 1868, was 23 to 5,"" citing S.C. Senate Journal, 1868, p. 12. DATE CONFLICT: Presidential Proclamation 173 says the two houses passed the resolution ""on the 7th and 9th of July, 1868""; Flack dates the Senate 8 July. Tally is the reliable part."
14,South Carolina,house,108,12,1868-07-09,TRUE,https://archive.org/download/adoptionoffourte00flacuoft/adoptionoffourte00flacuoft_djvu.txt,House of Representatives,ratify,"Flack, ""The Adoption of the Fourteenth Amendment"" (1908), citing the state legislative journals. ""while that in the House the next day was 108 to 12."" citing S.C. House Journal, 1868, p. 50. DECISIVE: this is the vote that carried the 14th Amendment past three-quarters (28th of 37 states)."
18,Nebraska,house,98,0,1919-01-16,TRUE,https://nebnewspapers.unl.edu/lccn/sn99021999/1919-01-17/ed-1/seq-2/,House of Representatives,ratify,"Omaha Daily Bee, 1919-01-17, p.2, quoting the Nebraska Secretary of State's telegram verbatim: ""yeas, 98; nays, 0."" DECISIVE: the House concurrence in the Senate joint resolution at 10:25 a.m. completed Nebraska's ratification and made it the 36th state. Headline same page: ""NEBRASKA PUTS DRY AMENDMENT IN FORCE BY VOTE / Thirty-Sixth State to Ratify"". Nebraska was bicameral in 1919 (the unicameral began 1937)."
18,Nebraska,senate,31,1,1919-01-14,TRUE,https://nebnewspapers.unl.edu/lccn/sn99021999/1919-01-17/ed-1/seq-2/,Senate,ratify,"Omaha Daily Bee, 1919-01-17, p.2, quoting the Nebraska Secretary of State's telegram: ""oil the 14th instant: Yeas, 31; Nays, / 1."" (""oil"" is OCR of ""on""; the nay count wraps to the next line)."
18,Nebraska,house,96,0,1919-01-15,TRUE,https://nebnewspapers.unl.edu/lccn/sn99021999/1919-01-16/ed-1/seq-1/,House of Representatives,ratify,"PRECURSOR VOTE, not the operative one. Omaha Daily Bee, 1919-01-16, p.1: ""96 for and none against"". On 1919-01-15 the House adopted its OWN ratification resolution 96-0 (three members absent); the same article states this ""does not complete ratification for Nebraska"". Final action was the 98-0 on the Senate resolution the next morning."
17,Connecticut,house,150,77,1913-04-08,TRUE,https://newspapers.digitalnc.org/lccn/sn91068253/1913-04-08/ed-1/seq-1/,House of Representatives,ratify,"The Evening Chronicle (Charlotte, N.C.), 1913-04-08, p.1, Hartford dateline: ""It was approved in the House / 150 to 77 and passed the Senate unan / imously."" DECISIVE: Connecticut was the 36th state for the 17th Amendment. 150/227 = 66.1% yes - the amendment cleared its final state with roughly a third of that chamber opposed."
17,Connecticut,senate,,,1913-04-08,TRUE,https://newspapers.digitalnc.org/lccn/sn91068253/1913-04-08/ed-1/seq-1/,Senate,ratify,"NO COUNTS AVAILABLE. Same dispatch: ""passed the Senate unan / imously."" Zero nays is verbatim-supported; no yea count was published. Date corroborated by the Meyersdale Commercial 1913-04-10 (""Connecticut the thirty-sixth state to ratify ... took action on Tuesday"")."
27,Alabama,house,65,0,1992-05-05,TRUE,https://archive.org/download/alabama-house-journal-1992-v3/HJ_1992_v3_djvu.txt,House of Representatives,ratify,"Alabama House Journal, 1992 Regular Session, Twenty-Eighth Day, Tuesday May 5 1992: ""On motion of Representative McKee, the resolution, S.J.R. 17, was adopted."" immediately followed by ""Yeas 65; Nays 0."" with the full 65-name yea roll. DECISIVE STATE: Wikipedia states ""Michigan's May 7, 1992, ratification was believed to be the 38th state, but it later came to light that the Kentucky General Assembly had ratified the amendment during that state's initial month of statehood, making Alabama (which acted after Missouri on May 5, 1992) the state to finalize the amendment"". Rep. Kenny Marchant, Cong. Rec. 2017-05-24 E709, likewise credits ""the Alabama Legislature became the 38th to approve it on this date in 1992"". Michigan is the state popularly credited at the time."
27,Alabama,senate,,,1992-02-19,TRUE,https://archive.org/download/alabama-senate-journal-1992-v1/SJ_1992_v1_djvu.txt,Senate,ratify,"NO TALLY EXISTS. Alabama Senate Journal, 1992 Regular Session, Sixth Legislative Day, Wednesday February 19 1992: ""On motion of Senator Little, the Rules were suspended and the Resolution was adopted by the Senate."" S.J.R. 17 originated in the Senate (Senators Little and Bennett) and was adopted on a suspension-of-rules motion with no recorded vote. Alabama's ratification was completed by the House concurrence of 1992-05-05."
1,Virginia,house,,,1791-12-05,TRUE,https://archive.org/download/documentaryhisto02unituoft/documentaryhisto02unituoft_djvu.txt,House of Delegates,ratify,"NO RECORDED TALLY. Documentary History of the Constitution of the United States, vol. 2 (Dept. of State, 1894), pp. 385-390: the certified instrument Virginia transmitted repeats one formula per article - ""Resolved that the second Article of the Amendments proposed by Congress to the Constitution of the United States be ratified by this Commonwealth. December 15 1791."" - with ""Agreed to by the Senate."" and the two Speakers' signatures, and NO vote count anywhere. House of Delegates acted 1791-12-05, Senate concurred 1791-12-15. Virginia was the 11th of 14 states, completing Amendments 1-10. THE SAME ROW APPLIES TO AMENDMENTS 1 THROUGH 10 (one instrument, one set of resolutions)."
1,Virginia,senate,,,1791-12-15,TRUE,https://archive.org/download/documentaryhisto02unituoft/documentaryhisto02unituoft_djvu.txt,Senate,ratify,"NO RECORDED TALLY. Same instrument: ""December 15 1791. John Pride S. S. Agreed to by the Senate."" Applies to Amendments 1-10. NOTE: a Virginia Senate vote of 8-7 in 1789 is sometimes cited; it could be neither verified nor refuted and is NOT reported here."
11,North Carolina,house,,,1795-02-07,TRUE,https://archive.org/download/documentaryhisto02unituoft/documentaryhisto02unituoft_djvu.txt,House of Commons,ratify,"NO RECORDED TALLY. Documentary History of the Constitution, vol. 2, pp. 402-404: North Carolina ratified by statute, ""An Act ratifying an Amendment to the Constitution of the United States of America,"" read three times in each house. The certified copy records ""Read three times and Ratifyed in general Assembly the 7th day of February 1795."" signed by William Lenoir (Speaker of the Senate) and Timothy Bloodworth (Speaker of the House of Commons) - readings and ratification, but no division. DECISIVE: 12th of 15 states for the 11th Amendment."
11,North Carolina,senate,,,1795-02-07,TRUE,https://archive.org/download/documentaryhisto02unituoft/documentaryhisto02unituoft_djvu.txt,Senate,ratify,"NO RECORDED TALLY. Same Act, same certification; no division recorded."
11,Virginia,house,,,1794-11-15,FALSE,https://archive.org/download/documentaryhisto02unituoft/documentaryhisto02unituoft_djvu.txt,House of Delegates,ratify,"NO RECORDED TALLY. Documentary History of the Constitution, vol. 2, p. 392: ""In the House of Delegates, Saturday November the 15 1794"" then ""Tuesday November the 18 1794, Passed the Senate (Sign'd) H: Brooke C. S."" - no counts. Virginia was the first state to ratify the 11th Amendment."
14,Louisiana,senate,22,11,1868-07-09,FALSE,https://archive.org/download/adoptionoffourte00flacuoft/adoptionoffourte00flacuoft_djvu.txt,Senate,ratify,"Flack, ""The Adoption of the Fourteenth Amendment"" (1908), citing the state legislative journals: ""the Senate of Louisiana the vote was 22 to 11, July 9."" citing La. Senate Journal, 1868, p. 21. Louisiana is counted 27th, the same day as decisive South Carolina. Flack gives no Louisiana House figure."
14,Tennessee,house,43,11,1866-07-19,FALSE,https://archive.org/download/adoptionoffourte00flacuoft/adoptionoffourte00flacuoft_djvu.txt,House of Representatives,ratify,"Flack, ""The Adoption of the Fourteenth Amendment"" (1908), citing the state legislative journals: ""1866, by a vote of 43 to 11, the two members under arrest"" citing Tenn. House Journal (Extra Session), 1866, p. 25. The famous quorum fight: two members were arrested and held in an adjoining room and refused to vote; the Speaker ruled no quorum and was overruled from the floor. The tally rests on a contested quorum ruling."
14,New Jersey,house,34,29,1866-09-11,FALSE,https://archive.org/download/adoptionoffourte00flacuoft/adoptionoffourte00flacuoft_djvu.txt,General Assembly,ratify,"Flack, ""The Adoption of the Fourteenth Amendment"" (1908), citing the state legislative journals: ""ratified the following day in the House by vote of 34 to 29"" - the closest 14th Amendment ratification vote found (margin 7.9 points). Same sentence: ""in the Senate it received 11 votes, the 10 Democrats not voting"" - a walkout, not a contested tally. Flack cites Annual Cyclopedia 1866 pp. 539-40, not a journal."
14,Oregon,house,25,21,1866-09-19,FALSE,https://archive.org/download/adoptionoffourte00flacuoft/adoptionoffourte00flacuoft_djvu.txt,House of Representatives,ratify,"Flack, ""The Adoption of the Fourteenth Amendment"" (1908), citing the state legislative journals: ""by a vote of 25 to 21."" Margin 8.7 points. The minority filed a protest alleging some members were not entitled to their seats - relevant to Oregon's later rescission."
14,Oregon,senate,13,9,1866-09-14,FALSE,https://archive.org/download/adoptionoffourte00flacuoft/adoptionoffourte00flacuoft_djvu.txt,Senate,ratify,"Flack, ""The Adoption of the Fourteenth Amendment"" (1908), citing the state legislative journals: ""later by a vote of 13 to 9, after having rejected an amend-"" citing Oregon Senate Journal, 1866, pp. 34-36."
14,Ohio,senate,19,17,1868-01-13,FALSE,https://archive.org/download/adoptionoffourte00flacuoft/adoptionoffourte00flacuoft_djvu.txt,Senate,rescind,"Flack, ""The Adoption of the Fourteenth Amendment"" (1908), citing the state legislative journals: ""by a vote of 19 to 17."" RESCISSION - vote to withdraw Ohio's assent. Ohio was the first state ever to rescind a ratification. Margin 5.6 points. YEAS ARE VOTES TO WITHDRAW."
14,Ohio,house,52,37,1868-01-11,FALSE,https://archive.org/download/adoptionoffourte00flacuoft/adoptionoffourte00flacuoft_djvu.txt,House of Representatives,rescind,"Flack, ""The Adoption of the Fourteenth Amendment"" (1908), citing the state legislative journals: ""January 11, 1868, by a vote of 52 to 37."" RESCISSION, citing Ohio House Journal, 1868, pp. 12 and 32. YEAS ARE VOTES TO WITHDRAW."
14,New Jersey,senate,11,9,1868-03-05,FALSE,https://archive.org/download/adoptionoffourte00flacuoft/adoptionoffourte00flacuoft_djvu.txt,Senate,rescind,"Flack, ""The Adoption of the Fourteenth Amendment"" (1908), citing the state legislative journals: ""a second time, March 5, by a vote of 11 to 9,"" RESCISSION, citing N.J. Senate Journal 1868 p. 356. Margin 10.0 points. YEAS ARE VOTES TO WITHDRAW."
14,Connecticut,senate,11,6,1866-06-25,FALSE,https://archive.org/download/adoptionoffourte00flacuoft/adoptionoffourte00flacuoft_djvu.txt,Senate,ratify,"Flack, ""The Adoption of the Fourteenth Amendment"" (1908), citing the state legislative journals: ""Senate by a vote of 11 to 6, June 25, after a short debate."" citing Senate Journal of Conn., 1866, p. 374."
14,Connecticut,house,125,88,1866-06-27,FALSE,https://archive.org/download/adoptionoffourte00flacuoft/adoptionoffourte00flacuoft_djvu.txt,House of Representatives,ratify,"Flack, ""The Adoption of the Fourteenth Amendment"" (1908), citing the state legislative journals: ""The House, two days later, ratified it by a vote of 125 to [88]."""
14,New Hampshire,house,207,112,1866-06-28,FALSE,https://archive.org/download/adoptionoffourte00flacuoft/adoptionoffourte00flacuoft_djvu.txt,House of Representatives,ratify,"Flack, ""The Adoption of the Fourteenth Amendment"" (1908), citing the state legislative journals: ""June 28, by a vote of 207 to 112."" citing N.H. House Journal, 1866, p. 231."
14,New Hampshire,senate,9,3,1866-07-06,FALSE,https://archive.org/download/adoptionoffourte00flacuoft/adoptionoffourte00flacuoft_djvu.txt,Senate,ratify,"Flack, ""The Adoption of the Fourteenth Amendment"" (1908), citing the state legislative journals: ""by a vote of 9 to 3."" citing N.H. Senate Journal, 1866, p. 94."
14,West Virginia,house,43,11,1867-01-16,FALSE,https://archive.org/download/adoptionoffourte00flacuoft/adoptionoffourte00flacuoft_djvu.txt,House of Delegates,ratify,"Flack, ""The Adoption of the Fourteenth Amendment"" (1908), citing the state legislative journals: ""vote in the House was 43 to 11 ; in the Senate 15 to 3."""
14,West Virginia,senate,15,3,1867-01-16,FALSE,https://archive.org/download/adoptionoffourte00flacuoft/adoptionoffourte00flacuoft_djvu.txt,Senate,ratify,"Flack, ""The Adoption of the Fourteenth Amendment"" (1908), citing the state legislative journals: ""vote in the House was 43 to 11 ; in the Senate 15 to 3."""
14,Kansas,house,76,7,1867-01-09,FALSE,https://archive.org/download/adoptionoffourte00flacuoft/adoptionoffourte00flacuoft_djvu.txt,House of Representatives,ratify,"Flack, ""The Adoption of the Fourteenth Amendment"" (1908), citing the state legislative journals: ""by a vote of 76 to 7."""
14,Kansas,senate,23,0,1867-01-11,FALSE,https://archive.org/download/adoptionoffourte00flacuoft/adoptionoffourte00flacuoft_djvu.txt,Senate,ratify,"Flack, ""The Adoption of the Fourteenth Amendment"" (1908), citing the state legislative journals: ""the vote being 23 to o."" (OCR renders the zero as the letter o)."
14,Maine,house,126,12,1867-01-11,FALSE,https://archive.org/download/adoptionoffourte00flacuoft/adoptionoffourte00flacuoft_djvu.txt,House of Representatives,ratify,"Flack, ""The Adoption of the Fourteenth Amendment"" (1908), citing the state legislative journals: ""day, being adopted by a vote of 126 to 12."""
14,Nevada,house,34,4,1867-01-10,FALSE,https://archive.org/download/adoptionoffourte00flacuoft/adoptionoffourte00flacuoft_djvu.txt,Assembly,ratify,"Flack, ""The Adoption of the Fourteenth Amendment"" (1908), citing the state legislative journals: ""January 10, 1867, by a vote of 34 to 4,"""
14,Nevada,senate,10,3,1867-01-21,FALSE,https://archive.org/download/adoptionoffourte00flacuoft/adoptionoffourte00flacuoft_djvu.txt,Senate,ratify,"Flack, ""The Adoption of the Fourteenth Amendment"" (1908), citing the state legislative journals: ""January 21, by 10 to 3."""
14,Arkansas,senate,23,0,1868-04-06,FALSE,https://archive.org/download/adoptionoffourte00flacuoft/adoptionoffourte00flacuoft_djvu.txt,Senate,ratify,"Flack, ""The Adoption of the Fourteenth Amendment"" (1908), citing the state legislative journals: ""Senate April 6, 1868, was 23 to o, while that in the House a [week later was 56 to 0]."" citing McPherson, Reconstruction, p. 353. Arkansas is the only state unanimous in both chambers."
14,Arkansas,house,56,0,1868-04-13,FALSE,https://archive.org/download/adoptionoffourte00flacuoft/adoptionoffourte00flacuoft_djvu.txt,House of Representatives,ratify,"Flack, ""The Adoption of the Fourteenth Amendment"" (1908), citing the state legislative journals: ""week later was 56 to 0."""
14,Florida,house,23,6,1868-06-09,FALSE,https://archive.org/download/adoptionoffourte00flacuoft/adoptionoffourte00flacuoft_djvu.txt,House of Representatives,ratify,"Flack, ""The Adoption of the Fourteenth Amendment"" (1908), citing the state legislative journals: ""the House by a vote of 23 to 6 ;"" citing Fla. House Journal, 1868, p. 9."
14,Florida,senate,10,3,1868-06-09,FALSE,https://archive.org/download/adoptionoffourte00flacuoft/adoptionoffourte00flacuoft_djvu.txt,Senate,ratify,"Flack, ""The Adoption of the Fourteenth Amendment"" (1908), citing the state legislative journals: ""of 10 to 3."" citing Fla. Senate Journal, 1868, p. 8."
14,North Carolina,senate,34,2,1868-07-02,FALSE,https://archive.org/download/adoptionoffourte00flacuoft/adoptionoffourte00flacuoft_djvu.txt,Senate,ratify,"Flack, ""The Adoption of the Fourteenth Amendment"" (1908), citing the state legislative journals: ""The vote in the Senate was 34 to 2"" citing N.C. Senate Journal, 1868, p. 15."
14,North Carolina,house,82,19,1868-07-02,FALSE,https://archive.org/download/adoptionoffourte00flacuoft/adoptionoffourte00flacuoft_djvu.txt,House of Representatives,ratify,"Flack, ""The Adoption of the Fourteenth Amendment"" (1908), citing the state legislative journals: ""House 82 to 19."" citing N.C. House Journal, 1868, p. 15."
14,Georgia,house,89,71,1868-07-21,FALSE,https://archive.org/download/adoptionoffourte00flacuoft/adoptionoffourte00flacuoft_djvu.txt,House of Representatives,ratify,"Flack, ""The Adoption of the Fourteenth Amendment"" (1908), citing the state legislative journals: ""89 to 71, while that in the Senate was not given."" citing Ga. House Journal, 1868, p. 50. Margin 11.3 points. Flack states explicitly that the Georgia Senate tally was not given in his source."
14,Virginia,senate,34,4,1869-10-07,FALSE,https://archive.org/download/adoptionoffourte00flacuoft/adoptionoffourte00flacuoft_djvu.txt,Senate,ratify,"Flack, ""The Adoption of the Fourteenth Amendment"" (1908), citing the state legislative journals: ""was 34 to 4 ; and in [the House next day, 126 to 6]."""
14,Virginia,house,126,6,1869-10-08,FALSE,https://archive.org/download/adoptionoffourte00flacuoft/adoptionoffourte00flacuoft_djvu.txt,House of Delegates,ratify,"Flack, ""The Adoption of the Fourteenth Amendment"" (1908), citing the state legislative journals: ""the House next day, 126 to 6."""
14,Mississippi,senate,23,2,1870-01-17,FALSE,https://archive.org/download/adoptionoffourte00flacuoft/adoptionoffourte00flacuoft_djvu.txt,Senate,ratify,"Flack, ""The Adoption of the Fourteenth Amendment"" (1908), citing the state legislative journals: ""17, 1870, by a vote of 23 to 2 in the Senate, and 87 to [6 in the House]."""
14,Mississippi,house,87,6,1870-01-17,FALSE,https://archive.org/download/adoptionoffourte00flacuoft/adoptionoffourte00flacuoft_djvu.txt,House of Representatives,ratify,"Flack, ""The Adoption of the Fourteenth Amendment"" (1908), citing the state legislative journals: ""and 87 to 6 in the House."""
15,Ohio,senate,19,18,1870-01-14,FALSE,https://babel.hathitrust.org/cgi/pt?id=coo.31924012209890&seq=50,Senate,ratify,"PRIMARY ROLL CALL. Journal of the Senate of the State of Ohio, 59th session = v.66, 1870, p. 44, Friday January 14 1870, on Senate Joint Resolution No. 4: ""The question then being on the adoption of said resolution, The yeas and nays were ordered, and resulted - yeas 19, nays 18, as follows: Those who voted in the affirmative were - Messrs. Bartram, Bell, Corey, Dunbar, Everett, Gatch, Goepper, Howard, Jones, McKinney, Odlin, Potts, Root, Stimson, Streator, Wade, Welsh, Woodworth and Yeatman - 19. Those who voted in the negative were - Messrs. Amos, Boesel, Burt, Campbell, Cowan, Daugherty, Emmitt, Hibbs, Holden, Hubbell, Hunt, Jamison, Jenner, Leeds, Lord, Prophet, Winner and Woodbridge - 18. So the resolution was adopted. The preamble was agreed to."" The printed name lists count to exactly 19 and 18; 19+18 = the whole 37-member Senate. This is the vote Mathews (1909) meant by ""a margin of one vote in the Senate,"" citing Ohio Senate Journal 1870 p. 44. Immediately before it the same page records a motion to postpone to the second Monday of January next, lost 18-19. Ohio's date of record, 1870-01-27, is not the day either chamber voted: it is the day the enrolled resolution was signed. House Journal 1870 p. 110 carries the enrollment report on S. J. R. No. 4 and p. 111 records ""The Speaker then, in the presence of the House, signed said Senate joint resolution No. 4,"" both under the date Thursday, January 27, 1870. Source: HathiTrust full view, item coo.31924012209890, scan seq 50; page text saved to data/raw/ratmargins/ohio-1870-journals-hathitrust-pages.txt. Ohio counted 26th, not decisive (Iowa was 28th)."
15,Ohio,house,57,55,1870-01-21,FALSE,https://babel.hathitrust.org/cgi/pt?id=coo.31924012209692&seq=95,House of Representatives,ratify,"PRIMARY ROLL CALL. Journal of the House of Representatives of the State of Ohio, 59th session = v.66, 1870, p. 89: ""Mr. Dodds asked to be excused from voting on S. J. R. No. 4. He was excused. The question being on the adoption of S. J. R. No. 4, Ratifying the proposed 15th Amendment to the Constitution of the United States, The yeas and nays were ordered, and resulted - yeas 57, nays 55 ... So said joint resolution was adopted."" The printed name lists count to exactly 57 and 55. The roll call closed the sitting that convened Thursday January 20 1870 and is printed under the running head ""Friday, January 21, 1870""; pp. 87-88 carry ""Thursday, January 20, 1870,"" and the House message reporting concurrence to the Senate is dated January 21, 1870 (Senate Journal p. 72). Mathews (1909) cited House Journal 1870 p. 88 for ""a margin of ... two in the House""; p. 88 in fact carries the two preliminary roll calls (previous question ordered 57-55; the Dodds substitute submitting the amendment to a popular vote rejected 55-57) and the adoption roll call itself begins on p. 89. Source: HathiTrust full view, item coo.31924012209692, scan seq 95; page text saved to data/raw/ratmargins/ohio-1870-journals-hathitrust-pages.txt."
15,Pennsylvania,senate,18,15,1869-03-25,FALSE,https://archive.org/download/legislativejudic00mathrich/legislativejudic00mathrich_djvu.txt,Senate,ratify,"Mathews, ""Legislative and Judicial History of the Fifteenth Amendment"" (1909), citing the state legislative journals: ""Pennsylvania Senate Journal, 1869, p. 570. Vote: 18 to 15."" Margin 9.1 points. (Superseded as the closest 15th Amendment tally: the Ohio Senate ratified 19-18 and the Ohio House 57-55, both now reconstructed from the 1870 Ohio journals.)"
15,Pennsylvania,house,61,38,1869-03-25,FALSE,https://archive.org/download/legislativejudic00mathrich/legislativejudic00mathrich_djvu.txt,House of Representatives,ratify,"Mathews, ""Legislative and Judicial History of the Fifteenth Amendment"" (1909), citing the state legislative journals: ""House Journal, 1869, p. 767. Vote : 61 to 38."""
15,Nevada,house,23,9,1869-03-01,FALSE,https://archive.org/download/legislativejudic00mathrich/legislativejudic00mathrich_djvu.txt,Assembly,ratify,"Mathews, ""Legislative and Judicial History of the Fifteenth Amendment"" (1909), citing the state legislative journals: ""Nevada Assembly Journal, 1869, p. 243. Vote : 23 to 9."""
15,Missouri,senate,23,9,1870-01-10,FALSE,https://archive.org/download/legislativejudic00mathrich/legislativejudic00mathrich_djvu.txt,Senate,ratify,"Mathews, ""Legislative and Judicial History of the Fifteenth Amendment"" (1909), citing the state legislative journals: ""Missouri Senate Journal, 1869, p. 434. Vote : 23 to 9."" Date from ledger."
15,Missouri,house,79,30,1870-01-10,FALSE,https://archive.org/download/legislativejudic00mathrich/legislativejudic00mathrich_djvu.txt,House of Representatives,ratify,"Mathews, ""Legislative and Judicial History of the Fifteenth Amendment"" (1909), citing the state legislative journals: ""House Journal, p. 605. Vote : 79 to 30."" Date from ledger."
15,North Carolina,senate,25,6,1869-03-05,FALSE,https://archive.org/download/legislativejudic00mathrich/legislativejudic00mathrich_djvu.txt,Senate,ratify,"Mathews, ""Legislative and Judicial History of the Fifteenth Amendment"" (1909), citing the state legislative journals: ""North Carolina Senate Journal, 1869, p. 402. Vote: 25 to 6."""
15,North Carolina,house,63,13,1869-03-05,FALSE,https://archive.org/download/legislativejudic00mathrich/legislativejudic00mathrich_djvu.txt,House of Representatives,ratify,"Mathews, ""Legislative and Judicial History of the Fifteenth Amendment"" (1909), citing the state legislative journals: ""House Journal, p. 348. Vote: 63 to 13."""
15,Illinois,senate,18,7,1869-03-05,FALSE,https://archive.org/download/legislativejudic00mathrich/legislativejudic00mathrich_djvu.txt,Senate,ratify,"Mathews, ""Legislative and Judicial History of the Fifteenth Amendment"" (1909), citing the state legislative journals: ""Illinois Senate Journal, 1869, Vol. II, p. 262. Vote: 18 to 7."""
15,Illinois,house,54,28,1869-03-05,FALSE,https://archive.org/download/legislativejudic00mathrich/legislativejudic00mathrich_djvu.txt,House of Representatives,ratify,"Mathews, ""Legislative and Judicial History of the Fifteenth Amendment"" (1909), citing the state legislative journals: ""[Vote]: 54 to 28. Illinois House Journal, Vol. II, p. 733."""
15,Michigan,house,68,24,1869-03-08,FALSE,https://archive.org/download/legislativejudic00mathrich/legislativejudic00mathrich_djvu.txt,House of Representatives,ratify,"Mathews, ""Legislative and Judicial History of the Fifteenth Amendment"" (1909), citing the state legislative journals: ""Michigan House Journal, 1869, p. 1104. Vote: 68 to 24."""
15,Michigan,senate,25,5,1869-03-08,FALSE,https://archive.org/download/legislativejudic00mathrich/legislativejudic00mathrich_djvu.txt,Senate,ratify,"Mathews, ""Legislative and Judicial History of the Fifteenth Amendment"" (1909), citing the state legislative journals: ""Senate Journal, p. 739. Vote: 25 to 5."""
15,South Carolina,house,88,3,1869-03-15,FALSE,https://archive.org/download/legislativejudic00mathrich/legislativejudic00mathrich_djvu.txt,House of Representatives,ratify,"Mathews, ""Legislative and Judicial History of the Fifteenth Amendment"" (1909), citing the state legislative journals: ""South Carolina House Journal, 1869, p. 517. Vote: 88 to 3."""
15,South Carolina,senate,18,1,1869-03-15,FALSE,https://archive.org/download/legislativejudic00mathrich/legislativejudic00mathrich_djvu.txt,Senate,ratify,"Mathews, ""Legislative and Judicial History of the Fifteenth Amendment"" (1909), citing the state legislative journals: ""Senate Journal, p. 418. Vote: 18 to i"" (OCR renders the 1 as the letter i)."
15,Arkansas,senate,19,2,1869-03-15,FALSE,https://archive.org/download/legislativejudic00mathrich/legislativejudic00mathrich_djvu.txt,Senate,ratify,"Mathews, ""Legislative and Judicial History of the Fifteenth Amendment"" (1909), citing the state legislative journals: ""Arkansas Senate Journal, 1869, p. 563. Vote: 19 to 2."""
15,Arkansas,house,52,0,1869-03-15,FALSE,https://archive.org/download/legislativejudic00mathrich/legislativejudic00mathrich_djvu.txt,House of Representatives,ratify,"Mathews, ""Legislative and Judicial History of the Fifteenth Amendment"" (1909), citing the state legislative journals: ""House Journal, 1869, p. 658. Vote : 52 to o"" (OCR renders the zero as the letter o)."
15,Kentucky,house,5,80,1869-03-12,FALSE,https://archive.org/download/legislativejudic00mathrich/legislativejudic00mathrich_djvu.txt,House of Representatives,reject,"Mathews, ""Legislative and Judicial History of the Fifteenth Amendment"" (1909), citing the state legislative journals: ""Kentucky House Journal, 1869, p. 776. Senate Journal, 1869, p. 628. Vote : House, 80 to 5 ; Senate, 27 to 6."" The 80 and 27 are votes AGAINST ratification; recorded here as yeas 5 / nays 80 on ratification."
15,Kentucky,senate,6,27,1869-03-12,FALSE,https://archive.org/download/legislativejudic00mathrich/legislativejudic00mathrich_djvu.txt,Senate,reject,"Mathews, ""Legislative and Judicial History of the Fifteenth Amendment"" (1909), citing the state legislative journals: ""Vote : House, 80 to 5 ; Senate, 27 to 6."" Recorded here as yeas 6 / nays 27 on ratification."
18,Illinois,house,84,66,1919-01-14,FALSE,https://panewsarchive.psu.edu/lccn/sn85038411/1919-01-14/ed-1/seq-15/,House of Representatives,ratify,"Harrisburg Telegraph, 1919-01-14, p.15 (wire): ""that tho Illinois House of Represen / tatives had ratified the amendment / by a vote of 84 to 66. The Senate / passed the resolution last week."" CLOSEST 18th Amendment margin found: 84/150 = 56.0% yes, margin 12.0 points."
18,Wisconsin,senate,20,12,1919-01-15,FALSE,https://panewsarchive.psu.edu/lccn/sn83045211/1919-01-15/ed-1/seq-1/,Senate,ratify,"Evening Public Ledger, 1919-01-15, p.1 (wire): ""ly to ratify the amendment, 20 to 12."" Margin 25.0 points."
18,North Carolina,house,93,10,1919-01-14,FALSE,https://newspapers.digitalnc.org/lccn/sn85042104/1919-01-15/ed-1/seq-9/,House of Representatives,ratify,"Raleigh News & Observer, 1919-01-15, p.9: ""a dry nation by a Tote of 93 to 10 in / the lower house of the General As / sembly."" (""Tote"" is OCR of ""vote"".) Seventeen members did not vote. The page prints the full roll call by name. DATE NOTE: the ledger dates North Carolina 1919-01-16; contemporaneous reporting puts the House vote 1919-01-14 and the Senate 1919-01-10, so the ledger date is likely enrollment or certification. North Carolina is one of five states acting 1919-01-16 by the ledger; Nebraska is the state conventionally credited as the decisive 36th."
18,Missouri,house,154,36,1919-01-16,FALSE,https://panewsarchive.psu.edu/lccn/sn85038411/1919-01-16/ed-1/seq-11/,House of Representatives,ratify,"Harrisburg Telegraph, 1919-01-16, p.11 (AP): ""the House concurred in the / Senate resolution by a vote of 154 / to 36."""
18,Wyoming,house,,,1919-01-16,FALSE,https://panewsarchive.psu.edu/lccn/sn85038411/1919-01-16/ed-1/seq-1/,House of Representatives,ratify,"NO COUNTS AVAILABLE. Harrisburg Telegraph, 1919-01-16, p.1 (AP): ""The Wyoming / Legislature to-day unanimously ratified the pro / hibition amendment to the Federal Constitution, / both houses acting before noon."""
18,Wyoming,senate,,,1919-01-16,FALSE,https://panewsarchive.psu.edu/lccn/sn85038411/1919-01-16/ed-1/seq-1/,Senate,ratify,"NO COUNTS AVAILABLE. Same AP dispatch: ""both houses acting before noon"", unanimously."
18,Utah,house,,,1919-01-15,FALSE,https://panewsarchive.psu.edu/lccn/sn83045211/1919-01-15/ed-1/seq-1/,House of Representatives,ratify,"NO COUNTS AVAILABLE. Evening Public Ledger, 1919-01-15, p.1: ""The lower branch or tho Ulah I.egis. / ilituro today unanimously passed the / resolution ratifying tho Sheppard / Hamendment"". Utah Senate action was reported only as expected."
18,Colorado,senate,29,1,1919-01-15,FALSE,https://panewsarchive.psu.edu/lccn/sn83045211/1919-01-15/ed-1/seq-1/,Senate,ratify,"Evening Public Ledger, 1919-01-15, p.1: ""By a vole of 29 to 1 the Senate of"" (""vole"" is OCR of ""vote"")."
18,Iowa,senate,42,7,1919-01-15,FALSE,https://nebnewspapers.unl.edu/lccn/sn99021999/1919-01-15/ed-1/seq-1/,Senate,ratify,"Beatrice Daily Express, 1919-01-15, p.1: ""the senate of the thirty-eighth general assem bly today passed a bill ratifying the federal prohibition amendment by a vote of 42 to 7."""
18,Indiana,senate,41,6,1919-01-13,FALSE,https://panewsarchive.psu.edu/lccn/sn85038411/1919-01-14/ed-1/seq-2/,Senate,ratify,"Harrisburg Telegraph, 1919-01-14, p.2: ""ment by a vote of 41 to 6. The House"" - ""The Indiana State Senate yesterday ratified"", so 1919-01-13."
18,Arkansas,house,92,2,1919-01-13,FALSE,https://panewsarchive.psu.edu/lccn/sn85038411/1919-01-14/ed-1/seq-2/,House of Representatives,ratify,"Harrisburg Telegraph, 1919-01-14, p.2: ""ninety-two to two. The measure now"" (spelled out in the source)."
18,Arkansas,senate,32,0,1919-01-14,FALSE,https://panewsarchive.psu.edu/lccn/sn85038411/1919-01-14/ed-1/seq-15/,Senate,ratify,"Harrisburg Telegraph, 1919-01-14, p.15: ""vote of 32 to 0 the Senate of the I Arkansas Legislature to-day adopted tho resolution""."
18,California,senate,25,14,1919-01-13,FALSE,https://panewsarchive.psu.edu/lccn/sn85038411/1919-01-14/ed-1/seq-2/,Senate,ratify,"Harrisburg Telegraph, 1919-01-14, p.2: ""was 25 to 14."" The companion California House figure reads ""48 to 2.8"" in the OCR and is NOT reported here as the nay count cannot be certified."
16,Wyoming,house,,,1913-02-03,FALSE,https://www.loc.gov/resource/sn83045462/1913-02-03/ed-1/?sp=2,House of Representatives,ratify,"NO COUNTS AVAILABLE. Evening Star, 1913-02-03, p.2, sub-head ""Wyoming Vote Unanimous"": ""Not a dissenting vote was registered in cither house of tiie Wyoming legislature today on the joint resolution ratifying the income tax amendment"" (""cither"" is OCR of ""either""). Corroborated by the Omaha Daily Bee and Charlotte Observer of 1913-02-04."
16,Wyoming,senate,,,1913-02-03,FALSE,https://www.loc.gov/resource/sn83045462/1913-02-03/ed-1/?sp=2,Senate,ratify,"NO COUNTS AVAILABLE. Same source, both houses unanimous."
20,Missouri,house,,,1933-01-23,TRUE,http://www.loc.gov/resource/sn82015313/1933-01-23/ed-1/?sp=1,House of Representatives,ratify,"NO NUMERIC TALLY EXISTS in any contemporaneous account found. DECISIVE STATE (36th of 48). Indianapolis Times (UP), 1933-01-23, p.1: ""Action of the Missouri house was / by unanimous vote of the repre / sentatives present."" Independent AP corroboration, Bismarck Tribune same date: ""The house, meeting four hours a-head of schedule, completed ratification by giving unanimous approval."" The Senate had already passed the joint resolution; its date and tally were not recovered."
22,Nevada,senate,16,1,1951-02-26,FALSE,http://www.loc.gov/resource/sn83045462/1951-02-27/ed-1/?sp=7,Senate,ratify,"Evening Star (AP), 1951-02-27, p.7: ""Nevada Senators voted 16"" / ""to 1 for ratification."" (sentence broken across lines by OCR)."
22,Nevada,house,29,12,1951-02-26,FALSE,http://www.loc.gov/resource/sn83045462/1951-02-27/ed-1/?sp=7,Assembly,ratify,"Evening Star (AP), 1951-02-27, p.7: ""bly had approved earlier, 29 to 12."""
22,Maryland,house,84,27,1951-02-26,FALSE,http://www.loc.gov/resource/sn83045462/1951-02-27/ed-1/?sp=7,House of Delegates,ratify,"Evening Star, 1951-02-27, p.7: ""The Maryland House approved the amendment by an 84 to 27 vote yesterday, leaving the Senate to act."""
23,Kansas,house,88,0,1961-03-29,FALSE,http://www.loc.gov/resource/sn83045462/1961-03-29/ed-1/?sp=1,House of Representatives,ratify,"Evening Star, 1961-03-29, p.1: ""The House passed the Senate-sponsored resolution, 88 to 0, under circumstances that veteran observers here called 'unusual even for Kansas.'"" CONTESTED ORDER: the Evening Star front page of 1961-03-29 is headlined ""District Wins Right to Vote; Kansas 38th State to Ratify"" and states ""At 1:56 p.m. the Ohio Legislature became the 39th State to ratify"". The next day, after New Hampshire reconsidered and re-passed its own ratification, the paper reran the order as ""Kansas, 37th to ratify, yesterday. / New Hampshire, 38th, with ratification at 11:01 a.m. today. / Ohio, still 39th, with ratification at noon today."" Three states claimed the 38th slot within 57 minutes. The ledger and this dataset treat Ohio as decisive."
23,Ohio,senate,,,1961-03-29,TRUE,http://www.loc.gov/resource/sn83045462/1961-03-29/ed-1/?sp=8,Senate,ratify,"NO NUMERIC TALLY. DECISIVE STATE per the ledger (38th of 50), though the contemporaneous order is contested - see the Kansas row. Evening Star, 1961-03-29, p.8: ""Senators indorsed the vote / reform unanimously with two / members, Fred L. Hoffman and / David Ferguson, both Repub / licans, absent."" Do not infer 36-0 from Ohio's 38-seat Senate; the source does not say it. The Ohio House passed it 1961-03-07; that tally was not recovered. Ohio ratification took effect only when the Senate and House resolutions were signed by the chamber leaders, which is why Ohio slipped behind Kansas and New Hampshire."
23,New Hampshire,house,,,1961-03-29,FALSE,http://www.loc.gov/resource/sn83045462/1961-03-29/ed-1/?sp=1,House of Representatives,ratify,"VOICE VOTE, no tally possible. Evening Star, 1961-03-29, p.1: ""State to ratify when its House / ipproved a Senate-passed / imendment by an overwhelm- / ng voice vote."" New Hampshire reconsidered and re-passed its ratification on 1961-03-30 to move ahead of Ohio in the order."
24,South Dakota,senate,34,0,1964-01-23,TRUE,https://www.ebsco.com/research-starters/law/poll-taxes-are-outlawed,Senate,ratify,"WEAKEST ROW IN THIS DATASET - tertiary reference work, not a primary record, and not independently corroborated. DECISIVE STATE (38th of 50). EBSCO research starter: ""on January 23 South Dakota's senate voted thirty-four to zero in favor of ratification."" The same source notes South Dakota ""was compelled to race through its vote in order to beat out Georgia as the deciding state."" Treat as provisional pending a South Dakota Senate Journal check. The South Dakota House tally was not found in any source."
19,North Carolina,senate,25,23,1920-08-17,FALSE,https://archive.org/download/thehistoryofwoma30051gut/30051-8.txt,Senate,reject,"History of Woman Suffrage, Vol. VI (ed. Ida Husted Harper, 1922): ""the vote stood 25 ayes, 23 noes"" on Sen. Warren's resolution to DEFER action to the 1921 regular session - procedurally a postponement, substantively the kill. Margin 4.2 points. The source notes that had one senator held, ""there would have been a tie and the Lieutenant Governor would have voted in favor."" YEAS ARE VOTES TO DEFER."
19,North Carolina,house,41,71,1920-08-19,FALSE,https://archive.org/download/thehistoryofwoma30051gut/30051-8.txt,House of Representatives,reject,"History of Woman Suffrage, Vol. VI (ed. Ida Husted Harper, 1922): ""The vote stood 41 ayes, 71 noes."""
19,Louisiana,senate,22,19,1920-06-09,FALSE,https://archive.org/download/thehistoryofwoma30051gut/30051-8.txt,Senate,reject,"History of Woman Suffrage, Vol. VI (ed. Ida Husted Harper, 1922): ""the vote on ratification was indefinitely postponed by a vote of 22 to 19 in the Senate"". Margin 7.3 points. YEAS ARE VOTES TO POSTPONE."
19,Louisiana,house,60,29,1920-06-15,FALSE,https://archive.org/download/thehistoryofwoma30051gut/30051-8.txt,House of Representatives,reject_resolution,"History of Woman Suffrage, Vol. VI (ed. Ida Husted Harper, 1922): ""a resolution definitely rejecting it, which was passed by 60 ayes to 29 noes."" YEAS ARE VOTES AGAINST the amendment."
19,Maryland,house,42,51,1920-09-22,FALSE,https://archive.org/download/thehistoryofwoma30051gut/30051-8.txt,House of Delegates,reject,"History of Woman Suffrage, Vol. VI (ed. Ida Husted Harper, 1922): ""on September 22 it was rejected in the Senate by a vote of 17 to 8 and in the House by 51 to 42"". Margin 9.7 points. A re-vote taken a month AFTER the amendment had already been proclaimed, once Maryland's February rejection was found to have been pigeonholed rather than transmitted."
19,Maryland,senate,8,17,1920-09-22,FALSE,https://archive.org/download/thehistoryofwoma30051gut/30051-8.txt,Senate,reject,"History of Woman Suffrage, Vol. VI (ed. Ida Husted Harper, 1922): ""rejected in the Senate by a vote of 17 to 8"". Post-adoption re-vote."
19,Maryland,house,36,64,1920-02-17,FALSE,https://archive.org/download/thehistoryofwoma30051gut/30051-8.txt,House of Delegates,reject,"History of Woman Suffrage, Vol. VI (ed. Ida Husted Harper, 1922): ""The vote stood 64 noes, 36 ayes."" Ledger dates the state rejection 1920-02-24."
19,Maryland,senate,9,18,1920-02-17,FALSE,https://archive.org/download/thehistoryofwoma30051gut/30051-8.txt,Senate,reject,"History of Woman Suffrage, Vol. VI (ed. Ida Husted Harper, 1922): ""The vote stood 18 noes, 9 ayes, seven Republicans and two Democrats."""
19,Virginia,senate,19,15,,FALSE,https://archive.org/download/thehistoryofwoma30051gut/30051-8.txt,Senate,reject,"DATE NOT ESTABLISHED beyond the year 1919; date field left blank. History of Woman Suffrage, Vol. VI (ed. Ida Husted Harper, 1922): ""by 19 to 15 voted to postpone action until the next session"". 1919; exact day not established. YEAS ARE VOTES TO POSTPONE. Date field left as year-only placeholder."
19,Virginia,house,55,39,1920-01-27,FALSE,https://archive.org/download/thehistoryofwoma30051gut/30051-8.txt,House of Delegates,reject,"History of Woman Suffrage, Vol. VI (ed. Ida Husted Harper, 1922): ""The latter carried on January 27 by a vote of 55 to 39"" - adopting Rew's substitute referring ratification TO THE VOTERS, which killed ratification without voting it down. YEAS ARE VOTES FOR THE REFERENDUM SUBSTITUTE."
19,Delaware,house,10,24,1920-05-28,FALSE,https://archive.org/download/thehistoryofwoma30051gut/30051-8.txt,House of Representatives,reject,"History of Woman Suffrage, Vol. VI (ed. Ida Husted Harper, 1922): ""Representative Lyons here offered a motion to vote on the resolution, which was defeated by 24 noes, 10 ayes."" This is the real ""Delaware 24-10"": it was 1920-05-28 and was a motion TO BRING THE RESOLUTION TO A VOTE, not a vote against the amendment. Popular accounts date it 1920-06-02. Ledger dates the state rejection 1920-06-02."
19,Oklahoma,house,84,12,1920-02-27,FALSE,https://archive.org/download/thehistoryofwoma30051gut/30051-8.txt,House of Representatives,ratify,"History of Woman Suffrage, Vol. VI (ed. Ida Husted Harper, 1922): ""the resolution was finally passed on February 27 by a vote of 84 to 12 in the House and the next day in the Senate by 25 to 13""."
19,Oklahoma,senate,25,13,1920-02-28,FALSE,https://archive.org/download/thehistoryofwoma30051gut/30051-8.txt,Senate,ratify,"History of Woman Suffrage, Vol. VI (ed. Ida Husted Harper, 1922): ""the next day in the Senate by 25 to 13""."
19,Washington,house,,,1920-03-22,FALSE,https://archive.org/download/thehistoryofwoma30051gut/30051-8.txt,House of Representatives,ratify,"NO COUNTS AVAILABLE. History of Woman Suffrage, Vol. VI (ed. Ida Husted Harper, 1922): ""The Federal Suffrage Amendment was ratified on March 22, 1920"" and ""Not one vote was cast against it."" Washington was the 35th state."
19,Washington,senate,,,1920-03-22,FALSE,https://archive.org/download/thehistoryofwoma30051gut/30051-8.txt,Senate,ratify,"NO COUNTS AVAILABLE. History of Woman Suffrage, Vol. VI (ed. Ida Husted Harper, 1922): Senate passed it ""by another unanimous vote."""
U-ERA,Nevada,senate,13,8,2017-03-01,FALSE,https://archive.leg.state.nv.us/Session/79th2017/Journal/Senate/Final/sj024.pdf,Senate,ratify,"Nevada Senate Journal, 79th Session (2017), day 24: ""YEAS-13."" with ""Settelmeyer 8."" and ""March 1, 2017"" in the same file. SJR2. Nevada was the 36th state, the first to ratify the ERA after the 1982 deadline."
U-ERA,Nevada,house,28,14,2017-03-20,FALSE,https://archive.leg.state.nv.us/Session/79th2017/Journal/Assembly/Final/aj043.pdf,Assembly,ratify,"Nevada Assembly Journal, 79th Session (2017), day 43: ""YEAS-28."" with ""McArthur, Oscarson, Pickard, Titus, Wheeler, Woodbury-14."" and ""March 20, 2017"". An earlier procedural roll call the same day shows 27 yeas - not passage."
U-ERA,Illinois,senate,43,12,2018-04-11,FALSE,https://www.ilga.gov/legislation/votehistory/100/senate/10000SC0004_04112018_001000D.pdf,Senate,ratify,"Illinois General Assembly roll call, SJRCA 4: ""43 YEAS 12 NAYS 0 PRESENT"". The binding constraint is the Illinois 3/5 supermajority: 59-member Senate, 36 required, cleared by 7."
U-ERA,Illinois,house,72,45,2018-05-30,FALSE,https://www.ilga.gov/legislation/votehistory/100/house/10000SC0004_05302018_076000.pdf,House of Representatives,ratify,"Illinois General Assembly roll call No. 76, SJRCA 4, disposition ADOPTED: ""72 YEAS 45 NAYS 0 PRESENT"". Illinois was the 37th state. THE BINDING CONSTRAINT IS THE 3/5 SUPERMAJORITY, NOT THE MAJORITY: 118-member House, 71 required, 72 yeas clears by exactly one vote. On raw margin this is 23.1 points; on the operative threshold it is a one-vote ratification."
U-ERA,Idaho,senate,18,17,,FALSE,https://www.spokesman.com/stories/2019/dec/15/eye-on-boise-utahs-recent-ratification-of-equal-ri/,Senate,rescind,"DATE NOT ESTABLISHED beyond the year 1977; date field left blank. Spokesman-Review, 2019-12-15: Idaho's rescission ""passed 44-26 in the House and squeaked through the Senate on a narrow 18-17 vote"". RESCISSION, margin 2.9 points - the narrowest ERA vote found. The Senate Judiciary & Rules Committee had ruled a two-thirds vote was required; that ruling was overridden on the floor, and the validity of this rescission became the subject of Idaho v. Freeman, 529 F. Supp. 1107. Day-level date not established."
U-ERA,Idaho,house,44,26,,FALSE,https://www.spokesman.com/stories/2019/dec/15/eye-on-boise-utahs-recent-ratification-of-equal-ri/,House of Representatives,rescind,"DATE NOT ESTABLISHED beyond the year 1977; date field left blank. Same source: ""passed 44-26 in the House"". RESCISSION. Day-level date not established."
U-ERA,Idaho,house,59,5,,FALSE,https://www.spokesman.com/stories/2019/dec/15/eye-on-boise-utahs-recent-ratification-of-equal-ri/,House of Representatives,ratify,"DATE NOT ESTABLISHED beyond the year 1972; date field left blank. Same source: Idaho ratified in 1972 ""approving it overwhelmingly - 59-5 in the House and 31-4 in the Senate"". Day-level date not established."
U-ERA,Idaho,senate,31,4,,FALSE,https://www.spokesman.com/stories/2019/dec/15/eye-on-boise-utahs-recent-ratification-of-equal-ri/,Senate,ratify,"DATE NOT ESTABLISHED beyond the year 1972; date field left blank. Same source: ""31-4 in the Senate"". Day-level date not established."
U-ERA,Florida,senate,16,22,1982-06-21,FALSE,https://www.upi.com/amp/Archives/1982/06/21/The-Florida-Senate-rejected-the-Equal-Rights-Amendment-Monday/1443393480000/,Senate,reject,"UPI, 1982-06-21: ""The Senate voted 22-16 against the amendment, the fifth time in 10 years it has rejected the proposal."" The vote that ended the ERA before the 1982-06-30 deadline. Two senators did not vote."
2,Virginia,house,,,1791-12-05,TRUE,https://archive.org/download/documentaryhisto02unituoft/documentaryhisto02unituoft_djvu.txt,House of Delegates,ratify,"NO RECORDED TALLY. Documentary History of the Constitution of the United States, vol. 2 (Dept. of State, 1894), pp. 385-390. Virginia transmitted one instrument repeating an identical formula for each of the twelve proposed articles - ""Resolved that the [Nth] Article of the Amendments proposed by Congress to the Constitution of the United States be ratified by this Commonwealth. December 15 1791."" - followed by ""Agreed to by the Senate."" and the signatures of John Pride (Speaker of the Senate) and Thomas Mathews (Speaker of the House of Delegates). NO VOTE COUNT APPEARS ANYWHERE IN THE INSTRUMENT. House of Delegates acted 1791-12-05; Senate concurred 1791-12-15. Virginia was the 11th of 14 states, completing Amendments 1-10. The 1791 Virginia House and Senate Journals are not in HathiTrust full view or Internet Archive, so a division recorded in the journals cannot be ruled out."
2,Virginia,senate,,,1791-12-15,TRUE,https://archive.org/download/documentaryhisto02unituoft/documentaryhisto02unituoft_djvu.txt,Senate,ratify,"NO RECORDED TALLY. Same instrument: ""December 15 1791. John Pride S. S. Agreed to by the Senate."" NOTE: a Virginia Senate vote of 8-7 on the articles in 1789 is sometimes cited; it could be neither verified nor refuted and is deliberately NOT reported here."
3,Virginia,house,,,1791-12-05,TRUE,https://archive.org/download/documentaryhisto02unituoft/documentaryhisto02unituoft_djvu.txt,House of Delegates,ratify,"NO RECORDED TALLY. Documentary History of the Constitution of the United States, vol. 2 (Dept. of State, 1894), pp. 385-390. Virginia transmitted one instrument repeating an identical formula for each of the twelve proposed articles - ""Resolved that the [Nth] Article of the Amendments proposed by Congress to the Constitution of the United States be ratified by this Commonwealth. December 15 1791."" - followed by ""Agreed to by the Senate."" and the signatures of John Pride (Speaker of the Senate) and Thomas Mathews (Speaker of the House of Delegates). NO VOTE COUNT APPEARS ANYWHERE IN THE INSTRUMENT. House of Delegates acted 1791-12-05; Senate concurred 1791-12-15. Virginia was the 11th of 14 states, completing Amendments 1-10. The 1791 Virginia House and Senate Journals are not in HathiTrust full view or Internet Archive, so a division recorded in the journals cannot be ruled out."
3,Virginia,senate,,,1791-12-15,TRUE,https://archive.org/download/documentaryhisto02unituoft/documentaryhisto02unituoft_djvu.txt,Senate,ratify,"NO RECORDED TALLY. Same instrument: ""December 15 1791. John Pride S. S. Agreed to by the Senate."" NOTE: a Virginia Senate vote of 8-7 on the articles in 1789 is sometimes cited; it could be neither verified nor refuted and is deliberately NOT reported here."
4,Virginia,house,,,1791-12-05,TRUE,https://archive.org/download/documentaryhisto02unituoft/documentaryhisto02unituoft_djvu.txt,House of Delegates,ratify,"NO RECORDED TALLY. Documentary History of the Constitution of the United States, vol. 2 (Dept. of State, 1894), pp. 385-390. Virginia transmitted one instrument repeating an identical formula for each of the twelve proposed articles - ""Resolved that the [Nth] Article of the Amendments proposed by Congress to the Constitution of the United States be ratified by this Commonwealth. December 15 1791."" - followed by ""Agreed to by the Senate."" and the signatures of John Pride (Speaker of the Senate) and Thomas Mathews (Speaker of the House of Delegates). NO VOTE COUNT APPEARS ANYWHERE IN THE INSTRUMENT. House of Delegates acted 1791-12-05; Senate concurred 1791-12-15. Virginia was the 11th of 14 states, completing Amendments 1-10. The 1791 Virginia House and Senate Journals are not in HathiTrust full view or Internet Archive, so a division recorded in the journals cannot be ruled out."
4,Virginia,senate,,,1791-12-15,TRUE,https://archive.org/download/documentaryhisto02unituoft/documentaryhisto02unituoft_djvu.txt,Senate,ratify,"NO RECORDED TALLY. Same instrument: ""December 15 1791. John Pride S. S. Agreed to by the Senate."" NOTE: a Virginia Senate vote of 8-7 on the articles in 1789 is sometimes cited; it could be neither verified nor refuted and is deliberately NOT reported here."
5,Virginia,house,,,1791-12-05,TRUE,https://archive.org/download/documentaryhisto02unituoft/documentaryhisto02unituoft_djvu.txt,House of Delegates,ratify,"NO RECORDED TALLY. Documentary History of the Constitution of the United States, vol. 2 (Dept. of State, 1894), pp. 385-390. Virginia transmitted one instrument repeating an identical formula for each of the twelve proposed articles - ""Resolved that the [Nth] Article of the Amendments proposed by Congress to the Constitution of the United States be ratified by this Commonwealth. December 15 1791."" - followed by ""Agreed to by the Senate."" and the signatures of John Pride (Speaker of the Senate) and Thomas Mathews (Speaker of the House of Delegates). NO VOTE COUNT APPEARS ANYWHERE IN THE INSTRUMENT. House of Delegates acted 1791-12-05; Senate concurred 1791-12-15. Virginia was the 11th of 14 states, completing Amendments 1-10. The 1791 Virginia House and Senate Journals are not in HathiTrust full view or Internet Archive, so a division recorded in the journals cannot be ruled out."
5,Virginia,senate,,,1791-12-15,TRUE,https://archive.org/download/documentaryhisto02unituoft/documentaryhisto02unituoft_djvu.txt,Senate,ratify,"NO RECORDED TALLY. Same instrument: ""December 15 1791. John Pride S. S. Agreed to by the Senate."" NOTE: a Virginia Senate vote of 8-7 on the articles in 1789 is sometimes cited; it could be neither verified nor refuted and is deliberately NOT reported here."
6,Virginia,house,,,1791-12-05,TRUE,https://archive.org/download/documentaryhisto02unituoft/documentaryhisto02unituoft_djvu.txt,House of Delegates,ratify,"NO RECORDED TALLY. Documentary History of the Constitution of the United States, vol. 2 (Dept. of State, 1894), pp. 385-390. Virginia transmitted one instrument repeating an identical formula for each of the twelve proposed articles - ""Resolved that the [Nth] Article of the Amendments proposed by Congress to the Constitution of the United States be ratified by this Commonwealth. December 15 1791."" - followed by ""Agreed to by the Senate."" and the signatures of John Pride (Speaker of the Senate) and Thomas Mathews (Speaker of the House of Delegates). NO VOTE COUNT APPEARS ANYWHERE IN THE INSTRUMENT. House of Delegates acted 1791-12-05; Senate concurred 1791-12-15. Virginia was the 11th of 14 states, completing Amendments 1-10. The 1791 Virginia House and Senate Journals are not in HathiTrust full view or Internet Archive, so a division recorded in the journals cannot be ruled out."
6,Virginia,senate,,,1791-12-15,TRUE,https://archive.org/download/documentaryhisto02unituoft/documentaryhisto02unituoft_djvu.txt,Senate,ratify,"NO RECORDED TALLY. Same instrument: ""December 15 1791. John Pride S. S. Agreed to by the Senate."" NOTE: a Virginia Senate vote of 8-7 on the articles in 1789 is sometimes cited; it could be neither verified nor refuted and is deliberately NOT reported here."
7,Virginia,house,,,1791-12-05,TRUE,https://archive.org/download/documentaryhisto02unituoft/documentaryhisto02unituoft_djvu.txt,House of Delegates,ratify,"NO RECORDED TALLY. Documentary History of the Constitution of the United States, vol. 2 (Dept. of State, 1894), pp. 385-390. Virginia transmitted one instrument repeating an identical formula for each of the twelve proposed articles - ""Resolved that the [Nth] Article of the Amendments proposed by Congress to the Constitution of the United States be ratified by this Commonwealth. December 15 1791."" - followed by ""Agreed to by the Senate."" and the signatures of John Pride (Speaker of the Senate) and Thomas Mathews (Speaker of the House of Delegates). NO VOTE COUNT APPEARS ANYWHERE IN THE INSTRUMENT. House of Delegates acted 1791-12-05; Senate concurred 1791-12-15. Virginia was the 11th of 14 states, completing Amendments 1-10. The 1791 Virginia House and Senate Journals are not in HathiTrust full view or Internet Archive, so a division recorded in the journals cannot be ruled out."
7,Virginia,senate,,,1791-12-15,TRUE,https://archive.org/download/documentaryhisto02unituoft/documentaryhisto02unituoft_djvu.txt,Senate,ratify,"NO RECORDED TALLY. Same instrument: ""December 15 1791. John Pride S. S. Agreed to by the Senate."" NOTE: a Virginia Senate vote of 8-7 on the articles in 1789 is sometimes cited; it could be neither verified nor refuted and is deliberately NOT reported here."
8,Virginia,house,,,1791-12-05,TRUE,https://archive.org/download/documentaryhisto02unituoft/documentaryhisto02unituoft_djvu.txt,House of Delegates,ratify,"NO RECORDED TALLY. Documentary History of the Constitution of the United States, vol. 2 (Dept. of State, 1894), pp. 385-390. Virginia transmitted one instrument repeating an identical formula for each of the twelve proposed articles - ""Resolved that the [Nth] Article of the Amendments proposed by Congress to the Constitution of the United States be ratified by this Commonwealth. December 15 1791."" - followed by ""Agreed to by the Senate."" and the signatures of John Pride (Speaker of the Senate) and Thomas Mathews (Speaker of the House of Delegates). NO VOTE COUNT APPEARS ANYWHERE IN THE INSTRUMENT. House of Delegates acted 1791-12-05; Senate concurred 1791-12-15. Virginia was the 11th of 14 states, completing Amendments 1-10. The 1791 Virginia House and Senate Journals are not in HathiTrust full view or Internet Archive, so a division recorded in the journals cannot be ruled out."
8,Virginia,senate,,,1791-12-15,TRUE,https://archive.org/download/documentaryhisto02unituoft/documentaryhisto02unituoft_djvu.txt,Senate,ratify,"NO RECORDED TALLY. Same instrument: ""December 15 1791. John Pride S. S. Agreed to by the Senate."" NOTE: a Virginia Senate vote of 8-7 on the articles in 1789 is sometimes cited; it could be neither verified nor refuted and is deliberately NOT reported here."
9,Virginia,house,,,1791-12-05,TRUE,https://archive.org/download/documentaryhisto02unituoft/documentaryhisto02unituoft_djvu.txt,House of Delegates,ratify,"NO RECORDED TALLY. Documentary History of the Constitution of the United States, vol. 2 (Dept. of State, 1894), pp. 385-390. Virginia transmitted one instrument repeating an identical formula for each of the twelve proposed articles - ""Resolved that the [Nth] Article of the Amendments proposed by Congress to the Constitution of the United States be ratified by this Commonwealth. December 15 1791."" - followed by ""Agreed to by the Senate."" and the signatures of John Pride (Speaker of the Senate) and Thomas Mathews (Speaker of the House of Delegates). NO VOTE COUNT APPEARS ANYWHERE IN THE INSTRUMENT. House of Delegates acted 1791-12-05; Senate concurred 1791-12-15. Virginia was the 11th of 14 states, completing Amendments 1-10. The 1791 Virginia House and Senate Journals are not in HathiTrust full view or Internet Archive, so a division recorded in the journals cannot be ruled out."
9,Virginia,senate,,,1791-12-15,TRUE,https://archive.org/download/documentaryhisto02unituoft/documentaryhisto02unituoft_djvu.txt,Senate,ratify,"NO RECORDED TALLY. Same instrument: ""December 15 1791. John Pride S. S. Agreed to by the Senate."" NOTE: a Virginia Senate vote of 8-7 on the articles in 1789 is sometimes cited; it could be neither verified nor refuted and is deliberately NOT reported here."
10,Virginia,house,,,1791-12-05,TRUE,https://archive.org/download/documentaryhisto02unituoft/documentaryhisto02unituoft_djvu.txt,House of Delegates,ratify,"NO RECORDED TALLY. Documentary History of the Constitution of the United States, vol. 2 (Dept. of State, 1894), pp. 385-390. Virginia transmitted one instrument repeating an identical formula for each of the twelve proposed articles - ""Resolved that the [Nth] Article of the Amendments proposed by Congress to the Constitution of the United States be ratified by this Commonwealth. December 15 1791."" - followed by ""Agreed to by the Senate."" and the signatures of John Pride (Speaker of the Senate) and Thomas Mathews (Speaker of the House of Delegates). NO VOTE COUNT APPEARS ANYWHERE IN THE INSTRUMENT. House of Delegates acted 1791-12-05; Senate concurred 1791-12-15. Virginia was the 11th of 14 states, completing Amendments 1-10. The 1791 Virginia House and Senate Journals are not in HathiTrust full view or Internet Archive, so a division recorded in the journals cannot be ruled out."
10,Virginia,senate,,,1791-12-15,TRUE,https://archive.org/download/documentaryhisto02unituoft/documentaryhisto02unituoft_djvu.txt,Senate,ratify,"NO RECORDED TALLY. Same instrument: ""December 15 1791. John Pride S. S. Agreed to by the Senate."" NOTE: a Virginia Senate vote of 8-7 on the articles in 1789 is sometimes cited; it could be neither verified nor refuted and is deliberately NOT reported here."
16,Delaware,house,,,1913-02-03,TRUE,https://nebnewspapers.unl.edu/lccn/sn99021999/1913-02-04/ed-1/seq-1/,House of Representatives,ratify,"NO COUNTS AVAILABLE - the action was unanimous. DECISIVE STATE (36th of 48). Omaha Daily Bee, 1913-02-04, p.1, Dover dateline: ""According to the speaker of the house of tho Delawaro legislature, final legislative action on the Joint resolution ratifying the proponed amendment was taken at 10:53 o'clock this morning. The senate met at 10:30 a.m. and soon afterward passed the resolution. Within five minutes after its receipt from the senate the house acted favorably upon the measure. The action of both houses was unanimous."" Four independent contemporaneous accounts (Evening Star 1913-02-03 p.2; Omaha Daily Bee, Charlotte Daily Observer and Asheville Citizen, all 1913-02-04) report the Delaware action with a clock time and no vote count; the ~25-minute Senate-then-House sequence indicates suspension of the rules. The 1913 Delaware House and Senate Journals are held by the Delaware Public Archives and are not online."
16,Delaware,senate,,,1913-02-03,TRUE,https://nebnewspapers.unl.edu/lccn/sn99021999/1913-02-04/ed-1/seq-1/,Senate,ratify,"NO COUNTS AVAILABLE - unanimous. Same dispatch: ""The senate met at 10:30 a.m. and soon afterward passed the resolution... The action of both houses was unanimous."""
26,North Carolina,house,,,1971-07-01,TRUE,https://www.ncleg.net/EnactedLegislation/SessionLaws/HTML/1971-1972/SL1971-725.html,House of Representatives,ratify,"NO RECORDED TALLY IN THE ENACTING INSTRUMENT. DECISIVE STATE (38th of 50). North Carolina Session Laws 1971, Chapter 725 (House Bill 736): ""In the General Assembly read three times and ratified, this the 1st day of July, 1971."" The Session Law records readings and ratification but no division. The 1971 NC House and Senate Journals are not on ncleg.gov; the archive.org copy (journalofhousere0000vari_u5k0) is lending-restricted and returns HTTP 401. Contemporaneous AP reporting (MSU State News, 1971-07-02, p.1) confirms only that the ""Carolina and Alabama legislatures"" acted on 1971-06-30 before Ohio, with no numbers."
26,North Carolina,senate,,,1971-07-01,TRUE,https://www.ncleg.net/EnactedLegislation/SessionLaws/HTML/1971-1972/SL1971-725.html,Senate,ratify,"NO RECORDED TALLY IN THE ENACTING INSTRUMENT. Same Session Law, same certification."
13,Georgia,senate,26,14,1865-12-06,TRUE,https://archive.org/download/06095504.3698.emory.edu/06095504_3698_djvu.txt,Senate,ratify,"PRIMARY ROLL CALL. Journal of the Senate of the State of Georgia, session begun at Milledgeville 1865-12-04, Wednesday Dec. 6th 1865: on ""Shall this Resolution be agreed to?"" ""the yeas and nays were required to be recorded, and are yeas 26 nays 14""; the journal then lists 26 names in the affirmative and 14 in the negative and repeats ""Yeas 26, nays 14. So the Resolution, as amended, was agreed to."" DECISIVE STATE: Georgia was the 27th of 36, completing the 13th Amendment. Margin 30.0 points. (OCR of this Emory scan renders the first figure as ""26B""; the name lists and the repeated summary line both confirm 26.)"
13,Georgia,house,,,1865-12-05,TRUE,https://archive.org/download/06095483.3583.emory.edu/06095483_3583_djvu.txt,House of Representatives,ratify,"NO RECORDED TALLY - adopted without a division. Journal of the House of Representatives of the State of Georgia, Tuesday Dec. 5th 1865, 3 p.m.: ""The House took up the Resolutions ratifying the amendment proposed by the Congress of the United States to the Constitution abolishing slavery... Mr. Gartrell of Cobb called for a division of the question, and upon his motion the vote was taken upon the first resolution, when the same was adopted. Mr. Dorsey, of Hall, moved that the second Resolution be struck out, which motion prevailed, and the Resolution as amended was adopted and ordered to be sent forthwith to the Senate."" On 1865-12-06 the House concurred in the Senate amendment, again with no tally: ""the amendment of the Senate, to the resolution in reference to the adoption of the 13th Clause of the Constitution of the United States, was taken up and concurred in."""
15,Iowa,senate,42,7,1870-01-26,TRUE,https://archive.org/download/journalsenatege31senagoog/journalsenatege31senagoog_djvu.txt,Senate,ratify,"PRIMARY ROLL CALL. DECISIVE STATE: Iowa was the 28th of 37 and completed the Fifteenth Amendment. Journal of the Senate of the Thirteenth General Assembly of the State of Iowa, 1870, p. 77, sitting of January 26, 1870. The Senate had refused to concur in the House joint resolution and a conference committee reported a substitute text; ""On motion, report was taken up and considered, and report of Committee adopted. On motion of Senator Bennett, the rule was suspended, and the joint resolution read a third time. On the question, 'Shall the joint resolution pass?' The yeas were - Senators Allen, Atkins, Beardsley, Bennett, Bill, Bulis, Campbell, Cathcart, Chapin, Claussen, Couch, Dixon, Donnan, Dysart, Griffith, Grimes, Hamilton, Havens, Hawley, Hurley, Ireland, Keller, Larrabee, Long, Lowry, McKean, McNutt, Mitchell, Moore, Murray, Newell, Patterson, Pierce, Rice, Smyth, Traverse, Tuttle, Vale, Vermillion, West, Wolf, and Wright - 42. The nays were - Senators Casady, Dunham, Fairall, Fellows, Knoll, McCulloch, and Mulkern - 7. Absent or not voting - Senator Clark - 1. So the joint resolution passed and the title was agreed to."" 42+7+1 = the 50-member Senate. At the next sitting, January 27, ""Senators Bill and McNutt asked leave to record their vote in the affirmative, on the proposed 15th article to the Constitution of the United States. Leave was granted. Senator Fellows asked leave to record his vote on same subject in the negative. Leave was granted."" - the printed tally already includes all three. Iowa's date of record, 1870-02-03, is the date of the governor's approval and certificate, not of either chamber's vote. Iowa is absent from Mathews (1909). Source: Google/University of Michigan scan on the Internet Archive, item journalsenatege31senagoog; full text saved to data/raw/ratmargins/iowa-senate-journal-13ga-1870.txt."
15,Iowa,house,84,12,1870-01-20,TRUE,https://archive.org/download/journalhouserep18assegoog/journalhouserep18assegoog_djvu.txt,House of Representatives,ratify,"PRIMARY ROLL CALL. DECISIVE STATE: Iowa was the 28th of 37. Journal of the House of Representatives of the Thirteenth General Assembly of the State of Iowa, 1870, p. 96, sitting of January 20, 1870, on the House's own joint resolution ratifying the Fifteenth Article: ""Mr. Kasson moved the previous question, which was seconded... Upon the motion to adopt the joint resolution, Messrs. Millard and Kasson demanded the yeas and nays which were as follows: The yeas were - Messrs. Applegate, Arnold, Ball, Beatty, Beresheim, Bonewitz, Brown of Fayette, Brown of Van Buren, Bundy, Butler, Butterfield, Campbell, Carpenter, Carver, Cutts, Day, Dickerson, Dudley, Dumont, Durham, Elbert, Evans, Faville, Green, Harper, Harrington, Harrison, Hartshorn, Haycock, Hobson, Hopkins, Hopkirk, Huff, Hunter, Jones, Kasson, Keables, Ketcham, Lacey, Lee, Lommen, Mahin, Marks, McCoun, McGavren, Merritt, Miles of Washington, Miles of Wayne, Millard, Miller, Miracle, Morrison, Murdock, Newbold, Noel, Norris, Parsons, Pratt, Rogers, Rohlfs, Rosser, Rowell, Russell, Sanborn, Sater, Satterthwaite, Snow, Spencer, Stanchfield, Stewart, Stone, Stutsman, Swan, Tait, Taylor, Teale, Toliver, Traer, Tufts, Warner, Wasson, Williams, Wright of Sac, Mr. Speaker - 84. The nays were - Messrs. Bell, Christoph, Crawford, DeGroat, Dunne, Gibbons, Hirschler, Hood, Irish, Mills, O'Donnell, Wright of Allamakee - 12. Absent or not voting - Messrs. Conner, Hartenbower, Wilson, and Wood - 4. So the joint resolution was adopted."" The Senate refused to concur and asked a conference; the House then adopted the conference substitute on January 27, 1870 (House Journal p. 128) with NO RECORDED DIVISION - ""On motion of Mr. Rosser, the report of the committee was adopted"" - so 84-12 is the only recorded House roll call on ratification. Iowa's date of record, 1870-02-03, is the governor's approval date. Source: Google/University of Michigan scan on the Internet Archive, item journalhouserep18assegoog; full text saved to data/raw/ratmargins/iowa-house-journal-13ga-1870.txt."
