state,year,measure,value,source_url
Alabama,1976,gov_party,D,https://doi.org/10.7910/DVN/LZHMG3
Alabama,1976,leg_control,D,https://doi.org/10.7910/DVN/LZHMG3
Alabama,1976,pres_plurality_winner_party,DEMOCRAT,https://doi.org/10.7910/DVN/42MVDX
Alabama,1976,pres_two_party_dem_pct,56.6667,https://doi.org/10.7910/DVN/42MVDX
Alabama,1976,pres_two_party_margin_dem,13.3334,https://doi.org/10.7910/DVN/42MVDX
Alabama,1977,gov_party,D,https://doi.org/10.7910/DVN/LZHMG3
Alabama,1977,leg_control,D,https://doi.org/10.7910/DVN/LZHMG3
Alabama,1978,gov_party,D,https://doi.org/10.7910/DVN/LZHMG3
Alabama,1978,leg_control,D,https://doi.org/10.7910/DVN/LZHMG3
Alabama,1979,gov_party,D,https://doi.org/10.7910/DVN/LZHMG3
Alabama,1979,leg_control,D,https://doi.org/10.7910/DVN/LZHMG3
Alabama,1980,gov_party,D,https://doi.org/10.7910/DVN/LZHMG3
Alabama,1980,leg_control,D,https://doi.org/10.7910/DVN/LZHMG3
Alabama,1980,pres_plurality_winner_party,REPUBLICAN,https://doi.org/10.7910/DVN/42MVDX
Alabama,1980,pres_two_party_dem_pct,49.3237,https://doi.org/10.7910/DVN/42MVDX
Alabama,1980,pres_two_party_margin_dem,-1.3527,https://doi.org/10.7910/DVN/42MVDX
Alabama,1981,gov_party,D,https://doi.org/10.7910/DVN/LZHMG3
Alabama,1981,leg_control,D,https://doi.org/10.7910/DVN/LZHMG3
Alabama,1982,gov_party,D,https://doi.org/10.7910/DVN/LZHMG3
Alabama,1982,leg_control,D,https://doi.org/10.7910/DVN/LZHMG3
Alabama,1983,gov_party,D,https://doi.org/10.7910/DVN/LZHMG3
Alabama,1983,leg_control,D,https://doi.org/10.7910/DVN/LZHMG3
Alabama,1984,gov_party,D,https://doi.org/10.7910/DVN/LZHMG3
Alabama,1984,leg_control,D,https://doi.org/10.7910/DVN/LZHMG3
Alabama,1984,pres_plurality_winner_party,REPUBLICAN,https://doi.org/10.7910/DVN/42MVDX
Alabama,1984,pres_two_party_dem_pct,38.7366,https://doi.org/10.7910/DVN/42MVDX
Alabama,1984,pres_two_party_margin_dem,-22.5268,https://doi.org/10.7910/DVN/42MVDX
Alabama,1985,gov_party,D,https://doi.org/10.7910/DVN/LZHMG3
Alabama,1985,leg_control,D,https://doi.org/10.7910/DVN/LZHMG3
Alabama,1986,gov_party,D,https://doi.org/10.7910/DVN/LZHMG3
Alabama,1986,leg_control,D,https://doi.org/10.7910/DVN/LZHMG3
Alabama,1987,gov_party,R,https://doi.org/10.7910/DVN/LZHMG3
Alabama,1987,leg_control,D,https://doi.org/10.7910/DVN/LZHMG3
Alabama,1988,gov_party,R,https://doi.org/10.7910/DVN/LZHMG3
Alabama,1988,leg_control,D,https://doi.org/10.7910/DVN/LZHMG3
Alabama,1988,pres_plurality_winner_party,REPUBLICAN,https://doi.org/10.7910/DVN/42MVDX
Alabama,1988,pres_two_party_dem_pct,40.2544,https://doi.org/10.7910/DVN/42MVDX
Alabama,1988,pres_two_party_margin_dem,-19.4911,https://doi.org/10.7910/DVN/42MVDX
Alabama,1989,gov_party,R,https://doi.org/10.7910/DVN/LZHMG3
Alabama,1989,leg_control,D,https://doi.org/10.7910/DVN/LZHMG3
Alabama,1990,gov_party,R,https://doi.org/10.7910/DVN/LZHMG3
Alabama,1990,leg_control,D,https://doi.org/10.7910/DVN/LZHMG3
Alabama,1991,gov_party,R,https://doi.org/10.7910/DVN/LZHMG3
Alabama,1991,leg_control,D,https://doi.org/10.7910/DVN/LZHMG3
Alabama,1992,gov_party,R,https://doi.org/10.7910/DVN/LZHMG3
Alabama,1992,leg_control,D,https://doi.org/10.7910/DVN/LZHMG3
Alabama,1992,pres_plurality_winner_party,REPUBLICAN,https://doi.org/10.7910/DVN/42MVDX
Alabama,1992,pres_two_party_dem_pct,46.1789,https://doi.org/10.7910/DVN/42MVDX
Alabama,1992,pres_two_party_margin_dem,-7.6423,https://doi.org/10.7910/DVN/42MVDX
Alabama,1993,gov_party,D,https://doi.org/10.7910/DVN/LZHMG3
Alabama,1993,leg_control,D,https://doi.org/10.7910/DVN/LZHMG3
Alabama,1994,gov_party,D,https://doi.org/10.7910/DVN/LZHMG3
Alabama,1994,leg_control,D,https://doi.org/10.7910/DVN/LZHMG3
Alabama,1995,gov_party,R,https://doi.org/10.7910/DVN/LZHMG3
Alabama,1995,leg_control,D,https://doi.org/10.7910/DVN/LZHMG3
Alabama,1996,gov_party,R,https://doi.org/10.7910/DVN/LZHMG3
Alabama,1996,leg_control,D,https://doi.org/10.7910/DVN/LZHMG3
Alabama,1996,pres_plurality_winner_party,REPUBLICAN,https://doi.org/10.7910/DVN/42MVDX
Alabama,1996,pres_two_party_dem_pct,46.2661,https://doi.org/10.7910/DVN/42MVDX
Alabama,1996,pres_two_party_margin_dem,-7.4677,https://doi.org/10.7910/DVN/42MVDX
Alabama,1997,gov_party,R,https://doi.org/10.7910/DVN/LZHMG3
Alabama,1997,leg_control,D,https://doi.org/10.7910/DVN/LZHMG3
Alabama,1998,gov_party,R,https://doi.org/10.7910/DVN/LZHMG3
Alabama,1998,leg_control,D,https://doi.org/10.7910/DVN/LZHMG3
Alabama,1999,gov_party,D,https://doi.org/10.7910/DVN/LZHMG3
Alabama,1999,leg_control,D,https://doi.org/10.7910/DVN/LZHMG3
Alabama,2000,gov_party,D,https://doi.org/10.7910/DVN/LZHMG3
Alabama,2000,leg_control,D,https://doi.org/10.7910/DVN/LZHMG3
Alabama,2000,pres_plurality_winner_party,REPUBLICAN,https://doi.org/10.7910/DVN/42MVDX
Alabama,2000,pres_two_party_dem_pct,42.3931,https://doi.org/10.7910/DVN/42MVDX
Alabama,2000,pres_two_party_margin_dem,-15.2139,https://doi.org/10.7910/DVN/42MVDX
Alabama,2001,gov_party,D,https://doi.org/10.7910/DVN/LZHMG3
Alabama,2001,leg_control,D,https://doi.org/10.7910/DVN/LZHMG3
Alabama,2002,gov_party,D,https://doi.org/10.7910/DVN/LZHMG3
Alabama,2002,leg_control,D,https://doi.org/10.7910/DVN/LZHMG3
Alabama,2003,gov_party,R,https://doi.org/10.7910/DVN/LZHMG3
Alabama,2003,leg_control,D,https://doi.org/10.7910/DVN/LZHMG3
Alabama,2004,gov_party,R,https://doi.org/10.7910/DVN/LZHMG3
Alabama,2004,leg_control,D,https://doi.org/10.7910/DVN/LZHMG3
Alabama,2004,pres_plurality_winner_party,REPUBLICAN,https://doi.org/10.7910/DVN/42MVDX
Alabama,2004,pres_two_party_dem_pct,37.1022,https://doi.org/10.7910/DVN/42MVDX
Alabama,2004,pres_two_party_margin_dem,-25.7955,https://doi.org/10.7910/DVN/42MVDX
Alabama,2005,gov_party,R,https://doi.org/10.7910/DVN/LZHMG3
Alabama,2005,leg_control,D,https://doi.org/10.7910/DVN/LZHMG3
Alabama,2006,gov_party,R,https://doi.org/10.7910/DVN/LZHMG3
Alabama,2006,leg_control,D,https://doi.org/10.7910/DVN/LZHMG3
Alabama,2007,gov_party,R,https://doi.org/10.7910/DVN/LZHMG3
Alabama,2007,leg_control,D,https://doi.org/10.7910/DVN/LZHMG3
Alabama,2008,gov_party,R,https://doi.org/10.7910/DVN/LZHMG3
Alabama,2008,leg_control,D,https://doi.org/10.7910/DVN/LZHMG3
Alabama,2008,pres_plurality_winner_party,REPUBLICAN,https://doi.org/10.7910/DVN/42MVDX
Alabama,2008,pres_two_party_dem_pct,39.1091,https://doi.org/10.7910/DVN/42MVDX
Alabama,2008,pres_two_party_margin_dem,-21.7818,https://doi.org/10.7910/DVN/42MVDX
Alabama,2009,gov_party,R,https://doi.org/10.7910/DVN/LZHMG3
Alabama,2009,leg_control,D,https://doi.org/10.7910/DVN/LZHMG3
Alabama,2010,gov_party,R,https://doi.org/10.7910/DVN/LZHMG3
Alabama,2010,leg_control,D,https://doi.org/10.7910/DVN/LZHMG3
Alabama,2011,gov_party,R,https://doi.org/10.7910/DVN/LZHMG3
Alabama,2011,leg_control,R,https://doi.org/10.7910/DVN/LZHMG3
Alabama,2012,pres_plurality_winner_party,REPUBLICAN,https://doi.org/10.7910/DVN/42MVDX
Alabama,2012,pres_two_party_dem_pct,38.7838,https://doi.org/10.7910/DVN/42MVDX
Alabama,2012,pres_two_party_margin_dem,-22.4325,https://doi.org/10.7910/DVN/42MVDX
Alabama,2016,pres_plurality_winner_party,REPUBLICAN,https://doi.org/10.7910/DVN/42MVDX
Alabama,2016,pres_two_party_dem_pct,35.6259,https://doi.org/10.7910/DVN/42MVDX
Alabama,2016,pres_two_party_margin_dem,-28.7483,https://doi.org/10.7910/DVN/42MVDX
Alabama,2020,pres_plurality_winner_party,REPUBLICAN,https://doi.org/10.7910/DVN/42MVDX
Alabama,2020,pres_two_party_dem_pct,37.0886,https://doi.org/10.7910/DVN/42MVDX
Alabama,2020,pres_two_party_margin_dem,-25.8227,https://doi.org/10.7910/DVN/42MVDX
Alabama,2024,pres_plurality_winner_party,REPUBLICAN,https://doi.org/10.7910/DVN/42MVDX
Alabama,2024,pres_two_party_dem_pct,34.5594,https://doi.org/10.7910/DVN/42MVDX
Alabama,2024,pres_two_party_margin_dem,-30.8812,https://doi.org/10.7910/DVN/42MVDX
Alabama,2026,gov_party_ncsl,R,https://www.ncsl.org/about-state-legislatures/state-partisan-composition
Alabama,2026,house_dem_seats,29,https://www.ncsl.org/about-state-legislatures/state-partisan-composition
Alabama,2026,house_rep_seats,76,https://www.ncsl.org/about-state-legislatures/state-partisan-composition
Alabama,2026,house_total_seats,105,https://www.ncsl.org/about-state-legislatures/state-partisan-composition
Alabama,2026,leg_control_ncsl,R,https://www.ncsl.org/about-state-legislatures/state-partisan-composition
Alabama,2026,senate_dem_seats,8,https://www.ncsl.org/about-state-legislatures/state-partisan-composition
Alabama,2026,senate_rep_seats,27,https://www.ncsl.org/about-state-legislatures/state-partisan-composition
Alabama,2026,senate_total_seats,35,https://www.ncsl.org/about-state-legislatures/state-partisan-composition
Alabama,2026,state_control_ncsl,R,https://www.ncsl.org/about-state-legislatures/state-partisan-composition
Alaska,1976,gov_party,R,https://doi.org/10.7910/DVN/LZHMG3
Alaska,1976,leg_control,D,https://doi.org/10.7910/DVN/LZHMG3
Alaska,1976,pres_plurality_winner_party,REPUBLICAN,https://doi.org/10.7910/DVN/42MVDX
Alaska,1976,pres_two_party_dem_pct,38.1082,https://doi.org/10.7910/DVN/42MVDX
Alaska,1976,pres_two_party_margin_dem,-23.7837,https://doi.org/10.7910/DVN/42MVDX
Alaska,1977,gov_party,R,https://doi.org/10.7910/DVN/LZHMG3
Alaska,1977,leg_control,D,https://doi.org/10.7910/DVN/LZHMG3
Alaska,1978,gov_party,R,https://doi.org/10.7910/DVN/LZHMG3
Alaska,1978,leg_control,D,https://doi.org/10.7910/DVN/LZHMG3
Alaska,1979,gov_party,R,https://doi.org/10.7910/DVN/LZHMG3
Alaska,1979,leg_control,Split,https://doi.org/10.7910/DVN/LZHMG3
Alaska,1980,gov_party,R,https://doi.org/10.7910/DVN/LZHMG3
Alaska,1980,leg_control,Split,https://doi.org/10.7910/DVN/LZHMG3
Alaska,1980,pres_plurality_winner_party,REPUBLICAN,https://doi.org/10.7910/DVN/42MVDX
Alaska,1980,pres_two_party_dem_pct,32.7008,https://doi.org/10.7910/DVN/42MVDX
Alaska,1980,pres_two_party_margin_dem,-34.5984,https://doi.org/10.7910/DVN/42MVDX
Alaska,1981,gov_party,R,https://doi.org/10.7910/DVN/LZHMG3
Alaska,1981,leg_control,D,https://doi.org/10.7910/DVN/LZHMG3
Alaska,1982,gov_party,R,https://doi.org/10.7910/DVN/LZHMG3
Alaska,1982,leg_control,D,https://doi.org/10.7910/DVN/LZHMG3
Alaska,1983,gov_party,D,https://doi.org/10.7910/DVN/LZHMG3
Alaska,1983,leg_control,R,https://doi.org/10.7910/DVN/LZHMG3
Alaska,1984,gov_party,D,https://doi.org/10.7910/DVN/LZHMG3
Alaska,1984,leg_control,R,https://doi.org/10.7910/DVN/LZHMG3
Alaska,1984,pres_plurality_winner_party,REPUBLICAN,https://doi.org/10.7910/DVN/42MVDX
Alaska,1984,pres_two_party_dem_pct,30.9441,https://doi.org/10.7910/DVN/42MVDX
Alaska,1984,pres_two_party_margin_dem,-38.1118,https://doi.org/10.7910/DVN/42MVDX
Alaska,1985,gov_party,D,https://doi.org/10.7910/DVN/LZHMG3
Alaska,1985,leg_control,Split,https://doi.org/10.7910/DVN/LZHMG3
Alaska,1986,gov_party,D,https://doi.org/10.7910/DVN/LZHMG3
Alaska,1986,leg_control,Split,https://doi.org/10.7910/DVN/LZHMG3
Alaska,1987,gov_party,D,https://doi.org/10.7910/DVN/LZHMG3
Alaska,1987,leg_control,Split,https://doi.org/10.7910/DVN/LZHMG3
Alaska,1988,gov_party,D,https://doi.org/10.7910/DVN/LZHMG3
Alaska,1988,leg_control,Split,https://doi.org/10.7910/DVN/LZHMG3
Alaska,1988,pres_plurality_winner_party,REPUBLICAN,https://doi.org/10.7910/DVN/42MVDX
Alaska,1988,pres_two_party_dem_pct,37.8367,https://doi.org/10.7910/DVN/42MVDX
Alaska,1988,pres_two_party_margin_dem,-24.3266,https://doi.org/10.7910/DVN/42MVDX
Alaska,1989,gov_party,D,https://doi.org/10.7910/DVN/LZHMG3
Alaska,1989,leg_control,Split,https://doi.org/10.7910/DVN/LZHMG3
Alaska,1990,gov_party,D,https://doi.org/10.7910/DVN/LZHMG3
Alaska,1990,leg_control,Split,https://doi.org/10.7910/DVN/LZHMG3
Alaska,1991,gov_party,Other,https://doi.org/10.7910/DVN/LZHMG3
Alaska,1991,leg_control,Split,https://doi.org/10.7910/DVN/LZHMG3
Alaska,1992,gov_party,Other,https://doi.org/10.7910/DVN/LZHMG3
Alaska,1992,leg_control,Split,https://doi.org/10.7910/DVN/LZHMG3
Alaska,1992,pres_plurality_winner_party,REPUBLICAN,https://doi.org/10.7910/DVN/42MVDX
Alaska,1992,pres_two_party_dem_pct,43.4257,https://doi.org/10.7910/DVN/42MVDX
Alaska,1992,pres_two_party_margin_dem,-13.1485,https://doi.org/10.7910/DVN/42MVDX
Alaska,1993,gov_party,Other,https://doi.org/10.7910/DVN/LZHMG3
Alaska,1993,leg_control,Split,https://doi.org/10.7910/DVN/LZHMG3
Alaska,1994,gov_party,Other,https://doi.org/10.7910/DVN/LZHMG3
Alaska,1994,leg_control,Split,https://doi.org/10.7910/DVN/LZHMG3
Alaska,1995,gov_party,D,https://doi.org/10.7910/DVN/LZHMG3
Alaska,1995,leg_control,R,https://doi.org/10.7910/DVN/LZHMG3
Alaska,1996,gov_party,D,https://doi.org/10.7910/DVN/LZHMG3
Alaska,1996,leg_control,R,https://doi.org/10.7910/DVN/LZHMG3
Alaska,1996,pres_plurality_winner_party,REPUBLICAN,https://doi.org/10.7910/DVN/42MVDX
Alaska,1996,pres_two_party_dem_pct,39.5715,https://doi.org/10.7910/DVN/42MVDX
Alaska,1996,pres_two_party_margin_dem,-20.857,https://doi.org/10.7910/DVN/42MVDX
Alaska,1997,gov_party,D,https://doi.org/10.7910/DVN/LZHMG3
Alaska,1997,leg_control,R,https://doi.org/10.7910/DVN/LZHMG3
Alaska,1998,gov_party,D,https://doi.org/10.7910/DVN/LZHMG3
Alaska,1998,leg_control,R,https://doi.org/10.7910/DVN/LZHMG3
Alaska,1999,gov_party,D,https://doi.org/10.7910/DVN/LZHMG3
Alaska,1999,leg_control,R,https://doi.org/10.7910/DVN/LZHMG3
Alaska,2000,gov_party,D,https://doi.org/10.7910/DVN/LZHMG3
Alaska,2000,leg_control,R,https://doi.org/10.7910/DVN/LZHMG3
Alaska,2000,pres_plurality_winner_party,REPUBLICAN,https://doi.org/10.7910/DVN/42MVDX
Alaska,2000,pres_two_party_dem_pct,32.0631,https://doi.org/10.7910/DVN/42MVDX
Alaska,2000,pres_two_party_margin_dem,-35.8739,https://doi.org/10.7910/DVN/42MVDX
Alaska,2001,gov_party,D,https://doi.org/10.7910/DVN/LZHMG3
Alaska,2001,leg_control,R,https://doi.org/10.7910/DVN/LZHMG3
Alaska,2002,gov_party,D,https://doi.org/10.7910/DVN/LZHMG3
Alaska,2002,leg_control,R,https://doi.org/10.7910/DVN/LZHMG3
Alaska,2003,gov_party,R,https://doi.org/10.7910/DVN/LZHMG3
Alaska,2003,leg_control,R,https://doi.org/10.7910/DVN/LZHMG3
Alaska,2004,gov_party,R,https://doi.org/10.7910/DVN/LZHMG3
Alaska,2004,leg_control,R,https://doi.org/10.7910/DVN/LZHMG3
Alaska,2004,pres_plurality_winner_party,REPUBLICAN,https://doi.org/10.7910/DVN/42MVDX
Alaska,2004,pres_two_party_dem_pct,36.7737,https://doi.org/10.7910/DVN/42MVDX
Alaska,2004,pres_two_party_margin_dem,-26.4526,https://doi.org/10.7910/DVN/42MVDX
Alaska,2005,gov_party,R,https://doi.org/10.7910/DVN/LZHMG3
Alaska,2005,leg_control,R,https://doi.org/10.7910/DVN/LZHMG3
Alaska,2006,gov_party,R,https://doi.org/10.7910/DVN/LZHMG3
Alaska,2006,leg_control,R,https://doi.org/10.7910/DVN/LZHMG3
Alaska,2007,gov_party,R,https://doi.org/10.7910/DVN/LZHMG3
Alaska,2007,leg_control,R,https://doi.org/10.7910/DVN/LZHMG3
Alaska,2008,gov_party,R,https://doi.org/10.7910/DVN/LZHMG3
Alaska,2008,leg_control,R,https://doi.org/10.7910/DVN/LZHMG3
Alaska,2008,pres_plurality_winner_party,REPUBLICAN,https://doi.org/10.7910/DVN/42MVDX
Alaska,2008,pres_two_party_dem_pct,38.9352,https://doi.org/10.7910/DVN/42MVDX
Alaska,2008,pres_two_party_margin_dem,-22.1296,https://doi.org/10.7910/DVN/42MVDX
Alaska,2009,gov_party,R,https://doi.org/10.7910/DVN/LZHMG3
Alaska,2009,leg_control,Split,https://doi.org/10.7910/DVN/LZHMG3
Alaska,2010,gov_party,R,https://doi.org/10.7910/DVN/LZHMG3
Alaska,2010,leg_control,Split,https://doi.org/10.7910/DVN/LZHMG3
Alaska,2011,gov_party,R,https://doi.org/10.7910/DVN/LZHMG3
Alaska,2011,leg_control,Split,https://doi.org/10.7910/DVN/LZHMG3
Alaska,2012,pres_plurality_winner_party,REPUBLICAN,https://doi.org/10.7910/DVN/42MVDX
Alaska,2012,pres_two_party_dem_pct,42.6847,https://doi.org/10.7910/DVN/42MVDX
Alaska,2012,pres_two_party_margin_dem,-14.6306,https://doi.org/10.7910/DVN/42MVDX
Alaska,2016,pres_plurality_winner_party,REPUBLICAN,https://doi.org/10.7910/DVN/42MVDX
Alaska,2016,pres_two_party_dem_pct,41.6143,https://doi.org/10.7910/DVN/42MVDX
Alaska,2016,pres_two_party_margin_dem,-16.7713,https://doi.org/10.7910/DVN/42MVDX
Alaska,2020,pres_plurality_winner_party,REPUBLICAN,https://doi.org/10.7910/DVN/42MVDX
Alaska,2020,pres_two_party_dem_pct,44.7382,https://doi.org/10.7910/DVN/42MVDX
Alaska,2020,pres_two_party_margin_dem,-10.5237,https://doi.org/10.7910/DVN/42MVDX
Alaska,2024,pres_plurality_winner_party,REPUBLICAN,https://doi.org/10.7910/DVN/42MVDX
Alaska,2024,pres_two_party_dem_pct,43.1534,https://doi.org/10.7910/DVN/42MVDX
Alaska,2024,pres_two_party_margin_dem,-13.6931,https://doi.org/10.7910/DVN/42MVDX
Alaska,2026,gov_party_ncsl,R,https://www.ncsl.org/about-state-legislatures/state-partisan-composition
Alaska,2026,house_dem_seats,14,https://www.ncsl.org/about-state-legislatures/state-partisan-composition
Alaska,2026,house_rep_seats,21,https://www.ncsl.org/about-state-legislatures/state-partisan-composition
Alaska,2026,house_total_seats,40,https://www.ncsl.org/about-state-legislatures/state-partisan-composition
Alaska,2026,leg_control_ncsl,R,https://www.ncsl.org/about-state-legislatures/state-partisan-composition
Alaska,2026,senate_dem_seats,9,https://www.ncsl.org/about-state-legislatures/state-partisan-composition
Alaska,2026,senate_rep_seats,11,https://www.ncsl.org/about-state-legislatures/state-partisan-composition
Alaska,2026,senate_total_seats,20,https://www.ncsl.org/about-state-legislatures/state-partisan-composition
Alaska,2026,state_control_ncsl,R,https://www.ncsl.org/about-state-legislatures/state-partisan-composition
Arizona,1976,gov_party,D,https://doi.org/10.7910/DVN/LZHMG3
Arizona,1976,leg_control,Split,https://doi.org/10.7910/DVN/LZHMG3
Arizona,1976,pres_plurality_winner_party,REPUBLICAN,https://doi.org/10.7910/DVN/42MVDX
Arizona,1976,pres_two_party_dem_pct,41.3867,https://doi.org/10.7910/DVN/42MVDX
Arizona,1976,pres_two_party_margin_dem,-17.2266,https://doi.org/10.7910/DVN/42MVDX
Arizona,1977,gov_party,D,https://doi.org/10.7910/DVN/LZHMG3
Arizona,1977,leg_control,Split,https://doi.org/10.7910/DVN/LZHMG3
Arizona,1978,gov_party,D,https://doi.org/10.7910/DVN/LZHMG3
Arizona,1978,leg_control,Split,https://doi.org/10.7910/DVN/LZHMG3
Arizona,1979,gov_party,D,https://doi.org/10.7910/DVN/LZHMG3
Arizona,1979,leg_control,R,https://doi.org/10.7910/DVN/LZHMG3
Arizona,1980,gov_party,D,https://doi.org/10.7910/DVN/LZHMG3
Arizona,1980,leg_control,R,https://doi.org/10.7910/DVN/LZHMG3
Arizona,1980,pres_plurality_winner_party,REPUBLICAN,https://doi.org/10.7910/DVN/42MVDX
Arizona,1980,pres_two_party_dem_pct,31.7879,https://doi.org/10.7910/DVN/42MVDX
Arizona,1980,pres_two_party_margin_dem,-36.4242,https://doi.org/10.7910/DVN/42MVDX
Arizona,1981,gov_party,D,https://doi.org/10.7910/DVN/LZHMG3
Arizona,1981,leg_control,R,https://doi.org/10.7910/DVN/LZHMG3
Arizona,1982,gov_party,D,https://doi.org/10.7910/DVN/LZHMG3
Arizona,1982,leg_control,R,https://doi.org/10.7910/DVN/LZHMG3
Arizona,1983,gov_party,D,https://doi.org/10.7910/DVN/LZHMG3
Arizona,1983,leg_control,R,https://doi.org/10.7910/DVN/LZHMG3
Arizona,1984,gov_party,D,https://doi.org/10.7910/DVN/LZHMG3
Arizona,1984,leg_control,R,https://doi.org/10.7910/DVN/LZHMG3
Arizona,1984,pres_plurality_winner_party,REPUBLICAN,https://doi.org/10.7910/DVN/42MVDX
Arizona,1984,pres_two_party_dem_pct,32.8833,https://doi.org/10.7910/DVN/42MVDX
Arizona,1984,pres_two_party_margin_dem,-34.2335,https://doi.org/10.7910/DVN/42MVDX
Arizona,1985,gov_party,D,https://doi.org/10.7910/DVN/LZHMG3
Arizona,1985,leg_control,R,https://doi.org/10.7910/DVN/LZHMG3
Arizona,1986,gov_party,D,https://doi.org/10.7910/DVN/LZHMG3
Arizona,1986,leg_control,R,https://doi.org/10.7910/DVN/LZHMG3
Arizona,1987,gov_party,R,https://doi.org/10.7910/DVN/LZHMG3
Arizona,1987,leg_control,R,https://doi.org/10.7910/DVN/LZHMG3
Arizona,1988,gov_party,D,https://doi.org/10.7910/DVN/LZHMG3
Arizona,1988,leg_control,R,https://doi.org/10.7910/DVN/LZHMG3
Arizona,1988,pres_plurality_winner_party,REPUBLICAN,https://doi.org/10.7910/DVN/42MVDX
Arizona,1988,pres_two_party_dem_pct,39.2565,https://doi.org/10.7910/DVN/42MVDX
Arizona,1988,pres_two_party_margin_dem,-21.487,https://doi.org/10.7910/DVN/42MVDX
Arizona,1989,gov_party,D,https://doi.org/10.7910/DVN/LZHMG3
Arizona,1989,leg_control,R,https://doi.org/10.7910/DVN/LZHMG3
Arizona,1990,gov_party,D,https://doi.org/10.7910/DVN/LZHMG3
Arizona,1990,leg_control,R,https://doi.org/10.7910/DVN/LZHMG3
Arizona,1991,gov_party,R,https://doi.org/10.7910/DVN/LZHMG3
Arizona,1991,leg_control,Split,https://doi.org/10.7910/DVN/LZHMG3
Arizona,1992,gov_party,R,https://doi.org/10.7910/DVN/LZHMG3
Arizona,1992,leg_control,Split,https://doi.org/10.7910/DVN/LZHMG3
Arizona,1992,pres_plurality_winner_party,REPUBLICAN,https://doi.org/10.7910/DVN/42MVDX
Arizona,1992,pres_two_party_dem_pct,48.6981,https://doi.org/10.7910/DVN/42MVDX
Arizona,1992,pres_two_party_margin_dem,-2.6038,https://doi.org/10.7910/DVN/42MVDX
Arizona,1993,gov_party,R,https://doi.org/10.7910/DVN/LZHMG3
Arizona,1993,leg_control,R,https://doi.org/10.7910/DVN/LZHMG3
Arizona,1994,gov_party,R,https://doi.org/10.7910/DVN/LZHMG3
Arizona,1994,leg_control,R,https://doi.org/10.7910/DVN/LZHMG3
Arizona,1995,gov_party,R,https://doi.org/10.7910/DVN/LZHMG3
Arizona,1995,leg_control,R,https://doi.org/10.7910/DVN/LZHMG3
Arizona,1996,gov_party,R,https://doi.org/10.7910/DVN/LZHMG3
Arizona,1996,leg_control,R,https://doi.org/10.7910/DVN/LZHMG3
Arizona,1996,pres_plurality_winner_party,DEMOCRAT,https://doi.org/10.7910/DVN/42MVDX
Arizona,1996,pres_two_party_dem_pct,51.2238,https://doi.org/10.7910/DVN/42MVDX
Arizona,1996,pres_two_party_margin_dem,2.4475,https://doi.org/10.7910/DVN/42MVDX
Arizona,1997,gov_party,R,https://doi.org/10.7910/DVN/LZHMG3
Arizona,1997,leg_control,R,https://doi.org/10.7910/DVN/LZHMG3
Arizona,1998,gov_party,R,https://doi.org/10.7910/DVN/LZHMG3
Arizona,1998,leg_control,R,https://doi.org/10.7910/DVN/LZHMG3
Arizona,1999,gov_party,R,https://doi.org/10.7910/DVN/LZHMG3
Arizona,1999,leg_control,R,https://doi.org/10.7910/DVN/LZHMG3
Arizona,2000,gov_party,R,https://doi.org/10.7910/DVN/LZHMG3
Arizona,2000,leg_control,R,https://doi.org/10.7910/DVN/LZHMG3
Arizona,2000,pres_plurality_winner_party,REPUBLICAN,https://doi.org/10.7910/DVN/42MVDX
Arizona,2000,pres_two_party_dem_pct,46.7174,https://doi.org/10.7910/DVN/42MVDX
Arizona,2000,pres_two_party_margin_dem,-6.5652,https://doi.org/10.7910/DVN/42MVDX
Arizona,2001,gov_party,R,https://doi.org/10.7910/DVN/LZHMG3
Arizona,2001,leg_control,Split,https://doi.org/10.7910/DVN/LZHMG3
Arizona,2002,gov_party,R,https://doi.org/10.7910/DVN/LZHMG3
Arizona,2002,leg_control,Split,https://doi.org/10.7910/DVN/LZHMG3
Arizona,2003,gov_party,D,https://doi.org/10.7910/DVN/LZHMG3
Arizona,2003,leg_control,R,https://doi.org/10.7910/DVN/LZHMG3
Arizona,2004,gov_party,D,https://doi.org/10.7910/DVN/LZHMG3
Arizona,2004,leg_control,R,https://doi.org/10.7910/DVN/LZHMG3
Arizona,2004,pres_plurality_winner_party,REPUBLICAN,https://doi.org/10.7910/DVN/42MVDX
Arizona,2004,pres_two_party_dem_pct,44.725,https://doi.org/10.7910/DVN/42MVDX
Arizona,2004,pres_two_party_margin_dem,-10.55,https://doi.org/10.7910/DVN/42MVDX
Arizona,2005,gov_party,D,https://doi.org/10.7910/DVN/LZHMG3
Arizona,2005,leg_control,R,https://doi.org/10.7910/DVN/LZHMG3
Arizona,2006,gov_party,D,https://doi.org/10.7910/DVN/LZHMG3
Arizona,2006,leg_control,R,https://doi.org/10.7910/DVN/LZHMG3
Arizona,2007,gov_party,D,https://doi.org/10.7910/DVN/LZHMG3
Arizona,2007,leg_control,R,https://doi.org/10.7910/DVN/LZHMG3
Arizona,2008,gov_party,D,https://doi.org/10.7910/DVN/LZHMG3
Arizona,2008,leg_control,R,https://doi.org/10.7910/DVN/LZHMG3
Arizona,2008,pres_plurality_winner_party,REPUBLICAN,https://doi.org/10.7910/DVN/42MVDX
Arizona,2008,pres_two_party_dem_pct,45.6861,https://doi.org/10.7910/DVN/42MVDX
Arizona,2008,pres_two_party_margin_dem,-8.6278,https://doi.org/10.7910/DVN/42MVDX
Arizona,2009,gov_party,R,https://doi.org/10.7910/DVN/LZHMG3
Arizona,2009,leg_control,R,https://doi.org/10.7910/DVN/LZHMG3
Arizona,2010,gov_party,R,https://doi.org/10.7910/DVN/LZHMG3
Arizona,2010,leg_control,R,https://doi.org/10.7910/DVN/LZHMG3
Arizona,2011,gov_party,R,https://doi.org/10.7910/DVN/LZHMG3
Arizona,2011,leg_control,R,https://doi.org/10.7910/DVN/LZHMG3
Arizona,2012,pres_plurality_winner_party,REPUBLICAN,https://doi.org/10.7910/DVN/42MVDX
Arizona,2012,pres_two_party_dem_pct,45.3866,https://doi.org/10.7910/DVN/42MVDX
Arizona,2012,pres_two_party_margin_dem,-9.2268,https://doi.org/10.7910/DVN/42MVDX
Arizona,2016,pres_plurality_winner_party,REPUBLICAN,https://doi.org/10.7910/DVN/42MVDX
Arizona,2016,pres_two_party_dem_pct,48.1109,https://doi.org/10.7910/DVN/42MVDX
Arizona,2016,pres_two_party_margin_dem,-3.7782,https://doi.org/10.7910/DVN/42MVDX
Arizona,2020,pres_plurality_winner_party,DEMOCRAT,https://doi.org/10.7910/DVN/42MVDX
Arizona,2020,pres_two_party_dem_pct,50.1568,https://doi.org/10.7910/DVN/42MVDX
Arizona,2020,pres_two_party_margin_dem,0.3137,https://doi.org/10.7910/DVN/42MVDX
Arizona,2024,pres_plurality_winner_party,REPUBLICAN,https://doi.org/10.7910/DVN/42MVDX
Arizona,2024,pres_two_party_dem_pct,47.2058,https://doi.org/10.7910/DVN/42MVDX
Arizona,2024,pres_two_party_margin_dem,-5.5883,https://doi.org/10.7910/DVN/42MVDX
Arizona,2026,gov_party_ncsl,D,https://www.ncsl.org/about-state-legislatures/state-partisan-composition
Arizona,2026,house_dem_seats,27,https://www.ncsl.org/about-state-legislatures/state-partisan-composition
Arizona,2026,house_rep_seats,33,https://www.ncsl.org/about-state-legislatures/state-partisan-composition
Arizona,2026,house_total_seats,60,https://www.ncsl.org/about-state-legislatures/state-partisan-composition
Arizona,2026,leg_control_ncsl,R,https://www.ncsl.org/about-state-legislatures/state-partisan-composition
Arizona,2026,senate_dem_seats,13,https://www.ncsl.org/about-state-legislatures/state-partisan-composition
Arizona,2026,senate_rep_seats,17,https://www.ncsl.org/about-state-legislatures/state-partisan-composition
Arizona,2026,senate_total_seats,30,https://www.ncsl.org/about-state-legislatures/state-partisan-composition
Arizona,2026,state_control_ncsl,Split,https://www.ncsl.org/about-state-legislatures/state-partisan-composition
Arkansas,1976,gov_party,D,https://doi.org/10.7910/DVN/LZHMG3
Arkansas,1976,leg_control,D,https://doi.org/10.7910/DVN/LZHMG3
Arkansas,1976,pres_plurality_winner_party,DEMOCRAT,https://doi.org/10.7910/DVN/42MVDX
Arkansas,1976,pres_two_party_dem_pct,65.0489,https://doi.org/10.7910/DVN/42MVDX
Arkansas,1976,pres_two_party_margin_dem,30.0977,https://doi.org/10.7910/DVN/42MVDX
Arkansas,1977,gov_party,D,https://doi.org/10.7910/DVN/LZHMG3
Arkansas,1977,leg_control,D,https://doi.org/10.7910/DVN/LZHMG3
Arkansas,1978,gov_party,D,https://doi.org/10.7910/DVN/LZHMG3
Arkansas,1978,leg_control,D,https://doi.org/10.7910/DVN/LZHMG3
Arkansas,1979,gov_party,D,https://doi.org/10.7910/DVN/LZHMG3
Arkansas,1979,leg_control,D,https://doi.org/10.7910/DVN/LZHMG3
Arkansas,1980,gov_party,D,https://doi.org/10.7910/DVN/LZHMG3
Arkansas,1980,leg_control,D,https://doi.org/10.7910/DVN/LZHMG3
Arkansas,1980,pres_plurality_winner_party,REPUBLICAN,https://doi.org/10.7910/DVN/42MVDX
Arkansas,1980,pres_two_party_dem_pct,49.6803,https://doi.org/10.7910/DVN/42MVDX
Arkansas,1980,pres_two_party_margin_dem,-0.6394,https://doi.org/10.7910/DVN/42MVDX
Arkansas,1981,gov_party,R,https://doi.org/10.7910/DVN/LZHMG3
Arkansas,1981,leg_control,D,https://doi.org/10.7910/DVN/LZHMG3
Arkansas,1982,gov_party,R,https://doi.org/10.7910/DVN/LZHMG3
Arkansas,1982,leg_control,D,https://doi.org/10.7910/DVN/LZHMG3
Arkansas,1983,gov_party,D,https://doi.org/10.7910/DVN/LZHMG3
Arkansas,1983,leg_control,D,https://doi.org/10.7910/DVN/LZHMG3
Arkansas,1984,gov_party,D,https://doi.org/10.7910/DVN/LZHMG3
Arkansas,1984,leg_control,D,https://doi.org/10.7910/DVN/LZHMG3
Arkansas,1984,pres_plurality_winner_party,REPUBLICAN,https://doi.org/10.7910/DVN/42MVDX
Arkansas,1984,pres_two_party_dem_pct,38.7724,https://doi.org/10.7910/DVN/42MVDX
Arkansas,1984,pres_two_party_margin_dem,-22.4552,https://doi.org/10.7910/DVN/42MVDX
Arkansas,1985,gov_party,D,https://doi.org/10.7910/DVN/LZHMG3
Arkansas,1985,leg_control,D,https://doi.org/10.7910/DVN/LZHMG3
Arkansas,1986,gov_party,D,https://doi.org/10.7910/DVN/LZHMG3
Arkansas,1986,leg_control,D,https://doi.org/10.7910/DVN/LZHMG3
Arkansas,1987,gov_party,D,https://doi.org/10.7910/DVN/LZHMG3
Arkansas,1987,leg_control,D,https://doi.org/10.7910/DVN/LZHMG3
Arkansas,1988,gov_party,D,https://doi.org/10.7910/DVN/LZHMG3
Arkansas,1988,leg_control,D,https://doi.org/10.7910/DVN/LZHMG3
Arkansas,1988,pres_plurality_winner_party,REPUBLICAN,https://doi.org/10.7910/DVN/42MVDX
Arkansas,1988,pres_two_party_dem_pct,42.8084,https://doi.org/10.7910/DVN/42MVDX
Arkansas,1988,pres_two_party_margin_dem,-14.3833,https://doi.org/10.7910/DVN/42MVDX
Arkansas,1989,gov_party,D,https://doi.org/10.7910/DVN/LZHMG3
Arkansas,1989,leg_control,D,https://doi.org/10.7910/DVN/LZHMG3
Arkansas,1990,gov_party,D,https://doi.org/10.7910/DVN/LZHMG3
Arkansas,1990,leg_control,D,https://doi.org/10.7910/DVN/LZHMG3
Arkansas,1991,gov_party,D,https://doi.org/10.7910/DVN/LZHMG3
Arkansas,1991,leg_control,D,https://doi.org/10.7910/DVN/LZHMG3
Arkansas,1992,gov_party,D,https://doi.org/10.7910/DVN/LZHMG3
Arkansas,1992,leg_control,D,https://doi.org/10.7910/DVN/LZHMG3
Arkansas,1992,pres_plurality_winner_party,DEMOCRAT,https://doi.org/10.7910/DVN/42MVDX
Arkansas,1992,pres_two_party_dem_pct,59.9923,https://doi.org/10.7910/DVN/42MVDX
Arkansas,1992,pres_two_party_margin_dem,19.9845,https://doi.org/10.7910/DVN/42MVDX
Arkansas,1993,gov_party,D,https://doi.org/10.7910/DVN/LZHMG3
Arkansas,1993,leg_control,D,https://doi.org/10.7910/DVN/LZHMG3
Arkansas,1994,gov_party,D,https://doi.org/10.7910/DVN/LZHMG3
Arkansas,1994,leg_control,D,https://doi.org/10.7910/DVN/LZHMG3
Arkansas,1995,gov_party,D,https://doi.org/10.7910/DVN/LZHMG3
Arkansas,1995,leg_control,D,https://doi.org/10.7910/DVN/LZHMG3
Arkansas,1996,gov_party,R,https://doi.org/10.7910/DVN/LZHMG3
Arkansas,1996,leg_control,D,https://doi.org/10.7910/DVN/LZHMG3
Arkansas,1996,pres_plurality_winner_party,DEMOCRAT,https://doi.org/10.7910/DVN/42MVDX
Arkansas,1996,pres_two_party_dem_pct,59.3528,https://doi.org/10.7910/DVN/42MVDX
Arkansas,1996,pres_two_party_margin_dem,18.7056,https://doi.org/10.7910/DVN/42MVDX
Arkansas,1997,gov_party,R,https://doi.org/10.7910/DVN/LZHMG3
Arkansas,1997,leg_control,D,https://doi.org/10.7910/DVN/LZHMG3
Arkansas,1998,gov_party,R,https://doi.org/10.7910/DVN/LZHMG3
Arkansas,1998,leg_control,D,https://doi.org/10.7910/DVN/LZHMG3
Arkansas,1999,gov_party,R,https://doi.org/10.7910/DVN/LZHMG3
Arkansas,1999,leg_control,D,https://doi.org/10.7910/DVN/LZHMG3
Arkansas,2000,gov_party,R,https://doi.org/10.7910/DVN/LZHMG3
Arkansas,2000,leg_control,D,https://doi.org/10.7910/DVN/LZHMG3
Arkansas,2000,pres_plurality_winner_party,REPUBLICAN,https://doi.org/10.7910/DVN/42MVDX
Arkansas,2000,pres_two_party_dem_pct,47.1993,https://doi.org/10.7910/DVN/42MVDX
Arkansas,2000,pres_two_party_margin_dem,-5.6014,https://doi.org/10.7910/DVN/42MVDX
Arkansas,2001,gov_party,R,https://doi.org/10.7910/DVN/LZHMG3
Arkansas,2001,leg_control,D,https://doi.org/10.7910/DVN/LZHMG3
Arkansas,2002,gov_party,R,https://doi.org/10.7910/DVN/LZHMG3
Arkansas,2002,leg_control,D,https://doi.org/10.7910/DVN/LZHMG3
Arkansas,2003,gov_party,R,https://doi.org/10.7910/DVN/LZHMG3
Arkansas,2003,leg_control,D,https://doi.org/10.7910/DVN/LZHMG3
Arkansas,2004,gov_party,R,https://doi.org/10.7910/DVN/LZHMG3
Arkansas,2004,leg_control,D,https://doi.org/10.7910/DVN/LZHMG3
Arkansas,2004,pres_plurality_winner_party,REPUBLICAN,https://doi.org/10.7910/DVN/42MVDX
Arkansas,2004,pres_two_party_dem_pct,45.0643,https://doi.org/10.7910/DVN/42MVDX
Arkansas,2004,pres_two_party_margin_dem,-9.8715,https://doi.org/10.7910/DVN/42MVDX
Arkansas,2005,gov_party,R,https://doi.org/10.7910/DVN/LZHMG3
Arkansas,2005,leg_control,D,https://doi.org/10.7910/DVN/LZHMG3
Arkansas,2006,gov_party,R,https://doi.org/10.7910/DVN/LZHMG3
Arkansas,2006,leg_control,D,https://doi.org/10.7910/DVN/LZHMG3
Arkansas,2007,gov_party,D,https://doi.org/10.7910/DVN/LZHMG3
Arkansas,2007,leg_control,D,https://doi.org/10.7910/DVN/LZHMG3
Arkansas,2008,gov_party,D,https://doi.org/10.7910/DVN/LZHMG3
Arkansas,2008,leg_control,D,https://doi.org/10.7910/DVN/LZHMG3
Arkansas,2008,pres_plurality_winner_party,REPUBLICAN,https://doi.org/10.7910/DVN/42MVDX
Arkansas,2008,pres_two_party_dem_pct,39.8283,https://doi.org/10.7910/DVN/42MVDX
Arkansas,2008,pres_two_party_margin_dem,-20.3434,https://doi.org/10.7910/DVN/42MVDX
Arkansas,2009,gov_party,D,https://doi.org/10.7910/DVN/LZHMG3
Arkansas,2009,leg_control,D,https://doi.org/10.7910/DVN/LZHMG3
Arkansas,2010,gov_party,D,https://doi.org/10.7910/DVN/LZHMG3
Arkansas,2010,leg_control,D,https://doi.org/10.7910/DVN/LZHMG3
Arkansas,2011,gov_party,D,https://doi.org/10.7910/DVN/LZHMG3
Arkansas,2011,leg_control,D,https://doi.org/10.7910/DVN/LZHMG3
Arkansas,2012,pres_plurality_winner_party,REPUBLICAN,https://doi.org/10.7910/DVN/42MVDX
Arkansas,2012,pres_two_party_dem_pct,37.8456,https://doi.org/10.7910/DVN/42MVDX
Arkansas,2012,pres_two_party_margin_dem,-24.3088,https://doi.org/10.7910/DVN/42MVDX
Arkansas,2016,pres_plurality_winner_party,REPUBLICAN,https://doi.org/10.7910/DVN/42MVDX
Arkansas,2016,pres_two_party_dem_pct,35.7149,https://doi.org/10.7910/DVN/42MVDX
Arkansas,2016,pres_two_party_margin_dem,-28.5703,https://doi.org/10.7910/DVN/42MVDX
Arkansas,2020,pres_plurality_winner_party,REPUBLICAN,https://doi.org/10.7910/DVN/42MVDX
Arkansas,2020,pres_two_party_dem_pct,35.7876,https://doi.org/10.7910/DVN/42MVDX
Arkansas,2020,pres_two_party_margin_dem,-28.4249,https://doi.org/10.7910/DVN/42MVDX
Arkansas,2024,pres_plurality_winner_party,REPUBLICAN,https://doi.org/10.7910/DVN/42MVDX
Arkansas,2024,pres_two_party_dem_pct,34.33,https://doi.org/10.7910/DVN/42MVDX
Arkansas,2024,pres_two_party_margin_dem,-31.34,https://doi.org/10.7910/DVN/42MVDX
Arkansas,2026,gov_party_ncsl,R,https://www.ncsl.org/about-state-legislatures/state-partisan-composition
Arkansas,2026,house_dem_seats,20,https://www.ncsl.org/about-state-legislatures/state-partisan-composition
Arkansas,2026,house_rep_seats,79,https://www.ncsl.org/about-state-legislatures/state-partisan-composition
Arkansas,2026,house_total_seats,100,https://www.ncsl.org/about-state-legislatures/state-partisan-composition
Arkansas,2026,leg_control_ncsl,R,https://www.ncsl.org/about-state-legislatures/state-partisan-composition
Arkansas,2026,senate_dem_seats,6,https://www.ncsl.org/about-state-legislatures/state-partisan-composition
Arkansas,2026,senate_rep_seats,29,https://www.ncsl.org/about-state-legislatures/state-partisan-composition
Arkansas,2026,senate_total_seats,35,https://www.ncsl.org/about-state-legislatures/state-partisan-composition
Arkansas,2026,state_control_ncsl,R,https://www.ncsl.org/about-state-legislatures/state-partisan-composition
California,1976,gov_party,D,https://doi.org/10.7910/DVN/LZHMG3
California,1976,leg_control,D,https://doi.org/10.7910/DVN/LZHMG3
California,1976,pres_plurality_winner_party,REPUBLICAN,https://doi.org/10.7910/DVN/42MVDX
California,1976,pres_two_party_dem_pct,49.0822,https://doi.org/10.7910/DVN/42MVDX
California,1976,pres_two_party_margin_dem,-1.8357,https://doi.org/10.7910/DVN/42MVDX
California,1977,gov_party,D,https://doi.org/10.7910/DVN/LZHMG3
California,1977,leg_control,D,https://doi.org/10.7910/DVN/LZHMG3
California,1978,gov_party,D,https://doi.org/10.7910/DVN/LZHMG3
California,1978,leg_control,D,https://doi.org/10.7910/DVN/LZHMG3
California,1979,gov_party,D,https://doi.org/10.7910/DVN/LZHMG3
California,1979,leg_control,D,https://doi.org/10.7910/DVN/LZHMG3
California,1980,gov_party,D,https://doi.org/10.7910/DVN/LZHMG3
California,1980,leg_control,D,https://doi.org/10.7910/DVN/LZHMG3
California,1980,pres_plurality_winner_party,REPUBLICAN,https://doi.org/10.7910/DVN/42MVDX
California,1980,pres_two_party_dem_pct,40.5334,https://doi.org/10.7910/DVN/42MVDX
California,1980,pres_two_party_margin_dem,-18.9332,https://doi.org/10.7910/DVN/42MVDX
California,1981,gov_party,D,https://doi.org/10.7910/DVN/LZHMG3
California,1981,leg_control,D,https://doi.org/10.7910/DVN/LZHMG3
California,1982,gov_party,D,https://doi.org/10.7910/DVN/LZHMG3
California,1982,leg_control,D,https://doi.org/10.7910/DVN/LZHMG3
California,1983,gov_party,R,https://doi.org/10.7910/DVN/LZHMG3
California,1983,leg_control,D,https://doi.org/10.7910/DVN/LZHMG3
California,1984,gov_party,R,https://doi.org/10.7910/DVN/LZHMG3
California,1984,leg_control,D,https://doi.org/10.7910/DVN/LZHMG3
California,1984,pres_plurality_winner_party,REPUBLICAN,https://doi.org/10.7910/DVN/42MVDX
California,1984,pres_two_party_dem_pct,41.7755,https://doi.org/10.7910/DVN/42MVDX
California,1984,pres_two_party_margin_dem,-16.4491,https://doi.org/10.7910/DVN/42MVDX
California,1985,gov_party,R,https://doi.org/10.7910/DVN/LZHMG3
California,1985,leg_control,D,https://doi.org/10.7910/DVN/LZHMG3
California,1986,gov_party,R,https://doi.org/10.7910/DVN/LZHMG3
California,1986,leg_control,D,https://doi.org/10.7910/DVN/LZHMG3
California,1987,gov_party,R,https://doi.org/10.7910/DVN/LZHMG3
California,1987,leg_control,D,https://doi.org/10.7910/DVN/LZHMG3
California,1988,gov_party,R,https://doi.org/10.7910/DVN/LZHMG3
California,1988,leg_control,D,https://doi.org/10.7910/DVN/LZHMG3
California,1988,pres_plurality_winner_party,REPUBLICAN,https://doi.org/10.7910/DVN/42MVDX
California,1988,pres_two_party_dem_pct,48.1927,https://doi.org/10.7910/DVN/42MVDX
California,1988,pres_two_party_margin_dem,-3.6146,https://doi.org/10.7910/DVN/42MVDX
California,1989,gov_party,R,https://doi.org/10.7910/DVN/LZHMG3
California,1989,leg_control,D,https://doi.org/10.7910/DVN/LZHMG3
California,1990,gov_party,R,https://doi.org/10.7910/DVN/LZHMG3
California,1990,leg_control,D,https://doi.org/10.7910/DVN/LZHMG3
California,1991,gov_party,R,https://doi.org/10.7910/DVN/LZHMG3
California,1991,leg_control,D,https://doi.org/10.7910/DVN/LZHMG3
California,1992,gov_party,R,https://doi.org/10.7910/DVN/LZHMG3
California,1992,leg_control,D,https://doi.org/10.7910/DVN/LZHMG3
California,1992,pres_plurality_winner_party,DEMOCRAT,https://doi.org/10.7910/DVN/42MVDX
California,1992,pres_two_party_dem_pct,58.5167,https://doi.org/10.7910/DVN/42MVDX
California,1992,pres_two_party_margin_dem,17.0335,https://doi.org/10.7910/DVN/42MVDX
California,1993,gov_party,R,https://doi.org/10.7910/DVN/LZHMG3
California,1993,leg_control,D,https://doi.org/10.7910/DVN/LZHMG3
California,1994,gov_party,R,https://doi.org/10.7910/DVN/LZHMG3
California,1994,leg_control,D,https://doi.org/10.7910/DVN/LZHMG3
California,1995,gov_party,R,https://doi.org/10.7910/DVN/LZHMG3
California,1995,leg_control,Split,https://doi.org/10.7910/DVN/LZHMG3
California,1996,gov_party,R,https://doi.org/10.7910/DVN/LZHMG3
California,1996,leg_control,Split,https://doi.org/10.7910/DVN/LZHMG3
California,1996,pres_plurality_winner_party,DEMOCRAT,https://doi.org/10.7910/DVN/42MVDX
California,1996,pres_two_party_dem_pct,57.2163,https://doi.org/10.7910/DVN/42MVDX
California,1996,pres_two_party_margin_dem,14.4325,https://doi.org/10.7910/DVN/42MVDX
California,1997,gov_party,R,https://doi.org/10.7910/DVN/LZHMG3
California,1997,leg_control,D,https://doi.org/10.7910/DVN/LZHMG3
California,1998,gov_party,R,https://doi.org/10.7910/DVN/LZHMG3
California,1998,leg_control,D,https://doi.org/10.7910/DVN/LZHMG3
California,1999,gov_party,D,https://doi.org/10.7910/DVN/LZHMG3
California,1999,leg_control,D,https://doi.org/10.7910/DVN/LZHMG3
California,2000,gov_party,D,https://doi.org/10.7910/DVN/LZHMG3
California,2000,leg_control,D,https://doi.org/10.7910/DVN/LZHMG3
California,2000,pres_plurality_winner_party,DEMOCRAT,https://doi.org/10.7910/DVN/42MVDX
California,2000,pres_two_party_dem_pct,56.203,https://doi.org/10.7910/DVN/42MVDX
California,2000,pres_two_party_margin_dem,12.406,https://doi.org/10.7910/DVN/42MVDX
California,2001,gov_party,D,https://doi.org/10.7910/DVN/LZHMG3
California,2001,leg_control,D,https://doi.org/10.7910/DVN/LZHMG3
California,2002,gov_party,D,https://doi.org/10.7910/DVN/LZHMG3
California,2002,leg_control,D,https://doi.org/10.7910/DVN/LZHMG3
California,2003,gov_party,D,https://doi.org/10.7910/DVN/LZHMG3
California,2003,leg_control,D,https://doi.org/10.7910/DVN/LZHMG3
California,2004,gov_party,R,https://doi.org/10.7910/DVN/LZHMG3
California,2004,leg_control,D,https://doi.org/10.7910/DVN/LZHMG3
California,2004,pres_plurality_winner_party,DEMOCRAT,https://doi.org/10.7910/DVN/42MVDX
California,2004,pres_two_party_dem_pct,55.0413,https://doi.org/10.7910/DVN/42MVDX
California,2004,pres_two_party_margin_dem,10.0826,https://doi.org/10.7910/DVN/42MVDX
California,2005,gov_party,R,https://doi.org/10.7910/DVN/LZHMG3
California,2005,leg_control,D,https://doi.org/10.7910/DVN/LZHMG3
California,2006,gov_party,R,https://doi.org/10.7910/DVN/LZHMG3
California,2006,leg_control,D,https://doi.org/10.7910/DVN/LZHMG3
California,2007,gov_party,R,https://doi.org/10.7910/DVN/LZHMG3
California,2007,leg_control,D,https://doi.org/10.7910/DVN/LZHMG3
California,2008,gov_party,R,https://doi.org/10.7910/DVN/LZHMG3
California,2008,leg_control,D,https://doi.org/10.7910/DVN/LZHMG3
California,2008,pres_plurality_winner_party,DEMOCRAT,https://doi.org/10.7910/DVN/42MVDX
California,2008,pres_two_party_dem_pct,62.2784,https://doi.org/10.7910/DVN/42MVDX
California,2008,pres_two_party_margin_dem,24.5569,https://doi.org/10.7910/DVN/42MVDX
California,2009,gov_party,R,https://doi.org/10.7910/DVN/LZHMG3
California,2009,leg_control,D,https://doi.org/10.7910/DVN/LZHMG3
California,2010,gov_party,R,https://doi.org/10.7910/DVN/LZHMG3
California,2010,leg_control,D,https://doi.org/10.7910/DVN/LZHMG3
California,2011,gov_party,D,https://doi.org/10.7910/DVN/LZHMG3
California,2011,leg_control,D,https://doi.org/10.7910/DVN/LZHMG3
California,2012,pres_plurality_winner_party,DEMOCRAT,https://doi.org/10.7910/DVN/42MVDX
California,2012,pres_two_party_dem_pct,61.8728,https://doi.org/10.7910/DVN/42MVDX
California,2012,pres_two_party_margin_dem,23.7456,https://doi.org/10.7910/DVN/42MVDX
California,2016,pres_plurality_winner_party,DEMOCRAT,https://doi.org/10.7910/DVN/42MVDX
California,2016,pres_two_party_dem_pct,66.1282,https://doi.org/10.7910/DVN/42MVDX
California,2016,pres_two_party_margin_dem,32.2564,https://doi.org/10.7910/DVN/42MVDX
California,2020,pres_plurality_winner_party,DEMOCRAT,https://doi.org/10.7910/DVN/42MVDX
California,2020,pres_two_party_dem_pct,64.9089,https://doi.org/10.7910/DVN/42MVDX
California,2020,pres_two_party_margin_dem,29.8178,https://doi.org/10.7910/DVN/42MVDX
California,2024,pres_plurality_winner_party,DEMOCRAT,https://doi.org/10.7910/DVN/42MVDX
California,2024,pres_two_party_dem_pct,60.4001,https://doi.org/10.7910/DVN/42MVDX
California,2024,pres_two_party_margin_dem,20.8003,https://doi.org/10.7910/DVN/42MVDX
California,2026,gov_party_ncsl,D,https://www.ncsl.org/about-state-legislatures/state-partisan-composition
California,2026,house_dem_seats,60,https://www.ncsl.org/about-state-legislatures/state-partisan-composition
California,2026,house_rep_seats,20,https://www.ncsl.org/about-state-legislatures/state-partisan-composition
California,2026,house_total_seats,80,https://www.ncsl.org/about-state-legislatures/state-partisan-composition
California,2026,leg_control_ncsl,D,https://www.ncsl.org/about-state-legislatures/state-partisan-composition
California,2026,senate_dem_seats,30,https://www.ncsl.org/about-state-legislatures/state-partisan-composition
California,2026,senate_rep_seats,10,https://www.ncsl.org/about-state-legislatures/state-partisan-composition
California,2026,senate_total_seats,40,https://www.ncsl.org/about-state-legislatures/state-partisan-composition
California,2026,state_control_ncsl,D,https://www.ncsl.org/about-state-legislatures/state-partisan-composition
Colorado,1976,gov_party,D,https://doi.org/10.7910/DVN/LZHMG3
Colorado,1976,leg_control,Split,https://doi.org/10.7910/DVN/LZHMG3
Colorado,1976,pres_plurality_winner_party,REPUBLICAN,https://doi.org/10.7910/DVN/42MVDX
Colorado,1976,pres_two_party_dem_pct,44.0925,https://doi.org/10.7910/DVN/42MVDX
Colorado,1976,pres_two_party_margin_dem,-11.8151,https://doi.org/10.7910/DVN/42MVDX
Colorado,1977,gov_party,D,https://doi.org/10.7910/DVN/LZHMG3
Colorado,1977,leg_control,R,https://doi.org/10.7910/DVN/LZHMG3
Colorado,1978,gov_party,D,https://doi.org/10.7910/DVN/LZHMG3
Colorado,1978,leg_control,R,https://doi.org/10.7910/DVN/LZHMG3
Colorado,1979,gov_party,D,https://doi.org/10.7910/DVN/LZHMG3
Colorado,1979,leg_control,R,https://doi.org/10.7910/DVN/LZHMG3
Colorado,1980,gov_party,D,https://doi.org/10.7910/DVN/LZHMG3
Colorado,1980,leg_control,R,https://doi.org/10.7910/DVN/LZHMG3
Colorado,1980,pres_plurality_winner_party,REPUBLICAN,https://doi.org/10.7910/DVN/42MVDX
Colorado,1980,pres_two_party_dem_pct,36.0697,https://doi.org/10.7910/DVN/42MVDX
Colorado,1980,pres_two_party_margin_dem,-27.8607,https://doi.org/10.7910/DVN/42MVDX
Colorado,1981,gov_party,D,https://doi.org/10.7910/DVN/LZHMG3
Colorado,1981,leg_control,R,https://doi.org/10.7910/DVN/LZHMG3
Colorado,1982,gov_party,D,https://doi.org/10.7910/DVN/LZHMG3
Colorado,1982,leg_control,R,https://doi.org/10.7910/DVN/LZHMG3
Colorado,1983,gov_party,D,https://doi.org/10.7910/DVN/LZHMG3
Colorado,1983,leg_control,R,https://doi.org/10.7910/DVN/LZHMG3
Colorado,1984,gov_party,D,https://doi.org/10.7910/DVN/LZHMG3
Colorado,1984,leg_control,R,https://doi.org/10.7910/DVN/LZHMG3
Colorado,1984,pres_plurality_winner_party,REPUBLICAN,https://doi.org/10.7910/DVN/42MVDX
Colorado,1984,pres_two_party_dem_pct,35.6342,https://doi.org/10.7910/DVN/42MVDX
Colorado,1984,pres_two_party_margin_dem,-28.7315,https://doi.org/10.7910/DVN/42MVDX
Colorado,1985,gov_party,D,https://doi.org/10.7910/DVN/LZHMG3
Colorado,1985,leg_control,R,https://doi.org/10.7910/DVN/LZHMG3
Colorado,1986,gov_party,D,https://doi.org/10.7910/DVN/LZHMG3
Colorado,1986,leg_control,R,https://doi.org/10.7910/DVN/LZHMG3
Colorado,1987,gov_party,D,https://doi.org/10.7910/DVN/LZHMG3
Colorado,1987,leg_control,R,https://doi.org/10.7910/DVN/LZHMG3
Colorado,1988,gov_party,D,https://doi.org/10.7910/DVN/LZHMG3
Colorado,1988,leg_control,R,https://doi.org/10.7910/DVN/LZHMG3
Colorado,1988,pres_plurality_winner_party,REPUBLICAN,https://doi.org/10.7910/DVN/42MVDX
Colorado,1988,pres_two_party_dem_pct,46.0462,https://doi.org/10.7910/DVN/42MVDX
Colorado,1988,pres_two_party_margin_dem,-7.9076,https://doi.org/10.7910/DVN/42MVDX
Colorado,1989,gov_party,D,https://doi.org/10.7910/DVN/LZHMG3
Colorado,1989,leg_control,R,https://doi.org/10.7910/DVN/LZHMG3
Colorado,1990,gov_party,D,https://doi.org/10.7910/DVN/LZHMG3
Colorado,1990,leg_control,R,https://doi.org/10.7910/DVN/LZHMG3
Colorado,1991,gov_party,D,https://doi.org/10.7910/DVN/LZHMG3
Colorado,1991,leg_control,R,https://doi.org/10.7910/DVN/LZHMG3
Colorado,1992,gov_party,D,https://doi.org/10.7910/DVN/LZHMG3
Colorado,1992,leg_control,R,https://doi.org/10.7910/DVN/LZHMG3
Colorado,1992,pres_plurality_winner_party,DEMOCRAT,https://doi.org/10.7910/DVN/42MVDX
Colorado,1992,pres_two_party_dem_pct,52.8021,https://doi.org/10.7910/DVN/42MVDX
Colorado,1992,pres_two_party_margin_dem,5.6041,https://doi.org/10.7910/DVN/42MVDX
Colorado,1993,gov_party,D,https://doi.org/10.7910/DVN/LZHMG3
Colorado,1993,leg_control,R,https://doi.org/10.7910/DVN/LZHMG3
Colorado,1994,gov_party,D,https://doi.org/10.7910/DVN/LZHMG3
Colorado,1994,leg_control,R,https://doi.org/10.7910/DVN/LZHMG3
Colorado,1995,gov_party,D,https://doi.org/10.7910/DVN/LZHMG3
Colorado,1995,leg_control,R,https://doi.org/10.7910/DVN/LZHMG3
Colorado,1996,gov_party,D,https://doi.org/10.7910/DVN/LZHMG3
Colorado,1996,leg_control,R,https://doi.org/10.7910/DVN/LZHMG3
Colorado,1996,pres_plurality_winner_party,REPUBLICAN,https://doi.org/10.7910/DVN/42MVDX
Colorado,1996,pres_two_party_dem_pct,49.2408,https://doi.org/10.7910/DVN/42MVDX
Colorado,1996,pres_two_party_margin_dem,-1.5184,https://doi.org/10.7910/DVN/42MVDX
Colorado,1997,gov_party,D,https://doi.org/10.7910/DVN/LZHMG3
Colorado,1997,leg_control,R,https://doi.org/10.7910/DVN/LZHMG3
Colorado,1998,gov_party,D,https://doi.org/10.7910/DVN/LZHMG3
Colorado,1998,leg_control,R,https://doi.org/10.7910/DVN/LZHMG3
Colorado,1999,gov_party,R,https://doi.org/10.7910/DVN/LZHMG3
Colorado,1999,leg_control,R,https://doi.org/10.7910/DVN/LZHMG3
Colorado,2000,gov_party,R,https://doi.org/10.7910/DVN/LZHMG3
Colorado,2000,leg_control,R,https://doi.org/10.7910/DVN/LZHMG3
Colorado,2000,pres_plurality_winner_party,REPUBLICAN,https://doi.org/10.7910/DVN/42MVDX
Colorado,2000,pres_two_party_dem_pct,45.5141,https://doi.org/10.7910/DVN/42MVDX
Colorado,2000,pres_two_party_margin_dem,-8.9718,https://doi.org/10.7910/DVN/42MVDX
Colorado,2001,gov_party,R,https://doi.org/10.7910/DVN/LZHMG3
Colorado,2001,leg_control,Split,https://doi.org/10.7910/DVN/LZHMG3
Colorado,2002,gov_party,R,https://doi.org/10.7910/DVN/LZHMG3
Colorado,2002,leg_control,Split,https://doi.org/10.7910/DVN/LZHMG3
Colorado,2003,gov_party,R,https://doi.org/10.7910/DVN/LZHMG3
Colorado,2003,leg_control,R,https://doi.org/10.7910/DVN/LZHMG3
Colorado,2004,gov_party,R,https://doi.org/10.7910/DVN/LZHMG3
Colorado,2004,leg_control,R,https://doi.org/10.7910/DVN/LZHMG3
Colorado,2004,pres_plurality_winner_party,REPUBLICAN,https://doi.org/10.7910/DVN/42MVDX
Colorado,2004,pres_two_party_dem_pct,47.6338,https://doi.org/10.7910/DVN/42MVDX
Colorado,2004,pres_two_party_margin_dem,-4.7325,https://doi.org/10.7910/DVN/42MVDX
Colorado,2005,gov_party,R,https://doi.org/10.7910/DVN/LZHMG3
Colorado,2005,leg_control,D,https://doi.org/10.7910/DVN/LZHMG3
Colorado,2006,gov_party,R,https://doi.org/10.7910/DVN/LZHMG3
Colorado,2006,leg_control,D,https://doi.org/10.7910/DVN/LZHMG3
Colorado,2007,gov_party,D,https://doi.org/10.7910/DVN/LZHMG3
Colorado,2007,leg_control,D,https://doi.org/10.7910/DVN/LZHMG3
Colorado,2008,gov_party,D,https://doi.org/10.7910/DVN/LZHMG3
Colorado,2008,leg_control,D,https://doi.org/10.7910/DVN/LZHMG3
Colorado,2008,pres_plurality_winner_party,DEMOCRAT,https://doi.org/10.7910/DVN/42MVDX
Colorado,2008,pres_two_party_dem_pct,54.5506,https://doi.org/10.7910/DVN/42MVDX
Colorado,2008,pres_two_party_margin_dem,9.1013,https://doi.org/10.7910/DVN/42MVDX
Colorado,2009,gov_party,D,https://doi.org/10.7910/DVN/LZHMG3
Colorado,2009,leg_control,D,https://doi.org/10.7910/DVN/LZHMG3
Colorado,2010,gov_party,D,https://doi.org/10.7910/DVN/LZHMG3
Colorado,2010,leg_control,D,https://doi.org/10.7910/DVN/LZHMG3
Colorado,2011,gov_party,D,https://doi.org/10.7910/DVN/LZHMG3
Colorado,2011,leg_control,Split,https://doi.org/10.7910/DVN/LZHMG3
Colorado,2012,pres_plurality_winner_party,DEMOCRAT,https://doi.org/10.7910/DVN/42MVDX
Colorado,2012,pres_two_party_dem_pct,52.748,https://doi.org/10.7910/DVN/42MVDX
Colorado,2012,pres_two_party_margin_dem,5.496,https://doi.org/10.7910/DVN/42MVDX
Colorado,2016,pres_plurality_winner_party,DEMOCRAT,https://doi.org/10.7910/DVN/42MVDX
Colorado,2016,pres_two_party_dem_pct,52.6833,https://doi.org/10.7910/DVN/42MVDX
Colorado,2016,pres_two_party_margin_dem,5.3667,https://doi.org/10.7910/DVN/42MVDX
Colorado,2020,pres_plurality_winner_party,DEMOCRAT,https://doi.org/10.7910/DVN/42MVDX
Colorado,2020,pres_two_party_dem_pct,56.9383,https://doi.org/10.7910/DVN/42MVDX
Colorado,2020,pres_two_party_margin_dem,13.8766,https://doi.org/10.7910/DVN/42MVDX
Colorado,2024,pres_plurality_winner_party,DEMOCRAT,https://doi.org/10.7910/DVN/42MVDX
Colorado,2024,pres_two_party_dem_pct,55.6465,https://doi.org/10.7910/DVN/42MVDX
Colorado,2024,pres_two_party_margin_dem,11.2931,https://doi.org/10.7910/DVN/42MVDX
Colorado,2026,gov_party_ncsl,D,https://www.ncsl.org/about-state-legislatures/state-partisan-composition
Colorado,2026,house_dem_seats,43,https://www.ncsl.org/about-state-legislatures/state-partisan-composition
Colorado,2026,house_rep_seats,22,https://www.ncsl.org/about-state-legislatures/state-partisan-composition
Colorado,2026,house_total_seats,65,https://www.ncsl.org/about-state-legislatures/state-partisan-composition
Colorado,2026,leg_control_ncsl,D,https://www.ncsl.org/about-state-legislatures/state-partisan-composition
Colorado,2026,senate_dem_seats,23,https://www.ncsl.org/about-state-legislatures/state-partisan-composition
Colorado,2026,senate_rep_seats,12,https://www.ncsl.org/about-state-legislatures/state-partisan-composition
Colorado,2026,senate_total_seats,35,https://www.ncsl.org/about-state-legislatures/state-partisan-composition
Colorado,2026,state_control_ncsl,D,https://www.ncsl.org/about-state-legislatures/state-partisan-composition
Connecticut,1976,gov_party,D,https://doi.org/10.7910/DVN/LZHMG3
Connecticut,1976,leg_control,D,https://doi.org/10.7910/DVN/LZHMG3
Connecticut,1976,pres_plurality_winner_party,REPUBLICAN,https://doi.org/10.7910/DVN/42MVDX
Connecticut,1976,pres_two_party_dem_pct,47.39,https://doi.org/10.7910/DVN/42MVDX
Connecticut,1976,pres_two_party_margin_dem,-5.22,https://doi.org/10.7910/DVN/42MVDX
Connecticut,1977,gov_party,D,https://doi.org/10.7910/DVN/LZHMG3
Connecticut,1977,leg_control,D,https://doi.org/10.7910/DVN/LZHMG3
Connecticut,1978,gov_party,D,https://doi.org/10.7910/DVN/LZHMG3
Connecticut,1978,leg_control,D,https://doi.org/10.7910/DVN/LZHMG3
Connecticut,1979,gov_party,D,https://doi.org/10.7910/DVN/LZHMG3
Connecticut,1979,leg_control,D,https://doi.org/10.7910/DVN/LZHMG3
Connecticut,1980,gov_party,D,https://doi.org/10.7910/DVN/LZHMG3
Connecticut,1980,leg_control,D,https://doi.org/10.7910/DVN/LZHMG3
Connecticut,1980,pres_plurality_winner_party,REPUBLICAN,https://doi.org/10.7910/DVN/42MVDX
Connecticut,1980,pres_two_party_dem_pct,44.4428,https://doi.org/10.7910/DVN/42MVDX
Connecticut,1980,pres_two_party_margin_dem,-11.1144,https://doi.org/10.7910/DVN/42MVDX
Connecticut,1981,gov_party,D,https://doi.org/10.7910/DVN/LZHMG3
Connecticut,1981,leg_control,D,https://doi.org/10.7910/DVN/LZHMG3
Connecticut,1982,gov_party,D,https://doi.org/10.7910/DVN/LZHMG3
Connecticut,1982,leg_control,D,https://doi.org/10.7910/DVN/LZHMG3
Connecticut,1983,gov_party,D,https://doi.org/10.7910/DVN/LZHMG3
Connecticut,1983,leg_control,D,https://doi.org/10.7910/DVN/LZHMG3
Connecticut,1984,gov_party,D,https://doi.org/10.7910/DVN/LZHMG3
Connecticut,1984,leg_control,D,https://doi.org/10.7910/DVN/LZHMG3
Connecticut,1984,pres_plurality_winner_party,REPUBLICAN,https://doi.org/10.7910/DVN/42MVDX
Connecticut,1984,pres_two_party_dem_pct,39.0008,https://doi.org/10.7910/DVN/42MVDX
Connecticut,1984,pres_two_party_margin_dem,-21.9983,https://doi.org/10.7910/DVN/42MVDX
Connecticut,1985,gov_party,D,https://doi.org/10.7910/DVN/LZHMG3
Connecticut,1985,leg_control,R,https://doi.org/10.7910/DVN/LZHMG3
Connecticut,1986,gov_party,D,https://doi.org/10.7910/DVN/LZHMG3
Connecticut,1986,leg_control,R,https://doi.org/10.7910/DVN/LZHMG3
Connecticut,1987,gov_party,D,https://doi.org/10.7910/DVN/LZHMG3
Connecticut,1987,leg_control,D,https://doi.org/10.7910/DVN/LZHMG3
Connecticut,1988,gov_party,D,https://doi.org/10.7910/DVN/LZHMG3
Connecticut,1988,leg_control,D,https://doi.org/10.7910/DVN/LZHMG3
Connecticut,1988,pres_plurality_winner_party,REPUBLICAN,https://doi.org/10.7910/DVN/42MVDX
Connecticut,1988,pres_two_party_dem_pct,47.4188,https://doi.org/10.7910/DVN/42MVDX
Connecticut,1988,pres_two_party_margin_dem,-5.1623,https://doi.org/10.7910/DVN/42MVDX
Connecticut,1989,gov_party,D,https://doi.org/10.7910/DVN/LZHMG3
Connecticut,1989,leg_control,D,https://doi.org/10.7910/DVN/LZHMG3
Connecticut,1990,gov_party,D,https://doi.org/10.7910/DVN/LZHMG3
Connecticut,1990,leg_control,D,https://doi.org/10.7910/DVN/LZHMG3
Connecticut,1991,gov_party,Other,https://doi.org/10.7910/DVN/LZHMG3
Connecticut,1991,leg_control,D,https://doi.org/10.7910/DVN/LZHMG3
Connecticut,1992,gov_party,Other,https://doi.org/10.7910/DVN/LZHMG3
Connecticut,1992,leg_control,D,https://doi.org/10.7910/DVN/LZHMG3
Connecticut,1992,pres_plurality_winner_party,DEMOCRAT,https://doi.org/10.7910/DVN/42MVDX
Connecticut,1992,pres_two_party_dem_pct,54.1251,https://doi.org/10.7910/DVN/42MVDX
Connecticut,1992,pres_two_party_margin_dem,8.2502,https://doi.org/10.7910/DVN/42MVDX
Connecticut,1993,gov_party,Other,https://doi.org/10.7910/DVN/LZHMG3
Connecticut,1993,leg_control,D,https://doi.org/10.7910/DVN/LZHMG3
Connecticut,1994,gov_party,Other,https://doi.org/10.7910/DVN/LZHMG3
Connecticut,1994,leg_control,D,https://doi.org/10.7910/DVN/LZHMG3
Connecticut,1995,gov_party,R,https://doi.org/10.7910/DVN/LZHMG3
Connecticut,1995,leg_control,Split,https://doi.org/10.7910/DVN/LZHMG3
Connecticut,1996,gov_party,R,https://doi.org/10.7910/DVN/LZHMG3
Connecticut,1996,leg_control,Split,https://doi.org/10.7910/DVN/LZHMG3
Connecticut,1996,pres_plurality_winner_party,DEMOCRAT,https://doi.org/10.7910/DVN/42MVDX
Connecticut,1996,pres_two_party_dem_pct,60.3635,https://doi.org/10.7910/DVN/42MVDX
Connecticut,1996,pres_two_party_margin_dem,20.727,https://doi.org/10.7910/DVN/42MVDX
Connecticut,1997,gov_party,R,https://doi.org/10.7910/DVN/LZHMG3
Connecticut,1997,leg_control,D,https://doi.org/10.7910/DVN/LZHMG3
Connecticut,1998,gov_party,R,https://doi.org/10.7910/DVN/LZHMG3
Connecticut,1998,leg_control,D,https://doi.org/10.7910/DVN/LZHMG3
Connecticut,1999,gov_party,R,https://doi.org/10.7910/DVN/LZHMG3
Connecticut,1999,leg_control,D,https://doi.org/10.7910/DVN/LZHMG3
Connecticut,2000,gov_party,R,https://doi.org/10.7910/DVN/LZHMG3
Connecticut,2000,leg_control,D,https://doi.org/10.7910/DVN/LZHMG3
Connecticut,2000,pres_plurality_winner_party,DEMOCRAT,https://doi.org/10.7910/DVN/42MVDX
Connecticut,2000,pres_two_party_dem_pct,59.2557,https://doi.org/10.7910/DVN/42MVDX
Connecticut,2000,pres_two_party_margin_dem,18.5113,https://doi.org/10.7910/DVN/42MVDX
Connecticut,2001,gov_party,R,https://doi.org/10.7910/DVN/LZHMG3
Connecticut,2001,leg_control,D,https://doi.org/10.7910/DVN/LZHMG3
Connecticut,2002,gov_party,R,https://doi.org/10.7910/DVN/LZHMG3
Connecticut,2002,leg_control,D,https://doi.org/10.7910/DVN/LZHMG3
Connecticut,2003,gov_party,R,https://doi.org/10.7910/DVN/LZHMG3
Connecticut,2003,leg_control,D,https://doi.org/10.7910/DVN/LZHMG3
Connecticut,2004,gov_party,R,https://doi.org/10.7910/DVN/LZHMG3
Connecticut,2004,leg_control,D,https://doi.org/10.7910/DVN/LZHMG3
Connecticut,2004,pres_plurality_winner_party,DEMOCRAT,https://doi.org/10.7910/DVN/42MVDX
Connecticut,2004,pres_two_party_dem_pct,55.2749,https://doi.org/10.7910/DVN/42MVDX
Connecticut,2004,pres_two_party_margin_dem,10.5499,https://doi.org/10.7910/DVN/42MVDX
Connecticut,2005,gov_party,R,https://doi.org/10.7910/DVN/LZHMG3
Connecticut,2005,leg_control,D,https://doi.org/10.7910/DVN/LZHMG3
Connecticut,2006,gov_party,R,https://doi.org/10.7910/DVN/LZHMG3
Connecticut,2006,leg_control,D,https://doi.org/10.7910/DVN/LZHMG3
Connecticut,2007,gov_party,R,https://doi.org/10.7910/DVN/LZHMG3
Connecticut,2007,leg_control,D,https://doi.org/10.7910/DVN/LZHMG3
Connecticut,2008,gov_party,R,https://doi.org/10.7910/DVN/LZHMG3
Connecticut,2008,leg_control,D,https://doi.org/10.7910/DVN/LZHMG3
Connecticut,2008,pres_plurality_winner_party,DEMOCRAT,https://doi.org/10.7910/DVN/42MVDX
Connecticut,2008,pres_two_party_dem_pct,61.3183,https://doi.org/10.7910/DVN/42MVDX
Connecticut,2008,pres_two_party_margin_dem,22.6367,https://doi.org/10.7910/DVN/42MVDX
Connecticut,2009,gov_party,R,https://doi.org/10.7910/DVN/LZHMG3
Connecticut,2009,leg_control,D,https://doi.org/10.7910/DVN/LZHMG3
Connecticut,2010,gov_party,R,https://doi.org/10.7910/DVN/LZHMG3
Connecticut,2010,leg_control,D,https://doi.org/10.7910/DVN/LZHMG3
Connecticut,2011,gov_party,D,https://doi.org/10.7910/DVN/LZHMG3
Connecticut,2011,leg_control,D,https://doi.org/10.7910/DVN/LZHMG3
Connecticut,2012,pres_plurality_winner_party,DEMOCRAT,https://doi.org/10.7910/DVN/42MVDX
Connecticut,2012,pres_two_party_dem_pct,58.7726,https://doi.org/10.7910/DVN/42MVDX
Connecticut,2012,pres_two_party_margin_dem,17.5452,https://doi.org/10.7910/DVN/42MVDX
Connecticut,2016,pres_plurality_winner_party,DEMOCRAT,https://doi.org/10.7910/DVN/42MVDX
Connecticut,2016,pres_two_party_dem_pct,57.1415,https://doi.org/10.7910/DVN/42MVDX
Connecticut,2016,pres_two_party_margin_dem,14.2831,https://doi.org/10.7910/DVN/42MVDX
Connecticut,2020,pres_plurality_winner_party,DEMOCRAT,https://doi.org/10.7910/DVN/42MVDX
Connecticut,2020,pres_two_party_dem_pct,60.195,https://doi.org/10.7910/DVN/42MVDX
Connecticut,2020,pres_two_party_margin_dem,20.3901,https://doi.org/10.7910/DVN/42MVDX
Connecticut,2024,pres_plurality_winner_party,DEMOCRAT,https://doi.org/10.7910/DVN/42MVDX
Connecticut,2024,pres_two_party_dem_pct,57.3782,https://doi.org/10.7910/DVN/42MVDX
Connecticut,2024,pres_two_party_margin_dem,14.7565,https://doi.org/10.7910/DVN/42MVDX
Connecticut,2026,gov_party_ncsl,D,https://www.ncsl.org/about-state-legislatures/state-partisan-composition
Connecticut,2026,house_dem_seats,102,https://www.ncsl.org/about-state-legislatures/state-partisan-composition
Connecticut,2026,house_rep_seats,49,https://www.ncsl.org/about-state-legislatures/state-partisan-composition
Connecticut,2026,house_total_seats,151,https://www.ncsl.org/about-state-legislatures/state-partisan-composition
Connecticut,2026,leg_control_ncsl,D,https://www.ncsl.org/about-state-legislatures/state-partisan-composition
Connecticut,2026,senate_dem_seats,25,https://www.ncsl.org/about-state-legislatures/state-partisan-composition
Connecticut,2026,senate_rep_seats,11,https://www.ncsl.org/about-state-legislatures/state-partisan-composition
Connecticut,2026,senate_total_seats,36,https://www.ncsl.org/about-state-legislatures/state-partisan-composition
Connecticut,2026,state_control_ncsl,D,https://www.ncsl.org/about-state-legislatures/state-partisan-composition
Delaware,1976,gov_party,D,https://doi.org/10.7910/DVN/LZHMG3
Delaware,1976,leg_control,D,https://doi.org/10.7910/DVN/LZHMG3
Delaware,1976,pres_plurality_winner_party,DEMOCRAT,https://doi.org/10.7910/DVN/42MVDX
Delaware,1976,pres_two_party_dem_pct,52.7301,https://doi.org/10.7910/DVN/42MVDX
Delaware,1976,pres_two_party_margin_dem,5.4603,https://doi.org/10.7910/DVN/42MVDX
Delaware,1977,gov_party,R,https://doi.org/10.7910/DVN/LZHMG3
Delaware,1977,leg_control,D,https://doi.org/10.7910/DVN/LZHMG3
Delaware,1978,gov_party,R,https://doi.org/10.7910/DVN/LZHMG3
Delaware,1978,leg_control,D,https://doi.org/10.7910/DVN/LZHMG3
Delaware,1979,gov_party,R,https://doi.org/10.7910/DVN/LZHMG3
Delaware,1979,leg_control,D,https://doi.org/10.7910/DVN/LZHMG3
Delaware,1980,gov_party,R,https://doi.org/10.7910/DVN/LZHMG3
Delaware,1980,leg_control,Split,https://doi.org/10.7910/DVN/LZHMG3
Delaware,1980,pres_plurality_winner_party,REPUBLICAN,https://doi.org/10.7910/DVN/42MVDX
Delaware,1980,pres_two_party_dem_pct,48.7332,https://doi.org/10.7910/DVN/42MVDX
Delaware,1980,pres_two_party_margin_dem,-2.5336,https://doi.org/10.7910/DVN/42MVDX
Delaware,1981,gov_party,R,https://doi.org/10.7910/DVN/LZHMG3
Delaware,1981,leg_control,Split,https://doi.org/10.7910/DVN/LZHMG3
Delaware,1982,gov_party,R,https://doi.org/10.7910/DVN/LZHMG3
Delaware,1982,leg_control,Split,https://doi.org/10.7910/DVN/LZHMG3
Delaware,1983,gov_party,R,https://doi.org/10.7910/DVN/LZHMG3
Delaware,1983,leg_control,D,https://doi.org/10.7910/DVN/LZHMG3
Delaware,1984,gov_party,R,https://doi.org/10.7910/DVN/LZHMG3
Delaware,1984,leg_control,D,https://doi.org/10.7910/DVN/LZHMG3
Delaware,1984,pres_plurality_winner_party,REPUBLICAN,https://doi.org/10.7910/DVN/42MVDX
Delaware,1984,pres_two_party_dem_pct,40.0463,https://doi.org/10.7910/DVN/42MVDX
Delaware,1984,pres_two_party_margin_dem,-19.9073,https://doi.org/10.7910/DVN/42MVDX
Delaware,1985,gov_party,R,https://doi.org/10.7910/DVN/LZHMG3
Delaware,1985,leg_control,Split,https://doi.org/10.7910/DVN/LZHMG3
Delaware,1986,gov_party,R,https://doi.org/10.7910/DVN/LZHMG3
Delaware,1986,leg_control,Split,https://doi.org/10.7910/DVN/LZHMG3
Delaware,1987,gov_party,R,https://doi.org/10.7910/DVN/LZHMG3
Delaware,1987,leg_control,Split,https://doi.org/10.7910/DVN/LZHMG3
Delaware,1988,gov_party,R,https://doi.org/10.7910/DVN/LZHMG3
Delaware,1988,leg_control,Split,https://doi.org/10.7910/DVN/LZHMG3
Delaware,1988,pres_plurality_winner_party,REPUBLICAN,https://doi.org/10.7910/DVN/42MVDX
Delaware,1988,pres_two_party_dem_pct,43.7588,https://doi.org/10.7910/DVN/42MVDX
Delaware,1988,pres_two_party_margin_dem,-12.4824,https://doi.org/10.7910/DVN/42MVDX
Delaware,1989,gov_party,R,https://doi.org/10.7910/DVN/LZHMG3
Delaware,1989,leg_control,Split,https://doi.org/10.7910/DVN/LZHMG3
Delaware,1990,gov_party,R,https://doi.org/10.7910/DVN/LZHMG3
Delaware,1990,leg_control,Split,https://doi.org/10.7910/DVN/LZHMG3
Delaware,1991,gov_party,R,https://doi.org/10.7910/DVN/LZHMG3
Delaware,1991,leg_control,Split,https://doi.org/10.7910/DVN/LZHMG3
Delaware,1992,gov_party,R,https://doi.org/10.7910/DVN/LZHMG3
Delaware,1992,leg_control,Split,https://doi.org/10.7910/DVN/LZHMG3
Delaware,1992,pres_plurality_winner_party,DEMOCRAT,https://doi.org/10.7910/DVN/42MVDX
Delaware,1992,pres_two_party_dem_pct,55.198,https://doi.org/10.7910/DVN/42MVDX
Delaware,1992,pres_two_party_margin_dem,10.396,https://doi.org/10.7910/DVN/42MVDX
Delaware,1993,gov_party,D,https://doi.org/10.7910/DVN/LZHMG3
Delaware,1993,leg_control,Split,https://doi.org/10.7910/DVN/LZHMG3
Delaware,1994,gov_party,D,https://doi.org/10.7910/DVN/LZHMG3
Delaware,1994,leg_control,Split,https://doi.org/10.7910/DVN/LZHMG3
Delaware,1995,gov_party,D,https://doi.org/10.7910/DVN/LZHMG3
Delaware,1995,leg_control,Split,https://doi.org/10.7910/DVN/LZHMG3
Delaware,1996,gov_party,D,https://doi.org/10.7910/DVN/LZHMG3
Delaware,1996,leg_control,Split,https://doi.org/10.7910/DVN/LZHMG3
Delaware,1996,pres_plurality_winner_party,DEMOCRAT,https://doi.org/10.7910/DVN/42MVDX
Delaware,1996,pres_two_party_dem_pct,58.6237,https://doi.org/10.7910/DVN/42MVDX
Delaware,1996,pres_two_party_margin_dem,17.2473,https://doi.org/10.7910/DVN/42MVDX
Delaware,1997,gov_party,D,https://doi.org/10.7910/DVN/LZHMG3
Delaware,1997,leg_control,Split,https://doi.org/10.7910/DVN/LZHMG3
Delaware,1998,gov_party,D,https://doi.org/10.7910/DVN/LZHMG3
Delaware,1998,leg_control,Split,https://doi.org/10.7910/DVN/LZHMG3
Delaware,1999,gov_party,D,https://doi.org/10.7910/DVN/LZHMG3
Delaware,1999,leg_control,Split,https://doi.org/10.7910/DVN/LZHMG3
Delaware,2000,gov_party,D,https://doi.org/10.7910/DVN/LZHMG3
Delaware,2000,leg_control,Split,https://doi.org/10.7910/DVN/LZHMG3
Delaware,2000,pres_plurality_winner_party,DEMOCRAT,https://doi.org/10.7910/DVN/42MVDX
Delaware,2000,pres_two_party_dem_pct,56.7401,https://doi.org/10.7910/DVN/42MVDX
Delaware,2000,pres_two_party_margin_dem,13.4801,https://doi.org/10.7910/DVN/42MVDX
Delaware,2001,gov_party,D,https://doi.org/10.7910/DVN/LZHMG3
Delaware,2001,leg_control,Split,https://doi.org/10.7910/DVN/LZHMG3
Delaware,2002,gov_party,D,https://doi.org/10.7910/DVN/LZHMG3
Delaware,2002,leg_control,Split,https://doi.org/10.7910/DVN/LZHMG3
Delaware,2003,gov_party,D,https://doi.org/10.7910/DVN/LZHMG3
Delaware,2003,leg_control,Split,https://doi.org/10.7910/DVN/LZHMG3
Delaware,2004,gov_party,D,https://doi.org/10.7910/DVN/LZHMG3
Delaware,2004,leg_control,Split,https://doi.org/10.7910/DVN/LZHMG3
Delaware,2004,pres_plurality_winner_party,DEMOCRAT,https://doi.org/10.7910/DVN/42MVDX
Delaware,2004,pres_two_party_dem_pct,53.8315,https://doi.org/10.7910/DVN/42MVDX
Delaware,2004,pres_two_party_margin_dem,7.663,https://doi.org/10.7910/DVN/42MVDX
Delaware,2005,gov_party,D,https://doi.org/10.7910/DVN/LZHMG3
Delaware,2005,leg_control,Split,https://doi.org/10.7910/DVN/LZHMG3
Delaware,2006,gov_party,D,https://doi.org/10.7910/DVN/LZHMG3
Delaware,2006,leg_control,Split,https://doi.org/10.7910/DVN/LZHMG3
Delaware,2007,gov_party,D,https://doi.org/10.7910/DVN/LZHMG3
Delaware,2007,leg_control,Split,https://doi.org/10.7910/DVN/LZHMG3
Delaware,2008,gov_party,D,https://doi.org/10.7910/DVN/LZHMG3
Delaware,2008,leg_control,Split,https://doi.org/10.7910/DVN/LZHMG3
Delaware,2008,pres_plurality_winner_party,DEMOCRAT,https://doi.org/10.7910/DVN/42MVDX
Delaware,2008,pres_two_party_dem_pct,62.6381,https://doi.org/10.7910/DVN/42MVDX
Delaware,2008,pres_two_party_margin_dem,25.2763,https://doi.org/10.7910/DVN/42MVDX
Delaware,2009,gov_party,D,https://doi.org/10.7910/DVN/LZHMG3
Delaware,2009,leg_control,D,https://doi.org/10.7910/DVN/LZHMG3
Delaware,2010,gov_party,D,https://doi.org/10.7910/DVN/LZHMG3
Delaware,2010,leg_control,D,https://doi.org/10.7910/DVN/LZHMG3
Delaware,2011,gov_party,D,https://doi.org/10.7910/DVN/LZHMG3
Delaware,2011,leg_control,D,https://doi.org/10.7910/DVN/LZHMG3
Delaware,2012,pres_plurality_winner_party,DEMOCRAT,https://doi.org/10.7910/DVN/42MVDX
Delaware,2012,pres_two_party_dem_pct,59.447,https://doi.org/10.7910/DVN/42MVDX
Delaware,2012,pres_two_party_margin_dem,18.8939,https://doi.org/10.7910/DVN/42MVDX
Delaware,2016,pres_plurality_winner_party,DEMOCRAT,https://doi.org/10.7910/DVN/42MVDX
Delaware,2016,pres_two_party_dem_pct,55.9986,https://doi.org/10.7910/DVN/42MVDX
Delaware,2016,pres_two_party_margin_dem,11.9972,https://doi.org/10.7910/DVN/42MVDX
Delaware,2020,pres_plurality_winner_party,DEMOCRAT,https://doi.org/10.7910/DVN/42MVDX
Delaware,2020,pres_two_party_dem_pct,59.6267,https://doi.org/10.7910/DVN/42MVDX
Delaware,2020,pres_two_party_margin_dem,19.2535,https://doi.org/10.7910/DVN/42MVDX
Delaware,2024,pres_plurality_winner_party,DEMOCRAT,https://doi.org/10.7910/DVN/42MVDX
Delaware,2024,pres_two_party_dem_pct,57.4792,https://doi.org/10.7910/DVN/42MVDX
Delaware,2024,pres_two_party_margin_dem,14.9585,https://doi.org/10.7910/DVN/42MVDX
Delaware,2026,gov_party_ncsl,D,https://www.ncsl.org/about-state-legislatures/state-partisan-composition
Delaware,2026,house_dem_seats,27,https://www.ncsl.org/about-state-legislatures/state-partisan-composition
Delaware,2026,house_rep_seats,14,https://www.ncsl.org/about-state-legislatures/state-partisan-composition
Delaware,2026,house_total_seats,41,https://www.ncsl.org/about-state-legislatures/state-partisan-composition
Delaware,2026,leg_control_ncsl,D,https://www.ncsl.org/about-state-legislatures/state-partisan-composition
Delaware,2026,senate_dem_seats,15,https://www.ncsl.org/about-state-legislatures/state-partisan-composition
Delaware,2026,senate_rep_seats,6,https://www.ncsl.org/about-state-legislatures/state-partisan-composition
Delaware,2026,senate_total_seats,21,https://www.ncsl.org/about-state-legislatures/state-partisan-composition
Delaware,2026,state_control_ncsl,D,https://www.ncsl.org/about-state-legislatures/state-partisan-composition
District of Columbia,1976,pres_plurality_winner_party,DEMOCRAT,https://doi.org/10.7910/DVN/42MVDX
District of Columbia,1976,pres_two_party_dem_pct,83.1777,https://doi.org/10.7910/DVN/42MVDX
District of Columbia,1976,pres_two_party_margin_dem,66.3554,https://doi.org/10.7910/DVN/42MVDX
District of Columbia,1980,pres_plurality_winner_party,DEMOCRAT,https://doi.org/10.7910/DVN/42MVDX
District of Columbia,1980,pres_two_party_dem_pct,84.8167,https://doi.org/10.7910/DVN/42MVDX
District of Columbia,1980,pres_two_party_margin_dem,69.6335,https://doi.org/10.7910/DVN/42MVDX
District of Columbia,1984,pres_plurality_winner_party,DEMOCRAT,https://doi.org/10.7910/DVN/42MVDX
District of Columbia,1984,pres_two_party_dem_pct,86.1477,https://doi.org/10.7910/DVN/42MVDX
District of Columbia,1984,pres_two_party_margin_dem,72.2955,https://doi.org/10.7910/DVN/42MVDX
District of Columbia,1988,pres_plurality_winner_party,DEMOCRAT,https://doi.org/10.7910/DVN/42MVDX
District of Columbia,1988,pres_two_party_dem_pct,85.2458,https://doi.org/10.7910/DVN/42MVDX
District of Columbia,1988,pres_two_party_margin_dem,70.4915,https://doi.org/10.7910/DVN/42MVDX
District of Columbia,1992,pres_plurality_winner_party,DEMOCRAT,https://doi.org/10.7910/DVN/42MVDX
District of Columbia,1992,pres_two_party_dem_pct,90.2971,https://doi.org/10.7910/DVN/42MVDX
District of Columbia,1992,pres_two_party_margin_dem,80.5941,https://doi.org/10.7910/DVN/42MVDX
District of Columbia,1996,pres_plurality_winner_party,DEMOCRAT,https://doi.org/10.7910/DVN/42MVDX
District of Columbia,1996,pres_two_party_dem_pct,90.1235,https://doi.org/10.7910/DVN/42MVDX
District of Columbia,1996,pres_two_party_margin_dem,80.2471,https://doi.org/10.7910/DVN/42MVDX
District of Columbia,2000,pres_plurality_winner_party,DEMOCRAT,https://doi.org/10.7910/DVN/42MVDX
District of Columbia,2000,pres_two_party_dem_pct,90.4877,https://doi.org/10.7910/DVN/42MVDX
District of Columbia,2000,pres_two_party_margin_dem,80.9754,https://doi.org/10.7910/DVN/42MVDX
District of Columbia,2004,pres_plurality_winner_party,DEMOCRAT,https://doi.org/10.7910/DVN/42MVDX
District of Columbia,2004,pres_two_party_dem_pct,90.5203,https://doi.org/10.7910/DVN/42MVDX
District of Columbia,2004,pres_two_party_margin_dem,81.0406,https://doi.org/10.7910/DVN/42MVDX
District of Columbia,2008,pres_plurality_winner_party,DEMOCRAT,https://doi.org/10.7910/DVN/42MVDX
District of Columbia,2008,pres_two_party_dem_pct,93.4008,https://doi.org/10.7910/DVN/42MVDX
District of Columbia,2008,pres_two_party_margin_dem,86.8015,https://doi.org/10.7910/DVN/42MVDX
District of Columbia,2012,pres_plurality_winner_party,DEMOCRAT,https://doi.org/10.7910/DVN/42MVDX
District of Columbia,2012,pres_two_party_dem_pct,92.5876,https://doi.org/10.7910/DVN/42MVDX
District of Columbia,2012,pres_two_party_margin_dem,85.1753,https://doi.org/10.7910/DVN/42MVDX
District of Columbia,2016,pres_plurality_winner_party,DEMOCRAT,https://doi.org/10.7910/DVN/42MVDX
District of Columbia,2016,pres_two_party_dem_pct,95.6952,https://doi.org/10.7910/DVN/42MVDX
District of Columbia,2016,pres_two_party_margin_dem,91.3904,https://doi.org/10.7910/DVN/42MVDX
District of Columbia,2020,pres_plurality_winner_party,DEMOCRAT,https://doi.org/10.7910/DVN/42MVDX
District of Columbia,2020,pres_two_party_dem_pct,94.467,https://doi.org/10.7910/DVN/42MVDX
District of Columbia,2020,pres_two_party_margin_dem,88.9339,https://doi.org/10.7910/DVN/42MVDX
District of Columbia,2024,pres_plurality_winner_party,DEMOCRAT,https://doi.org/10.7910/DVN/42MVDX
District of Columbia,2024,pres_two_party_dem_pct,93.3147,https://doi.org/10.7910/DVN/42MVDX
District of Columbia,2024,pres_two_party_margin_dem,86.6295,https://doi.org/10.7910/DVN/42MVDX
Florida,1976,gov_party,D,https://doi.org/10.7910/DVN/LZHMG3
Florida,1976,leg_control,D,https://doi.org/10.7910/DVN/LZHMG3
Florida,1976,pres_plurality_winner_party,DEMOCRAT,https://doi.org/10.7910/DVN/42MVDX
Florida,1976,pres_two_party_dem_pct,52.6802,https://doi.org/10.7910/DVN/42MVDX
Florida,1976,pres_two_party_margin_dem,5.3604,https://doi.org/10.7910/DVN/42MVDX
Florida,1977,gov_party,D,https://doi.org/10.7910/DVN/LZHMG3
Florida,1977,leg_control,D,https://doi.org/10.7910/DVN/LZHMG3
Florida,1978,gov_party,D,https://doi.org/10.7910/DVN/LZHMG3
Florida,1978,leg_control,D,https://doi.org/10.7910/DVN/LZHMG3
Florida,1979,gov_party,D,https://doi.org/10.7910/DVN/LZHMG3
Florida,1979,leg_control,D,https://doi.org/10.7910/DVN/LZHMG3
Florida,1980,gov_party,D,https://doi.org/10.7910/DVN/LZHMG3
Florida,1980,leg_control,D,https://doi.org/10.7910/DVN/LZHMG3
Florida,1980,pres_plurality_winner_party,REPUBLICAN,https://doi.org/10.7910/DVN/42MVDX
Florida,1980,pres_two_party_dem_pct,40.9492,https://doi.org/10.7910/DVN/42MVDX
Florida,1980,pres_two_party_margin_dem,-18.1015,https://doi.org/10.7910/DVN/42MVDX
Florida,1981,gov_party,D,https://doi.org/10.7910/DVN/LZHMG3
Florida,1981,leg_control,D,https://doi.org/10.7910/DVN/LZHMG3
Florida,1982,gov_party,D,https://doi.org/10.7910/DVN/LZHMG3
Florida,1982,leg_control,D,https://doi.org/10.7910/DVN/LZHMG3
Florida,1983,gov_party,D,https://doi.org/10.7910/DVN/LZHMG3
Florida,1983,leg_control,D,https://doi.org/10.7910/DVN/LZHMG3
Florida,1984,gov_party,D,https://doi.org/10.7910/DVN/LZHMG3
Florida,1984,leg_control,D,https://doi.org/10.7910/DVN/LZHMG3
Florida,1984,pres_plurality_winner_party,REPUBLICAN,https://doi.org/10.7910/DVN/42MVDX
Florida,1984,pres_two_party_dem_pct,34.6676,https://doi.org/10.7910/DVN/42MVDX
Florida,1984,pres_two_party_margin_dem,-30.6648,https://doi.org/10.7910/DVN/42MVDX
Florida,1985,gov_party,D,https://doi.org/10.7910/DVN/LZHMG3
Florida,1985,leg_control,D,https://doi.org/10.7910/DVN/LZHMG3
Florida,1986,gov_party,D,https://doi.org/10.7910/DVN/LZHMG3
Florida,1986,leg_control,D,https://doi.org/10.7910/DVN/LZHMG3
Florida,1987,gov_party,R,https://doi.org/10.7910/DVN/LZHMG3
Florida,1987,leg_control,D,https://doi.org/10.7910/DVN/LZHMG3
Florida,1988,gov_party,R,https://doi.org/10.7910/DVN/LZHMG3
Florida,1988,leg_control,D,https://doi.org/10.7910/DVN/LZHMG3
Florida,1988,pres_plurality_winner_party,REPUBLICAN,https://doi.org/10.7910/DVN/42MVDX
Florida,1988,pres_two_party_dem_pct,38.7479,https://doi.org/10.7910/DVN/42MVDX
Florida,1988,pres_two_party_margin_dem,-22.5041,https://doi.org/10.7910/DVN/42MVDX
Florida,1989,gov_party,R,https://doi.org/10.7910/DVN/LZHMG3
Florida,1989,leg_control,D,https://doi.org/10.7910/DVN/LZHMG3
Florida,1990,gov_party,R,https://doi.org/10.7910/DVN/LZHMG3
Florida,1990,leg_control,D,https://doi.org/10.7910/DVN/LZHMG3
Florida,1991,gov_party,D,https://doi.org/10.7910/DVN/LZHMG3
Florida,1991,leg_control,D,https://doi.org/10.7910/DVN/LZHMG3
Florida,1992,gov_party,D,https://doi.org/10.7910/DVN/LZHMG3
Florida,1992,leg_control,D,https://doi.org/10.7910/DVN/LZHMG3
Florida,1992,pres_plurality_winner_party,REPUBLICAN,https://doi.org/10.7910/DVN/42MVDX
Florida,1992,pres_two_party_dem_pct,48.8032,https://doi.org/10.7910/DVN/42MVDX
Florida,1992,pres_two_party_margin_dem,-2.3937,https://doi.org/10.7910/DVN/42MVDX
Florida,1993,gov_party,D,https://doi.org/10.7910/DVN/LZHMG3
Florida,1993,leg_control,Split,https://doi.org/10.7910/DVN/LZHMG3
Florida,1994,gov_party,D,https://doi.org/10.7910/DVN/LZHMG3
Florida,1994,leg_control,Split,https://doi.org/10.7910/DVN/LZHMG3
Florida,1995,gov_party,D,https://doi.org/10.7910/DVN/LZHMG3
Florida,1995,leg_control,Split,https://doi.org/10.7910/DVN/LZHMG3
Florida,1996,gov_party,D,https://doi.org/10.7910/DVN/LZHMG3
Florida,1996,leg_control,Split,https://doi.org/10.7910/DVN/LZHMG3
Florida,1996,pres_plurality_winner_party,DEMOCRAT,https://doi.org/10.7910/DVN/42MVDX
Florida,1996,pres_two_party_dem_pct,53.155,https://doi.org/10.7910/DVN/42MVDX
Florida,1996,pres_two_party_margin_dem,6.3099,https://doi.org/10.7910/DVN/42MVDX
Florida,1997,gov_party,D,https://doi.org/10.7910/DVN/LZHMG3
Florida,1997,leg_control,R,https://doi.org/10.7910/DVN/LZHMG3
Florida,1998,gov_party,D,https://doi.org/10.7910/DVN/LZHMG3
Florida,1998,leg_control,R,https://doi.org/10.7910/DVN/LZHMG3
Florida,1999,gov_party,R,https://doi.org/10.7910/DVN/LZHMG3
Florida,1999,leg_control,R,https://doi.org/10.7910/DVN/LZHMG3
Florida,2000,gov_party,R,https://doi.org/10.7910/DVN/LZHMG3
Florida,2000,leg_control,R,https://doi.org/10.7910/DVN/LZHMG3
Florida,2000,pres_plurality_winner_party,REPUBLICAN,https://doi.org/10.7910/DVN/42MVDX
Florida,2000,pres_two_party_dem_pct,49.9954,https://doi.org/10.7910/DVN/42MVDX
Florida,2000,pres_two_party_margin_dem,-0.0092,https://doi.org/10.7910/DVN/42MVDX
Florida,2001,gov_party,R,https://doi.org/10.7910/DVN/LZHMG3
Florida,2001,leg_control,R,https://doi.org/10.7910/DVN/LZHMG3
Florida,2002,gov_party,R,https://doi.org/10.7910/DVN/LZHMG3
Florida,2002,leg_control,R,https://doi.org/10.7910/DVN/LZHMG3
Florida,2003,gov_party,R,https://doi.org/10.7910/DVN/LZHMG3
Florida,2003,leg_control,R,https://doi.org/10.7910/DVN/LZHMG3
Florida,2004,gov_party,R,https://doi.org/10.7910/DVN/LZHMG3
Florida,2004,leg_control,R,https://doi.org/10.7910/DVN/LZHMG3
Florida,2004,pres_plurality_winner_party,REPUBLICAN,https://doi.org/10.7910/DVN/42MVDX
Florida,2004,pres_two_party_dem_pct,47.4763,https://doi.org/10.7910/DVN/42MVDX
Florida,2004,pres_two_party_margin_dem,-5.0474,https://doi.org/10.7910/DVN/42MVDX
Florida,2005,gov_party,R,https://doi.org/10.7910/DVN/LZHMG3
Florida,2005,leg_control,R,https://doi.org/10.7910/DVN/LZHMG3
Florida,2006,gov_party,R,https://doi.org/10.7910/DVN/LZHMG3
Florida,2006,leg_control,R,https://doi.org/10.7910/DVN/LZHMG3
Florida,2007,gov_party,R,https://doi.org/10.7910/DVN/LZHMG3
Florida,2007,leg_control,R,https://doi.org/10.7910/DVN/LZHMG3
Florida,2008,gov_party,R,https://doi.org/10.7910/DVN/LZHMG3
Florida,2008,leg_control,R,https://doi.org/10.7910/DVN/LZHMG3
Florida,2008,pres_plurality_winner_party,DEMOCRAT,https://doi.org/10.7910/DVN/42MVDX
Florida,2008,pres_two_party_dem_pct,51.4197,https://doi.org/10.7910/DVN/42MVDX
Florida,2008,pres_two_party_margin_dem,2.8393,https://doi.org/10.7910/DVN/42MVDX
Florida,2009,gov_party,R,https://doi.org/10.7910/DVN/LZHMG3
Florida,2009,leg_control,R,https://doi.org/10.7910/DVN/LZHMG3
Florida,2010,gov_party,R,https://doi.org/10.7910/DVN/LZHMG3
Florida,2010,leg_control,R,https://doi.org/10.7910/DVN/LZHMG3
Florida,2011,gov_party,R,https://doi.org/10.7910/DVN/LZHMG3
Florida,2011,leg_control,R,https://doi.org/10.7910/DVN/LZHMG3
Florida,2012,pres_plurality_winner_party,DEMOCRAT,https://doi.org/10.7910/DVN/42MVDX
Florida,2012,pres_two_party_dem_pct,50.4423,https://doi.org/10.7910/DVN/42MVDX
Florida,2012,pres_two_party_margin_dem,0.8845,https://doi.org/10.7910/DVN/42MVDX
Florida,2016,pres_plurality_winner_party,REPUBLICAN,https://doi.org/10.7910/DVN/42MVDX
Florida,2016,pres_two_party_dem_pct,49.3812,https://doi.org/10.7910/DVN/42MVDX
Florida,2016,pres_two_party_margin_dem,-1.2377,https://doi.org/10.7910/DVN/42MVDX
Florida,2020,pres_plurality_winner_party,REPUBLICAN,https://doi.org/10.7910/DVN/42MVDX
Florida,2020,pres_two_party_dem_pct,48.3052,https://doi.org/10.7910/DVN/42MVDX
Florida,2020,pres_two_party_margin_dem,-3.3895,https://doi.org/10.7910/DVN/42MVDX
Florida,2024,pres_plurality_winner_party,REPUBLICAN,https://doi.org/10.7910/DVN/42MVDX
Florida,2024,pres_two_party_dem_pct,43.3889,https://doi.org/10.7910/DVN/42MVDX
Florida,2024,pres_two_party_margin_dem,-13.2221,https://doi.org/10.7910/DVN/42MVDX
Florida,2026,gov_party_ncsl,R,https://www.ncsl.org/about-state-legislatures/state-partisan-composition
Florida,2026,house_dem_seats,34,https://www.ncsl.org/about-state-legislatures/state-partisan-composition
Florida,2026,house_rep_seats,84,https://www.ncsl.org/about-state-legislatures/state-partisan-composition
Florida,2026,house_total_seats,120,https://www.ncsl.org/about-state-legislatures/state-partisan-composition
Florida,2026,leg_control_ncsl,R,https://www.ncsl.org/about-state-legislatures/state-partisan-composition
Florida,2026,senate_dem_seats,12,https://www.ncsl.org/about-state-legislatures/state-partisan-composition
Florida,2026,senate_rep_seats,27,https://www.ncsl.org/about-state-legislatures/state-partisan-composition
Florida,2026,senate_total_seats,40,https://www.ncsl.org/about-state-legislatures/state-partisan-composition
Florida,2026,state_control_ncsl,R,https://www.ncsl.org/about-state-legislatures/state-partisan-composition
Georgia,1976,gov_party,D,https://doi.org/10.7910/DVN/LZHMG3
Georgia,1976,leg_control,D,https://doi.org/10.7910/DVN/LZHMG3
Georgia,1976,pres_plurality_winner_party,DEMOCRAT,https://doi.org/10.7910/DVN/42MVDX
Georgia,1976,pres_two_party_dem_pct,66.9383,https://doi.org/10.7910/DVN/42MVDX
Georgia,1976,pres_two_party_margin_dem,33.8766,https://doi.org/10.7910/DVN/42MVDX
Georgia,1977,gov_party,D,https://doi.org/10.7910/DVN/LZHMG3
Georgia,1977,leg_control,D,https://doi.org/10.7910/DVN/LZHMG3
Georgia,1978,gov_party,D,https://doi.org/10.7910/DVN/LZHMG3
Georgia,1978,leg_control,D,https://doi.org/10.7910/DVN/LZHMG3
Georgia,1979,gov_party,D,https://doi.org/10.7910/DVN/LZHMG3
Georgia,1979,leg_control,D,https://doi.org/10.7910/DVN/LZHMG3
Georgia,1980,gov_party,D,https://doi.org/10.7910/DVN/LZHMG3
Georgia,1980,leg_control,D,https://doi.org/10.7910/DVN/LZHMG3
Georgia,1980,pres_plurality_winner_party,DEMOCRAT,https://doi.org/10.7910/DVN/42MVDX
Georgia,1980,pres_two_party_dem_pct,57.6624,https://doi.org/10.7910/DVN/42MVDX
Georgia,1980,pres_two_party_margin_dem,15.3248,https://doi.org/10.7910/DVN/42MVDX
Georgia,1981,gov_party,D,https://doi.org/10.7910/DVN/LZHMG3
Georgia,1981,leg_control,D,https://doi.org/10.7910/DVN/LZHMG3
Georgia,1982,gov_party,D,https://doi.org/10.7910/DVN/LZHMG3
Georgia,1982,leg_control,D,https://doi.org/10.7910/DVN/LZHMG3
Georgia,1983,gov_party,D,https://doi.org/10.7910/DVN/LZHMG3
Georgia,1983,leg_control,D,https://doi.org/10.7910/DVN/LZHMG3
Georgia,1984,gov_party,D,https://doi.org/10.7910/DVN/LZHMG3
Georgia,1984,leg_control,D,https://doi.org/10.7910/DVN/LZHMG3
Georgia,1984,pres_plurality_winner_party,REPUBLICAN,https://doi.org/10.7910/DVN/42MVDX
Georgia,1984,pres_two_party_dem_pct,39.8022,https://doi.org/10.7910/DVN/42MVDX
Georgia,1984,pres_two_party_margin_dem,-20.3956,https://doi.org/10.7910/DVN/42MVDX
Georgia,1985,gov_party,D,https://doi.org/10.7910/DVN/LZHMG3
Georgia,1985,leg_control,D,https://doi.org/10.7910/DVN/LZHMG3
Georgia,1986,gov_party,D,https://doi.org/10.7910/DVN/LZHMG3
Georgia,1986,leg_control,D,https://doi.org/10.7910/DVN/LZHMG3
Georgia,1987,gov_party,D,https://doi.org/10.7910/DVN/LZHMG3
Georgia,1987,leg_control,D,https://doi.org/10.7910/DVN/LZHMG3
Georgia,1988,gov_party,D,https://doi.org/10.7910/DVN/LZHMG3
Georgia,1988,leg_control,D,https://doi.org/10.7910/DVN/LZHMG3
Georgia,1988,pres_plurality_winner_party,REPUBLICAN,https://doi.org/10.7910/DVN/42MVDX
Georgia,1988,pres_two_party_dem_pct,39.7964,https://doi.org/10.7910/DVN/42MVDX
Georgia,1988,pres_two_party_margin_dem,-20.4072,https://doi.org/10.7910/DVN/42MVDX
Georgia,1989,gov_party,D,https://doi.org/10.7910/DVN/LZHMG3
Georgia,1989,leg_control,D,https://doi.org/10.7910/DVN/LZHMG3
Georgia,1990,gov_party,D,https://doi.org/10.7910/DVN/LZHMG3
Georgia,1990,leg_control,D,https://doi.org/10.7910/DVN/LZHMG3
Georgia,1991,gov_party,D,https://doi.org/10.7910/DVN/LZHMG3
Georgia,1991,leg_control,D,https://doi.org/10.7910/DVN/LZHMG3
Georgia,1992,gov_party,D,https://doi.org/10.7910/DVN/LZHMG3
Georgia,1992,leg_control,D,https://doi.org/10.7910/DVN/LZHMG3
Georgia,1992,pres_plurality_winner_party,DEMOCRAT,https://doi.org/10.7910/DVN/42MVDX
Georgia,1992,pres_two_party_dem_pct,50.3421,https://doi.org/10.7910/DVN/42MVDX
Georgia,1992,pres_two_party_margin_dem,0.6843,https://doi.org/10.7910/DVN/42MVDX
Georgia,1993,gov_party,D,https://doi.org/10.7910/DVN/LZHMG3
Georgia,1993,leg_control,D,https://doi.org/10.7910/DVN/LZHMG3
Georgia,1994,gov_party,D,https://doi.org/10.7910/DVN/LZHMG3
Georgia,1994,leg_control,D,https://doi.org/10.7910/DVN/LZHMG3
Georgia,1995,gov_party,D,https://doi.org/10.7910/DVN/LZHMG3
Georgia,1995,leg_control,D,https://doi.org/10.7910/DVN/LZHMG3
Georgia,1996,gov_party,D,https://doi.org/10.7910/DVN/LZHMG3
Georgia,1996,leg_control,D,https://doi.org/10.7910/DVN/LZHMG3
Georgia,1996,pres_plurality_winner_party,REPUBLICAN,https://doi.org/10.7910/DVN/42MVDX
Georgia,1996,pres_two_party_dem_pct,49.3677,https://doi.org/10.7910/DVN/42MVDX
Georgia,1996,pres_two_party_margin_dem,-1.2645,https://doi.org/10.7910/DVN/42MVDX
Georgia,1997,gov_party,D,https://doi.org/10.7910/DVN/LZHMG3
Georgia,1997,leg_control,D,https://doi.org/10.7910/DVN/LZHMG3
Georgia,1998,gov_party,D,https://doi.org/10.7910/DVN/LZHMG3
Georgia,1998,leg_control,D,https://doi.org/10.7910/DVN/LZHMG3
Georgia,1999,gov_party,D,https://doi.org/10.7910/DVN/LZHMG3
Georgia,1999,leg_control,D,https://doi.org/10.7910/DVN/LZHMG3
Georgia,2000,gov_party,D,https://doi.org/10.7910/DVN/LZHMG3
Georgia,2000,leg_control,D,https://doi.org/10.7910/DVN/LZHMG3
Georgia,2000,pres_plurality_winner_party,REPUBLICAN,https://doi.org/10.7910/DVN/42MVDX
Georgia,2000,pres_two_party_dem_pct,44.0162,https://doi.org/10.7910/DVN/42MVDX
Georgia,2000,pres_two_party_margin_dem,-11.9675,https://doi.org/10.7910/DVN/42MVDX
Georgia,2001,gov_party,D,https://doi.org/10.7910/DVN/LZHMG3
Georgia,2001,leg_control,D,https://doi.org/10.7910/DVN/LZHMG3
Georgia,2002,gov_party,D,https://doi.org/10.7910/DVN/LZHMG3
Georgia,2002,leg_control,D,https://doi.org/10.7910/DVN/LZHMG3
Georgia,2003,gov_party,R,https://doi.org/10.7910/DVN/LZHMG3
Georgia,2003,leg_control,Split,https://doi.org/10.7910/DVN/LZHMG3
Georgia,2004,gov_party,R,https://doi.org/10.7910/DVN/LZHMG3
Georgia,2004,leg_control,Split,https://doi.org/10.7910/DVN/LZHMG3
Georgia,2004,pres_plurality_winner_party,REPUBLICAN,https://doi.org/10.7910/DVN/42MVDX
Georgia,2004,pres_two_party_dem_pct,41.6458,https://doi.org/10.7910/DVN/42MVDX
Georgia,2004,pres_two_party_margin_dem,-16.7085,https://doi.org/10.7910/DVN/42MVDX
Georgia,2005,gov_party,R,https://doi.org/10.7910/DVN/LZHMG3
Georgia,2005,leg_control,R,https://doi.org/10.7910/DVN/LZHMG3
Georgia,2006,gov_party,R,https://doi.org/10.7910/DVN/LZHMG3
Georgia,2006,leg_control,R,https://doi.org/10.7910/DVN/LZHMG3
Georgia,2007,gov_party,R,https://doi.org/10.7910/DVN/LZHMG3
Georgia,2007,leg_control,R,https://doi.org/10.7910/DVN/LZHMG3
Georgia,2008,gov_party,R,https://doi.org/10.7910/DVN/LZHMG3
Georgia,2008,leg_control,R,https://doi.org/10.7910/DVN/LZHMG3
Georgia,2008,pres_plurality_winner_party,REPUBLICAN,https://doi.org/10.7910/DVN/42MVDX
Georgia,2008,pres_two_party_dem_pct,47.3717,https://doi.org/10.7910/DVN/42MVDX
Georgia,2008,pres_two_party_margin_dem,-5.2567,https://doi.org/10.7910/DVN/42MVDX
Georgia,2009,gov_party,R,https://doi.org/10.7910/DVN/LZHMG3
Georgia,2009,leg_control,R,https://doi.org/10.7910/DVN/LZHMG3
Georgia,2010,gov_party,R,https://doi.org/10.7910/DVN/LZHMG3
Georgia,2010,leg_control,R,https://doi.org/10.7910/DVN/LZHMG3
Georgia,2011,gov_party,R,https://doi.org/10.7910/DVN/LZHMG3
Georgia,2011,leg_control,R,https://doi.org/10.7910/DVN/LZHMG3
Georgia,2012,pres_plurality_winner_party,REPUBLICAN,https://doi.org/10.7910/DVN/42MVDX
Georgia,2012,pres_two_party_dem_pct,46.0434,https://doi.org/10.7910/DVN/42MVDX
Georgia,2012,pres_two_party_margin_dem,-7.9133,https://doi.org/10.7910/DVN/42MVDX
Georgia,2016,pres_plurality_winner_party,REPUBLICAN,https://doi.org/10.7910/DVN/42MVDX
Georgia,2016,pres_two_party_dem_pct,47.3388,https://doi.org/10.7910/DVN/42MVDX
Georgia,2016,pres_two_party_margin_dem,-5.3223,https://doi.org/10.7910/DVN/42MVDX
Georgia,2020,pres_plurality_winner_party,DEMOCRAT,https://doi.org/10.7910/DVN/42MVDX
Georgia,2020,pres_two_party_dem_pct,50.1193,https://doi.org/10.7910/DVN/42MVDX
Georgia,2020,pres_two_party_margin_dem,0.2387,https://doi.org/10.7910/DVN/42MVDX
Georgia,2024,pres_plurality_winner_party,REPUBLICAN,https://doi.org/10.7910/DVN/42MVDX
Georgia,2024,pres_two_party_dem_pct,48.8956,https://doi.org/10.7910/DVN/42MVDX
Georgia,2024,pres_two_party_margin_dem,-2.2087,https://doi.org/10.7910/DVN/42MVDX
Georgia,2026,gov_party_ncsl,R,https://www.ncsl.org/about-state-legislatures/state-partisan-composition
Georgia,2026,house_dem_seats,79,https://www.ncsl.org/about-state-legislatures/state-partisan-composition
Georgia,2026,house_rep_seats,99,https://www.ncsl.org/about-state-legislatures/state-partisan-composition
Georgia,2026,house_total_seats,180,https://www.ncsl.org/about-state-legislatures/state-partisan-composition
Georgia,2026,leg_control_ncsl,R,https://www.ncsl.org/about-state-legislatures/state-partisan-composition
Georgia,2026,senate_dem_seats,22,https://www.ncsl.org/about-state-legislatures/state-partisan-composition
Georgia,2026,senate_rep_seats,33,https://www.ncsl.org/about-state-legislatures/state-partisan-composition
Georgia,2026,senate_total_seats,56,https://www.ncsl.org/about-state-legislatures/state-partisan-composition
Georgia,2026,state_control_ncsl,R,https://www.ncsl.org/about-state-legislatures/state-partisan-composition
Hawaii,1976,gov_party,D,https://doi.org/10.7910/DVN/LZHMG3
Hawaii,1976,leg_control,D,https://doi.org/10.7910/DVN/LZHMG3
Hawaii,1976,pres_plurality_winner_party,DEMOCRAT,https://doi.org/10.7910/DVN/42MVDX
Hawaii,1976,pres_two_party_dem_pct,51.2826,https://doi.org/10.7910/DVN/42MVDX
Hawaii,1976,pres_two_party_margin_dem,2.5653,https://doi.org/10.7910/DVN/42MVDX
Hawaii,1977,gov_party,D,https://doi.org/10.7910/DVN/LZHMG3
Hawaii,1977,leg_control,D,https://doi.org/10.7910/DVN/LZHMG3
Hawaii,1978,gov_party,D,https://doi.org/10.7910/DVN/LZHMG3
Hawaii,1978,leg_control,D,https://doi.org/10.7910/DVN/LZHMG3
Hawaii,1979,gov_party,D,https://doi.org/10.7910/DVN/LZHMG3
Hawaii,1979,leg_control,D,https://doi.org/10.7910/DVN/LZHMG3
Hawaii,1980,gov_party,D,https://doi.org/10.7910/DVN/LZHMG3
Hawaii,1980,leg_control,D,https://doi.org/10.7910/DVN/LZHMG3
Hawaii,1980,pres_plurality_winner_party,DEMOCRAT,https://doi.org/10.7910/DVN/42MVDX
Hawaii,1980,pres_two_party_dem_pct,51.0841,https://doi.org/10.7910/DVN/42MVDX
Hawaii,1980,pres_two_party_margin_dem,2.1681,https://doi.org/10.7910/DVN/42MVDX
Hawaii,1981,gov_party,D,https://doi.org/10.7910/DVN/LZHMG3
Hawaii,1981,leg_control,D,https://doi.org/10.7910/DVN/LZHMG3
Hawaii,1982,gov_party,D,https://doi.org/10.7910/DVN/LZHMG3
Hawaii,1982,leg_control,D,https://doi.org/10.7910/DVN/LZHMG3
Hawaii,1983,gov_party,D,https://doi.org/10.7910/DVN/LZHMG3
Hawaii,1983,leg_control,D,https://doi.org/10.7910/DVN/LZHMG3
Hawaii,1984,gov_party,D,https://doi.org/10.7910/DVN/LZHMG3
Hawaii,1984,leg_control,D,https://doi.org/10.7910/DVN/LZHMG3
Hawaii,1984,pres_plurality_winner_party,REPUBLICAN,https://doi.org/10.7910/DVN/42MVDX
Hawaii,1984,pres_two_party_dem_pct,44.2963,https://doi.org/10.7910/DVN/42MVDX
Hawaii,1984,pres_two_party_margin_dem,-11.4074,https://doi.org/10.7910/DVN/42MVDX
Hawaii,1985,gov_party,D,https://doi.org/10.7910/DVN/LZHMG3
Hawaii,1985,leg_control,D,https://doi.org/10.7910/DVN/LZHMG3
Hawaii,1986,gov_party,D,https://doi.org/10.7910/DVN/LZHMG3
Hawaii,1986,leg_control,D,https://doi.org/10.7910/DVN/LZHMG3
Hawaii,1987,gov_party,D,https://doi.org/10.7910/DVN/LZHMG3
Hawaii,1987,leg_control,D,https://doi.org/10.7910/DVN/LZHMG3
Hawaii,1988,gov_party,D,https://doi.org/10.7910/DVN/LZHMG3
Hawaii,1988,leg_control,D,https://doi.org/10.7910/DVN/LZHMG3
Hawaii,1988,pres_plurality_winner_party,DEMOCRAT,https://doi.org/10.7910/DVN/42MVDX
Hawaii,1988,pres_two_party_dem_pct,54.8063,https://doi.org/10.7910/DVN/42MVDX
Hawaii,1988,pres_two_party_margin_dem,9.6126,https://doi.org/10.7910/DVN/42MVDX
Hawaii,1989,gov_party,D,https://doi.org/10.7910/DVN/LZHMG3
Hawaii,1989,leg_control,D,https://doi.org/10.7910/DVN/LZHMG3
Hawaii,1990,gov_party,D,https://doi.org/10.7910/DVN/LZHMG3
Hawaii,1990,leg_control,D,https://doi.org/10.7910/DVN/LZHMG3
Hawaii,1991,gov_party,D,https://doi.org/10.7910/DVN/LZHMG3
Hawaii,1991,leg_control,D,https://doi.org/10.7910/DVN/LZHMG3
Hawaii,1992,gov_party,D,https://doi.org/10.7910/DVN/LZHMG3
Hawaii,1992,leg_control,D,https://doi.org/10.7910/DVN/LZHMG3
Hawaii,1992,pres_plurality_winner_party,DEMOCRAT,https://doi.org/10.7910/DVN/42MVDX
Hawaii,1992,pres_two_party_dem_pct,56.72,https://doi.org/10.7910/DVN/42MVDX
Hawaii,1992,pres_two_party_margin_dem,13.44,https://doi.org/10.7910/DVN/42MVDX
Hawaii,1993,gov_party,D,https://doi.org/10.7910/DVN/LZHMG3
Hawaii,1993,leg_control,D,https://doi.org/10.7910/DVN/LZHMG3
Hawaii,1994,gov_party,D,https://doi.org/10.7910/DVN/LZHMG3
Hawaii,1994,leg_control,D,https://doi.org/10.7910/DVN/LZHMG3
Hawaii,1995,gov_party,D,https://doi.org/10.7910/DVN/LZHMG3
Hawaii,1995,leg_control,D,https://doi.org/10.7910/DVN/LZHMG3
Hawaii,1996,gov_party,D,https://doi.org/10.7910/DVN/LZHMG3
Hawaii,1996,leg_control,D,https://doi.org/10.7910/DVN/LZHMG3
Hawaii,1996,pres_plurality_winner_party,DEMOCRAT,https://doi.org/10.7910/DVN/42MVDX
Hawaii,1996,pres_two_party_dem_pct,64.2762,https://doi.org/10.7910/DVN/42MVDX
Hawaii,1996,pres_two_party_margin_dem,28.5523,https://doi.org/10.7910/DVN/42MVDX
Hawaii,1997,gov_party,D,https://doi.org/10.7910/DVN/LZHMG3
Hawaii,1997,leg_control,D,https://doi.org/10.7910/DVN/LZHMG3
Hawaii,1998,gov_party,D,https://doi.org/10.7910/DVN/LZHMG3
Hawaii,1998,leg_control,D,https://doi.org/10.7910/DVN/LZHMG3
Hawaii,1999,gov_party,D,https://doi.org/10.7910/DVN/LZHMG3
Hawaii,1999,leg_control,D,https://doi.org/10.7910/DVN/LZHMG3
Hawaii,2000,gov_party,D,https://doi.org/10.7910/DVN/LZHMG3
Hawaii,2000,leg_control,D,https://doi.org/10.7910/DVN/LZHMG3
Hawaii,2000,pres_plurality_winner_party,DEMOCRAT,https://doi.org/10.7910/DVN/42MVDX
Hawaii,2000,pres_two_party_dem_pct,59.8273,https://doi.org/10.7910/DVN/42MVDX
Hawaii,2000,pres_two_party_margin_dem,19.6546,https://doi.org/10.7910/DVN/42MVDX
Hawaii,2001,gov_party,D,https://doi.org/10.7910/DVN/LZHMG3
Hawaii,2001,leg_control,D,https://doi.org/10.7910/DVN/LZHMG3
Hawaii,2002,gov_party,D,https://doi.org/10.7910/DVN/LZHMG3
Hawaii,2002,leg_control,D,https://doi.org/10.7910/DVN/LZHMG3
Hawaii,2003,gov_party,R,https://doi.org/10.7910/DVN/LZHMG3
Hawaii,2003,leg_control,D,https://doi.org/10.7910/DVN/LZHMG3
Hawaii,2004,gov_party,R,https://doi.org/10.7910/DVN/LZHMG3
Hawaii,2004,leg_control,D,https://doi.org/10.7910/DVN/LZHMG3
Hawaii,2004,pres_plurality_winner_party,DEMOCRAT,https://doi.org/10.7910/DVN/42MVDX
Hawaii,2004,pres_two_party_dem_pct,54.4044,https://doi.org/10.7910/DVN/42MVDX
Hawaii,2004,pres_two_party_margin_dem,8.8089,https://doi.org/10.7910/DVN/42MVDX
Hawaii,2005,gov_party,R,https://doi.org/10.7910/DVN/LZHMG3
Hawaii,2005,leg_control,D,https://doi.org/10.7910/DVN/LZHMG3
Hawaii,2006,gov_party,R,https://doi.org/10.7910/DVN/LZHMG3
Hawaii,2006,leg_control,D,https://doi.org/10.7910/DVN/LZHMG3
Hawaii,2007,gov_party,R,https://doi.org/10.7910/DVN/LZHMG3
Hawaii,2007,leg_control,D,https://doi.org/10.7910/DVN/LZHMG3
Hawaii,2008,gov_party,R,https://doi.org/10.7910/DVN/LZHMG3
Hawaii,2008,leg_control,D,https://doi.org/10.7910/DVN/LZHMG3
Hawaii,2008,pres_plurality_winner_party,DEMOCRAT,https://doi.org/10.7910/DVN/42MVDX
Hawaii,2008,pres_two_party_dem_pct,72.9937,https://doi.org/10.7910/DVN/42MVDX
Hawaii,2008,pres_two_party_margin_dem,45.9875,https://doi.org/10.7910/DVN/42MVDX
Hawaii,2009,gov_party,R,https://doi.org/10.7910/DVN/LZHMG3
Hawaii,2009,leg_control,D,https://doi.org/10.7910/DVN/LZHMG3
Hawaii,2010,gov_party,R,https://doi.org/10.7910/DVN/LZHMG3
Hawaii,2010,leg_control,D,https://doi.org/10.7910/DVN/LZHMG3
Hawaii,2011,gov_party,D,https://doi.org/10.7910/DVN/LZHMG3
Hawaii,2011,leg_control,D,https://doi.org/10.7910/DVN/LZHMG3
Hawaii,2012,pres_plurality_winner_party,DEMOCRAT,https://doi.org/10.7910/DVN/42MVDX
Hawaii,2012,pres_two_party_dem_pct,71.7038,https://doi.org/10.7910/DVN/42MVDX
Hawaii,2012,pres_two_party_margin_dem,43.4077,https://doi.org/10.7910/DVN/42MVDX
Hawaii,2016,pres_plurality_winner_party,DEMOCRAT,https://doi.org/10.7910/DVN/42MVDX
Hawaii,2016,pres_two_party_dem_pct,67.4413,https://doi.org/10.7910/DVN/42MVDX
Hawaii,2016,pres_two_party_margin_dem,34.8827,https://doi.org/10.7910/DVN/42MVDX
Hawaii,2020,pres_plurality_winner_party,DEMOCRAT,https://doi.org/10.7910/DVN/42MVDX
Hawaii,2020,pres_two_party_dem_pct,65.0327,https://doi.org/10.7910/DVN/42MVDX
Hawaii,2020,pres_two_party_margin_dem,30.0653,https://doi.org/10.7910/DVN/42MVDX
Hawaii,2024,pres_plurality_winner_party,DEMOCRAT,https://doi.org/10.7910/DVN/42MVDX
Hawaii,2024,pres_two_party_dem_pct,61.7803,https://doi.org/10.7910/DVN/42MVDX
Hawaii,2024,pres_two_party_margin_dem,23.5607,https://doi.org/10.7910/DVN/42MVDX
Hawaii,2026,gov_party_ncsl,D,https://www.ncsl.org/about-state-legislatures/state-partisan-composition
Hawaii,2026,house_dem_seats,41,https://www.ncsl.org/about-state-legislatures/state-partisan-composition
Hawaii,2026,house_rep_seats,10,https://www.ncsl.org/about-state-legislatures/state-partisan-composition
Hawaii,2026,house_total_seats,51,https://www.ncsl.org/about-state-legislatures/state-partisan-composition
Hawaii,2026,leg_control_ncsl,D,https://www.ncsl.org/about-state-legislatures/state-partisan-composition
Hawaii,2026,senate_dem_seats,22,https://www.ncsl.org/about-state-legislatures/state-partisan-composition
Hawaii,2026,senate_rep_seats,3,https://www.ncsl.org/about-state-legislatures/state-partisan-composition
Hawaii,2026,senate_total_seats,25,https://www.ncsl.org/about-state-legislatures/state-partisan-composition
Hawaii,2026,state_control_ncsl,D,https://www.ncsl.org/about-state-legislatures/state-partisan-composition
Idaho,1976,gov_party,D,https://doi.org/10.7910/DVN/LZHMG3
Idaho,1976,leg_control,R,https://doi.org/10.7910/DVN/LZHMG3
Idaho,1976,pres_plurality_winner_party,REPUBLICAN,https://doi.org/10.7910/DVN/42MVDX
Idaho,1976,pres_two_party_dem_pct,38.267,https://doi.org/10.7910/DVN/42MVDX
Idaho,1976,pres_two_party_margin_dem,-23.466,https://doi.org/10.7910/DVN/42MVDX
Idaho,1977,gov_party,D,https://doi.org/10.7910/DVN/LZHMG3
Idaho,1977,leg_control,R,https://doi.org/10.7910/DVN/LZHMG3
Idaho,1978,gov_party,D,https://doi.org/10.7910/DVN/LZHMG3
Idaho,1978,leg_control,R,https://doi.org/10.7910/DVN/LZHMG3
Idaho,1979,gov_party,D,https://doi.org/10.7910/DVN/LZHMG3
Idaho,1979,leg_control,R,https://doi.org/10.7910/DVN/LZHMG3
Idaho,1980,gov_party,D,https://doi.org/10.7910/DVN/LZHMG3
Idaho,1980,leg_control,R,https://doi.org/10.7910/DVN/LZHMG3
Idaho,1980,pres_plurality_winner_party,REPUBLICAN,https://doi.org/10.7910/DVN/42MVDX
Idaho,1980,pres_two_party_dem_pct,27.4868,https://doi.org/10.7910/DVN/42MVDX
Idaho,1980,pres_two_party_margin_dem,-45.0265,https://doi.org/10.7910/DVN/42MVDX
Idaho,1981,gov_party,D,https://doi.org/10.7910/DVN/LZHMG3
Idaho,1981,leg_control,R,https://doi.org/10.7910/DVN/LZHMG3
Idaho,1982,gov_party,D,https://doi.org/10.7910/DVN/LZHMG3
Idaho,1982,leg_control,R,https://doi.org/10.7910/DVN/LZHMG3
Idaho,1983,gov_party,D,https://doi.org/10.7910/DVN/LZHMG3
Idaho,1983,leg_control,R,https://doi.org/10.7910/DVN/LZHMG3
Idaho,1984,gov_party,D,https://doi.org/10.7910/DVN/LZHMG3
Idaho,1984,leg_control,R,https://doi.org/10.7910/DVN/LZHMG3
Idaho,1984,pres_plurality_winner_party,REPUBLICAN,https://doi.org/10.7910/DVN/42MVDX
Idaho,1984,pres_two_party_dem_pct,26.7244,https://doi.org/10.7910/DVN/42MVDX
Idaho,1984,pres_two_party_margin_dem,-46.5511,https://doi.org/10.7910/DVN/42MVDX
Idaho,1985,gov_party,D,https://doi.org/10.7910/DVN/LZHMG3
Idaho,1985,leg_control,R,https://doi.org/10.7910/DVN/LZHMG3
Idaho,1986,gov_party,D,https://doi.org/10.7910/DVN/LZHMG3
Idaho,1986,leg_control,R,https://doi.org/10.7910/DVN/LZHMG3
Idaho,1987,gov_party,D,https://doi.org/10.7910/DVN/LZHMG3
Idaho,1987,leg_control,R,https://doi.org/10.7910/DVN/LZHMG3
Idaho,1988,gov_party,D,https://doi.org/10.7910/DVN/LZHMG3
Idaho,1988,leg_control,R,https://doi.org/10.7910/DVN/LZHMG3
Idaho,1988,pres_plurality_winner_party,REPUBLICAN,https://doi.org/10.7910/DVN/42MVDX
Idaho,1988,pres_two_party_dem_pct,36.7122,https://doi.org/10.7910/DVN/42MVDX
Idaho,1988,pres_two_party_margin_dem,-26.5756,https://doi.org/10.7910/DVN/42MVDX
Idaho,1989,gov_party,D,https://doi.org/10.7910/DVN/LZHMG3
Idaho,1989,leg_control,R,https://doi.org/10.7910/DVN/LZHMG3
Idaho,1990,gov_party,D,https://doi.org/10.7910/DVN/LZHMG3
Idaho,1990,leg_control,R,https://doi.org/10.7910/DVN/LZHMG3
Idaho,1991,gov_party,D,https://doi.org/10.7910/DVN/LZHMG3
Idaho,1991,leg_control,R,https://doi.org/10.7910/DVN/LZHMG3
Idaho,1992,gov_party,D,https://doi.org/10.7910/DVN/LZHMG3
Idaho,1992,leg_control,R,https://doi.org/10.7910/DVN/LZHMG3
Idaho,1992,pres_plurality_winner_party,REPUBLICAN,https://doi.org/10.7910/DVN/42MVDX
Idaho,1992,pres_two_party_dem_pct,40.3385,https://doi.org/10.7910/DVN/42MVDX
Idaho,1992,pres_two_party_margin_dem,-19.323,https://doi.org/10.7910/DVN/42MVDX
Idaho,1993,gov_party,D,https://doi.org/10.7910/DVN/LZHMG3
Idaho,1993,leg_control,R,https://doi.org/10.7910/DVN/LZHMG3
Idaho,1994,gov_party,D,https://doi.org/10.7910/DVN/LZHMG3
Idaho,1994,leg_control,R,https://doi.org/10.7910/DVN/LZHMG3
Idaho,1995,gov_party,R,https://doi.org/10.7910/DVN/LZHMG3
Idaho,1995,leg_control,R,https://doi.org/10.7910/DVN/LZHMG3
Idaho,1996,gov_party,R,https://doi.org/10.7910/DVN/LZHMG3
Idaho,1996,leg_control,R,https://doi.org/10.7910/DVN/LZHMG3
Idaho,1996,pres_plurality_winner_party,REPUBLICAN,https://doi.org/10.7910/DVN/42MVDX
Idaho,1996,pres_two_party_dem_pct,39.201,https://doi.org/10.7910/DVN/42MVDX
Idaho,1996,pres_two_party_margin_dem,-21.5981,https://doi.org/10.7910/DVN/42MVDX
Idaho,1997,gov_party,R,https://doi.org/10.7910/DVN/LZHMG3
Idaho,1997,leg_control,R,https://doi.org/10.7910/DVN/LZHMG3
Idaho,1998,gov_party,R,https://doi.org/10.7910/DVN/LZHMG3
Idaho,1998,leg_control,R,https://doi.org/10.7910/DVN/LZHMG3
Idaho,1999,gov_party,R,https://doi.org/10.7910/DVN/LZHMG3
Idaho,1999,leg_control,R,https://doi.org/10.7910/DVN/LZHMG3
Idaho,2000,gov_party,R,https://doi.org/10.7910/DVN/LZHMG3
Idaho,2000,leg_control,R,https://doi.org/10.7910/DVN/LZHMG3
Idaho,2000,pres_plurality_winner_party,REPUBLICAN,https://doi.org/10.7910/DVN/42MVDX
Idaho,2000,pres_two_party_dem_pct,29.1515,https://doi.org/10.7910/DVN/42MVDX
Idaho,2000,pres_two_party_margin_dem,-41.697,https://doi.org/10.7910/DVN/42MVDX
Idaho,2001,gov_party,R,https://doi.org/10.7910/DVN/LZHMG3
Idaho,2001,leg_control,R,https://doi.org/10.7910/DVN/LZHMG3
Idaho,2002,gov_party,R,https://doi.org/10.7910/DVN/LZHMG3
Idaho,2002,leg_control,R,https://doi.org/10.7910/DVN/LZHMG3
Idaho,2003,gov_party,R,https://doi.org/10.7910/DVN/LZHMG3
Idaho,2003,leg_control,R,https://doi.org/10.7910/DVN/LZHMG3
Idaho,2004,gov_party,R,https://doi.org/10.7910/DVN/LZHMG3
Idaho,2004,leg_control,R,https://doi.org/10.7910/DVN/LZHMG3
Idaho,2004,pres_plurality_winner_party,REPUBLICAN,https://doi.org/10.7910/DVN/42MVDX
Idaho,2004,pres_two_party_dem_pct,30.6773,https://doi.org/10.7910/DVN/42MVDX
Idaho,2004,pres_two_party_margin_dem,-38.6455,https://doi.org/10.7910/DVN/42MVDX
Idaho,2005,gov_party,R,https://doi.org/10.7910/DVN/LZHMG3
Idaho,2005,leg_control,R,https://doi.org/10.7910/DVN/LZHMG3
Idaho,2006,gov_party,R,https://doi.org/10.7910/DVN/LZHMG3
Idaho,2006,leg_control,R,https://doi.org/10.7910/DVN/LZHMG3
Idaho,2007,gov_party,R,https://doi.org/10.7910/DVN/LZHMG3
Idaho,2007,leg_control,R,https://doi.org/10.7910/DVN/LZHMG3
Idaho,2008,gov_party,R,https://doi.org/10.7910/DVN/LZHMG3
Idaho,2008,leg_control,R,https://doi.org/10.7910/DVN/LZHMG3
Idaho,2008,pres_plurality_winner_party,REPUBLICAN,https://doi.org/10.7910/DVN/42MVDX
Idaho,2008,pres_two_party_dem_pct,36.9754,https://doi.org/10.7910/DVN/42MVDX
Idaho,2008,pres_two_party_margin_dem,-26.0492,https://doi.org/10.7910/DVN/42MVDX
Idaho,2009,gov_party,R,https://doi.org/10.7910/DVN/LZHMG3
Idaho,2009,leg_control,R,https://doi.org/10.7910/DVN/LZHMG3
Idaho,2010,gov_party,R,https://doi.org/10.7910/DVN/LZHMG3
Idaho,2010,leg_control,R,https://doi.org/10.7910/DVN/LZHMG3
Idaho,2011,gov_party,R,https://doi.org/10.7910/DVN/LZHMG3
Idaho,2011,leg_control,R,https://doi.org/10.7910/DVN/LZHMG3
Idaho,2012,pres_plurality_winner_party,REPUBLICAN,https://doi.org/10.7910/DVN/42MVDX
Idaho,2012,pres_two_party_dem_pct,33.5786,https://doi.org/10.7910/DVN/42MVDX
Idaho,2012,pres_two_party_margin_dem,-32.8428,https://doi.org/10.7910/DVN/42MVDX
Idaho,2016,pres_plurality_winner_party,REPUBLICAN,https://doi.org/10.7910/DVN/42MVDX
Idaho,2016,pres_two_party_dem_pct,31.6898,https://doi.org/10.7910/DVN/42MVDX
Idaho,2016,pres_two_party_margin_dem,-36.6204,https://doi.org/10.7910/DVN/42MVDX
Idaho,2020,pres_plurality_winner_party,REPUBLICAN,https://doi.org/10.7910/DVN/42MVDX
Idaho,2020,pres_two_party_dem_pct,34.1229,https://doi.org/10.7910/DVN/42MVDX
Idaho,2020,pres_two_party_margin_dem,-31.7543,https://doi.org/10.7910/DVN/42MVDX
Idaho,2024,pres_plurality_winner_party,REPUBLICAN,https://doi.org/10.7910/DVN/42MVDX
Idaho,2024,pres_two_party_dem_pct,31.2391,https://doi.org/10.7910/DVN/42MVDX
Idaho,2024,pres_two_party_margin_dem,-37.5218,https://doi.org/10.7910/DVN/42MVDX
Idaho,2026,gov_party_ncsl,R,https://www.ncsl.org/about-state-legislatures/state-partisan-composition
Idaho,2026,house_dem_seats,9,https://www.ncsl.org/about-state-legislatures/state-partisan-composition
Idaho,2026,house_rep_seats,61,https://www.ncsl.org/about-state-legislatures/state-partisan-composition
Idaho,2026,house_total_seats,70,https://www.ncsl.org/about-state-legislatures/state-partisan-composition
Idaho,2026,leg_control_ncsl,R,https://www.ncsl.org/about-state-legislatures/state-partisan-composition
Idaho,2026,senate_dem_seats,6,https://www.ncsl.org/about-state-legislatures/state-partisan-composition
Idaho,2026,senate_rep_seats,29,https://www.ncsl.org/about-state-legislatures/state-partisan-composition
Idaho,2026,senate_total_seats,35,https://www.ncsl.org/about-state-legislatures/state-partisan-composition
Idaho,2026,state_control_ncsl,R,https://www.ncsl.org/about-state-legislatures/state-partisan-composition
Illinois,1976,gov_party,D,https://doi.org/10.7910/DVN/LZHMG3
Illinois,1976,leg_control,D,https://doi.org/10.7910/DVN/LZHMG3
Illinois,1976,pres_plurality_winner_party,REPUBLICAN,https://doi.org/10.7910/DVN/42MVDX
Illinois,1976,pres_two_party_dem_pct,48.9972,https://doi.org/10.7910/DVN/42MVDX
Illinois,1976,pres_two_party_margin_dem,-2.0057,https://doi.org/10.7910/DVN/42MVDX
Illinois,1977,gov_party,R,https://doi.org/10.7910/DVN/LZHMG3
Illinois,1977,leg_control,D,https://doi.org/10.7910/DVN/LZHMG3
Illinois,1978,gov_party,R,https://doi.org/10.7910/DVN/LZHMG3
Illinois,1978,leg_control,D,https://doi.org/10.7910/DVN/LZHMG3
Illinois,1979,gov_party,R,https://doi.org/10.7910/DVN/LZHMG3
Illinois,1979,leg_control,D,https://doi.org/10.7910/DVN/LZHMG3
Illinois,1980,gov_party,R,https://doi.org/10.7910/DVN/LZHMG3
Illinois,1980,leg_control,D,https://doi.org/10.7910/DVN/LZHMG3
Illinois,1980,pres_plurality_winner_party,REPUBLICAN,https://doi.org/10.7910/DVN/42MVDX
Illinois,1980,pres_two_party_dem_pct,45.6603,https://doi.org/10.7910/DVN/42MVDX
Illinois,1980,pres_two_party_margin_dem,-8.6793,https://doi.org/10.7910/DVN/42MVDX
Illinois,1981,gov_party,R,https://doi.org/10.7910/DVN/LZHMG3
Illinois,1981,leg_control,Split,https://doi.org/10.7910/DVN/LZHMG3
Illinois,1982,gov_party,R,https://doi.org/10.7910/DVN/LZHMG3
Illinois,1982,leg_control,Split,https://doi.org/10.7910/DVN/LZHMG3
Illinois,1983,gov_party,R,https://doi.org/10.7910/DVN/LZHMG3
Illinois,1983,leg_control,D,https://doi.org/10.7910/DVN/LZHMG3
Illinois,1984,gov_party,R,https://doi.org/10.7910/DVN/LZHMG3
Illinois,1984,leg_control,D,https://doi.org/10.7910/DVN/LZHMG3
Illinois,1984,pres_plurality_winner_party,REPUBLICAN,https://doi.org/10.7910/DVN/42MVDX
Illinois,1984,pres_two_party_dem_pct,43.5267,https://doi.org/10.7910/DVN/42MVDX
Illinois,1984,pres_two_party_margin_dem,-12.9465,https://doi.org/10.7910/DVN/42MVDX
Illinois,1985,gov_party,R,https://doi.org/10.7910/DVN/LZHMG3
Illinois,1985,leg_control,D,https://doi.org/10.7910/DVN/LZHMG3
Illinois,1986,gov_party,R,https://doi.org/10.7910/DVN/LZHMG3
Illinois,1986,leg_control,D,https://doi.org/10.7910/DVN/LZHMG3
Illinois,1987,gov_party,R,https://doi.org/10.7910/DVN/LZHMG3
Illinois,1987,leg_control,D,https://doi.org/10.7910/DVN/LZHMG3
Illinois,1988,gov_party,R,https://doi.org/10.7910/DVN/LZHMG3
Illinois,1988,leg_control,D,https://doi.org/10.7910/DVN/LZHMG3
Illinois,1988,pres_plurality_winner_party,REPUBLICAN,https://doi.org/10.7910/DVN/42MVDX
Illinois,1988,pres_two_party_dem_pct,48.9507,https://doi.org/10.7910/DVN/42MVDX
Illinois,1988,pres_two_party_margin_dem,-2.0986,https://doi.org/10.7910/DVN/42MVDX
Illinois,1989,gov_party,R,https://doi.org/10.7910/DVN/LZHMG3
Illinois,1989,leg_control,D,https://doi.org/10.7910/DVN/LZHMG3
Illinois,1990,gov_party,R,https://doi.org/10.7910/DVN/LZHMG3
Illinois,1990,leg_control,D,https://doi.org/10.7910/DVN/LZHMG3
Illinois,1991,gov_party,R,https://doi.org/10.7910/DVN/LZHMG3
Illinois,1991,leg_control,D,https://doi.org/10.7910/DVN/LZHMG3
Illinois,1992,gov_party,R,https://doi.org/10.7910/DVN/LZHMG3
Illinois,1992,leg_control,D,https://doi.org/10.7910/DVN/LZHMG3
Illinois,1992,pres_plurality_winner_party,DEMOCRAT,https://doi.org/10.7910/DVN/42MVDX
Illinois,1992,pres_two_party_dem_pct,58.5882,https://doi.org/10.7910/DVN/42MVDX
Illinois,1992,pres_two_party_margin_dem,17.1764,https://doi.org/10.7910/DVN/42MVDX
Illinois,1993,gov_party,R,https://doi.org/10.7910/DVN/LZHMG3
Illinois,1993,leg_control,Split,https://doi.org/10.7910/DVN/LZHMG3
Illinois,1994,gov_party,R,https://doi.org/10.7910/DVN/LZHMG3
Illinois,1994,leg_control,Split,https://doi.org/10.7910/DVN/LZHMG3
Illinois,1995,gov_party,R,https://doi.org/10.7910/DVN/LZHMG3
Illinois,1995,leg_control,R,https://doi.org/10.7910/DVN/LZHMG3
Illinois,1996,gov_party,R,https://doi.org/10.7910/DVN/LZHMG3
Illinois,1996,leg_control,R,https://doi.org/10.7910/DVN/LZHMG3
Illinois,1996,pres_plurality_winner_party,DEMOCRAT,https://doi.org/10.7910/DVN/42MVDX
Illinois,1996,pres_two_party_dem_pct,59.6051,https://doi.org/10.7910/DVN/42MVDX
Illinois,1996,pres_two_party_margin_dem,19.2102,https://doi.org/10.7910/DVN/42MVDX
Illinois,1997,gov_party,R,https://doi.org/10.7910/DVN/LZHMG3
Illinois,1997,leg_control,Split,https://doi.org/10.7910/DVN/LZHMG3
Illinois,1998,gov_party,R,https://doi.org/10.7910/DVN/LZHMG3
Illinois,1998,leg_control,Split,https://doi.org/10.7910/DVN/LZHMG3
Illinois,1999,gov_party,R,https://doi.org/10.7910/DVN/LZHMG3
Illinois,1999,leg_control,Split,https://doi.org/10.7910/DVN/LZHMG3
Illinois,2000,gov_party,R,https://doi.org/10.7910/DVN/LZHMG3
Illinois,2000,leg_control,Split,https://doi.org/10.7910/DVN/LZHMG3
Illinois,2000,pres_plurality_winner_party,DEMOCRAT,https://doi.org/10.7910/DVN/42MVDX
Illinois,2000,pres_two_party_dem_pct,56.18,https://doi.org/10.7910/DVN/42MVDX
Illinois,2000,pres_two_party_margin_dem,12.36,https://doi.org/10.7910/DVN/42MVDX
Illinois,2001,gov_party,R,https://doi.org/10.7910/DVN/LZHMG3
Illinois,2001,leg_control,Split,https://doi.org/10.7910/DVN/LZHMG3
Illinois,2002,gov_party,R,https://doi.org/10.7910/DVN/LZHMG3
Illinois,2002,leg_control,Split,https://doi.org/10.7910/DVN/LZHMG3
Illinois,2003,gov_party,D,https://doi.org/10.7910/DVN/LZHMG3
Illinois,2003,leg_control,D,https://doi.org/10.7910/DVN/LZHMG3
Illinois,2004,gov_party,D,https://doi.org/10.7910/DVN/LZHMG3
Illinois,2004,leg_control,D,https://doi.org/10.7910/DVN/LZHMG3
Illinois,2004,pres_plurality_winner_party,DEMOCRAT,https://doi.org/10.7910/DVN/42MVDX
Illinois,2004,pres_two_party_dem_pct,55.2086,https://doi.org/10.7910/DVN/42MVDX
Illinois,2004,pres_two_party_margin_dem,10.4173,https://doi.org/10.7910/DVN/42MVDX
Illinois,2005,gov_party,D,https://doi.org/10.7910/DVN/LZHMG3
Illinois,2005,leg_control,D,https://doi.org/10.7910/DVN/LZHMG3
Illinois,2006,gov_party,D,https://doi.org/10.7910/DVN/LZHMG3
Illinois,2006,leg_control,D,https://doi.org/10.7910/DVN/LZHMG3
Illinois,2007,gov_party,D,https://doi.org/10.7910/DVN/LZHMG3
Illinois,2007,leg_control,D,https://doi.org/10.7910/DVN/LZHMG3
Illinois,2008,gov_party,D,https://doi.org/10.7910/DVN/LZHMG3
Illinois,2008,leg_control,D,https://doi.org/10.7910/DVN/LZHMG3
Illinois,2008,pres_plurality_winner_party,DEMOCRAT,https://doi.org/10.7910/DVN/42MVDX
Illinois,2008,pres_two_party_dem_pct,62.7343,https://doi.org/10.7910/DVN/42MVDX
Illinois,2008,pres_two_party_margin_dem,25.4685,https://doi.org/10.7910/DVN/42MVDX
Illinois,2009,gov_party,D,https://doi.org/10.7910/DVN/LZHMG3
Illinois,2009,leg_control,D,https://doi.org/10.7910/DVN/LZHMG3
Illinois,2010,gov_party,D,https://doi.org/10.7910/DVN/LZHMG3
Illinois,2010,leg_control,D,https://doi.org/10.7910/DVN/LZHMG3
Illinois,2011,gov_party,D,https://doi.org/10.7910/DVN/LZHMG3
Illinois,2011,leg_control,D,https://doi.org/10.7910/DVN/LZHMG3
Illinois,2012,pres_plurality_winner_party,DEMOCRAT,https://doi.org/10.7910/DVN/42MVDX
Illinois,2012,pres_two_party_dem_pct,58.5775,https://doi.org/10.7910/DVN/42MVDX
Illinois,2012,pres_two_party_margin_dem,17.155,https://doi.org/10.7910/DVN/42MVDX
Illinois,2016,pres_plurality_winner_party,DEMOCRAT,https://doi.org/10.7910/DVN/42MVDX
Illinois,2016,pres_two_party_dem_pct,59.0201,https://doi.org/10.7910/DVN/42MVDX
Illinois,2016,pres_two_party_margin_dem,18.0401,https://doi.org/10.7910/DVN/42MVDX
Illinois,2020,pres_plurality_winner_party,DEMOCRAT,https://doi.org/10.7910/DVN/42MVDX
Illinois,2020,pres_two_party_dem_pct,58.659,https://doi.org/10.7910/DVN/42MVDX
Illinois,2020,pres_two_party_margin_dem,17.3181,https://doi.org/10.7910/DVN/42MVDX
Illinois,2024,pres_plurality_winner_party,DEMOCRAT,https://doi.org/10.7910/DVN/42MVDX
Illinois,2024,pres_two_party_dem_pct,55.5678,https://doi.org/10.7910/DVN/42MVDX
Illinois,2024,pres_two_party_margin_dem,11.1355,https://doi.org/10.7910/DVN/42MVDX
Illinois,2026,gov_party_ncsl,D,https://www.ncsl.org/about-state-legislatures/state-partisan-composition
Illinois,2026,house_dem_seats,78,https://www.ncsl.org/about-state-legislatures/state-partisan-composition
Illinois,2026,house_rep_seats,40,https://www.ncsl.org/about-state-legislatures/state-partisan-composition
Illinois,2026,house_total_seats,118,https://www.ncsl.org/about-state-legislatures/state-partisan-composition
Illinois,2026,leg_control_ncsl,D,https://www.ncsl.org/about-state-legislatures/state-partisan-composition
Illinois,2026,senate_dem_seats,40,https://www.ncsl.org/about-state-legislatures/state-partisan-composition
Illinois,2026,senate_rep_seats,19,https://www.ncsl.org/about-state-legislatures/state-partisan-composition
Illinois,2026,senate_total_seats,59,https://www.ncsl.org/about-state-legislatures/state-partisan-composition
Illinois,2026,state_control_ncsl,D,https://www.ncsl.org/about-state-legislatures/state-partisan-composition
Indiana,1976,gov_party,R,https://doi.org/10.7910/DVN/LZHMG3
Indiana,1976,leg_control,Split,https://doi.org/10.7910/DVN/LZHMG3
Indiana,1976,pres_plurality_winner_party,REPUBLICAN,https://doi.org/10.7910/DVN/42MVDX
Indiana,1976,pres_two_party_dem_pct,46.1512,https://doi.org/10.7910/DVN/42MVDX
Indiana,1976,pres_two_party_margin_dem,-7.6976,https://doi.org/10.7910/DVN/42MVDX
Indiana,1977,gov_party,R,https://doi.org/10.7910/DVN/LZHMG3
Indiana,1977,leg_control,Split,https://doi.org/10.7910/DVN/LZHMG3
Indiana,1978,gov_party,R,https://doi.org/10.7910/DVN/LZHMG3
Indiana,1978,leg_control,Split,https://doi.org/10.7910/DVN/LZHMG3
Indiana,1979,gov_party,R,https://doi.org/10.7910/DVN/LZHMG3
Indiana,1979,leg_control,R,https://doi.org/10.7910/DVN/LZHMG3
Indiana,1980,gov_party,R,https://doi.org/10.7910/DVN/LZHMG3
Indiana,1980,leg_control,R,https://doi.org/10.7910/DVN/LZHMG3
Indiana,1980,pres_plurality_winner_party,REPUBLICAN,https://doi.org/10.7910/DVN/42MVDX
Indiana,1980,pres_two_party_dem_pct,40.2027,https://doi.org/10.7910/DVN/42MVDX
Indiana,1980,pres_two_party_margin_dem,-19.5947,https://doi.org/10.7910/DVN/42MVDX
Indiana,1981,gov_party,R,https://doi.org/10.7910/DVN/LZHMG3
Indiana,1981,leg_control,R,https://doi.org/10.7910/DVN/LZHMG3
Indiana,1982,gov_party,R,https://doi.org/10.7910/DVN/LZHMG3
Indiana,1982,leg_control,R,https://doi.org/10.7910/DVN/LZHMG3
Indiana,1983,gov_party,R,https://doi.org/10.7910/DVN/LZHMG3
Indiana,1983,leg_control,R,https://doi.org/10.7910/DVN/LZHMG3
Indiana,1984,gov_party,R,https://doi.org/10.7910/DVN/LZHMG3
Indiana,1984,leg_control,R,https://doi.org/10.7910/DVN/LZHMG3
Indiana,1984,pres_plurality_winner_party,REPUBLICAN,https://doi.org/10.7910/DVN/42MVDX
Indiana,1984,pres_two_party_dem_pct,37.9266,https://doi.org/10.7910/DVN/42MVDX
Indiana,1984,pres_two_party_margin_dem,-24.1469,https://doi.org/10.7910/DVN/42MVDX
Indiana,1985,gov_party,R,https://doi.org/10.7910/DVN/LZHMG3
Indiana,1985,leg_control,R,https://doi.org/10.7910/DVN/LZHMG3
Indiana,1986,gov_party,R,https://doi.org/10.7910/DVN/LZHMG3
Indiana,1986,leg_control,R,https://doi.org/10.7910/DVN/LZHMG3
Indiana,1987,gov_party,R,https://doi.org/10.7910/DVN/LZHMG3
Indiana,1987,leg_control,R,https://doi.org/10.7910/DVN/LZHMG3
Indiana,1988,gov_party,R,https://doi.org/10.7910/DVN/LZHMG3
Indiana,1988,leg_control,R,https://doi.org/10.7910/DVN/LZHMG3
Indiana,1988,pres_plurality_winner_party,REPUBLICAN,https://doi.org/10.7910/DVN/42MVDX
Indiana,1988,pres_two_party_dem_pct,39.874,https://doi.org/10.7910/DVN/42MVDX
Indiana,1988,pres_two_party_margin_dem,-20.252,https://doi.org/10.7910/DVN/42MVDX
Indiana,1989,gov_party,D,https://doi.org/10.7910/DVN/LZHMG3
Indiana,1989,leg_control,Split,https://doi.org/10.7910/DVN/LZHMG3
Indiana,1990,gov_party,D,https://doi.org/10.7910/DVN/LZHMG3
Indiana,1990,leg_control,R,https://doi.org/10.7910/DVN/LZHMG3
Indiana,1991,gov_party,D,https://doi.org/10.7910/DVN/LZHMG3
Indiana,1991,leg_control,Split,https://doi.org/10.7910/DVN/LZHMG3
Indiana,1992,gov_party,D,https://doi.org/10.7910/DVN/LZHMG3
Indiana,1992,leg_control,Split,https://doi.org/10.7910/DVN/LZHMG3
Indiana,1992,pres_plurality_winner_party,REPUBLICAN,https://doi.org/10.7910/DVN/42MVDX
Indiana,1992,pres_two_party_dem_pct,46.1651,https://doi.org/10.7910/DVN/42MVDX
Indiana,1992,pres_two_party_margin_dem,-7.6698,https://doi.org/10.7910/DVN/42MVDX
Indiana,1993,gov_party,D,https://doi.org/10.7910/DVN/LZHMG3
Indiana,1993,leg_control,Split,https://doi.org/10.7910/DVN/LZHMG3
Indiana,1994,gov_party,D,https://doi.org/10.7910/DVN/LZHMG3
Indiana,1994,leg_control,Split,https://doi.org/10.7910/DVN/LZHMG3
Indiana,1995,gov_party,D,https://doi.org/10.7910/DVN/LZHMG3
Indiana,1995,leg_control,R,https://doi.org/10.7910/DVN/LZHMG3
Indiana,1996,gov_party,D,https://doi.org/10.7910/DVN/LZHMG3
Indiana,1996,leg_control,R,https://doi.org/10.7910/DVN/LZHMG3
Indiana,1996,pres_plurality_winner_party,REPUBLICAN,https://doi.org/10.7910/DVN/42MVDX
Indiana,1996,pres_two_party_dem_pct,46.8516,https://doi.org/10.7910/DVN/42MVDX
Indiana,1996,pres_two_party_margin_dem,-6.2968,https://doi.org/10.7910/DVN/42MVDX
Indiana,1997,gov_party,D,https://doi.org/10.7910/DVN/LZHMG3
Indiana,1997,leg_control,Split,https://doi.org/10.7910/DVN/LZHMG3
Indiana,1998,gov_party,D,https://doi.org/10.7910/DVN/LZHMG3
Indiana,1998,leg_control,Split,https://doi.org/10.7910/DVN/LZHMG3
Indiana,1999,gov_party,D,https://doi.org/10.7910/DVN/LZHMG3
Indiana,1999,leg_control,Split,https://doi.org/10.7910/DVN/LZHMG3
Indiana,2000,gov_party,D,https://doi.org/10.7910/DVN/LZHMG3
Indiana,2000,leg_control,Split,https://doi.org/10.7910/DVN/LZHMG3
Indiana,2000,pres_plurality_winner_party,REPUBLICAN,https://doi.org/10.7910/DVN/42MVDX
Indiana,2000,pres_two_party_dem_pct,41.9952,https://doi.org/10.7910/DVN/42MVDX
Indiana,2000,pres_two_party_margin_dem,-16.0096,https://doi.org/10.7910/DVN/42MVDX
Indiana,2001,gov_party,D,https://doi.org/10.7910/DVN/LZHMG3
Indiana,2001,leg_control,Split,https://doi.org/10.7910/DVN/LZHMG3
Indiana,2002,gov_party,D,https://doi.org/10.7910/DVN/LZHMG3
Indiana,2002,leg_control,Split,https://doi.org/10.7910/DVN/LZHMG3
Indiana,2003,gov_party,D,https://doi.org/10.7910/DVN/LZHMG3
Indiana,2003,leg_control,Split,https://doi.org/10.7910/DVN/LZHMG3
Indiana,2004,gov_party,D,https://doi.org/10.7910/DVN/LZHMG3
Indiana,2004,leg_control,Split,https://doi.org/10.7910/DVN/LZHMG3
Indiana,2004,pres_plurality_winner_party,REPUBLICAN,https://doi.org/10.7910/DVN/42MVDX
Indiana,2004,pres_two_party_dem_pct,39.5765,https://doi.org/10.7910/DVN/42MVDX
Indiana,2004,pres_two_party_margin_dem,-20.847,https://doi.org/10.7910/DVN/42MVDX
Indiana,2005,gov_party,R,https://doi.org/10.7910/DVN/LZHMG3
Indiana,2005,leg_control,R,https://doi.org/10.7910/DVN/LZHMG3
Indiana,2006,gov_party,R,https://doi.org/10.7910/DVN/LZHMG3
Indiana,2006,leg_control,R,https://doi.org/10.7910/DVN/LZHMG3
Indiana,2007,gov_party,R,https://doi.org/10.7910/DVN/LZHMG3
Indiana,2007,leg_control,Split,https://doi.org/10.7910/DVN/LZHMG3
Indiana,2008,gov_party,R,https://doi.org/10.7910/DVN/LZHMG3
Indiana,2008,leg_control,Split,https://doi.org/10.7910/DVN/LZHMG3
Indiana,2008,pres_plurality_winner_party,DEMOCRAT,https://doi.org/10.7910/DVN/42MVDX
Indiana,2008,pres_two_party_dem_pct,50.522,https://doi.org/10.7910/DVN/42MVDX
Indiana,2008,pres_two_party_margin_dem,1.0439,https://doi.org/10.7910/DVN/42MVDX
Indiana,2009,gov_party,R,https://doi.org/10.7910/DVN/LZHMG3
Indiana,2009,leg_control,Split,https://doi.org/10.7910/DVN/LZHMG3
Indiana,2010,gov_party,R,https://doi.org/10.7910/DVN/LZHMG3
Indiana,2010,leg_control,Split,https://doi.org/10.7910/DVN/LZHMG3
Indiana,2011,gov_party,R,https://doi.org/10.7910/DVN/LZHMG3
Indiana,2011,leg_control,R,https://doi.org/10.7910/DVN/LZHMG3
Indiana,2012,pres_plurality_winner_party,REPUBLICAN,https://doi.org/10.7910/DVN/42MVDX
Indiana,2012,pres_two_party_dem_pct,44.7996,https://doi.org/10.7910/DVN/42MVDX
Indiana,2012,pres_two_party_margin_dem,-10.4007,https://doi.org/10.7910/DVN/42MVDX
Indiana,2016,pres_plurality_winner_party,REPUBLICAN,https://doi.org/10.7910/DVN/42MVDX
Indiana,2016,pres_two_party_dem_pct,39.8827,https://doi.org/10.7910/DVN/42MVDX
Indiana,2016,pres_two_party_margin_dem,-20.2346,https://doi.org/10.7910/DVN/42MVDX
Indiana,2020,pres_plurality_winner_party,REPUBLICAN,https://doi.org/10.7910/DVN/42MVDX
Indiana,2020,pres_two_party_dem_pct,41.805,https://doi.org/10.7910/DVN/42MVDX
Indiana,2020,pres_two_party_margin_dem,-16.3901,https://doi.org/10.7910/DVN/42MVDX
Indiana,2024,pres_plurality_winner_party,REPUBLICAN,https://doi.org/10.7910/DVN/42MVDX
Indiana,2024,pres_two_party_dem_pct,40.3475,https://doi.org/10.7910/DVN/42MVDX
Indiana,2024,pres_two_party_margin_dem,-19.3049,https://doi.org/10.7910/DVN/42MVDX
Indiana,2026,gov_party_ncsl,R,https://www.ncsl.org/about-state-legislatures/state-partisan-composition
Indiana,2026,house_dem_seats,30,https://www.ncsl.org/about-state-legislatures/state-partisan-composition
Indiana,2026,house_rep_seats,69,https://www.ncsl.org/about-state-legislatures/state-partisan-composition
Indiana,2026,house_total_seats,100,https://www.ncsl.org/about-state-legislatures/state-partisan-composition
Indiana,2026,leg_control_ncsl,R,https://www.ncsl.org/about-state-legislatures/state-partisan-composition
Indiana,2026,senate_dem_seats,10,https://www.ncsl.org/about-state-legislatures/state-partisan-composition
Indiana,2026,senate_rep_seats,40,https://www.ncsl.org/about-state-legislatures/state-partisan-composition
Indiana,2026,senate_total_seats,50,https://www.ncsl.org/about-state-legislatures/state-partisan-composition
Indiana,2026,state_control_ncsl,R,https://www.ncsl.org/about-state-legislatures/state-partisan-composition
Iowa,1976,gov_party,R,https://doi.org/10.7910/DVN/LZHMG3
Iowa,1976,leg_control,D,https://doi.org/10.7910/DVN/LZHMG3
Iowa,1976,pres_plurality_winner_party,REPUBLICAN,https://doi.org/10.7910/DVN/42MVDX
Iowa,1976,pres_two_party_dem_pct,49.4838,https://doi.org/10.7910/DVN/42MVDX
Iowa,1976,pres_two_party_margin_dem,-1.0323,https://doi.org/10.7910/DVN/42MVDX
Iowa,1977,gov_party,R,https://doi.org/10.7910/DVN/LZHMG3
Iowa,1977,leg_control,D,https://doi.org/10.7910/DVN/LZHMG3
Iowa,1978,gov_party,R,https://doi.org/10.7910/DVN/LZHMG3
Iowa,1978,leg_control,D,https://doi.org/10.7910/DVN/LZHMG3
Iowa,1979,gov_party,R,https://doi.org/10.7910/DVN/LZHMG3
Iowa,1979,leg_control,R,https://doi.org/10.7910/DVN/LZHMG3
Iowa,1980,gov_party,R,https://doi.org/10.7910/DVN/LZHMG3
Iowa,1980,leg_control,R,https://doi.org/10.7910/DVN/LZHMG3
Iowa,1980,pres_plurality_winner_party,REPUBLICAN,https://doi.org/10.7910/DVN/42MVDX
Iowa,1980,pres_two_party_dem_pct,42.9368,https://doi.org/10.7910/DVN/42MVDX
Iowa,1980,pres_two_party_margin_dem,-14.1263,https://doi.org/10.7910/DVN/42MVDX
Iowa,1981,gov_party,R,https://doi.org/10.7910/DVN/LZHMG3
Iowa,1981,leg_control,R,https://doi.org/10.7910/DVN/LZHMG3
Iowa,1982,gov_party,R,https://doi.org/10.7910/DVN/LZHMG3
Iowa,1982,leg_control,R,https://doi.org/10.7910/DVN/LZHMG3
Iowa,1983,gov_party,R,https://doi.org/10.7910/DVN/LZHMG3
Iowa,1983,leg_control,D,https://doi.org/10.7910/DVN/LZHMG3
Iowa,1984,gov_party,R,https://doi.org/10.7910/DVN/LZHMG3
Iowa,1984,leg_control,D,https://doi.org/10.7910/DVN/LZHMG3
Iowa,1984,pres_plurality_winner_party,REPUBLICAN,https://doi.org/10.7910/DVN/42MVDX
Iowa,1984,pres_two_party_dem_pct,46.2762,https://doi.org/10.7910/DVN/42MVDX
Iowa,1984,pres_two_party_margin_dem,-7.4477,https://doi.org/10.7910/DVN/42MVDX
Iowa,1985,gov_party,R,https://doi.org/10.7910/DVN/LZHMG3
Iowa,1985,leg_control,D,https://doi.org/10.7910/DVN/LZHMG3
Iowa,1986,gov_party,R,https://doi.org/10.7910/DVN/LZHMG3
Iowa,1986,leg_control,D,https://doi.org/10.7910/DVN/LZHMG3
Iowa,1987,gov_party,R,https://doi.org/10.7910/DVN/LZHMG3
Iowa,1987,leg_control,D,https://doi.org/10.7910/DVN/LZHMG3
Iowa,1988,gov_party,R,https://doi.org/10.7910/DVN/LZHMG3
Iowa,1988,leg_control,D,https://doi.org/10.7910/DVN/LZHMG3
Iowa,1988,pres_plurality_winner_party,DEMOCRAT,https://doi.org/10.7910/DVN/42MVDX
Iowa,1988,pres_two_party_dem_pct,55.1485,https://doi.org/10.7910/DVN/42MVDX
Iowa,1988,pres_two_party_margin_dem,10.297,https://doi.org/10.7910/DVN/42MVDX
Iowa,1989,gov_party,R,https://doi.org/10.7910/DVN/LZHMG3
Iowa,1989,leg_control,D,https://doi.org/10.7910/DVN/LZHMG3
Iowa,1990,gov_party,R,https://doi.org/10.7910/DVN/LZHMG3
Iowa,1990,leg_control,D,https://doi.org/10.7910/DVN/LZHMG3
Iowa,1991,gov_party,R,https://doi.org/10.7910/DVN/LZHMG3
Iowa,1991,leg_control,D,https://doi.org/10.7910/DVN/LZHMG3
Iowa,1992,gov_party,R,https://doi.org/10.7910/DVN/LZHMG3
Iowa,1992,leg_control,D,https://doi.org/10.7910/DVN/LZHMG3
Iowa,1992,pres_plurality_winner_party,DEMOCRAT,https://doi.org/10.7910/DVN/42MVDX
Iowa,1992,pres_two_party_dem_pct,53.7325,https://doi.org/10.7910/DVN/42MVDX
Iowa,1992,pres_two_party_margin_dem,7.4651,https://doi.org/10.7910/DVN/42MVDX
Iowa,1993,gov_party,R,https://doi.org/10.7910/DVN/LZHMG3
Iowa,1993,leg_control,Split,https://doi.org/10.7910/DVN/LZHMG3
Iowa,1994,gov_party,R,https://doi.org/10.7910/DVN/LZHMG3
Iowa,1994,leg_control,Split,https://doi.org/10.7910/DVN/LZHMG3
Iowa,1995,gov_party,R,https://doi.org/10.7910/DVN/LZHMG3
Iowa,1995,leg_control,Split,https://doi.org/10.7910/DVN/LZHMG3
Iowa,1996,gov_party,R,https://doi.org/10.7910/DVN/LZHMG3
Iowa,1996,leg_control,Split,https://doi.org/10.7910/DVN/LZHMG3
Iowa,1996,pres_plurality_winner_party,DEMOCRAT,https://doi.org/10.7910/DVN/42MVDX
Iowa,1996,pres_two_party_dem_pct,55.7334,https://doi.org/10.7910/DVN/42MVDX
Iowa,1996,pres_two_party_margin_dem,11.4668,https://doi.org/10.7910/DVN/42MVDX
Iowa,1997,gov_party,R,https://doi.org/10.7910/DVN/LZHMG3
Iowa,1997,leg_control,R,https://doi.org/10.7910/DVN/LZHMG3
Iowa,1998,gov_party,R,https://doi.org/10.7910/DVN/LZHMG3
Iowa,1998,leg_control,R,https://doi.org/10.7910/DVN/LZHMG3
Iowa,1999,gov_party,D,https://doi.org/10.7910/DVN/LZHMG3
Iowa,1999,leg_control,R,https://doi.org/10.7910/DVN/LZHMG3
Iowa,2000,gov_party,D,https://doi.org/10.7910/DVN/LZHMG3
Iowa,2000,leg_control,R,https://doi.org/10.7910/DVN/LZHMG3
Iowa,2000,pres_plurality_winner_party,DEMOCRAT,https://doi.org/10.7910/DVN/42MVDX
Iowa,2000,pres_two_party_dem_pct,50.1628,https://doi.org/10.7910/DVN/42MVDX
Iowa,2000,pres_two_party_margin_dem,0.3256,https://doi.org/10.7910/DVN/42MVDX
Iowa,2001,gov_party,D,https://doi.org/10.7910/DVN/LZHMG3
Iowa,2001,leg_control,R,https://doi.org/10.7910/DVN/LZHMG3
Iowa,2002,gov_party,D,https://doi.org/10.7910/DVN/LZHMG3
Iowa,2002,leg_control,R,https://doi.org/10.7910/DVN/LZHMG3
Iowa,2003,gov_party,D,https://doi.org/10.7910/DVN/LZHMG3
Iowa,2003,leg_control,R,https://doi.org/10.7910/DVN/LZHMG3
Iowa,2004,gov_party,D,https://doi.org/10.7910/DVN/LZHMG3
Iowa,2004,leg_control,R,https://doi.org/10.7910/DVN/LZHMG3
Iowa,2004,pres_plurality_winner_party,REPUBLICAN,https://doi.org/10.7910/DVN/42MVDX
Iowa,2004,pres_two_party_dem_pct,49.6633,https://doi.org/10.7910/DVN/42MVDX
Iowa,2004,pres_two_party_margin_dem,-0.6734,https://doi.org/10.7910/DVN/42MVDX
Iowa,2005,gov_party,D,https://doi.org/10.7910/DVN/LZHMG3
Iowa,2005,leg_control,Split,https://doi.org/10.7910/DVN/LZHMG3
Iowa,2006,gov_party,D,https://doi.org/10.7910/DVN/LZHMG3
Iowa,2006,leg_control,Split,https://doi.org/10.7910/DVN/LZHMG3
Iowa,2007,gov_party,D,https://doi.org/10.7910/DVN/LZHMG3
Iowa,2007,leg_control,D,https://doi.org/10.7910/DVN/LZHMG3
Iowa,2008,gov_party,D,https://doi.org/10.7910/DVN/LZHMG3
Iowa,2008,leg_control,D,https://doi.org/10.7910/DVN/LZHMG3
Iowa,2008,pres_plurality_winner_party,DEMOCRAT,https://doi.org/10.7910/DVN/42MVDX
Iowa,2008,pres_two_party_dem_pct,54.8488,https://doi.org/10.7910/DVN/42MVDX
Iowa,2008,pres_two_party_margin_dem,9.6976,https://doi.org/10.7910/DVN/42MVDX
Iowa,2009,gov_party,D,https://doi.org/10.7910/DVN/LZHMG3
Iowa,2009,leg_control,D,https://doi.org/10.7910/DVN/LZHMG3
Iowa,2010,gov_party,D,https://doi.org/10.7910/DVN/LZHMG3
Iowa,2010,leg_control,D,https://doi.org/10.7910/DVN/LZHMG3
Iowa,2011,gov_party,R,https://doi.org/10.7910/DVN/LZHMG3
Iowa,2011,leg_control,Split,https://doi.org/10.7910/DVN/LZHMG3
Iowa,2012,pres_plurality_winner_party,DEMOCRAT,https://doi.org/10.7910/DVN/42MVDX
Iowa,2012,pres_two_party_dem_pct,52.9594,https://doi.org/10.7910/DVN/42MVDX
Iowa,2012,pres_two_party_margin_dem,5.9187,https://doi.org/10.7910/DVN/42MVDX
Iowa,2016,pres_plurality_winner_party,REPUBLICAN,https://doi.org/10.7910/DVN/42MVDX
Iowa,2016,pres_two_party_dem_pct,44.9365,https://doi.org/10.7910/DVN/42MVDX
Iowa,2016,pres_two_party_margin_dem,-10.1271,https://doi.org/10.7910/DVN/42MVDX
Iowa,2020,pres_plurality_winner_party,REPUBLICAN,https://doi.org/10.7910/DVN/42MVDX
Iowa,2020,pres_two_party_dem_pct,45.8167,https://doi.org/10.7910/DVN/42MVDX
Iowa,2020,pres_two_party_margin_dem,-8.3665,https://doi.org/10.7910/DVN/42MVDX
Iowa,2024,pres_plurality_winner_party,REPUBLICAN,https://doi.org/10.7910/DVN/42MVDX
Iowa,2024,pres_two_party_dem_pct,43.2772,https://doi.org/10.7910/DVN/42MVDX
Iowa,2024,pres_two_party_margin_dem,-13.4456,https://doi.org/10.7910/DVN/42MVDX
Iowa,2026,gov_party_ncsl,R,https://www.ncsl.org/about-state-legislatures/state-partisan-composition
Iowa,2026,house_dem_seats,33,https://www.ncsl.org/about-state-legislatures/state-partisan-composition
Iowa,2026,house_rep_seats,67,https://www.ncsl.org/about-state-legislatures/state-partisan-composition
Iowa,2026,house_total_seats,100,https://www.ncsl.org/about-state-legislatures/state-partisan-composition
Iowa,2026,leg_control_ncsl,R,https://www.ncsl.org/about-state-legislatures/state-partisan-composition
Iowa,2026,senate_dem_seats,17,https://www.ncsl.org/about-state-legislatures/state-partisan-composition
Iowa,2026,senate_rep_seats,33,https://www.ncsl.org/about-state-legislatures/state-partisan-composition
Iowa,2026,senate_total_seats,50,https://www.ncsl.org/about-state-legislatures/state-partisan-composition
Iowa,2026,state_control_ncsl,R,https://www.ncsl.org/about-state-legislatures/state-partisan-composition
Kansas,1976,gov_party,R,https://doi.org/10.7910/DVN/LZHMG3
Kansas,1976,leg_control,R,https://doi.org/10.7910/DVN/LZHMG3
Kansas,1976,pres_plurality_winner_party,REPUBLICAN,https://doi.org/10.7910/DVN/42MVDX
Kansas,1976,pres_two_party_dem_pct,46.1245,https://doi.org/10.7910/DVN/42MVDX
Kansas,1976,pres_two_party_margin_dem,-7.7511,https://doi.org/10.7910/DVN/42MVDX
Kansas,1977,gov_party,R,https://doi.org/10.7910/DVN/LZHMG3
Kansas,1977,leg_control,Split,https://doi.org/10.7910/DVN/LZHMG3
Kansas,1978,gov_party,R,https://doi.org/10.7910/DVN/LZHMG3
Kansas,1978,leg_control,Split,https://doi.org/10.7910/DVN/LZHMG3
Kansas,1979,gov_party,D,https://doi.org/10.7910/DVN/LZHMG3
Kansas,1979,leg_control,R,https://doi.org/10.7910/DVN/LZHMG3
Kansas,1980,gov_party,D,https://doi.org/10.7910/DVN/LZHMG3
Kansas,1980,leg_control,R,https://doi.org/10.7910/DVN/LZHMG3
Kansas,1980,pres_plurality_winner_party,REPUBLICAN,https://doi.org/10.7910/DVN/42MVDX
Kansas,1980,pres_two_party_dem_pct,36.5245,https://doi.org/10.7910/DVN/42MVDX
Kansas,1980,pres_two_party_margin_dem,-26.951,https://doi.org/10.7910/DVN/42MVDX
Kansas,1981,gov_party,D,https://doi.org/10.7910/DVN/LZHMG3
Kansas,1981,leg_control,R,https://doi.org/10.7910/DVN/LZHMG3
Kansas,1982,gov_party,D,https://doi.org/10.7910/DVN/LZHMG3
Kansas,1982,leg_control,R,https://doi.org/10.7910/DVN/LZHMG3
Kansas,1983,gov_party,D,https://doi.org/10.7910/DVN/LZHMG3
Kansas,1983,leg_control,R,https://doi.org/10.7910/DVN/LZHMG3
Kansas,1984,gov_party,D,https://doi.org/10.7910/DVN/LZHMG3
Kansas,1984,leg_control,R,https://doi.org/10.7910/DVN/LZHMG3
Kansas,1984,pres_plurality_winner_party,REPUBLICAN,https://doi.org/10.7910/DVN/42MVDX
Kansas,1984,pres_two_party_dem_pct,32.9705,https://doi.org/10.7910/DVN/42MVDX
Kansas,1984,pres_two_party_margin_dem,-34.059,https://doi.org/10.7910/DVN/42MVDX
Kansas,1985,gov_party,D,https://doi.org/10.7910/DVN/LZHMG3
Kansas,1985,leg_control,R,https://doi.org/10.7910/DVN/LZHMG3
Kansas,1986,gov_party,D,https://doi.org/10.7910/DVN/LZHMG3
Kansas,1986,leg_control,R,https://doi.org/10.7910/DVN/LZHMG3
Kansas,1987,gov_party,R,https://doi.org/10.7910/DVN/LZHMG3
Kansas,1987,leg_control,R,https://doi.org/10.7910/DVN/LZHMG3
Kansas,1988,gov_party,R,https://doi.org/10.7910/DVN/LZHMG3
Kansas,1988,leg_control,R,https://doi.org/10.7910/DVN/LZHMG3
Kansas,1988,pres_plurality_winner_party,REPUBLICAN,https://doi.org/10.7910/DVN/42MVDX
Kansas,1988,pres_two_party_dem_pct,43.2725,https://doi.org/10.7910/DVN/42MVDX
Kansas,1988,pres_two_party_margin_dem,-13.455,https://doi.org/10.7910/DVN/42MVDX
Kansas,1989,gov_party,R,https://doi.org/10.7910/DVN/LZHMG3
Kansas,1989,leg_control,R,https://doi.org/10.7910/DVN/LZHMG3
Kansas,1990,gov_party,R,https://doi.org/10.7910/DVN/LZHMG3
Kansas,1990,leg_control,R,https://doi.org/10.7910/DVN/LZHMG3
Kansas,1991,gov_party,D,https://doi.org/10.7910/DVN/LZHMG3
Kansas,1991,leg_control,Split,https://doi.org/10.7910/DVN/LZHMG3
Kansas,1992,gov_party,D,https://doi.org/10.7910/DVN/LZHMG3
Kansas,1992,leg_control,Split,https://doi.org/10.7910/DVN/LZHMG3
Kansas,1992,pres_plurality_winner_party,REPUBLICAN,https://doi.org/10.7910/DVN/42MVDX
Kansas,1992,pres_two_party_dem_pct,46.4589,https://doi.org/10.7910/DVN/42MVDX
Kansas,1992,pres_two_party_margin_dem,-7.0821,https://doi.org/10.7910/DVN/42MVDX
Kansas,1993,gov_party,D,https://doi.org/10.7910/DVN/LZHMG3
Kansas,1993,leg_control,R,https://doi.org/10.7910/DVN/LZHMG3
Kansas,1994,gov_party,D,https://doi.org/10.7910/DVN/LZHMG3
Kansas,1994,leg_control,R,https://doi.org/10.7910/DVN/LZHMG3
Kansas,1995,gov_party,R,https://doi.org/10.7910/DVN/LZHMG3
Kansas,1995,leg_control,R,https://doi.org/10.7910/DVN/LZHMG3
Kansas,1996,gov_party,R,https://doi.org/10.7910/DVN/LZHMG3
Kansas,1996,leg_control,R,https://doi.org/10.7910/DVN/LZHMG3
Kansas,1996,pres_plurality_winner_party,REPUBLICAN,https://doi.org/10.7910/DVN/42MVDX
Kansas,1996,pres_two_party_dem_pct,39.9276,https://doi.org/10.7910/DVN/42MVDX
Kansas,1996,pres_two_party_margin_dem,-20.1447,https://doi.org/10.7910/DVN/42MVDX
Kansas,1997,gov_party,R,https://doi.org/10.7910/DVN/LZHMG3
Kansas,1997,leg_control,R,https://doi.org/10.7910/DVN/LZHMG3
Kansas,1998,gov_party,R,https://doi.org/10.7910/DVN/LZHMG3
Kansas,1998,leg_control,R,https://doi.org/10.7910/DVN/LZHMG3
Kansas,1999,gov_party,R,https://doi.org/10.7910/DVN/LZHMG3
Kansas,1999,leg_control,R,https://doi.org/10.7910/DVN/LZHMG3
Kansas,2000,gov_party,R,https://doi.org/10.7910/DVN/LZHMG3
Kansas,2000,leg_control,R,https://doi.org/10.7910/DVN/LZHMG3
Kansas,2000,pres_plurality_winner_party,REPUBLICAN,https://doi.org/10.7910/DVN/42MVDX
Kansas,2000,pres_two_party_dem_pct,39.0831,https://doi.org/10.7910/DVN/42MVDX
Kansas,2000,pres_two_party_margin_dem,-21.8338,https://doi.org/10.7910/DVN/42MVDX
Kansas,2001,gov_party,R,https://doi.org/10.7910/DVN/LZHMG3
Kansas,2001,leg_control,R,https://doi.org/10.7910/DVN/LZHMG3
Kansas,2002,gov_party,R,https://doi.org/10.7910/DVN/LZHMG3
Kansas,2002,leg_control,R,https://doi.org/10.7910/DVN/LZHMG3
Kansas,2003,gov_party,D,https://doi.org/10.7910/DVN/LZHMG3
Kansas,2003,leg_control,R,https://doi.org/10.7910/DVN/LZHMG3
Kansas,2004,gov_party,D,https://doi.org/10.7910/DVN/LZHMG3
Kansas,2004,leg_control,R,https://doi.org/10.7910/DVN/LZHMG3
Kansas,2004,pres_plurality_winner_party,REPUBLICAN,https://doi.org/10.7910/DVN/42MVDX
Kansas,2004,pres_two_party_dem_pct,37.1329,https://doi.org/10.7910/DVN/42MVDX
Kansas,2004,pres_two_party_margin_dem,-25.7342,https://doi.org/10.7910/DVN/42MVDX
Kansas,2005,gov_party,D,https://doi.org/10.7910/DVN/LZHMG3
Kansas,2005,leg_control,R,https://doi.org/10.7910/DVN/LZHMG3
Kansas,2006,gov_party,D,https://doi.org/10.7910/DVN/LZHMG3
Kansas,2006,leg_control,R,https://doi.org/10.7910/DVN/LZHMG3
Kansas,2007,gov_party,D,https://doi.org/10.7910/DVN/LZHMG3
Kansas,2007,leg_control,R,https://doi.org/10.7910/DVN/LZHMG3
Kansas,2008,gov_party,D,https://doi.org/10.7910/DVN/LZHMG3
Kansas,2008,leg_control,R,https://doi.org/10.7910/DVN/LZHMG3
Kansas,2008,pres_plurality_winner_party,REPUBLICAN,https://doi.org/10.7910/DVN/42MVDX
Kansas,2008,pres_two_party_dem_pct,42.3877,https://doi.org/10.7910/DVN/42MVDX
Kansas,2008,pres_two_party_margin_dem,-15.2246,https://doi.org/10.7910/DVN/42MVDX
Kansas,2009,gov_party,D,https://doi.org/10.7910/DVN/LZHMG3
Kansas,2009,leg_control,R,https://doi.org/10.7910/DVN/LZHMG3
Kansas,2010,gov_party,D,https://doi.org/10.7910/DVN/LZHMG3
Kansas,2010,leg_control,R,https://doi.org/10.7910/DVN/LZHMG3
Kansas,2011,gov_party,R,https://doi.org/10.7910/DVN/LZHMG3
Kansas,2011,leg_control,R,https://doi.org/10.7910/DVN/LZHMG3
Kansas,2012,pres_plurality_winner_party,REPUBLICAN,https://doi.org/10.7910/DVN/42MVDX
Kansas,2012,pres_two_party_dem_pct,38.8867,https://doi.org/10.7910/DVN/42MVDX
Kansas,2012,pres_two_party_margin_dem,-22.2267,https://doi.org/10.7910/DVN/42MVDX
Kansas,2016,pres_plurality_winner_party,REPUBLICAN,https://doi.org/10.7910/DVN/42MVDX
Kansas,2016,pres_two_party_dem_pct,38.8885,https://doi.org/10.7910/DVN/42MVDX
Kansas,2016,pres_two_party_margin_dem,-22.2229,https://doi.org/10.7910/DVN/42MVDX
Kansas,2020,pres_plurality_winner_party,REPUBLICAN,https://doi.org/10.7910/DVN/42MVDX
Kansas,2020,pres_two_party_dem_pct,42.5066,https://doi.org/10.7910/DVN/42MVDX
Kansas,2020,pres_two_party_margin_dem,-14.9869,https://doi.org/10.7910/DVN/42MVDX
Kansas,2024,pres_plurality_winner_party,REPUBLICAN,https://doi.org/10.7910/DVN/42MVDX
Kansas,2024,pres_two_party_dem_pct,41.7943,https://doi.org/10.7910/DVN/42MVDX
Kansas,2024,pres_two_party_margin_dem,-16.4115,https://doi.org/10.7910/DVN/42MVDX
Kansas,2026,gov_party_ncsl,D,https://www.ncsl.org/about-state-legislatures/state-partisan-composition
Kansas,2026,house_dem_seats,37,https://www.ncsl.org/about-state-legislatures/state-partisan-composition
Kansas,2026,house_rep_seats,88,https://www.ncsl.org/about-state-legislatures/state-partisan-composition
Kansas,2026,house_total_seats,125,https://www.ncsl.org/about-state-legislatures/state-partisan-composition
Kansas,2026,leg_control_ncsl,R,https://www.ncsl.org/about-state-legislatures/state-partisan-composition
Kansas,2026,senate_dem_seats,9,https://www.ncsl.org/about-state-legislatures/state-partisan-composition
Kansas,2026,senate_rep_seats,31,https://www.ncsl.org/about-state-legislatures/state-partisan-composition
Kansas,2026,senate_total_seats,40,https://www.ncsl.org/about-state-legislatures/state-partisan-composition
Kansas,2026,state_control_ncsl,Split,https://www.ncsl.org/about-state-legislatures/state-partisan-composition
Kentucky,1976,gov_party,D,https://doi.org/10.7910/DVN/LZHMG3
Kentucky,1976,leg_control,D,https://doi.org/10.7910/DVN/LZHMG3
Kentucky,1976,pres_plurality_winner_party,DEMOCRAT,https://doi.org/10.7910/DVN/42MVDX
Kentucky,1976,pres_two_party_dem_pct,53.654,https://doi.org/10.7910/DVN/42MVDX
Kentucky,1976,pres_two_party_margin_dem,7.3081,https://doi.org/10.7910/DVN/42MVDX
Kentucky,1977,gov_party,D,https://doi.org/10.7910/DVN/LZHMG3
Kentucky,1977,leg_control,D,https://doi.org/10.7910/DVN/LZHMG3
Kentucky,1978,gov_party,D,https://doi.org/10.7910/DVN/LZHMG3
Kentucky,1978,leg_control,D,https://doi.org/10.7910/DVN/LZHMG3
Kentucky,1979,gov_party,D,https://doi.org/10.7910/DVN/LZHMG3
Kentucky,1979,leg_control,D,https://doi.org/10.7910/DVN/LZHMG3
Kentucky,1980,gov_party,D,https://doi.org/10.7910/DVN/LZHMG3
Kentucky,1980,leg_control,D,https://doi.org/10.7910/DVN/LZHMG3
Kentucky,1980,pres_plurality_winner_party,REPUBLICAN,https://doi.org/10.7910/DVN/42MVDX
Kentucky,1980,pres_two_party_dem_pct,49.2873,https://doi.org/10.7910/DVN/42MVDX
Kentucky,1980,pres_two_party_margin_dem,-1.4255,https://doi.org/10.7910/DVN/42MVDX
Kentucky,1981,gov_party,D,https://doi.org/10.7910/DVN/LZHMG3
Kentucky,1981,leg_control,D,https://doi.org/10.7910/DVN/LZHMG3
Kentucky,1982,gov_party,D,https://doi.org/10.7910/DVN/LZHMG3
Kentucky,1982,leg_control,D,https://doi.org/10.7910/DVN/LZHMG3
Kentucky,1983,gov_party,D,https://doi.org/10.7910/DVN/LZHMG3
Kentucky,1983,leg_control,D,https://doi.org/10.7910/DVN/LZHMG3
Kentucky,1984,gov_party,D,https://doi.org/10.7910/DVN/LZHMG3
Kentucky,1984,leg_control,D,https://doi.org/10.7910/DVN/LZHMG3
Kentucky,1984,pres_plurality_winner_party,REPUBLICAN,https://doi.org/10.7910/DVN/42MVDX
Kentucky,1984,pres_two_party_dem_pct,39.6358,https://doi.org/10.7910/DVN/42MVDX
Kentucky,1984,pres_two_party_margin_dem,-20.7284,https://doi.org/10.7910/DVN/42MVDX
Kentucky,1985,gov_party,D,https://doi.org/10.7910/DVN/LZHMG3
Kentucky,1985,leg_control,D,https://doi.org/10.7910/DVN/LZHMG3
Kentucky,1986,gov_party,D,https://doi.org/10.7910/DVN/LZHMG3
Kentucky,1986,leg_control,D,https://doi.org/10.7910/DVN/LZHMG3
Kentucky,1987,gov_party,D,https://doi.org/10.7910/DVN/LZHMG3
Kentucky,1987,leg_control,D,https://doi.org/10.7910/DVN/LZHMG3
Kentucky,1988,gov_party,D,https://doi.org/10.7910/DVN/LZHMG3
Kentucky,1988,leg_control,D,https://doi.org/10.7910/DVN/LZHMG3
Kentucky,1988,pres_plurality_winner_party,REPUBLICAN,https://doi.org/10.7910/DVN/42MVDX
Kentucky,1988,pres_two_party_dem_pct,44.1462,https://doi.org/10.7910/DVN/42MVDX
Kentucky,1988,pres_two_party_margin_dem,-11.7075,https://doi.org/10.7910/DVN/42MVDX
Kentucky,1989,gov_party,D,https://doi.org/10.7910/DVN/LZHMG3
Kentucky,1989,leg_control,D,https://doi.org/10.7910/DVN/LZHMG3
Kentucky,1990,gov_party,D,https://doi.org/10.7910/DVN/LZHMG3
Kentucky,1990,leg_control,D,https://doi.org/10.7910/DVN/LZHMG3
Kentucky,1991,gov_party,D,https://doi.org/10.7910/DVN/LZHMG3
Kentucky,1991,leg_control,D,https://doi.org/10.7910/DVN/LZHMG3
Kentucky,1992,gov_party,D,https://doi.org/10.7910/DVN/LZHMG3
Kentucky,1992,leg_control,D,https://doi.org/10.7910/DVN/LZHMG3
Kentucky,1992,pres_plurality_winner_party,DEMOCRAT,https://doi.org/10.7910/DVN/42MVDX
Kentucky,1992,pres_two_party_dem_pct,51.8688,https://doi.org/10.7910/DVN/42MVDX
Kentucky,1992,pres_two_party_margin_dem,3.7376,https://doi.org/10.7910/DVN/42MVDX
Kentucky,1993,gov_party,D,https://doi.org/10.7910/DVN/LZHMG3
Kentucky,1993,leg_control,D,https://doi.org/10.7910/DVN/LZHMG3
Kentucky,1994,gov_party,D,https://doi.org/10.7910/DVN/LZHMG3
Kentucky,1994,leg_control,D,https://doi.org/10.7910/DVN/LZHMG3
Kentucky,1995,gov_party,D,https://doi.org/10.7910/DVN/LZHMG3
Kentucky,1995,leg_control,D,https://doi.org/10.7910/DVN/LZHMG3
Kentucky,1996,gov_party,D,https://doi.org/10.7910/DVN/LZHMG3
Kentucky,1996,leg_control,D,https://doi.org/10.7910/DVN/LZHMG3
Kentucky,1996,pres_plurality_winner_party,DEMOCRAT,https://doi.org/10.7910/DVN/42MVDX
Kentucky,1996,pres_two_party_dem_pct,50.5291,https://doi.org/10.7910/DVN/42MVDX
Kentucky,1996,pres_two_party_margin_dem,1.0581,https://doi.org/10.7910/DVN/42MVDX
Kentucky,1997,gov_party,D,https://doi.org/10.7910/DVN/LZHMG3
Kentucky,1997,leg_control,D,https://doi.org/10.7910/DVN/LZHMG3
Kentucky,1998,gov_party,D,https://doi.org/10.7910/DVN/LZHMG3
Kentucky,1998,leg_control,D,https://doi.org/10.7910/DVN/LZHMG3
Kentucky,1999,gov_party,D,https://doi.org/10.7910/DVN/LZHMG3
Kentucky,1999,leg_control,D,https://doi.org/10.7910/DVN/LZHMG3
Kentucky,2000,gov_party,D,https://doi.org/10.7910/DVN/LZHMG3
Kentucky,2000,leg_control,Split,https://doi.org/10.7910/DVN/LZHMG3
Kentucky,2000,pres_plurality_winner_party,REPUBLICAN,https://doi.org/10.7910/DVN/42MVDX
Kentucky,2000,pres_two_party_dem_pct,42.2724,https://doi.org/10.7910/DVN/42MVDX
Kentucky,2000,pres_two_party_margin_dem,-15.4552,https://doi.org/10.7910/DVN/42MVDX
Kentucky,2001,gov_party,D,https://doi.org/10.7910/DVN/LZHMG3
Kentucky,2001,leg_control,Split,https://doi.org/10.7910/DVN/LZHMG3
Kentucky,2002,gov_party,D,https://doi.org/10.7910/DVN/LZHMG3
Kentucky,2002,leg_control,Split,https://doi.org/10.7910/DVN/LZHMG3
Kentucky,2003,gov_party,D,https://doi.org/10.7910/DVN/LZHMG3
Kentucky,2003,leg_control,Split,https://doi.org/10.7910/DVN/LZHMG3
Kentucky,2004,gov_party,R,https://doi.org/10.7910/DVN/LZHMG3
Kentucky,2004,leg_control,Split,https://doi.org/10.7910/DVN/LZHMG3
Kentucky,2004,pres_plurality_winner_party,REPUBLICAN,https://doi.org/10.7910/DVN/42MVDX
Kentucky,2004,pres_two_party_dem_pct,39.9924,https://doi.org/10.7910/DVN/42MVDX
Kentucky,2004,pres_two_party_margin_dem,-20.0152,https://doi.org/10.7910/DVN/42MVDX
Kentucky,2005,gov_party,R,https://doi.org/10.7910/DVN/LZHMG3
Kentucky,2005,leg_control,Split,https://doi.org/10.7910/DVN/LZHMG3
Kentucky,2006,gov_party,R,https://doi.org/10.7910/DVN/LZHMG3
Kentucky,2006,leg_control,Split,https://doi.org/10.7910/DVN/LZHMG3
Kentucky,2007,gov_party,R,https://doi.org/10.7910/DVN/LZHMG3
Kentucky,2007,leg_control,Split,https://doi.org/10.7910/DVN/LZHMG3
Kentucky,2008,gov_party,D,https://doi.org/10.7910/DVN/LZHMG3
Kentucky,2008,leg_control,Split,https://doi.org/10.7910/DVN/LZHMG3
Kentucky,2008,pres_plurality_winner_party,REPUBLICAN,https://doi.org/10.7910/DVN/42MVDX
Kentucky,2008,pres_two_party_dem_pct,41.7666,https://doi.org/10.7910/DVN/42MVDX
Kentucky,2008,pres_two_party_margin_dem,-16.4669,https://doi.org/10.7910/DVN/42MVDX
Kentucky,2009,gov_party,D,https://doi.org/10.7910/DVN/LZHMG3
Kentucky,2009,leg_control,Split,https://doi.org/10.7910/DVN/LZHMG3
Kentucky,2010,gov_party,D,https://doi.org/10.7910/DVN/LZHMG3
Kentucky,2010,leg_control,Split,https://doi.org/10.7910/DVN/LZHMG3
Kentucky,2011,gov_party,D,https://doi.org/10.7910/DVN/LZHMG3
Kentucky,2011,leg_control,Split,https://doi.org/10.7910/DVN/LZHMG3
Kentucky,2012,pres_plurality_winner_party,REPUBLICAN,https://doi.org/10.7910/DVN/42MVDX
Kentucky,2012,pres_two_party_dem_pct,38.4572,https://doi.org/10.7910/DVN/42MVDX
Kentucky,2012,pres_two_party_margin_dem,-23.0855,https://doi.org/10.7910/DVN/42MVDX
Kentucky,2016,pres_plurality_winner_party,REPUBLICAN,https://doi.org/10.7910/DVN/42MVDX
Kentucky,2016,pres_two_party_dem_pct,34.3294,https://doi.org/10.7910/DVN/42MVDX
Kentucky,2016,pres_two_party_margin_dem,-31.3413,https://doi.org/10.7910/DVN/42MVDX
Kentucky,2020,pres_plurality_winner_party,REPUBLICAN,https://doi.org/10.7910/DVN/42MVDX
Kentucky,2020,pres_two_party_dem_pct,36.7999,https://doi.org/10.7910/DVN/42MVDX
Kentucky,2020,pres_two_party_margin_dem,-26.4002,https://doi.org/10.7910/DVN/42MVDX
Kentucky,2024,pres_plurality_winner_party,REPUBLICAN,https://doi.org/10.7910/DVN/42MVDX
Kentucky,2024,pres_two_party_dem_pct,34.4859,https://doi.org/10.7910/DVN/42MVDX
Kentucky,2024,pres_two_party_margin_dem,-31.0281,https://doi.org/10.7910/DVN/42MVDX
Kentucky,2026,gov_party_ncsl,D,https://www.ncsl.org/about-state-legislatures/state-partisan-composition
Kentucky,2026,house_dem_seats,20,https://www.ncsl.org/about-state-legislatures/state-partisan-composition
Kentucky,2026,house_rep_seats,80,https://www.ncsl.org/about-state-legislatures/state-partisan-composition
Kentucky,2026,house_total_seats,100,https://www.ncsl.org/about-state-legislatures/state-partisan-composition
Kentucky,2026,leg_control_ncsl,R,https://www.ncsl.org/about-state-legislatures/state-partisan-composition
Kentucky,2026,senate_dem_seats,6,https://www.ncsl.org/about-state-legislatures/state-partisan-composition
Kentucky,2026,senate_rep_seats,32,https://www.ncsl.org/about-state-legislatures/state-partisan-composition
Kentucky,2026,senate_total_seats,38,https://www.ncsl.org/about-state-legislatures/state-partisan-composition
Kentucky,2026,state_control_ncsl,Split,https://www.ncsl.org/about-state-legislatures/state-partisan-composition
Louisiana,1976,gov_party,D,https://doi.org/10.7910/DVN/LZHMG3
Louisiana,1976,leg_control,D,https://doi.org/10.7910/DVN/LZHMG3
Louisiana,1976,pres_plurality_winner_party,DEMOCRAT,https://doi.org/10.7910/DVN/42MVDX
Louisiana,1976,pres_two_party_dem_pct,52.9596,https://doi.org/10.7910/DVN/42MVDX
Louisiana,1976,pres_two_party_margin_dem,5.9192,https://doi.org/10.7910/DVN/42MVDX
Louisiana,1977,gov_party,D,https://doi.org/10.7910/DVN/LZHMG3
Louisiana,1977,leg_control,D,https://doi.org/10.7910/DVN/LZHMG3
Louisiana,1978,gov_party,D,https://doi.org/10.7910/DVN/LZHMG3
Louisiana,1978,leg_control,D,https://doi.org/10.7910/DVN/LZHMG3
Louisiana,1979,gov_party,D,https://doi.org/10.7910/DVN/LZHMG3
Louisiana,1979,leg_control,D,https://doi.org/10.7910/DVN/LZHMG3
Louisiana,1980,gov_party,R,https://doi.org/10.7910/DVN/LZHMG3
Louisiana,1980,leg_control,D,https://doi.org/10.7910/DVN/LZHMG3
Louisiana,1980,pres_plurality_winner_party,REPUBLICAN,https://doi.org/10.7910/DVN/42MVDX
Louisiana,1980,pres_two_party_dem_pct,47.1891,https://doi.org/10.7910/DVN/42MVDX
Louisiana,1980,pres_two_party_margin_dem,-5.6218,https://doi.org/10.7910/DVN/42MVDX
Louisiana,1981,gov_party,R,https://doi.org/10.7910/DVN/LZHMG3
Louisiana,1981,leg_control,D,https://doi.org/10.7910/DVN/LZHMG3
Louisiana,1982,gov_party,R,https://doi.org/10.7910/DVN/LZHMG3
Louisiana,1982,leg_control,D,https://doi.org/10.7910/DVN/LZHMG3
Louisiana,1983,gov_party,R,https://doi.org/10.7910/DVN/LZHMG3
Louisiana,1983,leg_control,D,https://doi.org/10.7910/DVN/LZHMG3
Louisiana,1984,gov_party,D,https://doi.org/10.7910/DVN/LZHMG3
Louisiana,1984,leg_control,D,https://doi.org/10.7910/DVN/LZHMG3
Louisiana,1984,pres_plurality_winner_party,REPUBLICAN,https://doi.org/10.7910/DVN/42MVDX
Louisiana,1984,pres_two_party_dem_pct,38.5808,https://doi.org/10.7910/DVN/42MVDX
Louisiana,1984,pres_two_party_margin_dem,-22.8383,https://doi.org/10.7910/DVN/42MVDX
Louisiana,1985,gov_party,D,https://doi.org/10.7910/DVN/LZHMG3
Louisiana,1985,leg_control,D,https://doi.org/10.7910/DVN/LZHMG3
Louisiana,1986,gov_party,D,https://doi.org/10.7910/DVN/LZHMG3
Louisiana,1986,leg_control,D,https://doi.org/10.7910/DVN/LZHMG3
Louisiana,1987,gov_party,D,https://doi.org/10.7910/DVN/LZHMG3
Louisiana,1987,leg_control,D,https://doi.org/10.7910/DVN/LZHMG3
Louisiana,1988,gov_party,D,https://doi.org/10.7910/DVN/LZHMG3
Louisiana,1988,leg_control,D,https://doi.org/10.7910/DVN/LZHMG3
Louisiana,1988,pres_plurality_winner_party,REPUBLICAN,https://doi.org/10.7910/DVN/42MVDX
Louisiana,1988,pres_two_party_dem_pct,44.8087,https://doi.org/10.7910/DVN/42MVDX
Louisiana,1988,pres_two_party_margin_dem,-10.3826,https://doi.org/10.7910/DVN/42MVDX
Louisiana,1989,gov_party,D,https://doi.org/10.7910/DVN/LZHMG3
Louisiana,1989,leg_control,D,https://doi.org/10.7910/DVN/LZHMG3
Louisiana,1990,gov_party,D,https://doi.org/10.7910/DVN/LZHMG3
Louisiana,1990,leg_control,D,https://doi.org/10.7910/DVN/LZHMG3
Louisiana,1991,gov_party,R,https://doi.org/10.7910/DVN/LZHMG3
Louisiana,1991,leg_control,D,https://doi.org/10.7910/DVN/LZHMG3
Louisiana,1992,gov_party,D,https://doi.org/10.7910/DVN/LZHMG3
Louisiana,1992,leg_control,D,https://doi.org/10.7910/DVN/LZHMG3
Louisiana,1992,pres_plurality_winner_party,DEMOCRAT,https://doi.org/10.7910/DVN/42MVDX
Louisiana,1992,pres_two_party_dem_pct,52.6651,https://doi.org/10.7910/DVN/42MVDX
Louisiana,1992,pres_two_party_margin_dem,5.3303,https://doi.org/10.7910/DVN/42MVDX
Louisiana,1993,gov_party,D,https://doi.org/10.7910/DVN/LZHMG3
Louisiana,1993,leg_control,D,https://doi.org/10.7910/DVN/LZHMG3
Louisiana,1994,gov_party,D,https://doi.org/10.7910/DVN/LZHMG3
Louisiana,1994,leg_control,D,https://doi.org/10.7910/DVN/LZHMG3
Louisiana,1995,gov_party,D,https://doi.org/10.7910/DVN/LZHMG3
Louisiana,1995,leg_control,D,https://doi.org/10.7910/DVN/LZHMG3
Louisiana,1996,gov_party,R,https://doi.org/10.7910/DVN/LZHMG3
Louisiana,1996,leg_control,D,https://doi.org/10.7910/DVN/LZHMG3
Louisiana,1996,pres_plurality_winner_party,DEMOCRAT,https://doi.org/10.7910/DVN/42MVDX
Louisiana,1996,pres_two_party_dem_pct,56.5608,https://doi.org/10.7910/DVN/42MVDX
Louisiana,1996,pres_two_party_margin_dem,13.1217,https://doi.org/10.7910/DVN/42MVDX
Louisiana,1997,gov_party,R,https://doi.org/10.7910/DVN/LZHMG3
Louisiana,1997,leg_control,D,https://doi.org/10.7910/DVN/LZHMG3
Louisiana,1998,gov_party,R,https://doi.org/10.7910/DVN/LZHMG3
Louisiana,1998,leg_control,D,https://doi.org/10.7910/DVN/LZHMG3
Louisiana,1999,gov_party,R,https://doi.org/10.7910/DVN/LZHMG3
Louisiana,1999,leg_control,D,https://doi.org/10.7910/DVN/LZHMG3
Louisiana,2000,gov_party,R,https://doi.org/10.7910/DVN/LZHMG3
Louisiana,2000,leg_control,D,https://doi.org/10.7910/DVN/LZHMG3
Louisiana,2000,pres_plurality_winner_party,REPUBLICAN,https://doi.org/10.7910/DVN/42MVDX
Louisiana,2000,pres_two_party_dem_pct,46.0608,https://doi.org/10.7910/DVN/42MVDX
Louisiana,2000,pres_two_party_margin_dem,-7.8785,https://doi.org/10.7910/DVN/42MVDX
Louisiana,2001,gov_party,R,https://doi.org/10.7910/DVN/LZHMG3
Louisiana,2001,leg_control,D,https://doi.org/10.7910/DVN/LZHMG3
Louisiana,2002,gov_party,R,https://doi.org/10.7910/DVN/LZHMG3
Louisiana,2002,leg_control,D,https://doi.org/10.7910/DVN/LZHMG3
Louisiana,2003,gov_party,R,https://doi.org/10.7910/DVN/LZHMG3
Louisiana,2003,leg_control,D,https://doi.org/10.7910/DVN/LZHMG3
Louisiana,2004,gov_party,D,https://doi.org/10.7910/DVN/LZHMG3
Louisiana,2004,leg_control,D,https://doi.org/10.7910/DVN/LZHMG3
Louisiana,2004,pres_plurality_winner_party,REPUBLICAN,https://doi.org/10.7910/DVN/42MVDX
Louisiana,2004,pres_two_party_dem_pct,42.6691,https://doi.org/10.7910/DVN/42MVDX
Louisiana,2004,pres_two_party_margin_dem,-14.6619,https://doi.org/10.7910/DVN/42MVDX
Louisiana,2005,gov_party,D,https://doi.org/10.7910/DVN/LZHMG3
Louisiana,2005,leg_control,D,https://doi.org/10.7910/DVN/LZHMG3
Louisiana,2006,gov_party,D,https://doi.org/10.7910/DVN/LZHMG3
Louisiana,2006,leg_control,D,https://doi.org/10.7910/DVN/LZHMG3
Louisiana,2007,gov_party,D,https://doi.org/10.7910/DVN/LZHMG3
Louisiana,2007,leg_control,D,https://doi.org/10.7910/DVN/LZHMG3
Louisiana,2008,gov_party,R,https://doi.org/10.7910/DVN/LZHMG3
Louisiana,2008,leg_control,D,https://doi.org/10.7910/DVN/LZHMG3
Louisiana,2008,pres_plurality_winner_party,REPUBLICAN,https://doi.org/10.7910/DVN/42MVDX
Louisiana,2008,pres_two_party_dem_pct,40.5428,https://doi.org/10.7910/DVN/42MVDX
Louisiana,2008,pres_two_party_margin_dem,-18.9143,https://doi.org/10.7910/DVN/42MVDX
Louisiana,2009,gov_party,R,https://doi.org/10.7910/DVN/LZHMG3
Louisiana,2009,leg_control,D,https://doi.org/10.7910/DVN/LZHMG3
Louisiana,2010,gov_party,R,https://doi.org/10.7910/DVN/LZHMG3
Louisiana,2010,leg_control,Split,https://doi.org/10.7910/DVN/LZHMG3
Louisiana,2011,gov_party,R,https://doi.org/10.7910/DVN/LZHMG3
Louisiana,2011,leg_control,Split,https://doi.org/10.7910/DVN/LZHMG3
Louisiana,2012,pres_plurality_winner_party,REPUBLICAN,https://doi.org/10.7910/DVN/42MVDX
Louisiana,2012,pres_two_party_dem_pct,41.2532,https://doi.org/10.7910/DVN/42MVDX
Louisiana,2012,pres_two_party_margin_dem,-17.4937,https://doi.org/10.7910/DVN/42MVDX
Louisiana,2016,pres_plurality_winner_party,REPUBLICAN,https://doi.org/10.7910/DVN/42MVDX
Louisiana,2016,pres_two_party_dem_pct,39.8283,https://doi.org/10.7910/DVN/42MVDX
Louisiana,2016,pres_two_party_margin_dem,-20.3434,https://doi.org/10.7910/DVN/42MVDX
Louisiana,2020,pres_plurality_winner_party,REPUBLICAN,https://doi.org/10.7910/DVN/42MVDX
Louisiana,2020,pres_two_party_dem_pct,40.5356,https://doi.org/10.7910/DVN/42MVDX
Louisiana,2020,pres_two_party_margin_dem,-18.9289,https://doi.org/10.7910/DVN/42MVDX
Louisiana,2024,pres_plurality_winner_party,REPUBLICAN,https://doi.org/10.7910/DVN/42MVDX
Louisiana,2024,pres_two_party_dem_pct,38.8215,https://doi.org/10.7910/DVN/42MVDX
Louisiana,2024,pres_two_party_margin_dem,-22.357,https://doi.org/10.7910/DVN/42MVDX
Louisiana,2026,gov_party_ncsl,R,https://www.ncsl.org/about-state-legislatures/state-partisan-composition
Louisiana,2026,house_dem_seats,32,https://www.ncsl.org/about-state-legislatures/state-partisan-composition
Louisiana,2026,house_rep_seats,73,https://www.ncsl.org/about-state-legislatures/state-partisan-composition
Louisiana,2026,house_total_seats,105,https://www.ncsl.org/about-state-legislatures/state-partisan-composition
Louisiana,2026,leg_control_ncsl,R,https://www.ncsl.org/about-state-legislatures/state-partisan-composition
Louisiana,2026,senate_dem_seats,11,https://www.ncsl.org/about-state-legislatures/state-partisan-composition
Louisiana,2026,senate_rep_seats,28,https://www.ncsl.org/about-state-legislatures/state-partisan-composition
Louisiana,2026,senate_total_seats,39,https://www.ncsl.org/about-state-legislatures/state-partisan-composition
Louisiana,2026,state_control_ncsl,R,https://www.ncsl.org/about-state-legislatures/state-partisan-composition
Maine,1976,gov_party,Other,https://doi.org/10.7910/DVN/LZHMG3
Maine,1976,leg_control,Split,https://doi.org/10.7910/DVN/LZHMG3
Maine,1976,pres_plurality_winner_party,REPUBLICAN,https://doi.org/10.7910/DVN/42MVDX
Maine,1976,pres_two_party_dem_pct,49.5688,https://doi.org/10.7910/DVN/42MVDX
Maine,1976,pres_two_party_margin_dem,-0.8624,https://doi.org/10.7910/DVN/42MVDX
Maine,1977,gov_party,Other,https://doi.org/10.7910/DVN/LZHMG3
Maine,1977,leg_control,Split,https://doi.org/10.7910/DVN/LZHMG3
Maine,1978,gov_party,Other,https://doi.org/10.7910/DVN/LZHMG3
Maine,1978,leg_control,Split,https://doi.org/10.7910/DVN/LZHMG3
Maine,1979,gov_party,D,https://doi.org/10.7910/DVN/LZHMG3
Maine,1979,leg_control,Split,https://doi.org/10.7910/DVN/LZHMG3
Maine,1980,gov_party,D,https://doi.org/10.7910/DVN/LZHMG3
Maine,1980,leg_control,Split,https://doi.org/10.7910/DVN/LZHMG3
Maine,1980,pres_plurality_winner_party,REPUBLICAN,https://doi.org/10.7910/DVN/42MVDX
Maine,1980,pres_two_party_dem_pct,48.0905,https://doi.org/10.7910/DVN/42MVDX
Maine,1980,pres_two_party_margin_dem,-3.819,https://doi.org/10.7910/DVN/42MVDX
Maine,1981,gov_party,D,https://doi.org/10.7910/DVN/LZHMG3
Maine,1981,leg_control,Split,https://doi.org/10.7910/DVN/LZHMG3
Maine,1982,gov_party,D,https://doi.org/10.7910/DVN/LZHMG3
Maine,1982,leg_control,Split,https://doi.org/10.7910/DVN/LZHMG3
Maine,1983,gov_party,D,https://doi.org/10.7910/DVN/LZHMG3
Maine,1983,leg_control,D,https://doi.org/10.7910/DVN/LZHMG3
Maine,1984,gov_party,D,https://doi.org/10.7910/DVN/LZHMG3
Maine,1984,leg_control,D,https://doi.org/10.7910/DVN/LZHMG3
Maine,1984,pres_plurality_winner_party,REPUBLICAN,https://doi.org/10.7910/DVN/42MVDX
Maine,1984,pres_two_party_dem_pct,38.9309,https://doi.org/10.7910/DVN/42MVDX
Maine,1984,pres_two_party_margin_dem,-22.1382,https://doi.org/10.7910/DVN/42MVDX
Maine,1985,gov_party,D,https://doi.org/10.7910/DVN/LZHMG3
Maine,1985,leg_control,D,https://doi.org/10.7910/DVN/LZHMG3
Maine,1986,gov_party,D,https://doi.org/10.7910/DVN/LZHMG3
Maine,1986,leg_control,D,https://doi.org/10.7910/DVN/LZHMG3
Maine,1987,gov_party,R,https://doi.org/10.7910/DVN/LZHMG3
Maine,1987,leg_control,D,https://doi.org/10.7910/DVN/LZHMG3
Maine,1988,gov_party,R,https://doi.org/10.7910/DVN/LZHMG3
Maine,1988,leg_control,D,https://doi.org/10.7910/DVN/LZHMG3
Maine,1988,pres_plurality_winner_party,REPUBLICAN,https://doi.org/10.7910/DVN/42MVDX
Maine,1988,pres_two_party_dem_pct,44.229,https://doi.org/10.7910/DVN/42MVDX
Maine,1988,pres_two_party_margin_dem,-11.542,https://doi.org/10.7910/DVN/42MVDX
Maine,1989,gov_party,R,https://doi.org/10.7910/DVN/LZHMG3
Maine,1989,leg_control,D,https://doi.org/10.7910/DVN/LZHMG3
Maine,1990,gov_party,R,https://doi.org/10.7910/DVN/LZHMG3
Maine,1990,leg_control,D,https://doi.org/10.7910/DVN/LZHMG3
Maine,1991,gov_party,R,https://doi.org/10.7910/DVN/LZHMG3
Maine,1991,leg_control,D,https://doi.org/10.7910/DVN/LZHMG3
Maine,1992,gov_party,R,https://doi.org/10.7910/DVN/LZHMG3
Maine,1992,leg_control,D,https://doi.org/10.7910/DVN/LZHMG3
Maine,1992,pres_plurality_winner_party,DEMOCRAT,https://doi.org/10.7910/DVN/42MVDX
Maine,1992,pres_two_party_dem_pct,56.0559,https://doi.org/10.7910/DVN/42MVDX
Maine,1992,pres_two_party_margin_dem,12.1117,https://doi.org/10.7910/DVN/42MVDX
Maine,1993,gov_party,R,https://doi.org/10.7910/DVN/LZHMG3
Maine,1993,leg_control,D,https://doi.org/10.7910/DVN/LZHMG3
Maine,1994,gov_party,R,https://doi.org/10.7910/DVN/LZHMG3
Maine,1994,leg_control,D,https://doi.org/10.7910/DVN/LZHMG3
Maine,1995,gov_party,Other,https://doi.org/10.7910/DVN/LZHMG3
Maine,1995,leg_control,Split,https://doi.org/10.7910/DVN/LZHMG3
Maine,1996,gov_party,Other,https://doi.org/10.7910/DVN/LZHMG3
Maine,1996,leg_control,Split,https://doi.org/10.7910/DVN/LZHMG3
Maine,1996,pres_plurality_winner_party,DEMOCRAT,https://doi.org/10.7910/DVN/42MVDX
Maine,1996,pres_two_party_dem_pct,62.6621,https://doi.org/10.7910/DVN/42MVDX
Maine,1996,pres_two_party_margin_dem,25.3242,https://doi.org/10.7910/DVN/42MVDX
Maine,1997,gov_party,Other,https://doi.org/10.7910/DVN/LZHMG3
Maine,1997,leg_control,D,https://doi.org/10.7910/DVN/LZHMG3
Maine,1998,gov_party,Other,https://doi.org/10.7910/DVN/LZHMG3
Maine,1998,leg_control,D,https://doi.org/10.7910/DVN/LZHMG3
Maine,1999,gov_party,Other,https://doi.org/10.7910/DVN/LZHMG3
Maine,1999,leg_control,D,https://doi.org/10.7910/DVN/LZHMG3
Maine,2000,gov_party,Other,https://doi.org/10.7910/DVN/LZHMG3
Maine,2000,leg_control,D,https://doi.org/10.7910/DVN/LZHMG3
Maine,2000,pres_plurality_winner_party,DEMOCRAT,https://doi.org/10.7910/DVN/42MVDX
Maine,2000,pres_two_party_dem_pct,52.7478,https://doi.org/10.7910/DVN/42MVDX
Maine,2000,pres_two_party_margin_dem,5.4957,https://doi.org/10.7910/DVN/42MVDX
Maine,2001,gov_party,Other,https://doi.org/10.7910/DVN/LZHMG3
Maine,2001,leg_control,Split,https://doi.org/10.7910/DVN/LZHMG3
Maine,2002,gov_party,Other,https://doi.org/10.7910/DVN/LZHMG3
Maine,2002,leg_control,Split,https://doi.org/10.7910/DVN/LZHMG3
Maine,2003,gov_party,D,https://doi.org/10.7910/DVN/LZHMG3
Maine,2003,leg_control,D,https://doi.org/10.7910/DVN/LZHMG3
Maine,2004,gov_party,D,https://doi.org/10.7910/DVN/LZHMG3
Maine,2004,leg_control,D,https://doi.org/10.7910/DVN/LZHMG3
Maine,2004,pres_plurality_winner_party,DEMOCRAT,https://doi.org/10.7910/DVN/42MVDX
Maine,2004,pres_two_party_dem_pct,54.583,https://doi.org/10.7910/DVN/42MVDX
Maine,2004,pres_two_party_margin_dem,9.166,https://doi.org/10.7910/DVN/42MVDX
Maine,2005,gov_party,D,https://doi.org/10.7910/DVN/LZHMG3
Maine,2005,leg_control,D,https://doi.org/10.7910/DVN/LZHMG3
Maine,2006,gov_party,D,https://doi.org/10.7910/DVN/LZHMG3
Maine,2006,leg_control,D,https://doi.org/10.7910/DVN/LZHMG3
Maine,2007,gov_party,D,https://doi.org/10.7910/DVN/LZHMG3
Maine,2007,leg_control,D,https://doi.org/10.7910/DVN/LZHMG3
Maine,2008,gov_party,D,https://doi.org/10.7910/DVN/LZHMG3
Maine,2008,leg_control,D,https://doi.org/10.7910/DVN/LZHMG3
Maine,2008,pres_plurality_winner_party,DEMOCRAT,https://doi.org/10.7910/DVN/42MVDX
Maine,2008,pres_two_party_dem_pct,58.8295,https://doi.org/10.7910/DVN/42MVDX
Maine,2008,pres_two_party_margin_dem,17.659,https://doi.org/10.7910/DVN/42MVDX
Maine,2009,gov_party,D,https://doi.org/10.7910/DVN/LZHMG3
Maine,2009,leg_control,D,https://doi.org/10.7910/DVN/LZHMG3
Maine,2010,gov_party,D,https://doi.org/10.7910/DVN/LZHMG3
Maine,2010,leg_control,D,https://doi.org/10.7910/DVN/LZHMG3
Maine,2011,gov_party,R,https://doi.org/10.7910/DVN/LZHMG3
Maine,2011,leg_control,R,https://doi.org/10.7910/DVN/LZHMG3
Maine,2012,pres_plurality_winner_party,DEMOCRAT,https://doi.org/10.7910/DVN/42MVDX
Maine,2012,pres_two_party_dem_pct,57.8599,https://doi.org/10.7910/DVN/42MVDX
Maine,2012,pres_two_party_margin_dem,15.7198,https://doi.org/10.7910/DVN/42MVDX
Maine,2016,pres_plurality_winner_party,DEMOCRAT,https://doi.org/10.7910/DVN/42MVDX
Maine,2016,pres_two_party_dem_pct,51.5968,https://doi.org/10.7910/DVN/42MVDX
Maine,2016,pres_two_party_margin_dem,3.1936,https://doi.org/10.7910/DVN/42MVDX
Maine,2020,pres_plurality_winner_party,DEMOCRAT,https://doi.org/10.7910/DVN/42MVDX
Maine,2020,pres_two_party_dem_pct,54.6704,https://doi.org/10.7910/DVN/42MVDX
Maine,2020,pres_two_party_margin_dem,9.3408,https://doi.org/10.7910/DVN/42MVDX
Maine,2024,pres_plurality_winner_party,DEMOCRAT,https://doi.org/10.7910/DVN/42MVDX
Maine,2024,pres_two_party_dem_pct,53.5443,https://doi.org/10.7910/DVN/42MVDX
Maine,2024,pres_two_party_margin_dem,7.0886,https://doi.org/10.7910/DVN/42MVDX
Maine,2026,gov_party_ncsl,D,https://www.ncsl.org/about-state-legislatures/state-partisan-composition
Maine,2026,house_dem_seats,75,https://www.ncsl.org/about-state-legislatures/state-partisan-composition
Maine,2026,house_rep_seats,72,https://www.ncsl.org/about-state-legislatures/state-partisan-composition
Maine,2026,house_total_seats,151,https://www.ncsl.org/about-state-legislatures/state-partisan-composition
Maine,2026,leg_control_ncsl,Split,https://www.ncsl.org/about-state-legislatures/state-partisan-composition
Maine,2026,senate_dem_seats,20,https://www.ncsl.org/about-state-legislatures/state-partisan-composition
Maine,2026,senate_rep_seats,14,https://www.ncsl.org/about-state-legislatures/state-partisan-composition
Maine,2026,senate_total_seats,35,https://www.ncsl.org/about-state-legislatures/state-partisan-composition
Maine,2026,state_control_ncsl,Split,https://www.ncsl.org/about-state-legislatures/state-partisan-composition
Maryland,1976,gov_party,D,https://doi.org/10.7910/DVN/LZHMG3
Maryland,1976,leg_control,D,https://doi.org/10.7910/DVN/LZHMG3
Maryland,1976,pres_plurality_winner_party,DEMOCRAT,https://doi.org/10.7910/DVN/42MVDX
Maryland,1976,pres_two_party_dem_pct,53.0354,https://doi.org/10.7910/DVN/42MVDX
Maryland,1976,pres_two_party_margin_dem,6.0708,https://doi.org/10.7910/DVN/42MVDX
Maryland,1977,gov_party,D,https://doi.org/10.7910/DVN/LZHMG3
Maryland,1977,leg_control,D,https://doi.org/10.7910/DVN/LZHMG3
Maryland,1978,gov_party,D,https://doi.org/10.7910/DVN/LZHMG3
Maryland,1978,leg_control,D,https://doi.org/10.7910/DVN/LZHMG3
Maryland,1979,gov_party,D,https://doi.org/10.7910/DVN/LZHMG3
Maryland,1979,leg_control,D,https://doi.org/10.7910/DVN/LZHMG3
Maryland,1980,gov_party,D,https://doi.org/10.7910/DVN/LZHMG3
Maryland,1980,leg_control,D,https://doi.org/10.7910/DVN/LZHMG3
Maryland,1980,pres_plurality_winner_party,DEMOCRAT,https://doi.org/10.7910/DVN/42MVDX
Maryland,1980,pres_two_party_dem_pct,51.6191,https://doi.org/10.7910/DVN/42MVDX
Maryland,1980,pres_two_party_margin_dem,3.2383,https://doi.org/10.7910/DVN/42MVDX
Maryland,1981,gov_party,D,https://doi.org/10.7910/DVN/LZHMG3
Maryland,1981,leg_control,D,https://doi.org/10.7910/DVN/LZHMG3
Maryland,1982,gov_party,D,https://doi.org/10.7910/DVN/LZHMG3
Maryland,1982,leg_control,D,https://doi.org/10.7910/DVN/LZHMG3
Maryland,1983,gov_party,D,https://doi.org/10.7910/DVN/LZHMG3
Maryland,1983,leg_control,D,https://doi.org/10.7910/DVN/LZHMG3
Maryland,1984,gov_party,D,https://doi.org/10.7910/DVN/LZHMG3
Maryland,1984,leg_control,D,https://doi.org/10.7910/DVN/LZHMG3
Maryland,1984,pres_plurality_winner_party,REPUBLICAN,https://doi.org/10.7910/DVN/42MVDX
Maryland,1984,pres_two_party_dem_pct,47.2425,https://doi.org/10.7910/DVN/42MVDX
Maryland,1984,pres_two_party_margin_dem,-5.5151,https://doi.org/10.7910/DVN/42MVDX
Maryland,1985,gov_party,D,https://doi.org/10.7910/DVN/LZHMG3
Maryland,1985,leg_control,D,https://doi.org/10.7910/DVN/LZHMG3
Maryland,1986,gov_party,D,https://doi.org/10.7910/DVN/LZHMG3
Maryland,1986,leg_control,D,https://doi.org/10.7910/DVN/LZHMG3
Maryland,1987,gov_party,D,https://doi.org/10.7910/DVN/LZHMG3
Maryland,1987,leg_control,D,https://doi.org/10.7910/DVN/LZHMG3
Maryland,1988,gov_party,D,https://doi.org/10.7910/DVN/LZHMG3
Maryland,1988,leg_control,D,https://doi.org/10.7910/DVN/LZHMG3
Maryland,1988,pres_plurality_winner_party,REPUBLICAN,https://doi.org/10.7910/DVN/42MVDX
Maryland,1988,pres_two_party_dem_pct,48.5356,https://doi.org/10.7910/DVN/42MVDX
Maryland,1988,pres_two_party_margin_dem,-2.9289,https://doi.org/10.7910/DVN/42MVDX
Maryland,1989,gov_party,D,https://doi.org/10.7910/DVN/LZHMG3
Maryland,1989,leg_control,D,https://doi.org/10.7910/DVN/LZHMG3
Maryland,1990,gov_party,D,https://doi.org/10.7910/DVN/LZHMG3
Maryland,1990,leg_control,D,https://doi.org/10.7910/DVN/LZHMG3
Maryland,1991,gov_party,D,https://doi.org/10.7910/DVN/LZHMG3
Maryland,1991,leg_control,D,https://doi.org/10.7910/DVN/LZHMG3
Maryland,1992,gov_party,D,https://doi.org/10.7910/DVN/LZHMG3
Maryland,1992,leg_control,D,https://doi.org/10.7910/DVN/LZHMG3
Maryland,1992,pres_plurality_winner_party,DEMOCRAT,https://doi.org/10.7910/DVN/42MVDX
Maryland,1992,pres_two_party_dem_pct,58.2999,https://doi.org/10.7910/DVN/42MVDX
Maryland,1992,pres_two_party_margin_dem,16.5998,https://doi.org/10.7910/DVN/42MVDX
Maryland,1993,gov_party,D,https://doi.org/10.7910/DVN/LZHMG3
Maryland,1993,leg_control,D,https://doi.org/10.7910/DVN/LZHMG3
Maryland,1994,gov_party,D,https://doi.org/10.7910/DVN/LZHMG3
Maryland,1994,leg_control,D,https://doi.org/10.7910/DVN/LZHMG3
Maryland,1995,gov_party,D,https://doi.org/10.7910/DVN/LZHMG3
Maryland,1995,leg_control,D,https://doi.org/10.7910/DVN/LZHMG3
Maryland,1996,gov_party,D,https://doi.org/10.7910/DVN/LZHMG3
Maryland,1996,leg_control,D,https://doi.org/10.7910/DVN/LZHMG3
Maryland,1996,pres_plurality_winner_party,DEMOCRAT,https://doi.org/10.7910/DVN/42MVDX
Maryland,1996,pres_two_party_dem_pct,58.6384,https://doi.org/10.7910/DVN/42MVDX
Maryland,1996,pres_two_party_margin_dem,17.2768,https://doi.org/10.7910/DVN/42MVDX
Maryland,1997,gov_party,D,https://doi.org/10.7910/DVN/LZHMG3
Maryland,1997,leg_control,D,https://doi.org/10.7910/DVN/LZHMG3
Maryland,1998,gov_party,D,https://doi.org/10.7910/DVN/LZHMG3
Maryland,1998,leg_control,D,https://doi.org/10.7910/DVN/LZHMG3
Maryland,1999,gov_party,D,https://doi.org/10.7910/DVN/LZHMG3
Maryland,1999,leg_control,D,https://doi.org/10.7910/DVN/LZHMG3
Maryland,2000,gov_party,D,https://doi.org/10.7910/DVN/LZHMG3
Maryland,2000,leg_control,D,https://doi.org/10.7910/DVN/LZHMG3
Maryland,2000,pres_plurality_winner_party,DEMOCRAT,https://doi.org/10.7910/DVN/42MVDX
Maryland,2000,pres_two_party_dem_pct,58.4323,https://doi.org/10.7910/DVN/42MVDX
Maryland,2000,pres_two_party_margin_dem,16.8646,https://doi.org/10.7910/DVN/42MVDX
Maryland,2001,gov_party,D,https://doi.org/10.7910/DVN/LZHMG3
Maryland,2001,leg_control,D,https://doi.org/10.7910/DVN/LZHMG3
Maryland,2002,gov_party,D,https://doi.org/10.7910/DVN/LZHMG3
Maryland,2002,leg_control,D,https://doi.org/10.7910/DVN/LZHMG3
Maryland,2003,gov_party,R,https://doi.org/10.7910/DVN/LZHMG3
Maryland,2003,leg_control,D,https://doi.org/10.7910/DVN/LZHMG3
Maryland,2004,gov_party,R,https://doi.org/10.7910/DVN/LZHMG3
Maryland,2004,leg_control,D,https://doi.org/10.7910/DVN/LZHMG3
Maryland,2004,pres_plurality_winner_party,DEMOCRAT,https://doi.org/10.7910/DVN/42MVDX
Maryland,2004,pres_two_party_dem_pct,56.5657,https://doi.org/10.7910/DVN/42MVDX
Maryland,2004,pres_two_party_margin_dem,13.1314,https://doi.org/10.7910/DVN/42MVDX
Maryland,2005,gov_party,R,https://doi.org/10.7910/DVN/LZHMG3
Maryland,2005,leg_control,D,https://doi.org/10.7910/DVN/LZHMG3
Maryland,2006,gov_party,R,https://doi.org/10.7910/DVN/LZHMG3
Maryland,2006,leg_control,D,https://doi.org/10.7910/DVN/LZHMG3
Maryland,2007,gov_party,D,https://doi.org/10.7910/DVN/LZHMG3
Maryland,2007,leg_control,D,https://doi.org/10.7910/DVN/LZHMG3
Maryland,2008,gov_party,D,https://doi.org/10.7910/DVN/LZHMG3
Maryland,2008,leg_control,D,https://doi.org/10.7910/DVN/LZHMG3
Maryland,2008,pres_plurality_winner_party,DEMOCRAT,https://doi.org/10.7910/DVN/42MVDX
Maryland,2008,pres_two_party_dem_pct,62.9301,https://doi.org/10.7910/DVN/42MVDX
Maryland,2008,pres_two_party_margin_dem,25.8602,https://doi.org/10.7910/DVN/42MVDX
Maryland,2009,gov_party,D,https://doi.org/10.7910/DVN/LZHMG3
Maryland,2009,leg_control,D,https://doi.org/10.7910/DVN/LZHMG3
Maryland,2010,gov_party,D,https://doi.org/10.7910/DVN/LZHMG3
Maryland,2010,leg_control,D,https://doi.org/10.7910/DVN/LZHMG3
Maryland,2011,gov_party,D,https://doi.org/10.7910/DVN/LZHMG3
Maryland,2011,leg_control,D,https://doi.org/10.7910/DVN/LZHMG3
Maryland,2012,pres_plurality_winner_party,DEMOCRAT,https://doi.org/10.7910/DVN/42MVDX
Maryland,2012,pres_two_party_dem_pct,63.3217,https://doi.org/10.7910/DVN/42MVDX
Maryland,2012,pres_two_party_margin_dem,26.6435,https://doi.org/10.7910/DVN/42MVDX
Maryland,2016,pres_plurality_winner_party,DEMOCRAT,https://doi.org/10.7910/DVN/42MVDX
Maryland,2016,pres_two_party_dem_pct,64.011,https://doi.org/10.7910/DVN/42MVDX
Maryland,2016,pres_two_party_margin_dem,28.022,https://doi.org/10.7910/DVN/42MVDX
Maryland,2020,pres_plurality_winner_party,DEMOCRAT,https://doi.org/10.7910/DVN/42MVDX
Maryland,2020,pres_two_party_dem_pct,67.029,https://doi.org/10.7910/DVN/42MVDX
Maryland,2020,pres_two_party_margin_dem,34.0581,https://doi.org/10.7910/DVN/42MVDX
Maryland,2024,pres_plurality_winner_party,DEMOCRAT,https://doi.org/10.7910/DVN/42MVDX
Maryland,2024,pres_two_party_dem_pct,64.7548,https://doi.org/10.7910/DVN/42MVDX
Maryland,2024,pres_two_party_margin_dem,29.5095,https://doi.org/10.7910/DVN/42MVDX
Maryland,2026,gov_party_ncsl,D,https://www.ncsl.org/about-state-legislatures/state-partisan-composition
Maryland,2026,house_dem_seats,102,https://www.ncsl.org/about-state-legislatures/state-partisan-composition
Maryland,2026,house_rep_seats,39,https://www.ncsl.org/about-state-legislatures/state-partisan-composition
Maryland,2026,house_total_seats,141,https://www.ncsl.org/about-state-legislatures/state-partisan-composition
Maryland,2026,leg_control_ncsl,D,https://www.ncsl.org/about-state-legislatures/state-partisan-composition
Maryland,2026,senate_dem_seats,34,https://www.ncsl.org/about-state-legislatures/state-partisan-composition
Maryland,2026,senate_rep_seats,13,https://www.ncsl.org/about-state-legislatures/state-partisan-composition
Maryland,2026,senate_total_seats,47,https://www.ncsl.org/about-state-legislatures/state-partisan-composition
Maryland,2026,state_control_ncsl,D,https://www.ncsl.org/about-state-legislatures/state-partisan-composition
Massachusetts,1976,gov_party,D,https://doi.org/10.7910/DVN/LZHMG3
Massachusetts,1976,leg_control,D,https://doi.org/10.7910/DVN/LZHMG3
Massachusetts,1976,pres_plurality_winner_party,DEMOCRAT,https://doi.org/10.7910/DVN/42MVDX
Massachusetts,1976,pres_two_party_dem_pct,58.1146,https://doi.org/10.7910/DVN/42MVDX
Massachusetts,1976,pres_two_party_margin_dem,16.2292,https://doi.org/10.7910/DVN/42MVDX
Massachusetts,1977,gov_party,D,https://doi.org/10.7910/DVN/LZHMG3
Massachusetts,1977,leg_control,D,https://doi.org/10.7910/DVN/LZHMG3
Massachusetts,1978,gov_party,D,https://doi.org/10.7910/DVN/LZHMG3
Massachusetts,1978,leg_control,D,https://doi.org/10.7910/DVN/LZHMG3
Massachusetts,1979,gov_party,D,https://doi.org/10.7910/DVN/LZHMG3
Massachusetts,1979,leg_control,D,https://doi.org/10.7910/DVN/LZHMG3
Massachusetts,1980,gov_party,D,https://doi.org/10.7910/DVN/LZHMG3
Massachusetts,1980,leg_control,D,https://doi.org/10.7910/DVN/LZHMG3
Massachusetts,1980,pres_plurality_winner_party,REPUBLICAN,https://doi.org/10.7910/DVN/42MVDX
Massachusetts,1980,pres_two_party_dem_pct,49.9093,https://doi.org/10.7910/DVN/42MVDX
Massachusetts,1980,pres_two_party_margin_dem,-0.1813,https://doi.org/10.7910/DVN/42MVDX
Massachusetts,1981,gov_party,D,https://doi.org/10.7910/DVN/LZHMG3
Massachusetts,1981,leg_control,D,https://doi.org/10.7910/DVN/LZHMG3
Massachusetts,1982,gov_party,D,https://doi.org/10.7910/DVN/LZHMG3
Massachusetts,1982,leg_control,D,https://doi.org/10.7910/DVN/LZHMG3
Massachusetts,1983,gov_party,D,https://doi.org/10.7910/DVN/LZHMG3
Massachusetts,1983,leg_control,D,https://doi.org/10.7910/DVN/LZHMG3
Massachusetts,1984,gov_party,D,https://doi.org/10.7910/DVN/LZHMG3
Massachusetts,1984,leg_control,D,https://doi.org/10.7910/DVN/LZHMG3
Massachusetts,1984,pres_plurality_winner_party,REPUBLICAN,https://doi.org/10.7910/DVN/42MVDX
Massachusetts,1984,pres_two_party_dem_pct,48.6017,https://doi.org/10.7910/DVN/42MVDX
Massachusetts,1984,pres_two_party_margin_dem,-2.7967,https://doi.org/10.7910/DVN/42MVDX
Massachusetts,1985,gov_party,D,https://doi.org/10.7910/DVN/LZHMG3
Massachusetts,1985,leg_control,D,https://doi.org/10.7910/DVN/LZHMG3
Massachusetts,1986,gov_party,D,https://doi.org/10.7910/DVN/LZHMG3
Massachusetts,1986,leg_control,D,https://doi.org/10.7910/DVN/LZHMG3
Massachusetts,1987,gov_party,D,https://doi.org/10.7910/DVN/LZHMG3
Massachusetts,1987,leg_control,D,https://doi.org/10.7910/DVN/LZHMG3
Massachusetts,1988,gov_party,D,https://doi.org/10.7910/DVN/LZHMG3
Massachusetts,1988,leg_control,D,https://doi.org/10.7910/DVN/LZHMG3
Massachusetts,1988,pres_plurality_winner_party,DEMOCRAT,https://doi.org/10.7910/DVN/42MVDX
Massachusetts,1988,pres_two_party_dem_pct,53.9826,https://doi.org/10.7910/DVN/42MVDX
Massachusetts,1988,pres_two_party_margin_dem,7.9652,https://doi.org/10.7910/DVN/42MVDX
Massachusetts,1989,gov_party,D,https://doi.org/10.7910/DVN/LZHMG3
Massachusetts,1989,leg_control,D,https://doi.org/10.7910/DVN/LZHMG3
Massachusetts,1990,gov_party,D,https://doi.org/10.7910/DVN/LZHMG3
Massachusetts,1990,leg_control,D,https://doi.org/10.7910/DVN/LZHMG3
Massachusetts,1991,gov_party,R,https://doi.org/10.7910/DVN/LZHMG3
Massachusetts,1991,leg_control,D,https://doi.org/10.7910/DVN/LZHMG3
Massachusetts,1992,gov_party,R,https://doi.org/10.7910/DVN/LZHMG3
Massachusetts,1992,leg_control,D,https://doi.org/10.7910/DVN/LZHMG3
Massachusetts,1992,pres_plurality_winner_party,DEMOCRAT,https://doi.org/10.7910/DVN/42MVDX
Massachusetts,1992,pres_two_party_dem_pct,62.0922,https://doi.org/10.7910/DVN/42MVDX
Massachusetts,1992,pres_two_party_margin_dem,24.1845,https://doi.org/10.7910/DVN/42MVDX
Massachusetts,1993,gov_party,R,https://doi.org/10.7910/DVN/LZHMG3
Massachusetts,1993,leg_control,D,https://doi.org/10.7910/DVN/LZHMG3
Massachusetts,1994,gov_party,R,https://doi.org/10.7910/DVN/LZHMG3
Massachusetts,1994,leg_control,D,https://doi.org/10.7910/DVN/LZHMG3
Massachusetts,1995,gov_party,R,https://doi.org/10.7910/DVN/LZHMG3
Massachusetts,1995,leg_control,D,https://doi.org/10.7910/DVN/LZHMG3
Massachusetts,1996,gov_party,R,https://doi.org/10.7910/DVN/LZHMG3
Massachusetts,1996,leg_control,D,https://doi.org/10.7910/DVN/LZHMG3
Massachusetts,1996,pres_plurality_winner_party,DEMOCRAT,https://doi.org/10.7910/DVN/42MVDX
Massachusetts,1996,pres_two_party_dem_pct,68.6378,https://doi.org/10.7910/DVN/42MVDX
Massachusetts,1996,pres_two_party_margin_dem,37.2757,https://doi.org/10.7910/DVN/42MVDX
Massachusetts,1997,gov_party,R,https://doi.org/10.7910/DVN/LZHMG3
Massachusetts,1997,leg_control,D,https://doi.org/10.7910/DVN/LZHMG3
Massachusetts,1998,gov_party,R,https://doi.org/10.7910/DVN/LZHMG3
Massachusetts,1998,leg_control,D,https://doi.org/10.7910/DVN/LZHMG3
Massachusetts,1999,gov_party,R,https://doi.org/10.7910/DVN/LZHMG3
Massachusetts,1999,leg_control,D,https://doi.org/10.7910/DVN/LZHMG3
Massachusetts,2000,gov_party,R,https://doi.org/10.7910/DVN/LZHMG3
Massachusetts,2000,leg_control,D,https://doi.org/10.7910/DVN/LZHMG3
Massachusetts,2000,pres_plurality_winner_party,DEMOCRAT,https://doi.org/10.7910/DVN/42MVDX
Massachusetts,2000,pres_two_party_dem_pct,64.7893,https://doi.org/10.7910/DVN/42MVDX
Massachusetts,2000,pres_two_party_margin_dem,29.5787,https://doi.org/10.7910/DVN/42MVDX
Massachusetts,2001,gov_party,R,https://doi.org/10.7910/DVN/LZHMG3
Massachusetts,2001,leg_control,D,https://doi.org/10.7910/DVN/LZHMG3
Massachusetts,2002,gov_party,R,https://doi.org/10.7910/DVN/LZHMG3
Massachusetts,2002,leg_control,D,https://doi.org/10.7910/DVN/LZHMG3
Massachusetts,2003,gov_party,R,https://doi.org/10.7910/DVN/LZHMG3
Massachusetts,2003,leg_control,D,https://doi.org/10.7910/DVN/LZHMG3
Massachusetts,2004,gov_party,R,https://doi.org/10.7910/DVN/LZHMG3
Massachusetts,2004,leg_control,D,https://doi.org/10.7910/DVN/LZHMG3
Massachusetts,2004,pres_plurality_winner_party,DEMOCRAT,https://doi.org/10.7910/DVN/42MVDX
Massachusetts,2004,pres_two_party_dem_pct,62.7429,https://doi.org/10.7910/DVN/42MVDX
Massachusetts,2004,pres_two_party_margin_dem,25.4857,https://doi.org/10.7910/DVN/42MVDX
Massachusetts,2005,gov_party,R,https://doi.org/10.7910/DVN/LZHMG3
Massachusetts,2005,leg_control,D,https://doi.org/10.7910/DVN/LZHMG3
Massachusetts,2006,gov_party,R,https://doi.org/10.7910/DVN/LZHMG3
Massachusetts,2006,leg_control,D,https://doi.org/10.7910/DVN/LZHMG3
Massachusetts,2007,gov_party,D,https://doi.org/10.7910/DVN/LZHMG3
Massachusetts,2007,leg_control,D,https://doi.org/10.7910/DVN/LZHMG3
Massachusetts,2008,gov_party,D,https://doi.org/10.7910/DVN/LZHMG3
Massachusetts,2008,leg_control,D,https://doi.org/10.7910/DVN/LZHMG3
Massachusetts,2008,pres_plurality_winner_party,DEMOCRAT,https://doi.org/10.7910/DVN/42MVDX
Massachusetts,2008,pres_two_party_dem_pct,63.1971,https://doi.org/10.7910/DVN/42MVDX
Massachusetts,2008,pres_two_party_margin_dem,26.3942,https://doi.org/10.7910/DVN/42MVDX
Massachusetts,2009,gov_party,D,https://doi.org/10.7910/DVN/LZHMG3
Massachusetts,2009,leg_control,D,https://doi.org/10.7910/DVN/LZHMG3
Massachusetts,2010,gov_party,D,https://doi.org/10.7910/DVN/LZHMG3
Massachusetts,2010,leg_control,D,https://doi.org/10.7910/DVN/LZHMG3
Massachusetts,2011,gov_party,D,https://doi.org/10.7910/DVN/LZHMG3
Massachusetts,2011,leg_control,D,https://doi.org/10.7910/DVN/LZHMG3
Massachusetts,2012,pres_plurality_winner_party,DEMOCRAT,https://doi.org/10.7910/DVN/42MVDX
Massachusetts,2012,pres_two_party_dem_pct,61.7857,https://doi.org/10.7910/DVN/42MVDX
Massachusetts,2012,pres_two_party_margin_dem,23.5714,https://doi.org/10.7910/DVN/42MVDX
Massachusetts,2016,pres_plurality_winner_party,DEMOCRAT,https://doi.org/10.7910/DVN/42MVDX
Massachusetts,2016,pres_two_party_dem_pct,64.6513,https://doi.org/10.7910/DVN/42MVDX
Massachusetts,2016,pres_two_party_margin_dem,29.3026,https://doi.org/10.7910/DVN/42MVDX
Massachusetts,2020,pres_plurality_winner_party,DEMOCRAT,https://doi.org/10.7910/DVN/42MVDX
Massachusetts,2020,pres_two_party_dem_pct,67.1155,https://doi.org/10.7910/DVN/42MVDX
Massachusetts,2020,pres_two_party_margin_dem,34.2311,https://doi.org/10.7910/DVN/42MVDX
Massachusetts,2024,pres_plurality_winner_party,DEMOCRAT,https://doi.org/10.7910/DVN/42MVDX
Massachusetts,2024,pres_two_party_dem_pct,62.9553,https://doi.org/10.7910/DVN/42MVDX
Massachusetts,2024,pres_two_party_margin_dem,25.9106,https://doi.org/10.7910/DVN/42MVDX
Massachusetts,2026,gov_party_ncsl,D,https://www.ncsl.org/about-state-legislatures/state-partisan-composition
Massachusetts,2026,house_dem_seats,132,https://www.ncsl.org/about-state-legislatures/state-partisan-composition
Massachusetts,2026,house_rep_seats,25,https://www.ncsl.org/about-state-legislatures/state-partisan-composition
Massachusetts,2026,house_total_seats,160,https://www.ncsl.org/about-state-legislatures/state-partisan-composition
Massachusetts,2026,leg_control_ncsl,D,https://www.ncsl.org/about-state-legislatures/state-partisan-composition
Massachusetts,2026,senate_dem_seats,35,https://www.ncsl.org/about-state-legislatures/state-partisan-composition
Massachusetts,2026,senate_rep_seats,5,https://www.ncsl.org/about-state-legislatures/state-partisan-composition
Massachusetts,2026,senate_total_seats,40,https://www.ncsl.org/about-state-legislatures/state-partisan-composition
Massachusetts,2026,state_control_ncsl,D,https://www.ncsl.org/about-state-legislatures/state-partisan-composition
Michigan,1976,gov_party,R,https://doi.org/10.7910/DVN/LZHMG3
Michigan,1976,leg_control,D,https://doi.org/10.7910/DVN/LZHMG3
Michigan,1976,pres_plurality_winner_party,REPUBLICAN,https://doi.org/10.7910/DVN/42MVDX
Michigan,1976,pres_two_party_dem_pct,47.2562,https://doi.org/10.7910/DVN/42MVDX
Michigan,1976,pres_two_party_margin_dem,-5.4875,https://doi.org/10.7910/DVN/42MVDX
Michigan,1977,gov_party,R,https://doi.org/10.7910/DVN/LZHMG3
Michigan,1977,leg_control,D,https://doi.org/10.7910/DVN/LZHMG3
Michigan,1978,gov_party,R,https://doi.org/10.7910/DVN/LZHMG3
Michigan,1978,leg_control,D,https://doi.org/10.7910/DVN/LZHMG3
Michigan,1979,gov_party,R,https://doi.org/10.7910/DVN/LZHMG3
Michigan,1979,leg_control,D,https://doi.org/10.7910/DVN/LZHMG3
Michigan,1980,gov_party,R,https://doi.org/10.7910/DVN/LZHMG3
Michigan,1980,leg_control,D,https://doi.org/10.7910/DVN/LZHMG3
Michigan,1980,pres_plurality_winner_party,REPUBLICAN,https://doi.org/10.7910/DVN/42MVDX
Michigan,1980,pres_two_party_dem_pct,46.4536,https://doi.org/10.7910/DVN/42MVDX
Michigan,1980,pres_two_party_margin_dem,-7.0928,https://doi.org/10.7910/DVN/42MVDX
Michigan,1981,gov_party,R,https://doi.org/10.7910/DVN/LZHMG3
Michigan,1981,leg_control,D,https://doi.org/10.7910/DVN/LZHMG3
Michigan,1982,gov_party,R,https://doi.org/10.7910/DVN/LZHMG3
Michigan,1982,leg_control,D,https://doi.org/10.7910/DVN/LZHMG3
Michigan,1983,gov_party,D,https://doi.org/10.7910/DVN/LZHMG3
Michigan,1983,leg_control,D,https://doi.org/10.7910/DVN/LZHMG3
Michigan,1984,gov_party,D,https://doi.org/10.7910/DVN/LZHMG3
Michigan,1984,leg_control,Split,https://doi.org/10.7910/DVN/LZHMG3
Michigan,1984,pres_plurality_winner_party,REPUBLICAN,https://doi.org/10.7910/DVN/42MVDX
Michigan,1984,pres_two_party_dem_pct,40.4537,https://doi.org/10.7910/DVN/42MVDX
Michigan,1984,pres_two_party_margin_dem,-19.0926,https://doi.org/10.7910/DVN/42MVDX
Michigan,1985,gov_party,D,https://doi.org/10.7910/DVN/LZHMG3
Michigan,1985,leg_control,Split,https://doi.org/10.7910/DVN/LZHMG3
Michigan,1986,gov_party,D,https://doi.org/10.7910/DVN/LZHMG3
Michigan,1986,leg_control,Split,https://doi.org/10.7910/DVN/LZHMG3
Michigan,1987,gov_party,D,https://doi.org/10.7910/DVN/LZHMG3
Michigan,1987,leg_control,Split,https://doi.org/10.7910/DVN/LZHMG3
Michigan,1988,gov_party,D,https://doi.org/10.7910/DVN/LZHMG3
Michigan,1988,leg_control,Split,https://doi.org/10.7910/DVN/LZHMG3
Michigan,1988,pres_plurality_winner_party,REPUBLICAN,https://doi.org/10.7910/DVN/42MVDX
Michigan,1988,pres_two_party_dem_pct,46.022,https://doi.org/10.7910/DVN/42MVDX
Michigan,1988,pres_two_party_margin_dem,-7.9561,https://doi.org/10.7910/DVN/42MVDX
Michigan,1989,gov_party,D,https://doi.org/10.7910/DVN/LZHMG3
Michigan,1989,leg_control,Split,https://doi.org/10.7910/DVN/LZHMG3
Michigan,1990,gov_party,D,https://doi.org/10.7910/DVN/LZHMG3
Michigan,1990,leg_control,Split,https://doi.org/10.7910/DVN/LZHMG3
Michigan,1991,gov_party,R,https://doi.org/10.7910/DVN/LZHMG3
Michigan,1991,leg_control,Split,https://doi.org/10.7910/DVN/LZHMG3
Michigan,1992,gov_party,R,https://doi.org/10.7910/DVN/LZHMG3
Michigan,1992,leg_control,Split,https://doi.org/10.7910/DVN/LZHMG3
Michigan,1992,pres_plurality_winner_party,DEMOCRAT,https://doi.org/10.7910/DVN/42MVDX
Michigan,1992,pres_two_party_dem_pct,54.6152,https://doi.org/10.7910/DVN/42MVDX
Michigan,1992,pres_two_party_margin_dem,9.2303,https://doi.org/10.7910/DVN/42MVDX
Michigan,1993,gov_party,R,https://doi.org/10.7910/DVN/LZHMG3
Michigan,1993,leg_control,Split,https://doi.org/10.7910/DVN/LZHMG3
Michigan,1994,gov_party,R,https://doi.org/10.7910/DVN/LZHMG3
Michigan,1994,leg_control,Split,https://doi.org/10.7910/DVN/LZHMG3
Michigan,1995,gov_party,R,https://doi.org/10.7910/DVN/LZHMG3
Michigan,1995,leg_control,R,https://doi.org/10.7910/DVN/LZHMG3
Michigan,1996,gov_party,R,https://doi.org/10.7910/DVN/LZHMG3
Michigan,1996,leg_control,R,https://doi.org/10.7910/DVN/LZHMG3
Michigan,1996,pres_plurality_winner_party,DEMOCRAT,https://doi.org/10.7910/DVN/42MVDX
Michigan,1996,pres_two_party_dem_pct,57.3244,https://doi.org/10.7910/DVN/42MVDX
Michigan,1996,pres_two_party_margin_dem,14.6488,https://doi.org/10.7910/DVN/42MVDX
Michigan,1997,gov_party,R,https://doi.org/10.7910/DVN/LZHMG3
Michigan,1997,leg_control,Split,https://doi.org/10.7910/DVN/LZHMG3
Michigan,1998,gov_party,R,https://doi.org/10.7910/DVN/LZHMG3
Michigan,1998,leg_control,Split,https://doi.org/10.7910/DVN/LZHMG3
Michigan,1999,gov_party,R,https://doi.org/10.7910/DVN/LZHMG3
Michigan,1999,leg_control,R,https://doi.org/10.7910/DVN/LZHMG3
Michigan,2000,gov_party,R,https://doi.org/10.7910/DVN/LZHMG3
Michigan,2000,leg_control,R,https://doi.org/10.7910/DVN/LZHMG3
Michigan,2000,pres_plurality_winner_party,DEMOCRAT,https://doi.org/10.7910/DVN/42MVDX
Michigan,2000,pres_two_party_dem_pct,52.6346,https://doi.org/10.7910/DVN/42MVDX
Michigan,2000,pres_two_party_margin_dem,5.2692,https://doi.org/10.7910/DVN/42MVDX
Michigan,2001,gov_party,R,https://doi.org/10.7910/DVN/LZHMG3
Michigan,2001,leg_control,R,https://doi.org/10.7910/DVN/LZHMG3
Michigan,2002,gov_party,R,https://doi.org/10.7910/DVN/LZHMG3
Michigan,2002,leg_control,R,https://doi.org/10.7910/DVN/LZHMG3
Michigan,2003,gov_party,D,https://doi.org/10.7910/DVN/LZHMG3
Michigan,2003,leg_control,R,https://doi.org/10.7910/DVN/LZHMG3
Michigan,2004,gov_party,D,https://doi.org/10.7910/DVN/LZHMG3
Michigan,2004,leg_control,R,https://doi.org/10.7910/DVN/LZHMG3
Michigan,2004,pres_plurality_winner_party,DEMOCRAT,https://doi.org/10.7910/DVN/42MVDX
Michigan,2004,pres_two_party_dem_pct,51.7258,https://doi.org/10.7910/DVN/42MVDX
Michigan,2004,pres_two_party_margin_dem,3.4517,https://doi.org/10.7910/DVN/42MVDX
Michigan,2005,gov_party,D,https://doi.org/10.7910/DVN/LZHMG3
Michigan,2005,leg_control,R,https://doi.org/10.7910/DVN/LZHMG3
Michigan,2006,gov_party,D,https://doi.org/10.7910/DVN/LZHMG3
Michigan,2006,leg_control,R,https://doi.org/10.7910/DVN/LZHMG3
Michigan,2007,gov_party,D,https://doi.org/10.7910/DVN/LZHMG3
Michigan,2007,leg_control,Split,https://doi.org/10.7910/DVN/LZHMG3
Michigan,2008,gov_party,D,https://doi.org/10.7910/DVN/LZHMG3
Michigan,2008,leg_control,Split,https://doi.org/10.7910/DVN/LZHMG3
Michigan,2008,pres_plurality_winner_party,DEMOCRAT,https://doi.org/10.7910/DVN/42MVDX
Michigan,2008,pres_two_party_dem_pct,58.3713,https://doi.org/10.7910/DVN/42MVDX
Michigan,2008,pres_two_party_margin_dem,16.7426,https://doi.org/10.7910/DVN/42MVDX
Michigan,2009,gov_party,D,https://doi.org/10.7910/DVN/LZHMG3
Michigan,2009,leg_control,Split,https://doi.org/10.7910/DVN/LZHMG3
Michigan,2010,gov_party,D,https://doi.org/10.7910/DVN/LZHMG3
Michigan,2010,leg_control,Split,https://doi.org/10.7910/DVN/LZHMG3
Michigan,2011,gov_party,R,https://doi.org/10.7910/DVN/LZHMG3
Michigan,2011,leg_control,R,https://doi.org/10.7910/DVN/LZHMG3
Michigan,2012,pres_plurality_winner_party,DEMOCRAT,https://doi.org/10.7910/DVN/42MVDX
Michigan,2012,pres_two_party_dem_pct,54.8005,https://doi.org/10.7910/DVN/42MVDX
Michigan,2012,pres_two_party_margin_dem,9.6011,https://doi.org/10.7910/DVN/42MVDX
Michigan,2016,pres_plurality_winner_party,REPUBLICAN,https://doi.org/10.7910/DVN/42MVDX
Michigan,2016,pres_two_party_dem_pct,49.8823,https://doi.org/10.7910/DVN/42MVDX
Michigan,2016,pres_two_party_margin_dem,-0.2353,https://doi.org/10.7910/DVN/42MVDX
Michigan,2020,pres_plurality_winner_party,DEMOCRAT,https://doi.org/10.7910/DVN/42MVDX
Michigan,2020,pres_two_party_dem_pct,51.4136,https://doi.org/10.7910/DVN/42MVDX
Michigan,2020,pres_two_party_margin_dem,2.8271,https://doi.org/10.7910/DVN/42MVDX
Michigan,2024,pres_plurality_winner_party,REPUBLICAN,https://doi.org/10.7910/DVN/42MVDX
Michigan,2024,pres_two_party_dem_pct,49.2788,https://doi.org/10.7910/DVN/42MVDX
Michigan,2024,pres_two_party_margin_dem,-1.4425,https://doi.org/10.7910/DVN/42MVDX
Michigan,2026,gov_party_ncsl,D,https://www.ncsl.org/about-state-legislatures/state-partisan-composition
Michigan,2026,house_dem_seats,52,https://www.ncsl.org/about-state-legislatures/state-partisan-composition
Michigan,2026,house_rep_seats,58,https://www.ncsl.org/about-state-legislatures/state-partisan-composition
Michigan,2026,house_total_seats,110,https://www.ncsl.org/about-state-legislatures/state-partisan-composition
Michigan,2026,leg_control_ncsl,Split,https://www.ncsl.org/about-state-legislatures/state-partisan-composition
Michigan,2026,senate_dem_seats,20,https://www.ncsl.org/about-state-legislatures/state-partisan-composition
Michigan,2026,senate_rep_seats,18,https://www.ncsl.org/about-state-legislatures/state-partisan-composition
Michigan,2026,senate_total_seats,38,https://www.ncsl.org/about-state-legislatures/state-partisan-composition
Michigan,2026,state_control_ncsl,Split,https://www.ncsl.org/about-state-legislatures/state-partisan-composition
Minnesota,1976,gov_party,D,https://doi.org/10.7910/DVN/LZHMG3
Minnesota,1976,leg_control,D,https://doi.org/10.7910/DVN/LZHMG3
Minnesota,1976,pres_plurality_winner_party,DEMOCRAT,https://doi.org/10.7910/DVN/42MVDX
Minnesota,1976,pres_two_party_dem_pct,56.642,https://doi.org/10.7910/DVN/42MVDX
Minnesota,1976,pres_two_party_margin_dem,13.284,https://doi.org/10.7910/DVN/42MVDX
Minnesota,1977,gov_party,D,https://doi.org/10.7910/DVN/LZHMG3
Minnesota,1977,leg_control,D,https://doi.org/10.7910/DVN/LZHMG3
Minnesota,1978,gov_party,D,https://doi.org/10.7910/DVN/LZHMG3
Minnesota,1978,leg_control,D,https://doi.org/10.7910/DVN/LZHMG3
Minnesota,1979,gov_party,R,https://doi.org/10.7910/DVN/LZHMG3
Minnesota,1979,leg_control,Split,https://doi.org/10.7910/DVN/LZHMG3
Minnesota,1980,gov_party,R,https://doi.org/10.7910/DVN/LZHMG3
Minnesota,1980,leg_control,D,https://doi.org/10.7910/DVN/LZHMG3
Minnesota,1980,pres_plurality_winner_party,DEMOCRAT,https://doi.org/10.7910/DVN/42MVDX
Minnesota,1980,pres_two_party_dem_pct,52.2136,https://doi.org/10.7910/DVN/42MVDX
Minnesota,1980,pres_two_party_margin_dem,4.4272,https://doi.org/10.7910/DVN/42MVDX
Minnesota,1981,gov_party,R,https://doi.org/10.7910/DVN/LZHMG3
Minnesota,1981,leg_control,D,https://doi.org/10.7910/DVN/LZHMG3
Minnesota,1982,gov_party,R,https://doi.org/10.7910/DVN/LZHMG3
Minnesota,1982,leg_control,D,https://doi.org/10.7910/DVN/LZHMG3
Minnesota,1983,gov_party,D,https://doi.org/10.7910/DVN/LZHMG3
Minnesota,1983,leg_control,D,https://doi.org/10.7910/DVN/LZHMG3
Minnesota,1984,gov_party,D,https://doi.org/10.7910/DVN/LZHMG3
Minnesota,1984,leg_control,D,https://doi.org/10.7910/DVN/LZHMG3
Minnesota,1984,pres_plurality_winner_party,DEMOCRAT,https://doi.org/10.7910/DVN/42MVDX
Minnesota,1984,pres_two_party_dem_pct,50.0909,https://doi.org/10.7910/DVN/42MVDX
Minnesota,1984,pres_two_party_margin_dem,0.1818,https://doi.org/10.7910/DVN/42MVDX
Minnesota,1985,gov_party,D,https://doi.org/10.7910/DVN/LZHMG3
Minnesota,1985,leg_control,Split,https://doi.org/10.7910/DVN/LZHMG3
Minnesota,1986,gov_party,D,https://doi.org/10.7910/DVN/LZHMG3
Minnesota,1986,leg_control,Split,https://doi.org/10.7910/DVN/LZHMG3
Minnesota,1987,gov_party,D,https://doi.org/10.7910/DVN/LZHMG3
Minnesota,1987,leg_control,D,https://doi.org/10.7910/DVN/LZHMG3
Minnesota,1988,gov_party,D,https://doi.org/10.7910/DVN/LZHMG3
Minnesota,1988,leg_control,D,https://doi.org/10.7910/DVN/LZHMG3
Minnesota,1988,pres_plurality_winner_party,DEMOCRAT,https://doi.org/10.7910/DVN/42MVDX
Minnesota,1988,pres_two_party_dem_pct,53.5509,https://doi.org/10.7910/DVN/42MVDX
Minnesota,1988,pres_two_party_margin_dem,7.1017,https://doi.org/10.7910/DVN/42MVDX
Minnesota,1989,gov_party,D,https://doi.org/10.7910/DVN/LZHMG3
Minnesota,1989,leg_control,D,https://doi.org/10.7910/DVN/LZHMG3
Minnesota,1990,gov_party,D,https://doi.org/10.7910/DVN/LZHMG3
Minnesota,1990,leg_control,D,https://doi.org/10.7910/DVN/LZHMG3
Minnesota,1991,gov_party,R,https://doi.org/10.7910/DVN/LZHMG3
Minnesota,1991,leg_control,D,https://doi.org/10.7910/DVN/LZHMG3
Minnesota,1992,gov_party,R,https://doi.org/10.7910/DVN/LZHMG3
Minnesota,1992,leg_control,D,https://doi.org/10.7910/DVN/LZHMG3
Minnesota,1992,pres_plurality_winner_party,DEMOCRAT,https://doi.org/10.7910/DVN/42MVDX
Minnesota,1992,pres_two_party_dem_pct,57.7213,https://doi.org/10.7910/DVN/42MVDX
Minnesota,1992,pres_two_party_margin_dem,15.4427,https://doi.org/10.7910/DVN/42MVDX
Minnesota,1993,gov_party,R,https://doi.org/10.7910/DVN/LZHMG3
Minnesota,1993,leg_control,D,https://doi.org/10.7910/DVN/LZHMG3
Minnesota,1994,gov_party,R,https://doi.org/10.7910/DVN/LZHMG3
Minnesota,1994,leg_control,D,https://doi.org/10.7910/DVN/LZHMG3
Minnesota,1995,gov_party,R,https://doi.org/10.7910/DVN/LZHMG3
Minnesota,1995,leg_control,D,https://doi.org/10.7910/DVN/LZHMG3
Minnesota,1996,gov_party,R,https://doi.org/10.7910/DVN/LZHMG3
Minnesota,1996,leg_control,D,https://doi.org/10.7910/DVN/LZHMG3
Minnesota,1996,pres_plurality_winner_party,DEMOCRAT,https://doi.org/10.7910/DVN/42MVDX
Minnesota,1996,pres_two_party_dem_pct,59.3807,https://doi.org/10.7910/DVN/42MVDX
Minnesota,1996,pres_two_party_margin_dem,18.7614,https://doi.org/10.7910/DVN/42MVDX
Minnesota,1997,gov_party,R,https://doi.org/10.7910/DVN/LZHMG3
Minnesota,1997,leg_control,D,https://doi.org/10.7910/DVN/LZHMG3
Minnesota,1998,gov_party,R,https://doi.org/10.7910/DVN/LZHMG3
Minnesota,1998,leg_control,D,https://doi.org/10.7910/DVN/LZHMG3
Minnesota,1999,gov_party,Other,https://doi.org/10.7910/DVN/LZHMG3
Minnesota,1999,leg_control,Split,https://doi.org/10.7910/DVN/LZHMG3
Minnesota,2000,gov_party,Other,https://doi.org/10.7910/DVN/LZHMG3
Minnesota,2000,leg_control,Split,https://doi.org/10.7910/DVN/LZHMG3
Minnesota,2000,pres_plurality_winner_party,DEMOCRAT,https://doi.org/10.7910/DVN/42MVDX
Minnesota,2000,pres_two_party_dem_pct,51.2864,https://doi.org/10.7910/DVN/42MVDX
Minnesota,2000,pres_two_party_margin_dem,2.5728,https://doi.org/10.7910/DVN/42MVDX
Minnesota,2001,gov_party,Other,https://doi.org/10.7910/DVN/LZHMG3
Minnesota,2001,leg_control,Split,https://doi.org/10.7910/DVN/LZHMG3
Minnesota,2002,gov_party,Other,https://doi.org/10.7910/DVN/LZHMG3
Minnesota,2002,leg_control,Split,https://doi.org/10.7910/DVN/LZHMG3
Minnesota,2003,gov_party,R,https://doi.org/10.7910/DVN/LZHMG3
Minnesota,2003,leg_control,Split,https://doi.org/10.7910/DVN/LZHMG3
Minnesota,2004,gov_party,R,https://doi.org/10.7910/DVN/LZHMG3
Minnesota,2004,leg_control,Split,https://doi.org/10.7910/DVN/LZHMG3
Minnesota,2004,pres_plurality_winner_party,DEMOCRAT,https://doi.org/10.7910/DVN/42MVDX
Minnesota,2004,pres_two_party_dem_pct,51.7609,https://doi.org/10.7910/DVN/42MVDX
Minnesota,2004,pres_two_party_margin_dem,3.5218,https://doi.org/10.7910/DVN/42MVDX
Minnesota,2005,gov_party,R,https://doi.org/10.7910/DVN/LZHMG3
Minnesota,2005,leg_control,Split,https://doi.org/10.7910/DVN/LZHMG3
Minnesota,2006,gov_party,R,https://doi.org/10.7910/DVN/LZHMG3
Minnesota,2006,leg_control,Split,https://doi.org/10.7910/DVN/LZHMG3
Minnesota,2007,gov_party,R,https://doi.org/10.7910/DVN/LZHMG3
Minnesota,2007,leg_control,D,https://doi.org/10.7910/DVN/LZHMG3
Minnesota,2008,gov_party,R,https://doi.org/10.7910/DVN/LZHMG3
Minnesota,2008,leg_control,D,https://doi.org/10.7910/DVN/LZHMG3
Minnesota,2008,pres_plurality_winner_party,DEMOCRAT,https://doi.org/10.7910/DVN/42MVDX
Minnesota,2008,pres_two_party_dem_pct,55.2294,https://doi.org/10.7910/DVN/42MVDX
Minnesota,2008,pres_two_party_margin_dem,10.4587,https://doi.org/10.7910/DVN/42MVDX
Minnesota,2009,gov_party,R,https://doi.org/10.7910/DVN/LZHMG3
Minnesota,2009,leg_control,D,https://doi.org/10.7910/DVN/LZHMG3
Minnesota,2010,gov_party,R,https://doi.org/10.7910/DVN/LZHMG3
Minnesota,2010,leg_control,D,https://doi.org/10.7910/DVN/LZHMG3
Minnesota,2011,gov_party,D,https://doi.org/10.7910/DVN/LZHMG3
Minnesota,2011,leg_control,R,https://doi.org/10.7910/DVN/LZHMG3
Minnesota,2012,pres_plurality_winner_party,DEMOCRAT,https://doi.org/10.7910/DVN/42MVDX
Minnesota,2012,pres_two_party_dem_pct,53.9412,https://doi.org/10.7910/DVN/42MVDX
Minnesota,2012,pres_two_party_margin_dem,7.8825,https://doi.org/10.7910/DVN/42MVDX
Minnesota,2016,pres_plurality_winner_party,DEMOCRAT,https://doi.org/10.7910/DVN/42MVDX
Minnesota,2016,pres_two_party_dem_pct,50.8317,https://doi.org/10.7910/DVN/42MVDX
Minnesota,2016,pres_two_party_margin_dem,1.6634,https://doi.org/10.7910/DVN/42MVDX
Minnesota,2020,pres_plurality_winner_party,DEMOCRAT,https://doi.org/10.7910/DVN/42MVDX
Minnesota,2020,pres_two_party_dem_pct,53.6395,https://doi.org/10.7910/DVN/42MVDX
Minnesota,2020,pres_two_party_margin_dem,7.279,https://doi.org/10.7910/DVN/42MVDX
Minnesota,2024,pres_plurality_winner_party,DEMOCRAT,https://doi.org/10.7910/DVN/42MVDX
Minnesota,2024,pres_two_party_dem_pct,52.1717,https://doi.org/10.7910/DVN/42MVDX
Minnesota,2024,pres_two_party_margin_dem,4.3434,https://doi.org/10.7910/DVN/42MVDX
Minnesota,2026,gov_party_ncsl,D,https://www.ncsl.org/about-state-legislatures/state-partisan-composition
Minnesota,2026,house_dem_seats,67,https://www.ncsl.org/about-state-legislatures/state-partisan-composition
Minnesota,2026,house_rep_seats,67,https://www.ncsl.org/about-state-legislatures/state-partisan-composition
Minnesota,2026,house_total_seats,134,https://www.ncsl.org/about-state-legislatures/state-partisan-composition
Minnesota,2026,leg_control_ncsl,Split,https://www.ncsl.org/about-state-legislatures/state-partisan-composition
Minnesota,2026,senate_dem_seats,34,https://www.ncsl.org/about-state-legislatures/state-partisan-composition
Minnesota,2026,senate_rep_seats,33,https://www.ncsl.org/about-state-legislatures/state-partisan-composition
Minnesota,2026,senate_total_seats,67,https://www.ncsl.org/about-state-legislatures/state-partisan-composition
Minnesota,2026,state_control_ncsl,Split,https://www.ncsl.org/about-state-legislatures/state-partisan-composition
Mississippi,1976,gov_party,D,https://doi.org/10.7910/DVN/LZHMG3
Mississippi,1976,leg_control,D,https://doi.org/10.7910/DVN/LZHMG3
Mississippi,1976,pres_plurality_winner_party,DEMOCRAT,https://doi.org/10.7910/DVN/42MVDX
Mississippi,1976,pres_two_party_dem_pct,50.9679,https://doi.org/10.7910/DVN/42MVDX
Mississippi,1976,pres_two_party_margin_dem,1.9358,https://doi.org/10.7910/DVN/42MVDX
Mississippi,1977,gov_party,D,https://doi.org/10.7910/DVN/LZHMG3
Mississippi,1977,leg_control,D,https://doi.org/10.7910/DVN/LZHMG3
Mississippi,1978,gov_party,D,https://doi.org/10.7910/DVN/LZHMG3
Mississippi,1978,leg_control,D,https://doi.org/10.7910/DVN/LZHMG3
Mississippi,1979,gov_party,D,https://doi.org/10.7910/DVN/LZHMG3
Mississippi,1979,leg_control,D,https://doi.org/10.7910/DVN/LZHMG3
Mississippi,1980,gov_party,D,https://doi.org/10.7910/DVN/LZHMG3
Mississippi,1980,leg_control,D,https://doi.org/10.7910/DVN/LZHMG3
Mississippi,1980,pres_plurality_winner_party,REPUBLICAN,https://doi.org/10.7910/DVN/42MVDX
Mississippi,1980,pres_two_party_dem_pct,49.3217,https://doi.org/10.7910/DVN/42MVDX
Mississippi,1980,pres_two_party_margin_dem,-1.3567,https://doi.org/10.7910/DVN/42MVDX
Mississippi,1981,gov_party,D,https://doi.org/10.7910/DVN/LZHMG3
Mississippi,1981,leg_control,D,https://doi.org/10.7910/DVN/LZHMG3
Mississippi,1982,gov_party,D,https://doi.org/10.7910/DVN/LZHMG3
Mississippi,1982,leg_control,D,https://doi.org/10.7910/DVN/LZHMG3
Mississippi,1983,gov_party,D,https://doi.org/10.7910/DVN/LZHMG3
Mississippi,1983,leg_control,D,https://doi.org/10.7910/DVN/LZHMG3
Mississippi,1984,gov_party,D,https://doi.org/10.7910/DVN/LZHMG3
Mississippi,1984,leg_control,D,https://doi.org/10.7910/DVN/LZHMG3
Mississippi,1984,pres_plurality_winner_party,REPUBLICAN,https://doi.org/10.7910/DVN/42MVDX
Mississippi,1984,pres_two_party_dem_pct,37.685,https://doi.org/10.7910/DVN/42MVDX
Mississippi,1984,pres_two_party_margin_dem,-24.6301,https://doi.org/10.7910/DVN/42MVDX
Mississippi,1985,gov_party,D,https://doi.org/10.7910/DVN/LZHMG3
Mississippi,1985,leg_control,D,https://doi.org/10.7910/DVN/LZHMG3
Mississippi,1986,gov_party,D,https://doi.org/10.7910/DVN/LZHMG3
Mississippi,1986,leg_control,D,https://doi.org/10.7910/DVN/LZHMG3
Mississippi,1987,gov_party,D,https://doi.org/10.7910/DVN/LZHMG3
Mississippi,1987,leg_control,D,https://doi.org/10.7910/DVN/LZHMG3
Mississippi,1988,gov_party,D,https://doi.org/10.7910/DVN/LZHMG3
Mississippi,1988,leg_control,D,https://doi.org/10.7910/DVN/LZHMG3
Mississippi,1988,pres_plurality_winner_party,REPUBLICAN,https://doi.org/10.7910/DVN/42MVDX
Mississippi,1988,pres_two_party_dem_pct,39.4789,https://doi.org/10.7910/DVN/42MVDX
Mississippi,1988,pres_two_party_margin_dem,-21.0422,https://doi.org/10.7910/DVN/42MVDX
Mississippi,1989,gov_party,D,https://doi.org/10.7910/DVN/LZHMG3
Mississippi,1989,leg_control,D,https://doi.org/10.7910/DVN/LZHMG3
Mississippi,1990,gov_party,D,https://doi.org/10.7910/DVN/LZHMG3
Mississippi,1990,leg_control,D,https://doi.org/10.7910/DVN/LZHMG3
Mississippi,1991,gov_party,D,https://doi.org/10.7910/DVN/LZHMG3
Mississippi,1991,leg_control,D,https://doi.org/10.7910/DVN/LZHMG3
Mississippi,1992,gov_party,R,https://doi.org/10.7910/DVN/LZHMG3
Mississippi,1992,leg_control,D,https://doi.org/10.7910/DVN/LZHMG3
Mississippi,1992,pres_plurality_winner_party,REPUBLICAN,https://doi.org/10.7910/DVN/42MVDX
Mississippi,1992,pres_two_party_dem_pct,45.0715,https://doi.org/10.7910/DVN/42MVDX
Mississippi,1992,pres_two_party_margin_dem,-9.857,https://doi.org/10.7910/DVN/42MVDX
Mississippi,1993,gov_party,R,https://doi.org/10.7910/DVN/LZHMG3
Mississippi,1993,leg_control,D,https://doi.org/10.7910/DVN/LZHMG3
Mississippi,1994,gov_party,R,https://doi.org/10.7910/DVN/LZHMG3
Mississippi,1994,leg_control,D,https://doi.org/10.7910/DVN/LZHMG3
Mississippi,1995,gov_party,R,https://doi.org/10.7910/DVN/LZHMG3
Mississippi,1995,leg_control,D,https://doi.org/10.7910/DVN/LZHMG3
Mississippi,1996,gov_party,R,https://doi.org/10.7910/DVN/LZHMG3
Mississippi,1996,leg_control,D,https://doi.org/10.7910/DVN/LZHMG3
Mississippi,1996,pres_plurality_winner_party,REPUBLICAN,https://doi.org/10.7910/DVN/42MVDX
Mississippi,1996,pres_two_party_dem_pct,47.2528,https://doi.org/10.7910/DVN/42MVDX
Mississippi,1996,pres_two_party_margin_dem,-5.4944,https://doi.org/10.7910/DVN/42MVDX
Mississippi,1997,gov_party,R,https://doi.org/10.7910/DVN/LZHMG3
Mississippi,1997,leg_control,D,https://doi.org/10.7910/DVN/LZHMG3
Mississippi,1998,gov_party,R,https://doi.org/10.7910/DVN/LZHMG3
Mississippi,1998,leg_control,D,https://doi.org/10.7910/DVN/LZHMG3
Mississippi,1999,gov_party,R,https://doi.org/10.7910/DVN/LZHMG3
Mississippi,1999,leg_control,D,https://doi.org/10.7910/DVN/LZHMG3
Mississippi,2000,gov_party,D,https://doi.org/10.7910/DVN/LZHMG3
Mississippi,2000,leg_control,D,https://doi.org/10.7910/DVN/LZHMG3
Mississippi,2000,pres_plurality_winner_party,REPUBLICAN,https://doi.org/10.7910/DVN/42MVDX
Mississippi,2000,pres_two_party_dem_pct,41.3945,https://doi.org/10.7910/DVN/42MVDX
Mississippi,2000,pres_two_party_margin_dem,-17.211,https://doi.org/10.7910/DVN/42MVDX
Mississippi,2001,gov_party,D,https://doi.org/10.7910/DVN/LZHMG3
Mississippi,2001,leg_control,D,https://doi.org/10.7910/DVN/LZHMG3
Mississippi,2002,gov_party,D,https://doi.org/10.7910/DVN/LZHMG3
Mississippi,2002,leg_control,D,https://doi.org/10.7910/DVN/LZHMG3
Mississippi,2003,gov_party,D,https://doi.org/10.7910/DVN/LZHMG3
Mississippi,2003,leg_control,D,https://doi.org/10.7910/DVN/LZHMG3
Mississippi,2004,gov_party,R,https://doi.org/10.7910/DVN/LZHMG3
Mississippi,2004,leg_control,D,https://doi.org/10.7910/DVN/LZHMG3
Mississippi,2004,pres_plurality_winner_party,REPUBLICAN,https://doi.org/10.7910/DVN/42MVDX
Mississippi,2004,pres_two_party_dem_pct,40.495,https://doi.org/10.7910/DVN/42MVDX
Mississippi,2004,pres_two_party_margin_dem,-19.01,https://doi.org/10.7910/DVN/42MVDX
Mississippi,2005,gov_party,R,https://doi.org/10.7910/DVN/LZHMG3
Mississippi,2005,leg_control,D,https://doi.org/10.7910/DVN/LZHMG3
Mississippi,2006,gov_party,R,https://doi.org/10.7910/DVN/LZHMG3
Mississippi,2006,leg_control,D,https://doi.org/10.7910/DVN/LZHMG3
Mississippi,2007,gov_party,R,https://doi.org/10.7910/DVN/LZHMG3
Mississippi,2007,leg_control,Split,https://doi.org/10.7910/DVN/LZHMG3
Mississippi,2008,gov_party,R,https://doi.org/10.7910/DVN/LZHMG3
Mississippi,2008,leg_control,D,https://doi.org/10.7910/DVN/LZHMG3
Mississippi,2008,pres_plurality_winner_party,REPUBLICAN,https://doi.org/10.7910/DVN/42MVDX
Mississippi,2008,pres_two_party_dem_pct,43.3581,https://doi.org/10.7910/DVN/42MVDX
Mississippi,2008,pres_two_party_margin_dem,-13.2839,https://doi.org/10.7910/DVN/42MVDX
Mississippi,2009,gov_party,R,https://doi.org/10.7910/DVN/LZHMG3
Mississippi,2009,leg_control,D,https://doi.org/10.7910/DVN/LZHMG3
Mississippi,2010,gov_party,R,https://doi.org/10.7910/DVN/LZHMG3
Mississippi,2010,leg_control,D,https://doi.org/10.7910/DVN/LZHMG3
Mississippi,2011,gov_party,R,https://doi.org/10.7910/DVN/LZHMG3
Mississippi,2011,leg_control,D,https://doi.org/10.7910/DVN/LZHMG3
Mississippi,2012,pres_plurality_winner_party,REPUBLICAN,https://doi.org/10.7910/DVN/42MVDX
Mississippi,2012,pres_two_party_dem_pct,44.1981,https://doi.org/10.7910/DVN/42MVDX
Mississippi,2012,pres_two_party_margin_dem,-11.6038,https://doi.org/10.7910/DVN/42MVDX
Mississippi,2016,pres_plurality_winner_party,REPUBLICAN,https://doi.org/10.7910/DVN/42MVDX
Mississippi,2016,pres_two_party_dem_pct,40.9102,https://doi.org/10.7910/DVN/42MVDX
Mississippi,2016,pres_two_party_margin_dem,-18.1797,https://doi.org/10.7910/DVN/42MVDX
Mississippi,2020,pres_plurality_winner_party,REPUBLICAN,https://doi.org/10.7910/DVN/42MVDX
Mississippi,2020,pres_two_party_dem_pct,41.615,https://doi.org/10.7910/DVN/42MVDX
Mississippi,2020,pres_two_party_margin_dem,-16.77,https://doi.org/10.7910/DVN/42MVDX
Mississippi,2024,pres_plurality_winner_party,REPUBLICAN,https://doi.org/10.7910/DVN/42MVDX
Mississippi,2024,pres_two_party_dem_pct,38.4275,https://doi.org/10.7910/DVN/42MVDX
Mississippi,2024,pres_two_party_margin_dem,-23.145,https://doi.org/10.7910/DVN/42MVDX
Mississippi,2026,gov_party_ncsl,R,https://www.ncsl.org/about-state-legislatures/state-partisan-composition
Mississippi,2026,house_dem_seats,42,https://www.ncsl.org/about-state-legislatures/state-partisan-composition
Mississippi,2026,house_rep_seats,78,https://www.ncsl.org/about-state-legislatures/state-partisan-composition
Mississippi,2026,house_total_seats,122,https://www.ncsl.org/about-state-legislatures/state-partisan-composition
Mississippi,2026,leg_control_ncsl,R,https://www.ncsl.org/about-state-legislatures/state-partisan-composition
Mississippi,2026,senate_dem_seats,18,https://www.ncsl.org/about-state-legislatures/state-partisan-composition
Mississippi,2026,senate_rep_seats,34,https://www.ncsl.org/about-state-legislatures/state-partisan-composition
Mississippi,2026,senate_total_seats,52,https://www.ncsl.org/about-state-legislatures/state-partisan-composition
Mississippi,2026,state_control_ncsl,R,https://www.ncsl.org/about-state-legislatures/state-partisan-composition
Missouri,1976,gov_party,R,https://doi.org/10.7910/DVN/LZHMG3
Missouri,1976,leg_control,D,https://doi.org/10.7910/DVN/LZHMG3
Missouri,1976,pres_plurality_winner_party,DEMOCRAT,https://doi.org/10.7910/DVN/42MVDX
Missouri,1976,pres_two_party_dem_pct,51.8419,https://doi.org/10.7910/DVN/42MVDX
Missouri,1976,pres_two_party_margin_dem,3.6838,https://doi.org/10.7910/DVN/42MVDX
Missouri,1977,gov_party,D,https://doi.org/10.7910/DVN/LZHMG3
Missouri,1977,leg_control,D,https://doi.org/10.7910/DVN/LZHMG3
Missouri,1978,gov_party,D,https://doi.org/10.7910/DVN/LZHMG3
Missouri,1978,leg_control,D,https://doi.org/10.7910/DVN/LZHMG3
Missouri,1979,gov_party,D,https://doi.org/10.7910/DVN/LZHMG3
Missouri,1979,leg_control,D,https://doi.org/10.7910/DVN/LZHMG3
Missouri,1980,gov_party,D,https://doi.org/10.7910/DVN/LZHMG3
Missouri,1980,leg_control,D,https://doi.org/10.7910/DVN/LZHMG3
Missouri,1980,pres_plurality_winner_party,REPUBLICAN,https://doi.org/10.7910/DVN/42MVDX
Missouri,1980,pres_two_party_dem_pct,46.4346,https://doi.org/10.7910/DVN/42MVDX
Missouri,1980,pres_two_party_margin_dem,-7.1308,https://doi.org/10.7910/DVN/42MVDX
Missouri,1981,gov_party,R,https://doi.org/10.7910/DVN/LZHMG3
Missouri,1981,leg_control,D,https://doi.org/10.7910/DVN/LZHMG3
Missouri,1982,gov_party,R,https://doi.org/10.7910/DVN/LZHMG3
Missouri,1982,leg_control,D,https://doi.org/10.7910/DVN/LZHMG3
Missouri,1983,gov_party,R,https://doi.org/10.7910/DVN/LZHMG3
Missouri,1983,leg_control,D,https://doi.org/10.7910/DVN/LZHMG3
Missouri,1984,gov_party,R,https://doi.org/10.7910/DVN/LZHMG3
Missouri,1984,leg_control,D,https://doi.org/10.7910/DVN/LZHMG3
Missouri,1984,pres_plurality_winner_party,REPUBLICAN,https://doi.org/10.7910/DVN/42MVDX
Missouri,1984,pres_two_party_dem_pct,39.9752,https://doi.org/10.7910/DVN/42MVDX
Missouri,1984,pres_two_party_margin_dem,-20.0495,https://doi.org/10.7910/DVN/42MVDX
Missouri,1985,gov_party,R,https://doi.org/10.7910/DVN/LZHMG3
Missouri,1985,leg_control,D,https://doi.org/10.7910/DVN/LZHMG3
Missouri,1986,gov_party,R,https://doi.org/10.7910/DVN/LZHMG3
Missouri,1986,leg_control,D,https://doi.org/10.7910/DVN/LZHMG3
Missouri,1987,gov_party,R,https://doi.org/10.7910/DVN/LZHMG3
Missouri,1987,leg_control,D,https://doi.org/10.7910/DVN/LZHMG3
Missouri,1988,gov_party,R,https://doi.org/10.7910/DVN/LZHMG3
Missouri,1988,leg_control,D,https://doi.org/10.7910/DVN/LZHMG3
Missouri,1988,pres_plurality_winner_party,REPUBLICAN,https://doi.org/10.7910/DVN/42MVDX
Missouri,1988,pres_two_party_dem_pct,48.0031,https://doi.org/10.7910/DVN/42MVDX
Missouri,1988,pres_two_party_margin_dem,-3.9938,https://doi.org/10.7910/DVN/42MVDX
Missouri,1989,gov_party,R,https://doi.org/10.7910/DVN/LZHMG3
Missouri,1989,leg_control,D,https://doi.org/10.7910/DVN/LZHMG3
Missouri,1990,gov_party,R,https://doi.org/10.7910/DVN/LZHMG3
Missouri,1990,leg_control,D,https://doi.org/10.7910/DVN/LZHMG3
Missouri,1991,gov_party,R,https://doi.org/10.7910/DVN/LZHMG3
Missouri,1991,leg_control,D,https://doi.org/10.7910/DVN/LZHMG3
Missouri,1992,gov_party,R,https://doi.org/10.7910/DVN/LZHMG3
Missouri,1992,leg_control,D,https://doi.org/10.7910/DVN/LZHMG3
Missouri,1992,pres_plurality_winner_party,DEMOCRAT,https://doi.org/10.7910/DVN/42MVDX
Missouri,1992,pres_two_party_dem_pct,56.507,https://doi.org/10.7910/DVN/42MVDX
Missouri,1992,pres_two_party_margin_dem,13.0139,https://doi.org/10.7910/DVN/42MVDX
Missouri,1993,gov_party,D,https://doi.org/10.7910/DVN/LZHMG3
Missouri,1993,leg_control,D,https://doi.org/10.7910/DVN/LZHMG3
Missouri,1994,gov_party,D,https://doi.org/10.7910/DVN/LZHMG3
Missouri,1994,leg_control,D,https://doi.org/10.7910/DVN/LZHMG3
Missouri,1995,gov_party,D,https://doi.org/10.7910/DVN/LZHMG3
Missouri,1995,leg_control,D,https://doi.org/10.7910/DVN/LZHMG3
Missouri,1996,gov_party,D,https://doi.org/10.7910/DVN/LZHMG3
Missouri,1996,leg_control,D,https://doi.org/10.7910/DVN/LZHMG3
Missouri,1996,pres_plurality_winner_party,DEMOCRAT,https://doi.org/10.7910/DVN/42MVDX
Missouri,1996,pres_two_party_dem_pct,53.547,https://doi.org/10.7910/DVN/42MVDX
Missouri,1996,pres_two_party_margin_dem,7.0941,https://doi.org/10.7910/DVN/42MVDX
Missouri,1997,gov_party,D,https://doi.org/10.7910/DVN/LZHMG3
Missouri,1997,leg_control,D,https://doi.org/10.7910/DVN/LZHMG3
Missouri,1998,gov_party,D,https://doi.org/10.7910/DVN/LZHMG3
Missouri,1998,leg_control,D,https://doi.org/10.7910/DVN/LZHMG3
Missouri,1999,gov_party,D,https://doi.org/10.7910/DVN/LZHMG3
Missouri,1999,leg_control,D,https://doi.org/10.7910/DVN/LZHMG3
Missouri,2000,gov_party,D,https://doi.org/10.7910/DVN/LZHMG3
Missouri,2000,leg_control,D,https://doi.org/10.7910/DVN/LZHMG3
Missouri,2000,pres_plurality_winner_party,REPUBLICAN,https://doi.org/10.7910/DVN/42MVDX
Missouri,2000,pres_two_party_dem_pct,48.2881,https://doi.org/10.7910/DVN/42MVDX
Missouri,2000,pres_two_party_margin_dem,-3.4239,https://doi.org/10.7910/DVN/42MVDX
Missouri,2001,gov_party,D,https://doi.org/10.7910/DVN/LZHMG3
Missouri,2001,leg_control,Split,https://doi.org/10.7910/DVN/LZHMG3
Missouri,2002,gov_party,D,https://doi.org/10.7910/DVN/LZHMG3
Missouri,2002,leg_control,Split,https://doi.org/10.7910/DVN/LZHMG3
Missouri,2003,gov_party,D,https://doi.org/10.7910/DVN/LZHMG3
Missouri,2003,leg_control,R,https://doi.org/10.7910/DVN/LZHMG3
Missouri,2004,gov_party,D,https://doi.org/10.7910/DVN/LZHMG3
Missouri,2004,leg_control,R,https://doi.org/10.7910/DVN/LZHMG3
Missouri,2004,pres_plurality_winner_party,REPUBLICAN,https://doi.org/10.7910/DVN/42MVDX
Missouri,2004,pres_two_party_dem_pct,46.3803,https://doi.org/10.7910/DVN/42MVDX
Missouri,2004,pres_two_party_margin_dem,-7.2394,https://doi.org/10.7910/DVN/42MVDX
Missouri,2005,gov_party,R,https://doi.org/10.7910/DVN/LZHMG3
Missouri,2005,leg_control,R,https://doi.org/10.7910/DVN/LZHMG3
Missouri,2006,gov_party,R,https://doi.org/10.7910/DVN/LZHMG3
Missouri,2006,leg_control,R,https://doi.org/10.7910/DVN/LZHMG3
Missouri,2007,gov_party,R,https://doi.org/10.7910/DVN/LZHMG3
Missouri,2007,leg_control,R,https://doi.org/10.7910/DVN/LZHMG3
Missouri,2008,gov_party,R,https://doi.org/10.7910/DVN/LZHMG3
Missouri,2008,leg_control,R,https://doi.org/10.7910/DVN/LZHMG3
Missouri,2008,pres_plurality_winner_party,REPUBLICAN,https://doi.org/10.7910/DVN/42MVDX
Missouri,2008,pres_two_party_dem_pct,49.9324,https://doi.org/10.7910/DVN/42MVDX
Missouri,2008,pres_two_party_margin_dem,-0.1352,https://doi.org/10.7910/DVN/42MVDX
Missouri,2009,gov_party,D,https://doi.org/10.7910/DVN/LZHMG3
Missouri,2009,leg_control,R,https://doi.org/10.7910/DVN/LZHMG3
Missouri,2010,gov_party,D,https://doi.org/10.7910/DVN/LZHMG3
Missouri,2010,leg_control,R,https://doi.org/10.7910/DVN/LZHMG3
Missouri,2011,gov_party,D,https://doi.org/10.7910/DVN/LZHMG3
Missouri,2011,leg_control,R,https://doi.org/10.7910/DVN/LZHMG3
Missouri,2012,pres_plurality_winner_party,REPUBLICAN,https://doi.org/10.7910/DVN/42MVDX
Missouri,2012,pres_two_party_dem_pct,45.2213,https://doi.org/10.7910/DVN/42MVDX
Missouri,2012,pres_two_party_margin_dem,-9.5573,https://doi.org/10.7910/DVN/42MVDX
Missouri,2016,pres_plurality_winner_party,REPUBLICAN,https://doi.org/10.7910/DVN/42MVDX
Missouri,2016,pres_two_party_dem_pct,40.1814,https://doi.org/10.7910/DVN/42MVDX
Missouri,2016,pres_two_party_margin_dem,-19.6371,https://doi.org/10.7910/DVN/42MVDX
Missouri,2020,pres_plurality_winner_party,REPUBLICAN,https://doi.org/10.7910/DVN/42MVDX
Missouri,2020,pres_two_party_dem_pct,42.1642,https://doi.org/10.7910/DVN/42MVDX
Missouri,2020,pres_two_party_margin_dem,-15.6716,https://doi.org/10.7910/DVN/42MVDX
Missouri,2024,pres_plurality_winner_party,REPUBLICAN,https://doi.org/10.7910/DVN/42MVDX
Missouri,2024,pres_two_party_dem_pct,40.6626,https://doi.org/10.7910/DVN/42MVDX
Missouri,2024,pres_two_party_margin_dem,-18.6747,https://doi.org/10.7910/DVN/42MVDX
Missouri,2026,gov_party_ncsl,R,https://www.ncsl.org/about-state-legislatures/state-partisan-composition
Missouri,2026,house_dem_seats,52,https://www.ncsl.org/about-state-legislatures/state-partisan-composition
Missouri,2026,house_rep_seats,106,https://www.ncsl.org/about-state-legislatures/state-partisan-composition
Missouri,2026,house_total_seats,163,https://www.ncsl.org/about-state-legislatures/state-partisan-composition
Missouri,2026,leg_control_ncsl,R,https://www.ncsl.org/about-state-legislatures/state-partisan-composition
Missouri,2026,senate_dem_seats,10,https://www.ncsl.org/about-state-legislatures/state-partisan-composition
Missouri,2026,senate_rep_seats,23,https://www.ncsl.org/about-state-legislatures/state-partisan-composition
Missouri,2026,senate_total_seats,34,https://www.ncsl.org/about-state-legislatures/state-partisan-composition
Missouri,2026,state_control_ncsl,R,https://www.ncsl.org/about-state-legislatures/state-partisan-composition
Montana,1976,gov_party,D,https://doi.org/10.7910/DVN/LZHMG3
Montana,1976,leg_control,D,https://doi.org/10.7910/DVN/LZHMG3
Montana,1976,pres_plurality_winner_party,REPUBLICAN,https://doi.org/10.7910/DVN/42MVDX
Montana,1976,pres_two_party_dem_pct,46.2157,https://doi.org/10.7910/DVN/42MVDX
Montana,1976,pres_two_party_margin_dem,-7.5687,https://doi.org/10.7910/DVN/42MVDX
Montana,1977,gov_party,D,https://doi.org/10.7910/DVN/LZHMG3
Montana,1977,leg_control,Split,https://doi.org/10.7910/DVN/LZHMG3
Montana,1978,gov_party,D,https://doi.org/10.7910/DVN/LZHMG3
Montana,1978,leg_control,Split,https://doi.org/10.7910/DVN/LZHMG3
Montana,1979,gov_party,D,https://doi.org/10.7910/DVN/LZHMG3
Montana,1979,leg_control,Split,https://doi.org/10.7910/DVN/LZHMG3
Montana,1980,gov_party,D,https://doi.org/10.7910/DVN/LZHMG3
Montana,1980,leg_control,Split,https://doi.org/10.7910/DVN/LZHMG3
Montana,1980,pres_plurality_winner_party,REPUBLICAN,https://doi.org/10.7910/DVN/42MVDX
Montana,1980,pres_two_party_dem_pct,36.3348,https://doi.org/10.7910/DVN/42MVDX
Montana,1980,pres_two_party_margin_dem,-27.3305,https://doi.org/10.7910/DVN/42MVDX
Montana,1981,gov_party,D,https://doi.org/10.7910/DVN/LZHMG3
Montana,1981,leg_control,R,https://doi.org/10.7910/DVN/LZHMG3
Montana,1982,gov_party,D,https://doi.org/10.7910/DVN/LZHMG3
Montana,1982,leg_control,R,https://doi.org/10.7910/DVN/LZHMG3
Montana,1983,gov_party,D,https://doi.org/10.7910/DVN/LZHMG3
Montana,1983,leg_control,Split,https://doi.org/10.7910/DVN/LZHMG3
Montana,1984,gov_party,D,https://doi.org/10.7910/DVN/LZHMG3
Montana,1984,leg_control,Split,https://doi.org/10.7910/DVN/LZHMG3
Montana,1984,pres_plurality_winner_party,REPUBLICAN,https://doi.org/10.7910/DVN/42MVDX
Montana,1984,pres_two_party_dem_pct,38.6986,https://doi.org/10.7910/DVN/42MVDX
Montana,1984,pres_two_party_margin_dem,-22.6028,https://doi.org/10.7910/DVN/42MVDX
Montana,1985,gov_party,D,https://doi.org/10.7910/DVN/LZHMG3
Montana,1985,leg_control,Split,https://doi.org/10.7910/DVN/LZHMG3
Montana,1986,gov_party,D,https://doi.org/10.7910/DVN/LZHMG3
Montana,1986,leg_control,Split,https://doi.org/10.7910/DVN/LZHMG3
Montana,1987,gov_party,D,https://doi.org/10.7910/DVN/LZHMG3
Montana,1987,leg_control,Split,https://doi.org/10.7910/DVN/LZHMG3
Montana,1988,gov_party,D,https://doi.org/10.7910/DVN/LZHMG3
Montana,1988,leg_control,Split,https://doi.org/10.7910/DVN/LZHMG3
Montana,1988,pres_plurality_winner_party,REPUBLICAN,https://doi.org/10.7910/DVN/42MVDX
Montana,1988,pres_two_party_dem_pct,47.0118,https://doi.org/10.7910/DVN/42MVDX
Montana,1988,pres_two_party_margin_dem,-5.9764,https://doi.org/10.7910/DVN/42MVDX
Montana,1989,gov_party,R,https://doi.org/10.7910/DVN/LZHMG3
Montana,1989,leg_control,Split,https://doi.org/10.7910/DVN/LZHMG3
Montana,1990,gov_party,R,https://doi.org/10.7910/DVN/LZHMG3
Montana,1990,leg_control,Split,https://doi.org/10.7910/DVN/LZHMG3
Montana,1991,gov_party,R,https://doi.org/10.7910/DVN/LZHMG3
Montana,1991,leg_control,D,https://doi.org/10.7910/DVN/LZHMG3
Montana,1992,gov_party,R,https://doi.org/10.7910/DVN/LZHMG3
Montana,1992,leg_control,D,https://doi.org/10.7910/DVN/LZHMG3
Montana,1992,pres_plurality_winner_party,DEMOCRAT,https://doi.org/10.7910/DVN/42MVDX
Montana,1992,pres_two_party_dem_pct,51.7241,https://doi.org/10.7910/DVN/42MVDX
Montana,1992,pres_two_party_margin_dem,3.4481,https://doi.org/10.7910/DVN/42MVDX
Montana,1993,gov_party,R,https://doi.org/10.7910/DVN/LZHMG3
Montana,1993,leg_control,Split,https://doi.org/10.7910/DVN/LZHMG3
Montana,1994,gov_party,R,https://doi.org/10.7910/DVN/LZHMG3
Montana,1994,leg_control,Split,https://doi.org/10.7910/DVN/LZHMG3
Montana,1995,gov_party,R,https://doi.org/10.7910/DVN/LZHMG3
Montana,1995,leg_control,R,https://doi.org/10.7910/DVN/LZHMG3
Montana,1996,gov_party,R,https://doi.org/10.7910/DVN/LZHMG3
Montana,1996,leg_control,R,https://doi.org/10.7910/DVN/LZHMG3
Montana,1996,pres_plurality_winner_party,REPUBLICAN,https://doi.org/10.7910/DVN/42MVDX
Montana,1996,pres_two_party_dem_pct,48.3126,https://doi.org/10.7910/DVN/42MVDX
Montana,1996,pres_two_party_margin_dem,-3.3748,https://doi.org/10.7910/DVN/42MVDX
Montana,1997,gov_party,R,https://doi.org/10.7910/DVN/LZHMG3
Montana,1997,leg_control,R,https://doi.org/10.7910/DVN/LZHMG3
Montana,1998,gov_party,R,https://doi.org/10.7910/DVN/LZHMG3
Montana,1998,leg_control,R,https://doi.org/10.7910/DVN/LZHMG3
Montana,1999,gov_party,R,https://doi.org/10.7910/DVN/LZHMG3
Montana,1999,leg_control,R,https://doi.org/10.7910/DVN/LZHMG3
Montana,2000,gov_party,R,https://doi.org/10.7910/DVN/LZHMG3
Montana,2000,leg_control,R,https://doi.org/10.7910/DVN/LZHMG3
Montana,2000,pres_plurality_winner_party,REPUBLICAN,https://doi.org/10.7910/DVN/42MVDX
Montana,2000,pres_two_party_dem_pct,36.3436,https://doi.org/10.7910/DVN/42MVDX
Montana,2000,pres_two_party_margin_dem,-27.3127,https://doi.org/10.7910/DVN/42MVDX
Montana,2001,gov_party,R,https://doi.org/10.7910/DVN/LZHMG3
Montana,2001,leg_control,R,https://doi.org/10.7910/DVN/LZHMG3
Montana,2002,gov_party,R,https://doi.org/10.7910/DVN/LZHMG3
Montana,2002,leg_control,R,https://doi.org/10.7910/DVN/LZHMG3
Montana,2003,gov_party,R,https://doi.org/10.7910/DVN/LZHMG3
Montana,2003,leg_control,R,https://doi.org/10.7910/DVN/LZHMG3
Montana,2004,gov_party,R,https://doi.org/10.7910/DVN/LZHMG3
Montana,2004,leg_control,R,https://doi.org/10.7910/DVN/LZHMG3
Montana,2004,pres_plurality_winner_party,REPUBLICAN,https://doi.org/10.7910/DVN/42MVDX
Montana,2004,pres_two_party_dem_pct,39.4999,https://doi.org/10.7910/DVN/42MVDX
Montana,2004,pres_two_party_margin_dem,-21.0002,https://doi.org/10.7910/DVN/42MVDX
Montana,2005,gov_party,D,https://doi.org/10.7910/DVN/LZHMG3
Montana,2005,leg_control,Split,https://doi.org/10.7910/DVN/LZHMG3
Montana,2006,gov_party,D,https://doi.org/10.7910/DVN/LZHMG3
Montana,2006,leg_control,Split,https://doi.org/10.7910/DVN/LZHMG3
Montana,2007,gov_party,D,https://doi.org/10.7910/DVN/LZHMG3
Montana,2007,leg_control,Split,https://doi.org/10.7910/DVN/LZHMG3
Montana,2008,gov_party,D,https://doi.org/10.7910/DVN/LZHMG3
Montana,2008,leg_control,Split,https://doi.org/10.7910/DVN/LZHMG3
Montana,2008,pres_plurality_winner_party,REPUBLICAN,https://doi.org/10.7910/DVN/42MVDX
Montana,2008,pres_two_party_dem_pct,48.8306,https://doi.org/10.7910/DVN/42MVDX
Montana,2008,pres_two_party_margin_dem,-2.3388,https://doi.org/10.7910/DVN/42MVDX
Montana,2009,gov_party,D,https://doi.org/10.7910/DVN/LZHMG3
Montana,2009,leg_control,Split,https://doi.org/10.7910/DVN/LZHMG3
Montana,2010,gov_party,D,https://doi.org/10.7910/DVN/LZHMG3
Montana,2010,leg_control,Split,https://doi.org/10.7910/DVN/LZHMG3
Montana,2011,gov_party,D,https://doi.org/10.7910/DVN/LZHMG3
Montana,2011,leg_control,R,https://doi.org/10.7910/DVN/LZHMG3
Montana,2012,pres_plurality_winner_party,REPUBLICAN,https://doi.org/10.7910/DVN/42MVDX
Montana,2012,pres_two_party_dem_pct,42.9658,https://doi.org/10.7910/DVN/42MVDX
Montana,2012,pres_two_party_margin_dem,-14.0685,https://doi.org/10.7910/DVN/42MVDX
Montana,2016,pres_plurality_winner_party,REPUBLICAN,https://doi.org/10.7910/DVN/42MVDX
Montana,2016,pres_two_party_dem_pct,38.8903,https://doi.org/10.7910/DVN/42MVDX
Montana,2016,pres_two_party_margin_dem,-22.2193,https://doi.org/10.7910/DVN/42MVDX
Montana,2020,pres_plurality_winner_party,REPUBLICAN,https://doi.org/10.7910/DVN/42MVDX
Montana,2020,pres_two_party_dem_pct,41.6028,https://doi.org/10.7910/DVN/42MVDX
Montana,2020,pres_two_party_margin_dem,-16.7944,https://doi.org/10.7910/DVN/42MVDX
Montana,2024,pres_plurality_winner_party,REPUBLICAN,https://doi.org/10.7910/DVN/42MVDX
Montana,2024,pres_two_party_dem_pct,39.711,https://doi.org/10.7910/DVN/42MVDX
Montana,2024,pres_two_party_margin_dem,-20.5781,https://doi.org/10.7910/DVN/42MVDX
Montana,2026,gov_party_ncsl,R,https://www.ncsl.org/about-state-legislatures/state-partisan-composition
Montana,2026,house_dem_seats,42,https://www.ncsl.org/about-state-legislatures/state-partisan-composition
Montana,2026,house_rep_seats,58,https://www.ncsl.org/about-state-legislatures/state-partisan-composition
Montana,2026,house_total_seats,100,https://www.ncsl.org/about-state-legislatures/state-partisan-composition
Montana,2026,leg_control_ncsl,R,https://www.ncsl.org/about-state-legislatures/state-partisan-composition
Montana,2026,senate_dem_seats,18,https://www.ncsl.org/about-state-legislatures/state-partisan-composition
Montana,2026,senate_rep_seats,32,https://www.ncsl.org/about-state-legislatures/state-partisan-composition
Montana,2026,senate_total_seats,50,https://www.ncsl.org/about-state-legislatures/state-partisan-composition
Montana,2026,state_control_ncsl,R,https://www.ncsl.org/about-state-legislatures/state-partisan-composition
Nebraska,1976,gov_party,D,https://doi.org/10.7910/DVN/LZHMG3
Nebraska,1976,pres_plurality_winner_party,REPUBLICAN,https://doi.org/10.7910/DVN/42MVDX
Nebraska,1976,pres_two_party_dem_pct,39.3735,https://doi.org/10.7910/DVN/42MVDX
Nebraska,1976,pres_two_party_margin_dem,-21.2529,https://doi.org/10.7910/DVN/42MVDX
Nebraska,1977,gov_party,D,https://doi.org/10.7910/DVN/LZHMG3
Nebraska,1978,gov_party,D,https://doi.org/10.7910/DVN/LZHMG3
Nebraska,1979,gov_party,R,https://doi.org/10.7910/DVN/LZHMG3
Nebraska,1980,gov_party,R,https://doi.org/10.7910/DVN/LZHMG3
Nebraska,1980,pres_plurality_winner_party,REPUBLICAN,https://doi.org/10.7910/DVN/42MVDX
Nebraska,1980,pres_two_party_dem_pct,28.4176,https://doi.org/10.7910/DVN/42MVDX
Nebraska,1980,pres_two_party_margin_dem,-43.1649,https://doi.org/10.7910/DVN/42MVDX
Nebraska,1981,gov_party,R,https://doi.org/10.7910/DVN/LZHMG3
Nebraska,1982,gov_party,R,https://doi.org/10.7910/DVN/LZHMG3
Nebraska,1983,gov_party,D,https://doi.org/10.7910/DVN/LZHMG3
Nebraska,1984,gov_party,D,https://doi.org/10.7910/DVN/LZHMG3
Nebraska,1984,pres_plurality_winner_party,REPUBLICAN,https://doi.org/10.7910/DVN/42MVDX
Nebraska,1984,pres_two_party_dem_pct,28.9952,https://doi.org/10.7910/DVN/42MVDX
Nebraska,1984,pres_two_party_margin_dem,-42.0095,https://doi.org/10.7910/DVN/42MVDX
Nebraska,1985,gov_party,D,https://doi.org/10.7910/DVN/LZHMG3
Nebraska,1986,gov_party,D,https://doi.org/10.7910/DVN/LZHMG3
Nebraska,1987,gov_party,R,https://doi.org/10.7910/DVN/LZHMG3
Nebraska,1988,gov_party,R,https://doi.org/10.7910/DVN/LZHMG3
Nebraska,1988,pres_plurality_winner_party,REPUBLICAN,https://doi.org/10.7910/DVN/42MVDX
Nebraska,1988,pres_two_party_dem_pct,39.4459,https://doi.org/10.7910/DVN/42MVDX
Nebraska,1988,pres_two_party_margin_dem,-21.1082,https://doi.org/10.7910/DVN/42MVDX
Nebraska,1989,gov_party,R,https://doi.org/10.7910/DVN/LZHMG3
Nebraska,1990,gov_party,R,https://doi.org/10.7910/DVN/LZHMG3
Nebraska,1991,gov_party,D,https://doi.org/10.7910/DVN/LZHMG3
Nebraska,1992,gov_party,D,https://doi.org/10.7910/DVN/LZHMG3
Nebraska,1992,pres_plurality_winner_party,REPUBLICAN,https://doi.org/10.7910/DVN/42MVDX
Nebraska,1992,pres_two_party_dem_pct,38.6883,https://doi.org/10.7910/DVN/42MVDX
Nebraska,1992,pres_two_party_margin_dem,-22.6235,https://doi.org/10.7910/DVN/42MVDX
Nebraska,1993,gov_party,D,https://doi.org/10.7910/DVN/LZHMG3
Nebraska,1994,gov_party,D,https://doi.org/10.7910/DVN/LZHMG3
Nebraska,1995,gov_party,D,https://doi.org/10.7910/DVN/LZHMG3
Nebraska,1996,gov_party,D,https://doi.org/10.7910/DVN/LZHMG3
Nebraska,1996,pres_plurality_winner_party,REPUBLICAN,https://doi.org/10.7910/DVN/42MVDX
Nebraska,1996,pres_two_party_dem_pct,39.4452,https://doi.org/10.7910/DVN/42MVDX
Nebraska,1996,pres_two_party_margin_dem,-21.1096,https://doi.org/10.7910/DVN/42MVDX
Nebraska,1997,gov_party,D,https://doi.org/10.7910/DVN/LZHMG3
Nebraska,1998,gov_party,D,https://doi.org/10.7910/DVN/LZHMG3
Nebraska,1999,gov_party,R,https://doi.org/10.7910/DVN/LZHMG3
Nebraska,2000,gov_party,R,https://doi.org/10.7910/DVN/LZHMG3
Nebraska,2000,pres_plurality_winner_party,REPUBLICAN,https://doi.org/10.7910/DVN/42MVDX
Nebraska,2000,pres_two_party_dem_pct,34.8205,https://doi.org/10.7910/DVN/42MVDX
Nebraska,2000,pres_two_party_margin_dem,-30.359,https://doi.org/10.7910/DVN/42MVDX
Nebraska,2001,gov_party,R,https://doi.org/10.7910/DVN/LZHMG3
Nebraska,2002,gov_party,R,https://doi.org/10.7910/DVN/LZHMG3
Nebraska,2003,gov_party,R,https://doi.org/10.7910/DVN/LZHMG3
Nebraska,2004,gov_party,R,https://doi.org/10.7910/DVN/LZHMG3
Nebraska,2004,pres_plurality_winner_party,REPUBLICAN,https://doi.org/10.7910/DVN/42MVDX
Nebraska,2004,pres_two_party_dem_pct,33.1527,https://doi.org/10.7910/DVN/42MVDX
Nebraska,2004,pres_two_party_margin_dem,-33.6947,https://doi.org/10.7910/DVN/42MVDX
Nebraska,2005,gov_party,R,https://doi.org/10.7910/DVN/LZHMG3
Nebraska,2006,gov_party,R,https://doi.org/10.7910/DVN/LZHMG3
Nebraska,2007,gov_party,R,https://doi.org/10.7910/DVN/LZHMG3
Nebraska,2008,gov_party,R,https://doi.org/10.7910/DVN/LZHMG3
Nebraska,2008,pres_plurality_winner_party,REPUBLICAN,https://doi.org/10.7910/DVN/42MVDX
Nebraska,2008,pres_two_party_dem_pct,42.3909,https://doi.org/10.7910/DVN/42MVDX
Nebraska,2008,pres_two_party_margin_dem,-15.2181,https://doi.org/10.7910/DVN/42MVDX
Nebraska,2009,gov_party,R,https://doi.org/10.7910/DVN/LZHMG3
Nebraska,2010,gov_party,R,https://doi.org/10.7910/DVN/LZHMG3
Nebraska,2011,gov_party,R,https://doi.org/10.7910/DVN/LZHMG3
Nebraska,2012,pres_plurality_winner_party,REPUBLICAN,https://doi.org/10.7910/DVN/42MVDX
Nebraska,2012,pres_two_party_dem_pct,38.8706,https://doi.org/10.7910/DVN/42MVDX
Nebraska,2012,pres_two_party_margin_dem,-22.2588,https://doi.org/10.7910/DVN/42MVDX
Nebraska,2016,pres_plurality_winner_party,REPUBLICAN,https://doi.org/10.7910/DVN/42MVDX
Nebraska,2016,pres_two_party_dem_pct,36.4523,https://doi.org/10.7910/DVN/42MVDX
Nebraska,2016,pres_two_party_margin_dem,-27.0953,https://doi.org/10.7910/DVN/42MVDX
Nebraska,2020,pres_plurality_winner_party,REPUBLICAN,https://doi.org/10.7910/DVN/42MVDX
Nebraska,2020,pres_two_party_dem_pct,40.2159,https://doi.org/10.7910/DVN/42MVDX
Nebraska,2020,pres_two_party_margin_dem,-19.5681,https://doi.org/10.7910/DVN/42MVDX
Nebraska,2024,pres_plurality_winner_party,REPUBLICAN,https://doi.org/10.7910/DVN/42MVDX
Nebraska,2024,pres_two_party_dem_pct,39.5797,https://doi.org/10.7910/DVN/42MVDX
Nebraska,2024,pres_two_party_margin_dem,-20.8407,https://doi.org/10.7910/DVN/42MVDX
Nebraska,2026,gov_party_ncsl,R,https://www.ncsl.org/about-state-legislatures/state-partisan-composition
Nebraska,2026,house_total_seats,0,https://www.ncsl.org/about-state-legislatures/state-partisan-composition
Nebraska,2026,leg_control_ncsl,Nonpartisan,https://www.ncsl.org/about-state-legislatures/state-partisan-composition
Nebraska,2026,senate_total_seats,49,https://www.ncsl.org/about-state-legislatures/state-partisan-composition
Nebraska,2026,state_control_ncsl,NA,https://www.ncsl.org/about-state-legislatures/state-partisan-composition
Nevada,1976,gov_party,D,https://doi.org/10.7910/DVN/LZHMG3
Nevada,1976,leg_control,D,https://doi.org/10.7910/DVN/LZHMG3
Nevada,1976,pres_plurality_winner_party,REPUBLICAN,https://doi.org/10.7910/DVN/42MVDX
Nevada,1976,pres_two_party_dem_pct,47.7306,https://doi.org/10.7910/DVN/42MVDX
Nevada,1976,pres_two_party_margin_dem,-4.5388,https://doi.org/10.7910/DVN/42MVDX
Nevada,1977,gov_party,D,https://doi.org/10.7910/DVN/LZHMG3
Nevada,1977,leg_control,D,https://doi.org/10.7910/DVN/LZHMG3
Nevada,1978,gov_party,D,https://doi.org/10.7910/DVN/LZHMG3
Nevada,1978,leg_control,D,https://doi.org/10.7910/DVN/LZHMG3
Nevada,1979,gov_party,R,https://doi.org/10.7910/DVN/LZHMG3
Nevada,1979,leg_control,D,https://doi.org/10.7910/DVN/LZHMG3
Nevada,1980,gov_party,R,https://doi.org/10.7910/DVN/LZHMG3
Nevada,1980,leg_control,D,https://doi.org/10.7910/DVN/LZHMG3
Nevada,1980,pres_plurality_winner_party,REPUBLICAN,https://doi.org/10.7910/DVN/42MVDX
Nevada,1980,pres_two_party_dem_pct,30.0727,https://doi.org/10.7910/DVN/42MVDX
Nevada,1980,pres_two_party_margin_dem,-39.8547,https://doi.org/10.7910/DVN/42MVDX
Nevada,1981,gov_party,R,https://doi.org/10.7910/DVN/LZHMG3
Nevada,1981,leg_control,D,https://doi.org/10.7910/DVN/LZHMG3
Nevada,1982,gov_party,R,https://doi.org/10.7910/DVN/LZHMG3
Nevada,1982,leg_control,D,https://doi.org/10.7910/DVN/LZHMG3
Nevada,1983,gov_party,D,https://doi.org/10.7910/DVN/LZHMG3
Nevada,1983,leg_control,D,https://doi.org/10.7910/DVN/LZHMG3
Nevada,1984,gov_party,D,https://doi.org/10.7910/DVN/LZHMG3
Nevada,1984,leg_control,D,https://doi.org/10.7910/DVN/LZHMG3
Nevada,1984,pres_plurality_winner_party,REPUBLICAN,https://doi.org/10.7910/DVN/42MVDX
Nevada,1984,pres_two_party_dem_pct,32.6843,https://doi.org/10.7910/DVN/42MVDX
Nevada,1984,pres_two_party_margin_dem,-34.6314,https://doi.org/10.7910/DVN/42MVDX
Nevada,1985,gov_party,D,https://doi.org/10.7910/DVN/LZHMG3
Nevada,1985,leg_control,Split,https://doi.org/10.7910/DVN/LZHMG3
Nevada,1986,gov_party,D,https://doi.org/10.7910/DVN/LZHMG3
Nevada,1986,leg_control,Split,https://doi.org/10.7910/DVN/LZHMG3
Nevada,1987,gov_party,D,https://doi.org/10.7910/DVN/LZHMG3
Nevada,1987,leg_control,Split,https://doi.org/10.7910/DVN/LZHMG3
Nevada,1988,gov_party,D,https://doi.org/10.7910/DVN/LZHMG3
Nevada,1988,leg_control,Split,https://doi.org/10.7910/DVN/LZHMG3
Nevada,1988,pres_plurality_winner_party,REPUBLICAN,https://doi.org/10.7910/DVN/42MVDX
Nevada,1988,pres_two_party_dem_pct,39.1814,https://doi.org/10.7910/DVN/42MVDX
Nevada,1988,pres_two_party_margin_dem,-21.6372,https://doi.org/10.7910/DVN/42MVDX
Nevada,1989,gov_party,D,https://doi.org/10.7910/DVN/LZHMG3
Nevada,1989,leg_control,Split,https://doi.org/10.7910/DVN/LZHMG3
Nevada,1990,gov_party,D,https://doi.org/10.7910/DVN/LZHMG3
Nevada,1990,leg_control,Split,https://doi.org/10.7910/DVN/LZHMG3
Nevada,1991,gov_party,D,https://doi.org/10.7910/DVN/LZHMG3
Nevada,1991,leg_control,D,https://doi.org/10.7910/DVN/LZHMG3
Nevada,1992,gov_party,D,https://doi.org/10.7910/DVN/LZHMG3
Nevada,1992,leg_control,D,https://doi.org/10.7910/DVN/LZHMG3
Nevada,1992,pres_plurality_winner_party,DEMOCRAT,https://doi.org/10.7910/DVN/42MVDX
Nevada,1992,pres_two_party_dem_pct,51.8248,https://doi.org/10.7910/DVN/42MVDX
Nevada,1992,pres_two_party_margin_dem,3.6496,https://doi.org/10.7910/DVN/42MVDX
Nevada,1993,gov_party,D,https://doi.org/10.7910/DVN/LZHMG3
Nevada,1993,leg_control,Split,https://doi.org/10.7910/DVN/LZHMG3
Nevada,1994,gov_party,D,https://doi.org/10.7910/DVN/LZHMG3
Nevada,1994,leg_control,Split,https://doi.org/10.7910/DVN/LZHMG3
Nevada,1995,gov_party,D,https://doi.org/10.7910/DVN/LZHMG3
Nevada,1995,leg_control,Split,https://doi.org/10.7910/DVN/LZHMG3
Nevada,1996,gov_party,D,https://doi.org/10.7910/DVN/LZHMG3
Nevada,1996,leg_control,Split,https://doi.org/10.7910/DVN/LZHMG3
Nevada,1996,pres_plurality_winner_party,DEMOCRAT,https://doi.org/10.7910/DVN/42MVDX
Nevada,1996,pres_two_party_dem_pct,50.5865,https://doi.org/10.7910/DVN/42MVDX
Nevada,1996,pres_two_party_margin_dem,1.1731,https://doi.org/10.7910/DVN/42MVDX
Nevada,1997,gov_party,D,https://doi.org/10.7910/DVN/LZHMG3
Nevada,1997,leg_control,Split,https://doi.org/10.7910/DVN/LZHMG3
Nevada,1998,gov_party,D,https://doi.org/10.7910/DVN/LZHMG3
Nevada,1998,leg_control,Split,https://doi.org/10.7910/DVN/LZHMG3
Nevada,1999,gov_party,R,https://doi.org/10.7910/DVN/LZHMG3
Nevada,1999,leg_control,Split,https://doi.org/10.7910/DVN/LZHMG3
Nevada,2000,gov_party,R,https://doi.org/10.7910/DVN/LZHMG3
Nevada,2000,leg_control,Split,https://doi.org/10.7910/DVN/LZHMG3
Nevada,2000,pres_plurality_winner_party,REPUBLICAN,https://doi.org/10.7910/DVN/42MVDX
Nevada,2000,pres_two_party_dem_pct,48.1432,https://doi.org/10.7910/DVN/42MVDX
Nevada,2000,pres_two_party_margin_dem,-3.7137,https://doi.org/10.7910/DVN/42MVDX
Nevada,2001,gov_party,R,https://doi.org/10.7910/DVN/LZHMG3
Nevada,2001,leg_control,Split,https://doi.org/10.7910/DVN/LZHMG3
Nevada,2002,gov_party,R,https://doi.org/10.7910/DVN/LZHMG3
Nevada,2002,leg_control,Split,https://doi.org/10.7910/DVN/LZHMG3
Nevada,2003,gov_party,R,https://doi.org/10.7910/DVN/LZHMG3
Nevada,2003,leg_control,Split,https://doi.org/10.7910/DVN/LZHMG3
Nevada,2004,gov_party,R,https://doi.org/10.7910/DVN/LZHMG3
Nevada,2004,leg_control,Split,https://doi.org/10.7910/DVN/LZHMG3
Nevada,2004,pres_plurality_winner_party,REPUBLICAN,https://doi.org/10.7910/DVN/42MVDX
Nevada,2004,pres_two_party_dem_pct,48.6824,https://doi.org/10.7910/DVN/42MVDX
Nevada,2004,pres_two_party_margin_dem,-2.6352,https://doi.org/10.7910/DVN/42MVDX
Nevada,2005,gov_party,R,https://doi.org/10.7910/DVN/LZHMG3
Nevada,2005,leg_control,Split,https://doi.org/10.7910/DVN/LZHMG3
Nevada,2006,gov_party,R,https://doi.org/10.7910/DVN/LZHMG3
Nevada,2006,leg_control,Split,https://doi.org/10.7910/DVN/LZHMG3
Nevada,2007,gov_party,R,https://doi.org/10.7910/DVN/LZHMG3
Nevada,2007,leg_control,Split,https://doi.org/10.7910/DVN/LZHMG3
Nevada,2008,gov_party,R,https://doi.org/10.7910/DVN/LZHMG3
Nevada,2008,leg_control,Split,https://doi.org/10.7910/DVN/LZHMG3
Nevada,2008,pres_plurality_winner_party,DEMOCRAT,https://doi.org/10.7910/DVN/42MVDX
Nevada,2008,pres_two_party_dem_pct,56.3867,https://doi.org/10.7910/DVN/42MVDX
Nevada,2008,pres_two_party_margin_dem,12.7735,https://doi.org/10.7910/DVN/42MVDX
Nevada,2009,gov_party,R,https://doi.org/10.7910/DVN/LZHMG3
Nevada,2009,leg_control,D,https://doi.org/10.7910/DVN/LZHMG3
Nevada,2010,gov_party,R,https://doi.org/10.7910/DVN/LZHMG3
Nevada,2010,leg_control,D,https://doi.org/10.7910/DVN/LZHMG3
Nevada,2011,gov_party,R,https://doi.org/10.7910/DVN/LZHMG3
Nevada,2011,leg_control,D,https://doi.org/10.7910/DVN/LZHMG3
Nevada,2012,pres_plurality_winner_party,DEMOCRAT,https://doi.org/10.7910/DVN/42MVDX
Nevada,2012,pres_two_party_dem_pct,53.4075,https://doi.org/10.7910/DVN/42MVDX
Nevada,2012,pres_two_party_margin_dem,6.8151,https://doi.org/10.7910/DVN/42MVDX
Nevada,2016,pres_plurality_winner_party,DEMOCRAT,https://doi.org/10.7910/DVN/42MVDX
Nevada,2016,pres_two_party_dem_pct,51.2937,https://doi.org/10.7910/DVN/42MVDX
Nevada,2016,pres_two_party_margin_dem,2.5874,https://doi.org/10.7910/DVN/42MVDX
Nevada,2020,pres_plurality_winner_party,DEMOCRAT,https://doi.org/10.7910/DVN/42MVDX
Nevada,2020,pres_two_party_dem_pct,51.2231,https://doi.org/10.7910/DVN/42MVDX
Nevada,2020,pres_two_party_margin_dem,2.4462,https://doi.org/10.7910/DVN/42MVDX
Nevada,2024,pres_plurality_winner_party,REPUBLICAN,https://doi.org/10.7910/DVN/42MVDX
Nevada,2024,pres_two_party_dem_pct,48.4205,https://doi.org/10.7910/DVN/42MVDX
Nevada,2024,pres_two_party_margin_dem,-3.159,https://doi.org/10.7910/DVN/42MVDX
Nevada,2026,gov_party_ncsl,R,https://www.ncsl.org/about-state-legislatures/state-partisan-composition
Nevada,2026,house_dem_seats,27,https://www.ncsl.org/about-state-legislatures/state-partisan-composition
Nevada,2026,house_rep_seats,15,https://www.ncsl.org/about-state-legislatures/state-partisan-composition
Nevada,2026,house_total_seats,42,https://www.ncsl.org/about-state-legislatures/state-partisan-composition
Nevada,2026,leg_control_ncsl,D,https://www.ncsl.org/about-state-legislatures/state-partisan-composition
Nevada,2026,senate_dem_seats,13,https://www.ncsl.org/about-state-legislatures/state-partisan-composition
Nevada,2026,senate_rep_seats,8,https://www.ncsl.org/about-state-legislatures/state-partisan-composition
Nevada,2026,senate_total_seats,21,https://www.ncsl.org/about-state-legislatures/state-partisan-composition
Nevada,2026,state_control_ncsl,Split,https://www.ncsl.org/about-state-legislatures/state-partisan-composition
New Hampshire,1976,gov_party,R,https://doi.org/10.7910/DVN/LZHMG3
New Hampshire,1976,leg_control,Split,https://doi.org/10.7910/DVN/LZHMG3
New Hampshire,1976,pres_plurality_winner_party,REPUBLICAN,https://doi.org/10.7910/DVN/42MVDX
New Hampshire,1976,pres_two_party_dem_pct,44.2607,https://doi.org/10.7910/DVN/42MVDX
New Hampshire,1976,pres_two_party_margin_dem,-11.4785,https://doi.org/10.7910/DVN/42MVDX
New Hampshire,1977,gov_party,R,https://doi.org/10.7910/DVN/LZHMG3
New Hampshire,1977,leg_control,Split,https://doi.org/10.7910/DVN/LZHMG3
New Hampshire,1978,gov_party,R,https://doi.org/10.7910/DVN/LZHMG3
New Hampshire,1978,leg_control,Split,https://doi.org/10.7910/DVN/LZHMG3
New Hampshire,1979,gov_party,D,https://doi.org/10.7910/DVN/LZHMG3
New Hampshire,1979,leg_control,Split,https://doi.org/10.7910/DVN/LZHMG3
New Hampshire,1980,gov_party,D,https://doi.org/10.7910/DVN/LZHMG3
New Hampshire,1980,leg_control,Split,https://doi.org/10.7910/DVN/LZHMG3
New Hampshire,1980,pres_plurality_winner_party,REPUBLICAN,https://doi.org/10.7910/DVN/42MVDX
New Hampshire,1980,pres_two_party_dem_pct,32.9323,https://doi.org/10.7910/DVN/42MVDX
New Hampshire,1980,pres_two_party_margin_dem,-34.1354,https://doi.org/10.7910/DVN/42MVDX
New Hampshire,1981,gov_party,D,https://doi.org/10.7910/DVN/LZHMG3
New Hampshire,1981,leg_control,R,https://doi.org/10.7910/DVN/LZHMG3
New Hampshire,1982,gov_party,D,https://doi.org/10.7910/DVN/LZHMG3
New Hampshire,1982,leg_control,R,https://doi.org/10.7910/DVN/LZHMG3
New Hampshire,1983,gov_party,R,https://doi.org/10.7910/DVN/LZHMG3
New Hampshire,1983,leg_control,R,https://doi.org/10.7910/DVN/LZHMG3
New Hampshire,1984,gov_party,R,https://doi.org/10.7910/DVN/LZHMG3
New Hampshire,1984,leg_control,R,https://doi.org/10.7910/DVN/LZHMG3
New Hampshire,1984,pres_plurality_winner_party,REPUBLICAN,https://doi.org/10.7910/DVN/42MVDX
New Hampshire,1984,pres_two_party_dem_pct,31.0655,https://doi.org/10.7910/DVN/42MVDX
New Hampshire,1984,pres_two_party_margin_dem,-37.8689,https://doi.org/10.7910/DVN/42MVDX
New Hampshire,1985,gov_party,R,https://doi.org/10.7910/DVN/LZHMG3
New Hampshire,1985,leg_control,R,https://doi.org/10.7910/DVN/LZHMG3
New Hampshire,1986,gov_party,R,https://doi.org/10.7910/DVN/LZHMG3
New Hampshire,1986,leg_control,R,https://doi.org/10.7910/DVN/LZHMG3
New Hampshire,1987,gov_party,R,https://doi.org/10.7910/DVN/LZHMG3
New Hampshire,1987,leg_control,R,https://doi.org/10.7910/DVN/LZHMG3
New Hampshire,1988,gov_party,R,https://doi.org/10.7910/DVN/LZHMG3
New Hampshire,1988,leg_control,R,https://doi.org/10.7910/DVN/LZHMG3
New Hampshire,1988,pres_plurality_winner_party,REPUBLICAN,https://doi.org/10.7910/DVN/42MVDX
New Hampshire,1988,pres_two_party_dem_pct,36.7664,https://doi.org/10.7910/DVN/42MVDX
New Hampshire,1988,pres_two_party_margin_dem,-26.4673,https://doi.org/10.7910/DVN/42MVDX
New Hampshire,1989,gov_party,R,https://doi.org/10.7910/DVN/LZHMG3
New Hampshire,1989,leg_control,R,https://doi.org/10.7910/DVN/LZHMG3
New Hampshire,1990,gov_party,R,https://doi.org/10.7910/DVN/LZHMG3
New Hampshire,1990,leg_control,R,https://doi.org/10.7910/DVN/LZHMG3
New Hampshire,1991,gov_party,R,https://doi.org/10.7910/DVN/LZHMG3
New Hampshire,1991,leg_control,R,https://doi.org/10.7910/DVN/LZHMG3
New Hampshire,1992,gov_party,R,https://doi.org/10.7910/DVN/LZHMG3
New Hampshire,1992,leg_control,R,https://doi.org/10.7910/DVN/LZHMG3
New Hampshire,1992,pres_plurality_winner_party,DEMOCRAT,https://doi.org/10.7910/DVN/42MVDX
New Hampshire,1992,pres_two_party_dem_pct,50.7966,https://doi.org/10.7910/DVN/42MVDX
New Hampshire,1992,pres_two_party_margin_dem,1.5931,https://doi.org/10.7910/DVN/42MVDX
New Hampshire,1993,gov_party,R,https://doi.org/10.7910/DVN/LZHMG3
New Hampshire,1993,leg_control,R,https://doi.org/10.7910/DVN/LZHMG3
New Hampshire,1994,gov_party,R,https://doi.org/10.7910/DVN/LZHMG3
New Hampshire,1994,leg_control,R,https://doi.org/10.7910/DVN/LZHMG3
New Hampshire,1995,gov_party,R,https://doi.org/10.7910/DVN/LZHMG3
New Hampshire,1995,leg_control,R,https://doi.org/10.7910/DVN/LZHMG3
New Hampshire,1996,gov_party,R,https://doi.org/10.7910/DVN/LZHMG3
New Hampshire,1996,leg_control,R,https://doi.org/10.7910/DVN/LZHMG3
New Hampshire,1996,pres_plurality_winner_party,DEMOCRAT,https://doi.org/10.7910/DVN/42MVDX
New Hampshire,1996,pres_two_party_dem_pct,55.6116,https://doi.org/10.7910/DVN/42MVDX
New Hampshire,1996,pres_two_party_margin_dem,11.2233,https://doi.org/10.7910/DVN/42MVDX
New Hampshire,1997,gov_party,D,https://doi.org/10.7910/DVN/LZHMG3
New Hampshire,1997,leg_control,R,https://doi.org/10.7910/DVN/LZHMG3
New Hampshire,1998,gov_party,D,https://doi.org/10.7910/DVN/LZHMG3
New Hampshire,1998,leg_control,R,https://doi.org/10.7910/DVN/LZHMG3
New Hampshire,1999,gov_party,D,https://doi.org/10.7910/DVN/LZHMG3
New Hampshire,1999,leg_control,Split,https://doi.org/10.7910/DVN/LZHMG3
New Hampshire,2000,gov_party,D,https://doi.org/10.7910/DVN/LZHMG3
New Hampshire,2000,leg_control,Split,https://doi.org/10.7910/DVN/LZHMG3
New Hampshire,2000,pres_plurality_winner_party,REPUBLICAN,https://doi.org/10.7910/DVN/42MVDX
New Hampshire,2000,pres_two_party_dem_pct,49.3322,https://doi.org/10.7910/DVN/42MVDX
New Hampshire,2000,pres_two_party_margin_dem,-1.3356,https://doi.org/10.7910/DVN/42MVDX
New Hampshire,2001,gov_party,D,https://doi.org/10.7910/DVN/LZHMG3
New Hampshire,2001,leg_control,R,https://doi.org/10.7910/DVN/LZHMG3
New Hampshire,2002,gov_party,D,https://doi.org/10.7910/DVN/LZHMG3
New Hampshire,2002,leg_control,R,https://doi.org/10.7910/DVN/LZHMG3
New Hampshire,2003,gov_party,R,https://doi.org/10.7910/DVN/LZHMG3
New Hampshire,2003,leg_control,R,https://doi.org/10.7910/DVN/LZHMG3
New Hampshire,2004,gov_party,R,https://doi.org/10.7910/DVN/LZHMG3
New Hampshire,2004,leg_control,R,https://doi.org/10.7910/DVN/LZHMG3
New Hampshire,2004,pres_plurality_winner_party,DEMOCRAT,https://doi.org/10.7910/DVN/42MVDX
New Hampshire,2004,pres_two_party_dem_pct,50.6903,https://doi.org/10.7910/DVN/42MVDX
New Hampshire,2004,pres_two_party_margin_dem,1.3806,https://doi.org/10.7910/DVN/42MVDX
New Hampshire,2005,gov_party,D,https://doi.org/10.7910/DVN/LZHMG3
New Hampshire,2005,leg_control,R,https://doi.org/10.7910/DVN/LZHMG3
New Hampshire,2006,gov_party,D,https://doi.org/10.7910/DVN/LZHMG3
New Hampshire,2006,leg_control,R,https://doi.org/10.7910/DVN/LZHMG3
New Hampshire,2007,gov_party,D,https://doi.org/10.7910/DVN/LZHMG3
New Hampshire,2007,leg_control,D,https://doi.org/10.7910/DVN/LZHMG3
New Hampshire,2008,gov_party,D,https://doi.org/10.7910/DVN/LZHMG3
New Hampshire,2008,leg_control,D,https://doi.org/10.7910/DVN/LZHMG3
New Hampshire,2008,pres_plurality_winner_party,DEMOCRAT,https://doi.org/10.7910/DVN/42MVDX
New Hampshire,2008,pres_two_party_dem_pct,54.8685,https://doi.org/10.7910/DVN/42MVDX
New Hampshire,2008,pres_two_party_margin_dem,9.7371,https://doi.org/10.7910/DVN/42MVDX
New Hampshire,2009,gov_party,D,https://doi.org/10.7910/DVN/LZHMG3
New Hampshire,2009,leg_control,D,https://doi.org/10.7910/DVN/LZHMG3
New Hampshire,2010,gov_party,D,https://doi.org/10.7910/DVN/LZHMG3
New Hampshire,2010,leg_control,D,https://doi.org/10.7910/DVN/LZHMG3
New Hampshire,2011,gov_party,D,https://doi.org/10.7910/DVN/LZHMG3
New Hampshire,2011,leg_control,R,https://doi.org/10.7910/DVN/LZHMG3
New Hampshire,2012,pres_plurality_winner_party,DEMOCRAT,https://doi.org/10.7910/DVN/42MVDX
New Hampshire,2012,pres_two_party_dem_pct,52.8338,https://doi.org/10.7910/DVN/42MVDX
New Hampshire,2012,pres_two_party_margin_dem,5.6675,https://doi.org/10.7910/DVN/42MVDX
New Hampshire,2016,pres_plurality_winner_party,DEMOCRAT,https://doi.org/10.7910/DVN/42MVDX
New Hampshire,2016,pres_two_party_dem_pct,50.197,https://doi.org/10.7910/DVN/42MVDX
New Hampshire,2016,pres_two_party_margin_dem,0.3941,https://doi.org/10.7910/DVN/42MVDX
New Hampshire,2020,pres_plurality_winner_party,DEMOCRAT,https://doi.org/10.7910/DVN/42MVDX
New Hampshire,2020,pres_two_party_dem_pct,53.7483,https://doi.org/10.7910/DVN/42MVDX
New Hampshire,2020,pres_two_party_margin_dem,7.4967,https://doi.org/10.7910/DVN/42MVDX
New Hampshire,2024,pres_plurality_winner_party,DEMOCRAT,https://doi.org/10.7910/DVN/42MVDX
New Hampshire,2024,pres_two_party_dem_pct,51.4106,https://doi.org/10.7910/DVN/42MVDX
New Hampshire,2024,pres_two_party_margin_dem,2.8212,https://doi.org/10.7910/DVN/42MVDX
New Hampshire,2026,gov_party_ncsl,R,https://www.ncsl.org/about-state-legislatures/state-partisan-composition
New Hampshire,2026,house_dem_seats,177,https://www.ncsl.org/about-state-legislatures/state-partisan-composition
New Hampshire,2026,house_rep_seats,215,https://www.ncsl.org/about-state-legislatures/state-partisan-composition
New Hampshire,2026,house_total_seats,400,https://www.ncsl.org/about-state-legislatures/state-partisan-composition
New Hampshire,2026,leg_control_ncsl,R,https://www.ncsl.org/about-state-legislatures/state-partisan-composition
New Hampshire,2026,senate_dem_seats,8,https://www.ncsl.org/about-state-legislatures/state-partisan-composition
New Hampshire,2026,senate_rep_seats,16,https://www.ncsl.org/about-state-legislatures/state-partisan-composition
New Hampshire,2026,senate_total_seats,24,https://www.ncsl.org/about-state-legislatures/state-partisan-composition
New Hampshire,2026,state_control_ncsl,R,https://www.ncsl.org/about-state-legislatures/state-partisan-composition
New Jersey,1976,gov_party,D,https://doi.org/10.7910/DVN/LZHMG3
New Jersey,1976,leg_control,D,https://doi.org/10.7910/DVN/LZHMG3
New Jersey,1976,pres_plurality_winner_party,REPUBLICAN,https://doi.org/10.7910/DVN/42MVDX
New Jersey,1976,pres_two_party_dem_pct,48.8993,https://doi.org/10.7910/DVN/42MVDX
New Jersey,1976,pres_two_party_margin_dem,-2.2013,https://doi.org/10.7910/DVN/42MVDX
New Jersey,1977,gov_party,D,https://doi.org/10.7910/DVN/LZHMG3
New Jersey,1977,leg_control,D,https://doi.org/10.7910/DVN/LZHMG3
New Jersey,1978,gov_party,D,https://doi.org/10.7910/DVN/LZHMG3
New Jersey,1978,leg_control,D,https://doi.org/10.7910/DVN/LZHMG3
New Jersey,1979,gov_party,D,https://doi.org/10.7910/DVN/LZHMG3
New Jersey,1979,leg_control,D,https://doi.org/10.7910/DVN/LZHMG3
New Jersey,1980,gov_party,D,https://doi.org/10.7910/DVN/LZHMG3
New Jersey,1980,leg_control,D,https://doi.org/10.7910/DVN/LZHMG3
New Jersey,1980,pres_plurality_winner_party,REPUBLICAN,https://doi.org/10.7910/DVN/42MVDX
New Jersey,1980,pres_two_party_dem_pct,42.5909,https://doi.org/10.7910/DVN/42MVDX
New Jersey,1980,pres_two_party_margin_dem,-14.8183,https://doi.org/10.7910/DVN/42MVDX
New Jersey,1981,gov_party,D,https://doi.org/10.7910/DVN/LZHMG3
New Jersey,1981,leg_control,D,https://doi.org/10.7910/DVN/LZHMG3
New Jersey,1982,gov_party,R,https://doi.org/10.7910/DVN/LZHMG3
New Jersey,1982,leg_control,D,https://doi.org/10.7910/DVN/LZHMG3
New Jersey,1983,gov_party,R,https://doi.org/10.7910/DVN/LZHMG3
New Jersey,1983,leg_control,D,https://doi.org/10.7910/DVN/LZHMG3
New Jersey,1984,gov_party,R,https://doi.org/10.7910/DVN/LZHMG3
New Jersey,1984,leg_control,D,https://doi.org/10.7910/DVN/LZHMG3
New Jersey,1984,pres_plurality_winner_party,REPUBLICAN,https://doi.org/10.7910/DVN/42MVDX
New Jersey,1984,pres_two_party_dem_pct,39.4786,https://doi.org/10.7910/DVN/42MVDX
New Jersey,1984,pres_two_party_margin_dem,-21.0428,https://doi.org/10.7910/DVN/42MVDX
New Jersey,1985,gov_party,R,https://doi.org/10.7910/DVN/LZHMG3
New Jersey,1985,leg_control,D,https://doi.org/10.7910/DVN/LZHMG3
New Jersey,1986,gov_party,R,https://doi.org/10.7910/DVN/LZHMG3
New Jersey,1986,leg_control,Split,https://doi.org/10.7910/DVN/LZHMG3
New Jersey,1987,gov_party,R,https://doi.org/10.7910/DVN/LZHMG3
New Jersey,1987,leg_control,Split,https://doi.org/10.7910/DVN/LZHMG3
New Jersey,1988,gov_party,R,https://doi.org/10.7910/DVN/LZHMG3
New Jersey,1988,leg_control,Split,https://doi.org/10.7910/DVN/LZHMG3
New Jersey,1988,pres_plurality_winner_party,REPUBLICAN,https://doi.org/10.7910/DVN/42MVDX
New Jersey,1988,pres_two_party_dem_pct,43.0988,https://doi.org/10.7910/DVN/42MVDX
New Jersey,1988,pres_two_party_margin_dem,-13.8023,https://doi.org/10.7910/DVN/42MVDX
New Jersey,1989,gov_party,R,https://doi.org/10.7910/DVN/LZHMG3
New Jersey,1989,leg_control,Split,https://doi.org/10.7910/DVN/LZHMG3
New Jersey,1990,gov_party,D,https://doi.org/10.7910/DVN/LZHMG3
New Jersey,1990,leg_control,D,https://doi.org/10.7910/DVN/LZHMG3
New Jersey,1991,gov_party,D,https://doi.org/10.7910/DVN/LZHMG3
New Jersey,1991,leg_control,D,https://doi.org/10.7910/DVN/LZHMG3
New Jersey,1992,gov_party,D,https://doi.org/10.7910/DVN/LZHMG3
New Jersey,1992,leg_control,R,https://doi.org/10.7910/DVN/LZHMG3
New Jersey,1992,pres_plurality_winner_party,DEMOCRAT,https://doi.org/10.7910/DVN/42MVDX
New Jersey,1992,pres_two_party_dem_pct,51.4203,https://doi.org/10.7910/DVN/42MVDX
New Jersey,1992,pres_two_party_margin_dem,2.8406,https://doi.org/10.7910/DVN/42MVDX
New Jersey,1993,gov_party,D,https://doi.org/10.7910/DVN/LZHMG3
New Jersey,1993,leg_control,R,https://doi.org/10.7910/DVN/LZHMG3
New Jersey,1994,gov_party,R,https://doi.org/10.7910/DVN/LZHMG3
New Jersey,1994,leg_control,R,https://doi.org/10.7910/DVN/LZHMG3
New Jersey,1995,gov_party,R,https://doi.org/10.7910/DVN/LZHMG3
New Jersey,1995,leg_control,R,https://doi.org/10.7910/DVN/LZHMG3
New Jersey,1996,gov_party,R,https://doi.org/10.7910/DVN/LZHMG3
New Jersey,1996,leg_control,R,https://doi.org/10.7910/DVN/LZHMG3
New Jersey,1996,pres_plurality_winner_party,DEMOCRAT,https://doi.org/10.7910/DVN/42MVDX
New Jersey,1996,pres_two_party_dem_pct,59.9668,https://doi.org/10.7910/DVN/42MVDX
New Jersey,1996,pres_two_party_margin_dem,19.9336,https://doi.org/10.7910/DVN/42MVDX
New Jersey,1997,gov_party,R,https://doi.org/10.7910/DVN/LZHMG3
New Jersey,1997,leg_control,R,https://doi.org/10.7910/DVN/LZHMG3
New Jersey,1998,gov_party,R,https://doi.org/10.7910/DVN/LZHMG3
New Jersey,1998,leg_control,R,https://doi.org/10.7910/DVN/LZHMG3
New Jersey,1999,gov_party,R,https://doi.org/10.7910/DVN/LZHMG3
New Jersey,1999,leg_control,R,https://doi.org/10.7910/DVN/LZHMG3
New Jersey,2000,gov_party,R,https://doi.org/10.7910/DVN/LZHMG3
New Jersey,2000,leg_control,R,https://doi.org/10.7910/DVN/LZHMG3
New Jersey,2000,pres_plurality_winner_party,DEMOCRAT,https://doi.org/10.7910/DVN/42MVDX
New Jersey,2000,pres_two_party_dem_pct,58.2114,https://doi.org/10.7910/DVN/42MVDX
New Jersey,2000,pres_two_party_margin_dem,16.4228,https://doi.org/10.7910/DVN/42MVDX
New Jersey,2001,gov_party,R,https://doi.org/10.7910/DVN/LZHMG3
New Jersey,2001,leg_control,R,https://doi.org/10.7910/DVN/LZHMG3
New Jersey,2002,gov_party,D,https://doi.org/10.7910/DVN/LZHMG3
New Jersey,2002,leg_control,Split,https://doi.org/10.7910/DVN/LZHMG3
New Jersey,2003,gov_party,D,https://doi.org/10.7910/DVN/LZHMG3
New Jersey,2003,leg_control,Split,https://doi.org/10.7910/DVN/LZHMG3
New Jersey,2004,gov_party,D,https://doi.org/10.7910/DVN/LZHMG3
New Jersey,2004,leg_control,D,https://doi.org/10.7910/DVN/LZHMG3
New Jersey,2004,pres_plurality_winner_party,DEMOCRAT,https://doi.org/10.7910/DVN/42MVDX
New Jersey,2004,pres_two_party_dem_pct,53.3705,https://doi.org/10.7910/DVN/42MVDX
New Jersey,2004,pres_two_party_margin_dem,6.7411,https://doi.org/10.7910/DVN/42MVDX
New Jersey,2005,gov_party,D,https://doi.org/10.7910/DVN/LZHMG3
New Jersey,2005,leg_control,D,https://doi.org/10.7910/DVN/LZHMG3
New Jersey,2006,gov_party,D,https://doi.org/10.7910/DVN/LZHMG3
New Jersey,2006,leg_control,D,https://doi.org/10.7910/DVN/LZHMG3
New Jersey,2007,gov_party,D,https://doi.org/10.7910/DVN/LZHMG3
New Jersey,2007,leg_control,D,https://doi.org/10.7910/DVN/LZHMG3
New Jersey,2008,gov_party,D,https://doi.org/10.7910/DVN/LZHMG3
New Jersey,2008,leg_control,D,https://doi.org/10.7910/DVN/LZHMG3
New Jersey,2008,pres_plurality_winner_party,DEMOCRAT,https://doi.org/10.7910/DVN/42MVDX
New Jersey,2008,pres_two_party_dem_pct,57.8646,https://doi.org/10.7910/DVN/42MVDX
New Jersey,2008,pres_two_party_margin_dem,15.7293,https://doi.org/10.7910/DVN/42MVDX
New Jersey,2009,gov_party,D,https://doi.org/10.7910/DVN/LZHMG3
New Jersey,2009,leg_control,D,https://doi.org/10.7910/DVN/LZHMG3
New Jersey,2010,gov_party,R,https://doi.org/10.7910/DVN/LZHMG3
New Jersey,2010,leg_control,D,https://doi.org/10.7910/DVN/LZHMG3
New Jersey,2011,gov_party,R,https://doi.org/10.7910/DVN/LZHMG3
New Jersey,2011,leg_control,D,https://doi.org/10.7910/DVN/LZHMG3
New Jersey,2012,pres_plurality_winner_party,DEMOCRAT,https://doi.org/10.7910/DVN/42MVDX
New Jersey,2012,pres_two_party_dem_pct,58.952,https://doi.org/10.7910/DVN/42MVDX
New Jersey,2012,pres_two_party_margin_dem,17.9039,https://doi.org/10.7910/DVN/42MVDX
New Jersey,2016,pres_plurality_winner_party,DEMOCRAT,https://doi.org/10.7910/DVN/42MVDX
New Jersey,2016,pres_two_party_dem_pct,57.2842,https://doi.org/10.7910/DVN/42MVDX
New Jersey,2016,pres_two_party_margin_dem,14.5684,https://doi.org/10.7910/DVN/42MVDX
New Jersey,2020,pres_plurality_winner_party,DEMOCRAT,https://doi.org/10.7910/DVN/42MVDX
New Jersey,2020,pres_two_party_dem_pct,58.0713,https://doi.org/10.7910/DVN/42MVDX
New Jersey,2020,pres_two_party_margin_dem,16.1426,https://doi.org/10.7910/DVN/42MVDX
New Jersey,2024,pres_plurality_winner_party,DEMOCRAT,https://doi.org/10.7910/DVN/42MVDX
New Jersey,2024,pres_two_party_dem_pct,53.0139,https://doi.org/10.7910/DVN/42MVDX
New Jersey,2024,pres_two_party_margin_dem,6.0277,https://doi.org/10.7910/DVN/42MVDX
New Jersey,2026,gov_party_ncsl,D,https://www.ncsl.org/about-state-legislatures/state-partisan-composition
New Jersey,2026,house_dem_seats,57,https://www.ncsl.org/about-state-legislatures/state-partisan-composition
New Jersey,2026,house_rep_seats,23,https://www.ncsl.org/about-state-legislatures/state-partisan-composition
New Jersey,2026,house_total_seats,80,https://www.ncsl.org/about-state-legislatures/state-partisan-composition
New Jersey,2026,leg_control_ncsl,D,https://www.ncsl.org/about-state-legislatures/state-partisan-composition
New Jersey,2026,senate_dem_seats,25,https://www.ncsl.org/about-state-legislatures/state-partisan-composition
New Jersey,2026,senate_rep_seats,15,https://www.ncsl.org/about-state-legislatures/state-partisan-composition
New Jersey,2026,senate_total_seats,40,https://www.ncsl.org/about-state-legislatures/state-partisan-composition
New Jersey,2026,state_control_ncsl,D,https://www.ncsl.org/about-state-legislatures/state-partisan-composition
New Mexico,1976,gov_party,D,https://doi.org/10.7910/DVN/LZHMG3
New Mexico,1976,leg_control,D,https://doi.org/10.7910/DVN/LZHMG3
New Mexico,1976,pres_plurality_winner_party,REPUBLICAN,https://doi.org/10.7910/DVN/42MVDX
New Mexico,1976,pres_two_party_dem_pct,48.7552,https://doi.org/10.7910/DVN/42MVDX
New Mexico,1976,pres_two_party_margin_dem,-2.4895,https://doi.org/10.7910/DVN/42MVDX
New Mexico,1977,gov_party,D,https://doi.org/10.7910/DVN/LZHMG3
New Mexico,1977,leg_control,D,https://doi.org/10.7910/DVN/LZHMG3
New Mexico,1978,gov_party,D,https://doi.org/10.7910/DVN/LZHMG3
New Mexico,1978,leg_control,D,https://doi.org/10.7910/DVN/LZHMG3
New Mexico,1979,gov_party,D,https://doi.org/10.7910/DVN/LZHMG3
New Mexico,1979,leg_control,D,https://doi.org/10.7910/DVN/LZHMG3
New Mexico,1980,gov_party,D,https://doi.org/10.7910/DVN/LZHMG3
New Mexico,1980,leg_control,D,https://doi.org/10.7910/DVN/LZHMG3
New Mexico,1980,pres_plurality_winner_party,REPUBLICAN,https://doi.org/10.7910/DVN/42MVDX
New Mexico,1980,pres_two_party_dem_pct,40.0917,https://doi.org/10.7910/DVN/42MVDX
New Mexico,1980,pres_two_party_margin_dem,-19.8165,https://doi.org/10.7910/DVN/42MVDX
New Mexico,1981,gov_party,D,https://doi.org/10.7910/DVN/LZHMG3
New Mexico,1981,leg_control,D,https://doi.org/10.7910/DVN/LZHMG3
New Mexico,1982,gov_party,D,https://doi.org/10.7910/DVN/LZHMG3
New Mexico,1982,leg_control,D,https://doi.org/10.7910/DVN/LZHMG3
New Mexico,1983,gov_party,D,https://doi.org/10.7910/DVN/LZHMG3
New Mexico,1983,leg_control,D,https://doi.org/10.7910/DVN/LZHMG3
New Mexico,1984,gov_party,D,https://doi.org/10.7910/DVN/LZHMG3
New Mexico,1984,leg_control,D,https://doi.org/10.7910/DVN/LZHMG3
New Mexico,1984,pres_plurality_winner_party,REPUBLICAN,https://doi.org/10.7910/DVN/42MVDX
New Mexico,1984,pres_two_party_dem_pct,39.6504,https://doi.org/10.7910/DVN/42MVDX
New Mexico,1984,pres_two_party_margin_dem,-20.6992,https://doi.org/10.7910/DVN/42MVDX
New Mexico,1985,gov_party,D,https://doi.org/10.7910/DVN/LZHMG3
New Mexico,1985,leg_control,Split,https://doi.org/10.7910/DVN/LZHMG3
New Mexico,1986,gov_party,D,https://doi.org/10.7910/DVN/LZHMG3
New Mexico,1986,leg_control,Split,https://doi.org/10.7910/DVN/LZHMG3
New Mexico,1987,gov_party,R,https://doi.org/10.7910/DVN/LZHMG3
New Mexico,1987,leg_control,Split,https://doi.org/10.7910/DVN/LZHMG3
New Mexico,1988,gov_party,R,https://doi.org/10.7910/DVN/LZHMG3
New Mexico,1988,leg_control,Split,https://doi.org/10.7910/DVN/LZHMG3
New Mexico,1988,pres_plurality_winner_party,REPUBLICAN,https://doi.org/10.7910/DVN/42MVDX
New Mexico,1988,pres_two_party_dem_pct,47.4901,https://doi.org/10.7910/DVN/42MVDX
New Mexico,1988,pres_two_party_margin_dem,-5.0198,https://doi.org/10.7910/DVN/42MVDX
New Mexico,1989,gov_party,R,https://doi.org/10.7910/DVN/LZHMG3
New Mexico,1989,leg_control,D,https://doi.org/10.7910/DVN/LZHMG3
New Mexico,1990,gov_party,R,https://doi.org/10.7910/DVN/LZHMG3
New Mexico,1990,leg_control,D,https://doi.org/10.7910/DVN/LZHMG3
New Mexico,1991,gov_party,D,https://doi.org/10.7910/DVN/LZHMG3
New Mexico,1991,leg_control,D,https://doi.org/10.7910/DVN/LZHMG3
New Mexico,1992,gov_party,D,https://doi.org/10.7910/DVN/LZHMG3
New Mexico,1992,leg_control,D,https://doi.org/10.7910/DVN/LZHMG3
New Mexico,1992,pres_plurality_winner_party,DEMOCRAT,https://doi.org/10.7910/DVN/42MVDX
New Mexico,1992,pres_two_party_dem_pct,55.1422,https://doi.org/10.7910/DVN/42MVDX
New Mexico,1992,pres_two_party_margin_dem,10.2843,https://doi.org/10.7910/DVN/42MVDX
New Mexico,1993,gov_party,D,https://doi.org/10.7910/DVN/LZHMG3
New Mexico,1993,leg_control,D,https://doi.org/10.7910/DVN/LZHMG3
New Mexico,1994,gov_party,D,https://doi.org/10.7910/DVN/LZHMG3
New Mexico,1994,leg_control,D,https://doi.org/10.7910/DVN/LZHMG3
New Mexico,1995,gov_party,R,https://doi.org/10.7910/DVN/LZHMG3
New Mexico,1995,leg_control,D,https://doi.org/10.7910/DVN/LZHMG3
New Mexico,1996,gov_party,R,https://doi.org/10.7910/DVN/LZHMG3
New Mexico,1996,leg_control,D,https://doi.org/10.7910/DVN/LZHMG3
New Mexico,1996,pres_plurality_winner_party,DEMOCRAT,https://doi.org/10.7910/DVN/42MVDX
New Mexico,1996,pres_two_party_dem_pct,54.0241,https://doi.org/10.7910/DVN/42MVDX
New Mexico,1996,pres_two_party_margin_dem,8.0483,https://doi.org/10.7910/DVN/42MVDX
New Mexico,1997,gov_party,R,https://doi.org/10.7910/DVN/LZHMG3
New Mexico,1997,leg_control,D,https://doi.org/10.7910/DVN/LZHMG3
New Mexico,1998,gov_party,R,https://doi.org/10.7910/DVN/LZHMG3
New Mexico,1998,leg_control,D,https://doi.org/10.7910/DVN/LZHMG3
New Mexico,1999,gov_party,R,https://doi.org/10.7910/DVN/LZHMG3
New Mexico,1999,leg_control,D,https://doi.org/10.7910/DVN/LZHMG3
New Mexico,2000,gov_party,R,https://doi.org/10.7910/DVN/LZHMG3
New Mexico,2000,leg_control,D,https://doi.org/10.7910/DVN/LZHMG3
New Mexico,2000,pres_plurality_winner_party,DEMOCRAT,https://doi.org/10.7910/DVN/42MVDX
New Mexico,2000,pres_two_party_dem_pct,50.0319,https://doi.org/10.7910/DVN/42MVDX
New Mexico,2000,pres_two_party_margin_dem,0.0639,https://doi.org/10.7910/DVN/42MVDX
New Mexico,2001,gov_party,R,https://doi.org/10.7910/DVN/LZHMG3
New Mexico,2001,leg_control,D,https://doi.org/10.7910/DVN/LZHMG3
New Mexico,2002,gov_party,R,https://doi.org/10.7910/DVN/LZHMG3
New Mexico,2002,leg_control,D,https://doi.org/10.7910/DVN/LZHMG3
New Mexico,2003,gov_party,D,https://doi.org/10.7910/DVN/LZHMG3
New Mexico,2003,leg_control,D,https://doi.org/10.7910/DVN/LZHMG3
New Mexico,2004,gov_party,D,https://doi.org/10.7910/DVN/LZHMG3
New Mexico,2004,leg_control,D,https://doi.org/10.7910/DVN/LZHMG3
New Mexico,2004,pres_plurality_winner_party,REPUBLICAN,https://doi.org/10.7910/DVN/42MVDX
New Mexico,2004,pres_two_party_dem_pct,49.5997,https://doi.org/10.7910/DVN/42MVDX
New Mexico,2004,pres_two_party_margin_dem,-0.8007,https://doi.org/10.7910/DVN/42MVDX
New Mexico,2005,gov_party,D,https://doi.org/10.7910/DVN/LZHMG3
New Mexico,2005,leg_control,D,https://doi.org/10.7910/DVN/LZHMG3
New Mexico,2006,gov_party,D,https://doi.org/10.7910/DVN/LZHMG3
New Mexico,2006,leg_control,D,https://doi.org/10.7910/DVN/LZHMG3
New Mexico,2007,gov_party,D,https://doi.org/10.7910/DVN/LZHMG3
New Mexico,2007,leg_control,D,https://doi.org/10.7910/DVN/LZHMG3
New Mexico,2008,gov_party,D,https://doi.org/10.7910/DVN/LZHMG3
New Mexico,2008,leg_control,D,https://doi.org/10.7910/DVN/LZHMG3
New Mexico,2008,pres_plurality_winner_party,DEMOCRAT,https://doi.org/10.7910/DVN/42MVDX
New Mexico,2008,pres_two_party_dem_pct,57.6649,https://doi.org/10.7910/DVN/42MVDX
New Mexico,2008,pres_two_party_margin_dem,15.3298,https://doi.org/10.7910/DVN/42MVDX
New Mexico,2009,gov_party,D,https://doi.org/10.7910/DVN/LZHMG3
New Mexico,2009,leg_control,D,https://doi.org/10.7910/DVN/LZHMG3
New Mexico,2010,gov_party,D,https://doi.org/10.7910/DVN/LZHMG3
New Mexico,2010,leg_control,D,https://doi.org/10.7910/DVN/LZHMG3
New Mexico,2011,gov_party,R,https://doi.org/10.7910/DVN/LZHMG3
New Mexico,2011,leg_control,D,https://doi.org/10.7910/DVN/LZHMG3
New Mexico,2012,pres_plurality_winner_party,DEMOCRAT,https://doi.org/10.7910/DVN/42MVDX
New Mexico,2012,pres_two_party_dem_pct,55.2952,https://doi.org/10.7910/DVN/42MVDX
New Mexico,2012,pres_two_party_margin_dem,10.5904,https://doi.org/10.7910/DVN/42MVDX
New Mexico,2016,pres_plurality_winner_party,DEMOCRAT,https://doi.org/10.7910/DVN/42MVDX
New Mexico,2016,pres_two_party_dem_pct,54.6508,https://doi.org/10.7910/DVN/42MVDX
New Mexico,2016,pres_two_party_margin_dem,9.3016,https://doi.org/10.7910/DVN/42MVDX
New Mexico,2020,pres_plurality_winner_party,DEMOCRAT,https://doi.org/10.7910/DVN/42MVDX
New Mexico,2020,pres_two_party_dem_pct,55.5185,https://doi.org/10.7910/DVN/42MVDX
New Mexico,2020,pres_two_party_margin_dem,11.037,https://doi.org/10.7910/DVN/42MVDX
New Mexico,2024,pres_plurality_winner_party,DEMOCRAT,https://doi.org/10.7910/DVN/42MVDX
New Mexico,2024,pres_two_party_dem_pct,53.0709,https://doi.org/10.7910/DVN/42MVDX
New Mexico,2024,pres_two_party_margin_dem,6.1418,https://doi.org/10.7910/DVN/42MVDX
New Mexico,2026,gov_party_ncsl,D,https://www.ncsl.org/about-state-legislatures/state-partisan-composition
New Mexico,2026,house_dem_seats,44,https://www.ncsl.org/about-state-legislatures/state-partisan-composition
New Mexico,2026,house_rep_seats,26,https://www.ncsl.org/about-state-legislatures/state-partisan-composition
New Mexico,2026,house_total_seats,70,https://www.ncsl.org/about-state-legislatures/state-partisan-composition
New Mexico,2026,leg_control_ncsl,D,https://www.ncsl.org/about-state-legislatures/state-partisan-composition
New Mexico,2026,senate_dem_seats,26,https://www.ncsl.org/about-state-legislatures/state-partisan-composition
New Mexico,2026,senate_rep_seats,16,https://www.ncsl.org/about-state-legislatures/state-partisan-composition
New Mexico,2026,senate_total_seats,42,https://www.ncsl.org/about-state-legislatures/state-partisan-composition
New Mexico,2026,state_control_ncsl,D,https://www.ncsl.org/about-state-legislatures/state-partisan-composition
New York,1976,gov_party,D,https://doi.org/10.7910/DVN/LZHMG3
New York,1976,leg_control,Split,https://doi.org/10.7910/DVN/LZHMG3
New York,1976,pres_plurality_winner_party,DEMOCRAT,https://doi.org/10.7910/DVN/42MVDX
New York,1976,pres_two_party_dem_pct,53.4452,https://doi.org/10.7910/DVN/42MVDX
New York,1976,pres_two_party_margin_dem,6.8904,https://doi.org/10.7910/DVN/42MVDX
New York,1977,gov_party,D,https://doi.org/10.7910/DVN/LZHMG3
New York,1977,leg_control,Split,https://doi.org/10.7910/DVN/LZHMG3
New York,1978,gov_party,D,https://doi.org/10.7910/DVN/LZHMG3
New York,1978,leg_control,Split,https://doi.org/10.7910/DVN/LZHMG3
New York,1979,gov_party,D,https://doi.org/10.7910/DVN/LZHMG3
New York,1979,leg_control,Split,https://doi.org/10.7910/DVN/LZHMG3
New York,1980,gov_party,D,https://doi.org/10.7910/DVN/LZHMG3
New York,1980,leg_control,Split,https://doi.org/10.7910/DVN/LZHMG3
New York,1980,pres_plurality_winner_party,DEMOCRAT,https://doi.org/10.7910/DVN/42MVDX
New York,1980,pres_two_party_dem_pct,50.8449,https://doi.org/10.7910/DVN/42MVDX
New York,1980,pres_two_party_margin_dem,1.6897,https://doi.org/10.7910/DVN/42MVDX
New York,1981,gov_party,D,https://doi.org/10.7910/DVN/LZHMG3
New York,1981,leg_control,Split,https://doi.org/10.7910/DVN/LZHMG3
New York,1982,gov_party,D,https://doi.org/10.7910/DVN/LZHMG3
New York,1982,leg_control,Split,https://doi.org/10.7910/DVN/LZHMG3
New York,1983,gov_party,D,https://doi.org/10.7910/DVN/LZHMG3
New York,1983,leg_control,Split,https://doi.org/10.7910/DVN/LZHMG3
New York,1984,gov_party,D,https://doi.org/10.7910/DVN/LZHMG3
New York,1984,leg_control,Split,https://doi.org/10.7910/DVN/LZHMG3
New York,1984,pres_plurality_winner_party,REPUBLICAN,https://doi.org/10.7910/DVN/42MVDX
New York,1984,pres_two_party_dem_pct,47.0583,https://doi.org/10.7910/DVN/42MVDX
New York,1984,pres_two_party_margin_dem,-5.8834,https://doi.org/10.7910/DVN/42MVDX
New York,1985,gov_party,D,https://doi.org/10.7910/DVN/LZHMG3
New York,1985,leg_control,Split,https://doi.org/10.7910/DVN/LZHMG3
New York,1986,gov_party,D,https://doi.org/10.7910/DVN/LZHMG3
New York,1986,leg_control,Split,https://doi.org/10.7910/DVN/LZHMG3
New York,1987,gov_party,D,https://doi.org/10.7910/DVN/LZHMG3
New York,1987,leg_control,Split,https://doi.org/10.7910/DVN/LZHMG3
New York,1988,gov_party,D,https://doi.org/10.7910/DVN/LZHMG3
New York,1988,leg_control,Split,https://doi.org/10.7910/DVN/LZHMG3
New York,1988,pres_plurality_winner_party,DEMOCRAT,https://doi.org/10.7910/DVN/42MVDX
New York,1988,pres_two_party_dem_pct,53.4221,https://doi.org/10.7910/DVN/42MVDX
New York,1988,pres_two_party_margin_dem,6.8441,https://doi.org/10.7910/DVN/42MVDX
New York,1989,gov_party,D,https://doi.org/10.7910/DVN/LZHMG3
New York,1989,leg_control,Split,https://doi.org/10.7910/DVN/LZHMG3
New York,1990,gov_party,D,https://doi.org/10.7910/DVN/LZHMG3
New York,1990,leg_control,Split,https://doi.org/10.7910/DVN/LZHMG3
New York,1991,gov_party,D,https://doi.org/10.7910/DVN/LZHMG3
New York,1991,leg_control,Split,https://doi.org/10.7910/DVN/LZHMG3
New York,1992,gov_party,D,https://doi.org/10.7910/DVN/LZHMG3
New York,1992,leg_control,Split,https://doi.org/10.7910/DVN/LZHMG3
New York,1992,pres_plurality_winner_party,DEMOCRAT,https://doi.org/10.7910/DVN/42MVDX
New York,1992,pres_two_party_dem_pct,62.1108,https://doi.org/10.7910/DVN/42MVDX
New York,1992,pres_two_party_margin_dem,24.2217,https://doi.org/10.7910/DVN/42MVDX
New York,1993,gov_party,D,https://doi.org/10.7910/DVN/LZHMG3
New York,1993,leg_control,Split,https://doi.org/10.7910/DVN/LZHMG3
New York,1994,gov_party,D,https://doi.org/10.7910/DVN/LZHMG3
New York,1994,leg_control,Split,https://doi.org/10.7910/DVN/LZHMG3
New York,1995,gov_party,R,https://doi.org/10.7910/DVN/LZHMG3
New York,1995,leg_control,Split,https://doi.org/10.7910/DVN/LZHMG3
New York,1996,gov_party,R,https://doi.org/10.7910/DVN/LZHMG3
New York,1996,leg_control,Split,https://doi.org/10.7910/DVN/LZHMG3
New York,1996,pres_plurality_winner_party,DEMOCRAT,https://doi.org/10.7910/DVN/42MVDX
New York,1996,pres_two_party_dem_pct,67.732,https://doi.org/10.7910/DVN/42MVDX
New York,1996,pres_two_party_margin_dem,35.4641,https://doi.org/10.7910/DVN/42MVDX
New York,1997,gov_party,R,https://doi.org/10.7910/DVN/LZHMG3
New York,1997,leg_control,Split,https://doi.org/10.7910/DVN/LZHMG3
New York,1998,gov_party,R,https://doi.org/10.7910/DVN/LZHMG3
New York,1998,leg_control,Split,https://doi.org/10.7910/DVN/LZHMG3
New York,1999,gov_party,R,https://doi.org/10.7910/DVN/LZHMG3
New York,1999,leg_control,Split,https://doi.org/10.7910/DVN/LZHMG3
New York,2000,gov_party,R,https://doi.org/10.7910/DVN/LZHMG3
New York,2000,leg_control,Split,https://doi.org/10.7910/DVN/LZHMG3
New York,2000,pres_plurality_winner_party,DEMOCRAT,https://doi.org/10.7910/DVN/42MVDX
New York,2000,pres_two_party_dem_pct,63.576,https://doi.org/10.7910/DVN/42MVDX
New York,2000,pres_two_party_margin_dem,27.152,https://doi.org/10.7910/DVN/42MVDX
New York,2001,gov_party,R,https://doi.org/10.7910/DVN/LZHMG3
New York,2001,leg_control,Split,https://doi.org/10.7910/DVN/LZHMG3
New York,2002,gov_party,R,https://doi.org/10.7910/DVN/LZHMG3
New York,2002,leg_control,Split,https://doi.org/10.7910/DVN/LZHMG3
New York,2003,gov_party,R,https://doi.org/10.7910/DVN/LZHMG3
New York,2003,leg_control,Split,https://doi.org/10.7910/DVN/LZHMG3
New York,2004,gov_party,R,https://doi.org/10.7910/DVN/LZHMG3
New York,2004,leg_control,Split,https://doi.org/10.7910/DVN/LZHMG3
New York,2004,pres_plurality_winner_party,DEMOCRAT,https://doi.org/10.7910/DVN/42MVDX
New York,2004,pres_two_party_dem_pct,59.8298,https://doi.org/10.7910/DVN/42MVDX
New York,2004,pres_two_party_margin_dem,19.6596,https://doi.org/10.7910/DVN/42MVDX
New York,2005,gov_party,R,https://doi.org/10.7910/DVN/LZHMG3
New York,2005,leg_control,Split,https://doi.org/10.7910/DVN/LZHMG3
New York,2006,gov_party,R,https://doi.org/10.7910/DVN/LZHMG3
New York,2006,leg_control,Split,https://doi.org/10.7910/DVN/LZHMG3
New York,2007,gov_party,D,https://doi.org/10.7910/DVN/LZHMG3
New York,2007,leg_control,Split,https://doi.org/10.7910/DVN/LZHMG3
New York,2008,gov_party,D,https://doi.org/10.7910/DVN/LZHMG3
New York,2008,leg_control,Split,https://doi.org/10.7910/DVN/LZHMG3
New York,2008,pres_plurality_winner_party,DEMOCRAT,https://doi.org/10.7910/DVN/42MVDX
New York,2008,pres_two_party_dem_pct,65.7639,https://doi.org/10.7910/DVN/42MVDX
New York,2008,pres_two_party_margin_dem,31.5277,https://doi.org/10.7910/DVN/42MVDX
New York,2009,gov_party,D,https://doi.org/10.7910/DVN/LZHMG3
New York,2009,leg_control,D,https://doi.org/10.7910/DVN/LZHMG3
New York,2010,gov_party,D,https://doi.org/10.7910/DVN/LZHMG3
New York,2010,leg_control,D,https://doi.org/10.7910/DVN/LZHMG3
New York,2011,gov_party,D,https://doi.org/10.7910/DVN/LZHMG3
New York,2011,leg_control,Split,https://doi.org/10.7910/DVN/LZHMG3
New York,2012,pres_plurality_winner_party,DEMOCRAT,https://doi.org/10.7910/DVN/42MVDX
New York,2012,pres_two_party_dem_pct,66.0427,https://doi.org/10.7910/DVN/42MVDX
New York,2012,pres_two_party_margin_dem,32.0854,https://doi.org/10.7910/DVN/42MVDX
New York,2016,pres_plurality_winner_party,DEMOCRAT,https://doi.org/10.7910/DVN/42MVDX
New York,2016,pres_two_party_dem_pct,63.4115,https://doi.org/10.7910/DVN/42MVDX
New York,2016,pres_two_party_margin_dem,26.823,https://doi.org/10.7910/DVN/42MVDX
New York,2020,pres_plurality_winner_party,DEMOCRAT,https://doi.org/10.7910/DVN/42MVDX
New York,2020,pres_two_party_dem_pct,61.7168,https://doi.org/10.7910/DVN/42MVDX
New York,2020,pres_two_party_margin_dem,23.4337,https://doi.org/10.7910/DVN/42MVDX
New York,2024,pres_plurality_winner_party,DEMOCRAT,https://doi.org/10.7910/DVN/42MVDX
New York,2024,pres_two_party_dem_pct,56.3447,https://doi.org/10.7910/DVN/42MVDX
New York,2024,pres_two_party_margin_dem,12.6895,https://doi.org/10.7910/DVN/42MVDX
New York,2026,gov_party_ncsl,D,https://www.ncsl.org/about-state-legislatures/state-partisan-composition
New York,2026,house_dem_seats,103,https://www.ncsl.org/about-state-legislatures/state-partisan-composition
New York,2026,house_rep_seats,47,https://www.ncsl.org/about-state-legislatures/state-partisan-composition
New York,2026,house_total_seats,150,https://www.ncsl.org/about-state-legislatures/state-partisan-composition
New York,2026,leg_control_ncsl,D,https://www.ncsl.org/about-state-legislatures/state-partisan-composition
New York,2026,senate_dem_seats,41,https://www.ncsl.org/about-state-legislatures/state-partisan-composition
New York,2026,senate_rep_seats,22,https://www.ncsl.org/about-state-legislatures/state-partisan-composition
New York,2026,senate_total_seats,63,https://www.ncsl.org/about-state-legislatures/state-partisan-composition
New York,2026,state_control_ncsl,D,https://www.ncsl.org/about-state-legislatures/state-partisan-composition
North Carolina,1976,gov_party,R,https://doi.org/10.7910/DVN/LZHMG3
North Carolina,1976,leg_control,D,https://doi.org/10.7910/DVN/LZHMG3
North Carolina,1976,pres_plurality_winner_party,DEMOCRAT,https://doi.org/10.7910/DVN/42MVDX
North Carolina,1976,pres_two_party_dem_pct,55.5533,https://doi.org/10.7910/DVN/42MVDX
North Carolina,1976,pres_two_party_margin_dem,11.1066,https://doi.org/10.7910/DVN/42MVDX
North Carolina,1977,gov_party,D,https://doi.org/10.7910/DVN/LZHMG3
North Carolina,1977,leg_control,D,https://doi.org/10.7910/DVN/LZHMG3
North Carolina,1978,gov_party,D,https://doi.org/10.7910/DVN/LZHMG3
North Carolina,1978,leg_control,D,https://doi.org/10.7910/DVN/LZHMG3
North Carolina,1979,gov_party,D,https://doi.org/10.7910/DVN/LZHMG3
North Carolina,1979,leg_control,D,https://doi.org/10.7910/DVN/LZHMG3
North Carolina,1980,gov_party,D,https://doi.org/10.7910/DVN/LZHMG3
North Carolina,1980,leg_control,D,https://doi.org/10.7910/DVN/LZHMG3
North Carolina,1980,pres_plurality_winner_party,REPUBLICAN,https://doi.org/10.7910/DVN/42MVDX
North Carolina,1980,pres_two_party_dem_pct,48.9003,https://doi.org/10.7910/DVN/42MVDX
North Carolina,1980,pres_two_party_margin_dem,-2.1994,https://doi.org/10.7910/DVN/42MVDX
North Carolina,1981,gov_party,D,https://doi.org/10.7910/DVN/LZHMG3
North Carolina,1981,leg_control,D,https://doi.org/10.7910/DVN/LZHMG3
North Carolina,1982,gov_party,D,https://doi.org/10.7910/DVN/LZHMG3
North Carolina,1982,leg_control,D,https://doi.org/10.7910/DVN/LZHMG3
North Carolina,1983,gov_party,D,https://doi.org/10.7910/DVN/LZHMG3
North Carolina,1983,leg_control,D,https://doi.org/10.7910/DVN/LZHMG3
North Carolina,1984,gov_party,D,https://doi.org/10.7910/DVN/LZHMG3
North Carolina,1984,leg_control,D,https://doi.org/10.7910/DVN/LZHMG3
North Carolina,1984,pres_plurality_winner_party,REPUBLICAN,https://doi.org/10.7910/DVN/42MVDX
North Carolina,1984,pres_two_party_dem_pct,37.9721,https://doi.org/10.7910/DVN/42MVDX
North Carolina,1984,pres_two_party_margin_dem,-24.0557,https://doi.org/10.7910/DVN/42MVDX
North Carolina,1985,gov_party,R,https://doi.org/10.7910/DVN/LZHMG3
North Carolina,1985,leg_control,D,https://doi.org/10.7910/DVN/LZHMG3
North Carolina,1986,gov_party,R,https://doi.org/10.7910/DVN/LZHMG3
North Carolina,1986,leg_control,D,https://doi.org/10.7910/DVN/LZHMG3
North Carolina,1987,gov_party,R,https://doi.org/10.7910/DVN/LZHMG3
North Carolina,1987,leg_control,D,https://doi.org/10.7910/DVN/LZHMG3
North Carolina,1988,gov_party,R,https://doi.org/10.7910/DVN/LZHMG3
North Carolina,1988,leg_control,D,https://doi.org/10.7910/DVN/LZHMG3
North Carolina,1988,pres_plurality_winner_party,REPUBLICAN,https://doi.org/10.7910/DVN/42MVDX
North Carolina,1988,pres_two_party_dem_pct,41.8425,https://doi.org/10.7910/DVN/42MVDX
North Carolina,1988,pres_two_party_margin_dem,-16.3151,https://doi.org/10.7910/DVN/42MVDX
North Carolina,1989,gov_party,R,https://doi.org/10.7910/DVN/LZHMG3
North Carolina,1989,leg_control,D,https://doi.org/10.7910/DVN/LZHMG3
North Carolina,1990,gov_party,R,https://doi.org/10.7910/DVN/LZHMG3
North Carolina,1990,leg_control,D,https://doi.org/10.7910/DVN/LZHMG3
North Carolina,1991,gov_party,R,https://doi.org/10.7910/DVN/LZHMG3
North Carolina,1991,leg_control,D,https://doi.org/10.7910/DVN/LZHMG3
North Carolina,1992,gov_party,R,https://doi.org/10.7910/DVN/LZHMG3
North Carolina,1992,leg_control,D,https://doi.org/10.7910/DVN/LZHMG3
North Carolina,1992,pres_plurality_winner_party,REPUBLICAN,https://doi.org/10.7910/DVN/42MVDX
North Carolina,1992,pres_two_party_dem_pct,49.5415,https://doi.org/10.7910/DVN/42MVDX
North Carolina,1992,pres_two_party_margin_dem,-0.9169,https://doi.org/10.7910/DVN/42MVDX
North Carolina,1993,gov_party,D,https://doi.org/10.7910/DVN/LZHMG3
North Carolina,1993,leg_control,D,https://doi.org/10.7910/DVN/LZHMG3
North Carolina,1994,gov_party,D,https://doi.org/10.7910/DVN/LZHMG3
North Carolina,1994,leg_control,D,https://doi.org/10.7910/DVN/LZHMG3
North Carolina,1995,gov_party,D,https://doi.org/10.7910/DVN/LZHMG3
North Carolina,1995,leg_control,Split,https://doi.org/10.7910/DVN/LZHMG3
North Carolina,1996,gov_party,D,https://doi.org/10.7910/DVN/LZHMG3
North Carolina,1996,leg_control,Split,https://doi.org/10.7910/DVN/LZHMG3
North Carolina,1996,pres_plurality_winner_party,REPUBLICAN,https://doi.org/10.7910/DVN/42MVDX
North Carolina,1996,pres_two_party_dem_pct,47.47,https://doi.org/10.7910/DVN/42MVDX
North Carolina,1996,pres_two_party_margin_dem,-5.06,https://doi.org/10.7910/DVN/42MVDX
North Carolina,1997,gov_party,D,https://doi.org/10.7910/DVN/LZHMG3
North Carolina,1997,leg_control,Split,https://doi.org/10.7910/DVN/LZHMG3
North Carolina,1998,gov_party,D,https://doi.org/10.7910/DVN/LZHMG3
North Carolina,1998,leg_control,Split,https://doi.org/10.7910/DVN/LZHMG3
North Carolina,1999,gov_party,D,https://doi.org/10.7910/DVN/LZHMG3
North Carolina,1999,leg_control,D,https://doi.org/10.7910/DVN/LZHMG3
North Carolina,2000,gov_party,D,https://doi.org/10.7910/DVN/LZHMG3
North Carolina,2000,leg_control,D,https://doi.org/10.7910/DVN/LZHMG3
North Carolina,2000,pres_plurality_winner_party,REPUBLICAN,https://doi.org/10.7910/DVN/42MVDX
North Carolina,2000,pres_two_party_dem_pct,43.536,https://doi.org/10.7910/DVN/42MVDX
North Carolina,2000,pres_two_party_margin_dem,-12.928,https://doi.org/10.7910/DVN/42MVDX
North Carolina,2001,gov_party,D,https://doi.org/10.7910/DVN/LZHMG3
North Carolina,2001,leg_control,D,https://doi.org/10.7910/DVN/LZHMG3
North Carolina,2002,gov_party,D,https://doi.org/10.7910/DVN/LZHMG3
North Carolina,2002,leg_control,D,https://doi.org/10.7910/DVN/LZHMG3
North Carolina,2003,gov_party,D,https://doi.org/10.7910/DVN/LZHMG3
North Carolina,2003,leg_control,Split,https://doi.org/10.7910/DVN/LZHMG3
North Carolina,2004,gov_party,D,https://doi.org/10.7910/DVN/LZHMG3
North Carolina,2004,leg_control,Split,https://doi.org/10.7910/DVN/LZHMG3
North Carolina,2004,pres_plurality_winner_party,REPUBLICAN,https://doi.org/10.7910/DVN/42MVDX
North Carolina,2004,pres_two_party_dem_pct,43.758,https://doi.org/10.7910/DVN/42MVDX
North Carolina,2004,pres_two_party_margin_dem,-12.4839,https://doi.org/10.7910/DVN/42MVDX
North Carolina,2005,gov_party,D,https://doi.org/10.7910/DVN/LZHMG3
North Carolina,2005,leg_control,D,https://doi.org/10.7910/DVN/LZHMG3
North Carolina,2006,gov_party,D,https://doi.org/10.7910/DVN/LZHMG3
North Carolina,2006,leg_control,D,https://doi.org/10.7910/DVN/LZHMG3
North Carolina,2007,gov_party,D,https://doi.org/10.7910/DVN/LZHMG3
North Carolina,2007,leg_control,D,https://doi.org/10.7910/DVN/LZHMG3
North Carolina,2008,gov_party,D,https://doi.org/10.7910/DVN/LZHMG3
North Carolina,2008,leg_control,D,https://doi.org/10.7910/DVN/LZHMG3
North Carolina,2008,pres_plurality_winner_party,DEMOCRAT,https://doi.org/10.7910/DVN/42MVDX
North Carolina,2008,pres_two_party_dem_pct,50.166,https://doi.org/10.7910/DVN/42MVDX
North Carolina,2008,pres_two_party_margin_dem,0.3319,https://doi.org/10.7910/DVN/42MVDX
North Carolina,2009,gov_party,D,https://doi.org/10.7910/DVN/LZHMG3
North Carolina,2009,leg_control,D,https://doi.org/10.7910/DVN/LZHMG3
North Carolina,2010,gov_party,D,https://doi.org/10.7910/DVN/LZHMG3
North Carolina,2010,leg_control,D,https://doi.org/10.7910/DVN/LZHMG3
North Carolina,2011,gov_party,D,https://doi.org/10.7910/DVN/LZHMG3
North Carolina,2011,leg_control,R,https://doi.org/10.7910/DVN/LZHMG3
North Carolina,2012,pres_plurality_winner_party,REPUBLICAN,https://doi.org/10.7910/DVN/42MVDX
North Carolina,2012,pres_two_party_dem_pct,48.966,https://doi.org/10.7910/DVN/42MVDX
North Carolina,2012,pres_two_party_margin_dem,-2.0681,https://doi.org/10.7910/DVN/42MVDX
North Carolina,2016,pres_plurality_winner_party,REPUBLICAN,https://doi.org/10.7910/DVN/42MVDX
North Carolina,2016,pres_two_party_dem_pct,48.0963,https://doi.org/10.7910/DVN/42MVDX
North Carolina,2016,pres_two_party_margin_dem,-3.8075,https://doi.org/10.7910/DVN/42MVDX
North Carolina,2020,pres_plurality_winner_party,REPUBLICAN,https://doi.org/10.7910/DVN/42MVDX
North Carolina,2020,pres_two_party_dem_pct,49.3158,https://doi.org/10.7910/DVN/42MVDX
North Carolina,2020,pres_two_party_margin_dem,-1.3684,https://doi.org/10.7910/DVN/42MVDX
North Carolina,2024,pres_plurality_winner_party,REPUBLICAN,https://doi.org/10.7910/DVN/42MVDX
North Carolina,2024,pres_two_party_dem_pct,48.3697,https://doi.org/10.7910/DVN/42MVDX
North Carolina,2024,pres_two_party_margin_dem,-3.2607,https://doi.org/10.7910/DVN/42MVDX
North Carolina,2026,gov_party_ncsl,D,https://www.ncsl.org/about-state-legislatures/state-partisan-composition
North Carolina,2026,house_dem_seats,47,https://www.ncsl.org/about-state-legislatures/state-partisan-composition
North Carolina,2026,house_rep_seats,71,https://www.ncsl.org/about-state-legislatures/state-partisan-composition
North Carolina,2026,house_total_seats,120,https://www.ncsl.org/about-state-legislatures/state-partisan-composition
North Carolina,2026,leg_control_ncsl,R,https://www.ncsl.org/about-state-legislatures/state-partisan-composition
North Carolina,2026,senate_dem_seats,20,https://www.ncsl.org/about-state-legislatures/state-partisan-composition
North Carolina,2026,senate_rep_seats,30,https://www.ncsl.org/about-state-legislatures/state-partisan-composition
North Carolina,2026,senate_total_seats,50,https://www.ncsl.org/about-state-legislatures/state-partisan-composition
North Carolina,2026,state_control_ncsl,Split,https://www.ncsl.org/about-state-legislatures/state-partisan-composition
North Dakota,1976,gov_party,D,https://doi.org/10.7910/DVN/LZHMG3
North Dakota,1976,leg_control,R,https://doi.org/10.7910/DVN/LZHMG3
North Dakota,1976,pres_plurality_winner_party,REPUBLICAN,https://doi.org/10.7910/DVN/42MVDX
North Dakota,1976,pres_two_party_dem_pct,46.962,https://doi.org/10.7910/DVN/42MVDX
North Dakota,1976,pres_two_party_margin_dem,-6.076,https://doi.org/10.7910/DVN/42MVDX
North Dakota,1977,gov_party,D,https://doi.org/10.7910/DVN/LZHMG3
North Dakota,1977,leg_control,Split,https://doi.org/10.7910/DVN/LZHMG3
North Dakota,1978,gov_party,D,https://doi.org/10.7910/DVN/LZHMG3
North Dakota,1978,leg_control,Split,https://doi.org/10.7910/DVN/LZHMG3
North Dakota,1979,gov_party,D,https://doi.org/10.7910/DVN/LZHMG3
North Dakota,1979,leg_control,R,https://doi.org/10.7910/DVN/LZHMG3
North Dakota,1980,gov_party,D,https://doi.org/10.7910/DVN/LZHMG3
North Dakota,1980,leg_control,R,https://doi.org/10.7910/DVN/LZHMG3
North Dakota,1980,pres_plurality_winner_party,REPUBLICAN,https://doi.org/10.7910/DVN/42MVDX
North Dakota,1980,pres_two_party_dem_pct,29.0193,https://doi.org/10.7910/DVN/42MVDX
North Dakota,1980,pres_two_party_margin_dem,-41.9614,https://doi.org/10.7910/DVN/42MVDX
North Dakota,1981,gov_party,R,https://doi.org/10.7910/DVN/LZHMG3
North Dakota,1981,leg_control,R,https://doi.org/10.7910/DVN/LZHMG3
North Dakota,1982,gov_party,R,https://doi.org/10.7910/DVN/LZHMG3
North Dakota,1982,leg_control,R,https://doi.org/10.7910/DVN/LZHMG3
North Dakota,1983,gov_party,R,https://doi.org/10.7910/DVN/LZHMG3
North Dakota,1983,leg_control,Split,https://doi.org/10.7910/DVN/LZHMG3
North Dakota,1984,gov_party,R,https://doi.org/10.7910/DVN/LZHMG3
North Dakota,1984,leg_control,Split,https://doi.org/10.7910/DVN/LZHMG3
North Dakota,1984,pres_plurality_winner_party,REPUBLICAN,https://doi.org/10.7910/DVN/42MVDX
North Dakota,1984,pres_two_party_dem_pct,34.2654,https://doi.org/10.7910/DVN/42MVDX
North Dakota,1984,pres_two_party_margin_dem,-31.4692,https://doi.org/10.7910/DVN/42MVDX
North Dakota,1985,gov_party,D,https://doi.org/10.7910/DVN/LZHMG3
North Dakota,1985,leg_control,R,https://doi.org/10.7910/DVN/LZHMG3
North Dakota,1986,gov_party,D,https://doi.org/10.7910/DVN/LZHMG3
North Dakota,1986,leg_control,R,https://doi.org/10.7910/DVN/LZHMG3
North Dakota,1987,gov_party,D,https://doi.org/10.7910/DVN/LZHMG3
North Dakota,1987,leg_control,Split,https://doi.org/10.7910/DVN/LZHMG3
North Dakota,1988,gov_party,D,https://doi.org/10.7910/DVN/LZHMG3
North Dakota,1988,leg_control,Split,https://doi.org/10.7910/DVN/LZHMG3
North Dakota,1988,pres_plurality_winner_party,REPUBLICAN,https://doi.org/10.7910/DVN/42MVDX
North Dakota,1988,pres_two_party_dem_pct,43.4046,https://doi.org/10.7910/DVN/42MVDX
North Dakota,1988,pres_two_party_margin_dem,-13.1907,https://doi.org/10.7910/DVN/42MVDX
North Dakota,1989,gov_party,D,https://doi.org/10.7910/DVN/LZHMG3
North Dakota,1989,leg_control,Split,https://doi.org/10.7910/DVN/LZHMG3
North Dakota,1990,gov_party,D,https://doi.org/10.7910/DVN/LZHMG3
North Dakota,1990,leg_control,Split,https://doi.org/10.7910/DVN/LZHMG3
North Dakota,1991,gov_party,D,https://doi.org/10.7910/DVN/LZHMG3
North Dakota,1991,leg_control,Split,https://doi.org/10.7910/DVN/LZHMG3
North Dakota,1992,gov_party,D,https://doi.org/10.7910/DVN/LZHMG3
North Dakota,1992,leg_control,Split,https://doi.org/10.7910/DVN/LZHMG3
North Dakota,1992,pres_plurality_winner_party,REPUBLICAN,https://doi.org/10.7910/DVN/42MVDX
North Dakota,1992,pres_two_party_dem_pct,42.1253,https://doi.org/10.7910/DVN/42MVDX
North Dakota,1992,pres_two_party_margin_dem,-15.7494,https://doi.org/10.7910/DVN/42MVDX
North Dakota,1993,gov_party,R,https://doi.org/10.7910/DVN/LZHMG3
North Dakota,1993,leg_control,Split,https://doi.org/10.7910/DVN/LZHMG3
North Dakota,1994,gov_party,R,https://doi.org/10.7910/DVN/LZHMG3
North Dakota,1994,leg_control,Split,https://doi.org/10.7910/DVN/LZHMG3
North Dakota,1995,gov_party,R,https://doi.org/10.7910/DVN/LZHMG3
North Dakota,1995,leg_control,R,https://doi.org/10.7910/DVN/LZHMG3
North Dakota,1996,gov_party,R,https://doi.org/10.7910/DVN/LZHMG3
North Dakota,1996,leg_control,R,https://doi.org/10.7910/DVN/LZHMG3
North Dakota,1996,pres_plurality_winner_party,REPUBLICAN,https://doi.org/10.7910/DVN/42MVDX
North Dakota,1996,pres_two_party_dem_pct,46.0887,https://doi.org/10.7910/DVN/42MVDX
North Dakota,1996,pres_two_party_margin_dem,-7.8226,https://doi.org/10.7910/DVN/42MVDX
North Dakota,1997,gov_party,R,https://doi.org/10.7910/DVN/LZHMG3
North Dakota,1997,leg_control,R,https://doi.org/10.7910/DVN/LZHMG3
North Dakota,1998,gov_party,R,https://doi.org/10.7910/DVN/LZHMG3
North Dakota,1998,leg_control,R,https://doi.org/10.7910/DVN/LZHMG3
North Dakota,1999,gov_party,R,https://doi.org/10.7910/DVN/LZHMG3
North Dakota,1999,leg_control,R,https://doi.org/10.7910/DVN/LZHMG3
North Dakota,2000,gov_party,R,https://doi.org/10.7910/DVN/LZHMG3
North Dakota,2000,leg_control,R,https://doi.org/10.7910/DVN/LZHMG3
North Dakota,2000,pres_plurality_winner_party,REPUBLICAN,https://doi.org/10.7910/DVN/42MVDX
North Dakota,2000,pres_two_party_dem_pct,35.2726,https://doi.org/10.7910/DVN/42MVDX
North Dakota,2000,pres_two_party_margin_dem,-29.4548,https://doi.org/10.7910/DVN/42MVDX
North Dakota,2001,gov_party,R,https://doi.org/10.7910/DVN/LZHMG3
North Dakota,2001,leg_control,R,https://doi.org/10.7910/DVN/LZHMG3
North Dakota,2002,gov_party,R,https://doi.org/10.7910/DVN/LZHMG3
North Dakota,2002,leg_control,R,https://doi.org/10.7910/DVN/LZHMG3
North Dakota,2003,gov_party,R,https://doi.org/10.7910/DVN/LZHMG3
North Dakota,2003,leg_control,R,https://doi.org/10.7910/DVN/LZHMG3
North Dakota,2004,gov_party,R,https://doi.org/10.7910/DVN/LZHMG3
North Dakota,2004,leg_control,R,https://doi.org/10.7910/DVN/LZHMG3
North Dakota,2004,pres_plurality_winner_party,REPUBLICAN,https://doi.org/10.7910/DVN/42MVDX
North Dakota,2004,pres_two_party_dem_pct,36.0906,https://doi.org/10.7910/DVN/42MVDX
North Dakota,2004,pres_two_party_margin_dem,-27.8187,https://doi.org/10.7910/DVN/42MVDX
North Dakota,2005,gov_party,R,https://doi.org/10.7910/DVN/LZHMG3
North Dakota,2005,leg_control,R,https://doi.org/10.7910/DVN/LZHMG3
North Dakota,2006,gov_party,R,https://doi.org/10.7910/DVN/LZHMG3
North Dakota,2006,leg_control,R,https://doi.org/10.7910/DVN/LZHMG3
North Dakota,2007,gov_party,R,https://doi.org/10.7910/DVN/LZHMG3
North Dakota,2007,leg_control,R,https://doi.org/10.7910/DVN/LZHMG3
North Dakota,2008,gov_party,R,https://doi.org/10.7910/DVN/LZHMG3
North Dakota,2008,leg_control,R,https://doi.org/10.7910/DVN/LZHMG3
North Dakota,2008,pres_plurality_winner_party,REPUBLICAN,https://doi.org/10.7910/DVN/42MVDX
North Dakota,2008,pres_two_party_dem_pct,45.5913,https://doi.org/10.7910/DVN/42MVDX
North Dakota,2008,pres_two_party_margin_dem,-8.8173,https://doi.org/10.7910/DVN/42MVDX
North Dakota,2009,gov_party,R,https://doi.org/10.7910/DVN/LZHMG3
North Dakota,2009,leg_control,R,https://doi.org/10.7910/DVN/LZHMG3
North Dakota,2010,gov_party,R,https://doi.org/10.7910/DVN/LZHMG3
North Dakota,2010,leg_control,R,https://doi.org/10.7910/DVN/LZHMG3
North Dakota,2011,gov_party,R,https://doi.org/10.7910/DVN/LZHMG3
North Dakota,2011,leg_control,R,https://doi.org/10.7910/DVN/LZHMG3
North Dakota,2012,pres_plurality_winner_party,REPUBLICAN,https://doi.org/10.7910/DVN/42MVDX
North Dakota,2012,pres_two_party_dem_pct,39.8888,https://doi.org/10.7910/DVN/42MVDX
North Dakota,2012,pres_two_party_margin_dem,-20.2224,https://doi.org/10.7910/DVN/42MVDX
North Dakota,2016,pres_plurality_winner_party,REPUBLICAN,https://doi.org/10.7910/DVN/42MVDX
North Dakota,2016,pres_two_party_dem_pct,30.1908,https://doi.org/10.7910/DVN/42MVDX
North Dakota,2016,pres_two_party_margin_dem,-39.6185,https://doi.org/10.7910/DVN/42MVDX
North Dakota,2020,pres_plurality_winner_party,REPUBLICAN,https://doi.org/10.7910/DVN/42MVDX
North Dakota,2020,pres_two_party_dem_pct,32.7826,https://doi.org/10.7910/DVN/42MVDX
North Dakota,2020,pres_two_party_margin_dem,-34.4348,https://doi.org/10.7910/DVN/42MVDX
North Dakota,2024,pres_plurality_winner_party,REPUBLICAN,https://doi.org/10.7910/DVN/42MVDX
North Dakota,2024,pres_two_party_dem_pct,31.3035,https://doi.org/10.7910/DVN/42MVDX
North Dakota,2024,pres_two_party_margin_dem,-37.393,https://doi.org/10.7910/DVN/42MVDX
North Dakota,2026,gov_party_ncsl,R,https://www.ncsl.org/about-state-legislatures/state-partisan-composition
North Dakota,2026,house_dem_seats,10,https://www.ncsl.org/about-state-legislatures/state-partisan-composition
North Dakota,2026,house_rep_seats,83,https://www.ncsl.org/about-state-legislatures/state-partisan-composition
North Dakota,2026,house_total_seats,94,https://www.ncsl.org/about-state-legislatures/state-partisan-composition
North Dakota,2026,leg_control_ncsl,R,https://www.ncsl.org/about-state-legislatures/state-partisan-composition
North Dakota,2026,senate_dem_seats,5,https://www.ncsl.org/about-state-legislatures/state-partisan-composition
North Dakota,2026,senate_rep_seats,42,https://www.ncsl.org/about-state-legislatures/state-partisan-composition
North Dakota,2026,senate_total_seats,47,https://www.ncsl.org/about-state-legislatures/state-partisan-composition
North Dakota,2026,state_control_ncsl,R,https://www.ncsl.org/about-state-legislatures/state-partisan-composition
Ohio,1976,gov_party,R,https://doi.org/10.7910/DVN/LZHMG3
Ohio,1976,leg_control,D,https://doi.org/10.7910/DVN/LZHMG3
Ohio,1976,pres_plurality_winner_party,DEMOCRAT,https://doi.org/10.7910/DVN/42MVDX
Ohio,1976,pres_two_party_dem_pct,50.1164,https://doi.org/10.7910/DVN/42MVDX
Ohio,1976,pres_two_party_margin_dem,0.2327,https://doi.org/10.7910/DVN/42MVDX
Ohio,1977,gov_party,R,https://doi.org/10.7910/DVN/LZHMG3
Ohio,1977,leg_control,D,https://doi.org/10.7910/DVN/LZHMG3
Ohio,1978,gov_party,R,https://doi.org/10.7910/DVN/LZHMG3
Ohio,1978,leg_control,D,https://doi.org/10.7910/DVN/LZHMG3
Ohio,1979,gov_party,R,https://doi.org/10.7910/DVN/LZHMG3
Ohio,1979,leg_control,D,https://doi.org/10.7910/DVN/LZHMG3
Ohio,1980,gov_party,R,https://doi.org/10.7910/DVN/LZHMG3
Ohio,1980,leg_control,D,https://doi.org/10.7910/DVN/LZHMG3
Ohio,1980,pres_plurality_winner_party,REPUBLICAN,https://doi.org/10.7910/DVN/42MVDX
Ohio,1980,pres_two_party_dem_pct,44.2645,https://doi.org/10.7910/DVN/42MVDX
Ohio,1980,pres_two_party_margin_dem,-11.471,https://doi.org/10.7910/DVN/42MVDX
Ohio,1981,gov_party,R,https://doi.org/10.7910/DVN/LZHMG3
Ohio,1981,leg_control,Split,https://doi.org/10.7910/DVN/LZHMG3
Ohio,1982,gov_party,R,https://doi.org/10.7910/DVN/LZHMG3
Ohio,1982,leg_control,Split,https://doi.org/10.7910/DVN/LZHMG3
Ohio,1983,gov_party,D,https://doi.org/10.7910/DVN/LZHMG3
Ohio,1983,leg_control,D,https://doi.org/10.7910/DVN/LZHMG3
Ohio,1984,gov_party,D,https://doi.org/10.7910/DVN/LZHMG3
Ohio,1984,leg_control,D,https://doi.org/10.7910/DVN/LZHMG3
Ohio,1984,pres_plurality_winner_party,REPUBLICAN,https://doi.org/10.7910/DVN/42MVDX
Ohio,1984,pres_two_party_dem_pct,40.5293,https://doi.org/10.7910/DVN/42MVDX
Ohio,1984,pres_two_party_margin_dem,-18.9414,https://doi.org/10.7910/DVN/42MVDX
Ohio,1985,gov_party,D,https://doi.org/10.7910/DVN/LZHMG3
Ohio,1985,leg_control,Split,https://doi.org/10.7910/DVN/LZHMG3
Ohio,1986,gov_party,D,https://doi.org/10.7910/DVN/LZHMG3
Ohio,1986,leg_control,Split,https://doi.org/10.7910/DVN/LZHMG3
Ohio,1987,gov_party,D,https://doi.org/10.7910/DVN/LZHMG3
Ohio,1987,leg_control,Split,https://doi.org/10.7910/DVN/LZHMG3
Ohio,1988,gov_party,D,https://doi.org/10.7910/DVN/LZHMG3
Ohio,1988,leg_control,Split,https://doi.org/10.7910/DVN/LZHMG3
Ohio,1988,pres_plurality_winner_party,REPUBLICAN,https://doi.org/10.7910/DVN/42MVDX
Ohio,1988,pres_two_party_dem_pct,44.5259,https://doi.org/10.7910/DVN/42MVDX
Ohio,1988,pres_two_party_margin_dem,-10.9481,https://doi.org/10.7910/DVN/42MVDX
Ohio,1989,gov_party,D,https://doi.org/10.7910/DVN/LZHMG3
Ohio,1989,leg_control,Split,https://doi.org/10.7910/DVN/LZHMG3
Ohio,1990,gov_party,D,https://doi.org/10.7910/DVN/LZHMG3
Ohio,1990,leg_control,Split,https://doi.org/10.7910/DVN/LZHMG3
Ohio,1991,gov_party,R,https://doi.org/10.7910/DVN/LZHMG3
Ohio,1991,leg_control,Split,https://doi.org/10.7910/DVN/LZHMG3
Ohio,1992,gov_party,R,https://doi.org/10.7910/DVN/LZHMG3
Ohio,1992,leg_control,Split,https://doi.org/10.7910/DVN/LZHMG3
Ohio,1992,pres_plurality_winner_party,DEMOCRAT,https://doi.org/10.7910/DVN/42MVDX
Ohio,1992,pres_two_party_dem_pct,51.1682,https://doi.org/10.7910/DVN/42MVDX
Ohio,1992,pres_two_party_margin_dem,2.3363,https://doi.org/10.7910/DVN/42MVDX
Ohio,1993,gov_party,R,https://doi.org/10.7910/DVN/LZHMG3
Ohio,1993,leg_control,Split,https://doi.org/10.7910/DVN/LZHMG3
Ohio,1994,gov_party,R,https://doi.org/10.7910/DVN/LZHMG3
Ohio,1994,leg_control,Split,https://doi.org/10.7910/DVN/LZHMG3
Ohio,1995,gov_party,R,https://doi.org/10.7910/DVN/LZHMG3
Ohio,1995,leg_control,R,https://doi.org/10.7910/DVN/LZHMG3
Ohio,1996,gov_party,R,https://doi.org/10.7910/DVN/LZHMG3
Ohio,1996,leg_control,R,https://doi.org/10.7910/DVN/LZHMG3
Ohio,1996,pres_plurality_winner_party,DEMOCRAT,https://doi.org/10.7910/DVN/42MVDX
Ohio,1996,pres_two_party_dem_pct,53.5969,https://doi.org/10.7910/DVN/42MVDX
Ohio,1996,pres_two_party_margin_dem,7.1939,https://doi.org/10.7910/DVN/42MVDX
Ohio,1997,gov_party,R,https://doi.org/10.7910/DVN/LZHMG3
Ohio,1997,leg_control,R,https://doi.org/10.7910/DVN/LZHMG3
Ohio,1998,gov_party,R,https://doi.org/10.7910/DVN/LZHMG3
Ohio,1998,leg_control,R,https://doi.org/10.7910/DVN/LZHMG3
Ohio,1999,gov_party,R,https://doi.org/10.7910/DVN/LZHMG3
Ohio,1999,leg_control,R,https://doi.org/10.7910/DVN/LZHMG3
Ohio,2000,gov_party,R,https://doi.org/10.7910/DVN/LZHMG3
Ohio,2000,leg_control,R,https://doi.org/10.7910/DVN/LZHMG3
Ohio,2000,pres_plurality_winner_party,REPUBLICAN,https://doi.org/10.7910/DVN/42MVDX
Ohio,2000,pres_two_party_dem_pct,48.1613,https://doi.org/10.7910/DVN/42MVDX
Ohio,2000,pres_two_party_margin_dem,-3.6774,https://doi.org/10.7910/DVN/42MVDX
Ohio,2001,gov_party,R,https://doi.org/10.7910/DVN/LZHMG3
Ohio,2001,leg_control,R,https://doi.org/10.7910/DVN/LZHMG3
Ohio,2002,gov_party,R,https://doi.org/10.7910/DVN/LZHMG3
Ohio,2002,leg_control,R,https://doi.org/10.7910/DVN/LZHMG3
Ohio,2003,gov_party,R,https://doi.org/10.7910/DVN/LZHMG3
Ohio,2003,leg_control,R,https://doi.org/10.7910/DVN/LZHMG3
Ohio,2004,gov_party,R,https://doi.org/10.7910/DVN/LZHMG3
Ohio,2004,leg_control,R,https://doi.org/10.7910/DVN/LZHMG3
Ohio,2004,pres_plurality_winner_party,REPUBLICAN,https://doi.org/10.7910/DVN/42MVDX
Ohio,2004,pres_two_party_dem_pct,48.9413,https://doi.org/10.7910/DVN/42MVDX
Ohio,2004,pres_two_party_margin_dem,-2.1175,https://doi.org/10.7910/DVN/42MVDX
Ohio,2005,gov_party,R,https://doi.org/10.7910/DVN/LZHMG3
Ohio,2005,leg_control,R,https://doi.org/10.7910/DVN/LZHMG3
Ohio,2006,gov_party,R,https://doi.org/10.7910/DVN/LZHMG3
Ohio,2006,leg_control,R,https://doi.org/10.7910/DVN/LZHMG3
Ohio,2007,gov_party,D,https://doi.org/10.7910/DVN/LZHMG3
Ohio,2007,leg_control,R,https://doi.org/10.7910/DVN/LZHMG3
Ohio,2008,gov_party,D,https://doi.org/10.7910/DVN/LZHMG3
Ohio,2008,leg_control,R,https://doi.org/10.7910/DVN/LZHMG3
Ohio,2008,pres_plurality_winner_party,DEMOCRAT,https://doi.org/10.7910/DVN/42MVDX
Ohio,2008,pres_two_party_dem_pct,52.3338,https://doi.org/10.7910/DVN/42MVDX
Ohio,2008,pres_two_party_margin_dem,4.6677,https://doi.org/10.7910/DVN/42MVDX
Ohio,2009,gov_party,D,https://doi.org/10.7910/DVN/LZHMG3
Ohio,2009,leg_control,Split,https://doi.org/10.7910/DVN/LZHMG3
Ohio,2010,gov_party,D,https://doi.org/10.7910/DVN/LZHMG3
Ohio,2010,leg_control,Split,https://doi.org/10.7910/DVN/LZHMG3
Ohio,2011,gov_party,R,https://doi.org/10.7910/DVN/LZHMG3
Ohio,2011,leg_control,R,https://doi.org/10.7910/DVN/LZHMG3
Ohio,2012,pres_plurality_winner_party,DEMOCRAT,https://doi.org/10.7910/DVN/42MVDX
Ohio,2012,pres_two_party_dem_pct,51.5141,https://doi.org/10.7910/DVN/42MVDX
Ohio,2012,pres_two_party_margin_dem,3.0281,https://doi.org/10.7910/DVN/42MVDX
Ohio,2016,pres_plurality_winner_party,REPUBLICAN,https://doi.org/10.7910/DVN/42MVDX
Ohio,2016,pres_two_party_dem_pct,45.7323,https://doi.org/10.7910/DVN/42MVDX
Ohio,2016,pres_two_party_margin_dem,-8.5354,https://doi.org/10.7910/DVN/42MVDX
Ohio,2020,pres_plurality_winner_party,REPUBLICAN,https://doi.org/10.7910/DVN/42MVDX
Ohio,2020,pres_two_party_dem_pct,45.9233,https://doi.org/10.7910/DVN/42MVDX
Ohio,2020,pres_two_party_margin_dem,-8.1534,https://doi.org/10.7910/DVN/42MVDX
Ohio,2024,pres_plurality_winner_party,REPUBLICAN,https://doi.org/10.7910/DVN/42MVDX
Ohio,2024,pres_two_party_dem_pct,44.3434,https://doi.org/10.7910/DVN/42MVDX
Ohio,2024,pres_two_party_margin_dem,-11.3132,https://doi.org/10.7910/DVN/42MVDX
Ohio,2026,gov_party_ncsl,R,https://www.ncsl.org/about-state-legislatures/state-partisan-composition
Ohio,2026,house_dem_seats,34,https://www.ncsl.org/about-state-legislatures/state-partisan-composition
Ohio,2026,house_rep_seats,65,https://www.ncsl.org/about-state-legislatures/state-partisan-composition
Ohio,2026,house_total_seats,99,https://www.ncsl.org/about-state-legislatures/state-partisan-composition
Ohio,2026,leg_control_ncsl,R,https://www.ncsl.org/about-state-legislatures/state-partisan-composition
Ohio,2026,senate_dem_seats,9,https://www.ncsl.org/about-state-legislatures/state-partisan-composition
Ohio,2026,senate_rep_seats,24,https://www.ncsl.org/about-state-legislatures/state-partisan-composition
Ohio,2026,senate_total_seats,33,https://www.ncsl.org/about-state-legislatures/state-partisan-composition
Ohio,2026,state_control_ncsl,R,https://www.ncsl.org/about-state-legislatures/state-partisan-composition
Oklahoma,1976,gov_party,D,https://doi.org/10.7910/DVN/LZHMG3
Oklahoma,1976,leg_control,D,https://doi.org/10.7910/DVN/LZHMG3
Oklahoma,1976,pres_plurality_winner_party,REPUBLICAN,https://doi.org/10.7910/DVN/42MVDX
Oklahoma,1976,pres_two_party_dem_pct,49.3848,https://doi.org/10.7910/DVN/42MVDX
Oklahoma,1976,pres_two_party_margin_dem,-1.2304,https://doi.org/10.7910/DVN/42MVDX
Oklahoma,1977,gov_party,D,https://doi.org/10.7910/DVN/LZHMG3
Oklahoma,1977,leg_control,D,https://doi.org/10.7910/DVN/LZHMG3
Oklahoma,1978,gov_party,D,https://doi.org/10.7910/DVN/LZHMG3
Oklahoma,1978,leg_control,D,https://doi.org/10.7910/DVN/LZHMG3
Oklahoma,1979,gov_party,D,https://doi.org/10.7910/DVN/LZHMG3
Oklahoma,1979,leg_control,D,https://doi.org/10.7910/DVN/LZHMG3
Oklahoma,1980,gov_party,D,https://doi.org/10.7910/DVN/LZHMG3
Oklahoma,1980,leg_control,D,https://doi.org/10.7910/DVN/LZHMG3
Oklahoma,1980,pres_plurality_winner_party,REPUBLICAN,https://doi.org/10.7910/DVN/42MVDX
Oklahoma,1980,pres_two_party_dem_pct,36.6279,https://doi.org/10.7910/DVN/42MVDX
Oklahoma,1980,pres_two_party_margin_dem,-26.7443,https://doi.org/10.7910/DVN/42MVDX
Oklahoma,1981,gov_party,D,https://doi.org/10.7910/DVN/LZHMG3
Oklahoma,1981,leg_control,D,https://doi.org/10.7910/DVN/LZHMG3
Oklahoma,1982,gov_party,D,https://doi.org/10.7910/DVN/LZHMG3
Oklahoma,1982,leg_control,D,https://doi.org/10.7910/DVN/LZHMG3
Oklahoma,1983,gov_party,D,https://doi.org/10.7910/DVN/LZHMG3
Oklahoma,1983,leg_control,D,https://doi.org/10.7910/DVN/LZHMG3
Oklahoma,1984,gov_party,D,https://doi.org/10.7910/DVN/LZHMG3
Oklahoma,1984,leg_control,D,https://doi.org/10.7910/DVN/LZHMG3
Oklahoma,1984,pres_plurality_winner_party,REPUBLICAN,https://doi.org/10.7910/DVN/42MVDX
Oklahoma,1984,pres_two_party_dem_pct,30.8902,https://doi.org/10.7910/DVN/42MVDX
Oklahoma,1984,pres_two_party_margin_dem,-38.2197,https://doi.org/10.7910/DVN/42MVDX
Oklahoma,1985,gov_party,D,https://doi.org/10.7910/DVN/LZHMG3
Oklahoma,1985,leg_control,D,https://doi.org/10.7910/DVN/LZHMG3
Oklahoma,1986,gov_party,D,https://doi.org/10.7910/DVN/LZHMG3
Oklahoma,1986,leg_control,D,https://doi.org/10.7910/DVN/LZHMG3
Oklahoma,1987,gov_party,R,https://doi.org/10.7910/DVN/LZHMG3
Oklahoma,1987,leg_control,D,https://doi.org/10.7910/DVN/LZHMG3
Oklahoma,1988,gov_party,R,https://doi.org/10.7910/DVN/LZHMG3
Oklahoma,1988,leg_control,D,https://doi.org/10.7910/DVN/LZHMG3
Oklahoma,1988,pres_plurality_winner_party,REPUBLICAN,https://doi.org/10.7910/DVN/42MVDX
Oklahoma,1988,pres_two_party_dem_pct,41.6102,https://doi.org/10.7910/DVN/42MVDX
Oklahoma,1988,pres_two_party_margin_dem,-16.7796,https://doi.org/10.7910/DVN/42MVDX
Oklahoma,1989,gov_party,R,https://doi.org/10.7910/DVN/LZHMG3
Oklahoma,1989,leg_control,D,https://doi.org/10.7910/DVN/LZHMG3
Oklahoma,1990,gov_party,R,https://doi.org/10.7910/DVN/LZHMG3
Oklahoma,1990,leg_control,D,https://doi.org/10.7910/DVN/LZHMG3
Oklahoma,1991,gov_party,D,https://doi.org/10.7910/DVN/LZHMG3
Oklahoma,1991,leg_control,D,https://doi.org/10.7910/DVN/LZHMG3
Oklahoma,1992,gov_party,D,https://doi.org/10.7910/DVN/LZHMG3
Oklahoma,1992,leg_control,D,https://doi.org/10.7910/DVN/LZHMG3
Oklahoma,1992,pres_plurality_winner_party,REPUBLICAN,https://doi.org/10.7910/DVN/42MVDX
Oklahoma,1992,pres_two_party_dem_pct,44.3779,https://doi.org/10.7910/DVN/42MVDX
Oklahoma,1992,pres_two_party_margin_dem,-11.2442,https://doi.org/10.7910/DVN/42MVDX
Oklahoma,1993,gov_party,D,https://doi.org/10.7910/DVN/LZHMG3
Oklahoma,1993,leg_control,D,https://doi.org/10.7910/DVN/LZHMG3
Oklahoma,1994,gov_party,D,https://doi.org/10.7910/DVN/LZHMG3
Oklahoma,1994,leg_control,D,https://doi.org/10.7910/DVN/LZHMG3
Oklahoma,1995,gov_party,R,https://doi.org/10.7910/DVN/LZHMG3
Oklahoma,1995,leg_control,D,https://doi.org/10.7910/DVN/LZHMG3
Oklahoma,1996,gov_party,R,https://doi.org/10.7910/DVN/LZHMG3
Oklahoma,1996,leg_control,D,https://doi.org/10.7910/DVN/LZHMG3
Oklahoma,1996,pres_plurality_winner_party,REPUBLICAN,https://doi.org/10.7910/DVN/42MVDX
Oklahoma,1996,pres_two_party_dem_pct,45.5994,https://doi.org/10.7910/DVN/42MVDX
Oklahoma,1996,pres_two_party_margin_dem,-8.8012,https://doi.org/10.7910/DVN/42MVDX
Oklahoma,1997,gov_party,R,https://doi.org/10.7910/DVN/LZHMG3
Oklahoma,1997,leg_control,D,https://doi.org/10.7910/DVN/LZHMG3
Oklahoma,1998,gov_party,R,https://doi.org/10.7910/DVN/LZHMG3
Oklahoma,1998,leg_control,D,https://doi.org/10.7910/DVN/LZHMG3
Oklahoma,1999,gov_party,R,https://doi.org/10.7910/DVN/LZHMG3
Oklahoma,1999,leg_control,D,https://doi.org/10.7910/DVN/LZHMG3
Oklahoma,2000,gov_party,R,https://doi.org/10.7910/DVN/LZHMG3
Oklahoma,2000,leg_control,D,https://doi.org/10.7910/DVN/LZHMG3
Oklahoma,2000,pres_plurality_winner_party,REPUBLICAN,https://doi.org/10.7910/DVN/42MVDX
Oklahoma,2000,pres_two_party_dem_pct,38.9193,https://doi.org/10.7910/DVN/42MVDX
Oklahoma,2000,pres_two_party_margin_dem,-22.1613,https://doi.org/10.7910/DVN/42MVDX
Oklahoma,2001,gov_party,R,https://doi.org/10.7910/DVN/LZHMG3
Oklahoma,2001,leg_control,D,https://doi.org/10.7910/DVN/LZHMG3
Oklahoma,2002,gov_party,R,https://doi.org/10.7910/DVN/LZHMG3
Oklahoma,2002,leg_control,D,https://doi.org/10.7910/DVN/LZHMG3
Oklahoma,2003,gov_party,D,https://doi.org/10.7910/DVN/LZHMG3
Oklahoma,2003,leg_control,D,https://doi.org/10.7910/DVN/LZHMG3
Oklahoma,2004,gov_party,D,https://doi.org/10.7910/DVN/LZHMG3
Oklahoma,2004,leg_control,D,https://doi.org/10.7910/DVN/LZHMG3
Oklahoma,2004,pres_plurality_winner_party,REPUBLICAN,https://doi.org/10.7910/DVN/42MVDX
Oklahoma,2004,pres_two_party_dem_pct,34.4296,https://doi.org/10.7910/DVN/42MVDX
Oklahoma,2004,pres_two_party_margin_dem,-31.1408,https://doi.org/10.7910/DVN/42MVDX
Oklahoma,2005,gov_party,D,https://doi.org/10.7910/DVN/LZHMG3
Oklahoma,2005,leg_control,Split,https://doi.org/10.7910/DVN/LZHMG3
Oklahoma,2006,gov_party,D,https://doi.org/10.7910/DVN/LZHMG3
Oklahoma,2006,leg_control,Split,https://doi.org/10.7910/DVN/LZHMG3
Oklahoma,2007,gov_party,D,https://doi.org/10.7910/DVN/LZHMG3
Oklahoma,2007,leg_control,Split,https://doi.org/10.7910/DVN/LZHMG3
Oklahoma,2008,gov_party,D,https://doi.org/10.7910/DVN/LZHMG3
Oklahoma,2008,leg_control,Split,https://doi.org/10.7910/DVN/LZHMG3
Oklahoma,2008,pres_plurality_winner_party,REPUBLICAN,https://doi.org/10.7910/DVN/42MVDX
Oklahoma,2008,pres_two_party_dem_pct,34.3549,https://doi.org/10.7910/DVN/42MVDX
Oklahoma,2008,pres_two_party_margin_dem,-31.2902,https://doi.org/10.7910/DVN/42MVDX
Oklahoma,2009,gov_party,D,https://doi.org/10.7910/DVN/LZHMG3
Oklahoma,2009,leg_control,R,https://doi.org/10.7910/DVN/LZHMG3
Oklahoma,2010,gov_party,D,https://doi.org/10.7910/DVN/LZHMG3
Oklahoma,2010,leg_control,R,https://doi.org/10.7910/DVN/LZHMG3
Oklahoma,2011,gov_party,R,https://doi.org/10.7910/DVN/LZHMG3
Oklahoma,2011,leg_control,R,https://doi.org/10.7910/DVN/LZHMG3
Oklahoma,2012,pres_plurality_winner_party,REPUBLICAN,https://doi.org/10.7910/DVN/42MVDX
Oklahoma,2012,pres_two_party_dem_pct,33.2277,https://doi.org/10.7910/DVN/42MVDX
Oklahoma,2012,pres_two_party_margin_dem,-33.5446,https://doi.org/10.7910/DVN/42MVDX
Oklahoma,2016,pres_plurality_winner_party,REPUBLICAN,https://doi.org/10.7910/DVN/42MVDX
Oklahoma,2016,pres_two_party_dem_pct,30.6953,https://doi.org/10.7910/DVN/42MVDX
Oklahoma,2016,pres_two_party_margin_dem,-38.6095,https://doi.org/10.7910/DVN/42MVDX
Oklahoma,2020,pres_plurality_winner_party,REPUBLICAN,https://doi.org/10.7910/DVN/42MVDX
Oklahoma,2020,pres_two_party_dem_pct,33.06,https://doi.org/10.7910/DVN/42MVDX
Oklahoma,2020,pres_two_party_margin_dem,-33.8801,https://doi.org/10.7910/DVN/42MVDX
Oklahoma,2024,pres_plurality_winner_party,REPUBLICAN,https://doi.org/10.7910/DVN/42MVDX
Oklahoma,2024,pres_two_party_dem_pct,32.53,https://doi.org/10.7910/DVN/42MVDX
Oklahoma,2024,pres_two_party_margin_dem,-34.9401,https://doi.org/10.7910/DVN/42MVDX
Oklahoma,2026,gov_party_ncsl,R,https://www.ncsl.org/about-state-legislatures/state-partisan-composition
Oklahoma,2026,house_dem_seats,18,https://www.ncsl.org/about-state-legislatures/state-partisan-composition
Oklahoma,2026,house_rep_seats,81,https://www.ncsl.org/about-state-legislatures/state-partisan-composition
Oklahoma,2026,house_total_seats,101,https://www.ncsl.org/about-state-legislatures/state-partisan-composition
Oklahoma,2026,leg_control_ncsl,R,https://www.ncsl.org/about-state-legislatures/state-partisan-composition
Oklahoma,2026,senate_dem_seats,8,https://www.ncsl.org/about-state-legislatures/state-partisan-composition
Oklahoma,2026,senate_rep_seats,40,https://www.ncsl.org/about-state-legislatures/state-partisan-composition
Oklahoma,2026,senate_total_seats,48,https://www.ncsl.org/about-state-legislatures/state-partisan-composition
Oklahoma,2026,state_control_ncsl,R,https://www.ncsl.org/about-state-legislatures/state-partisan-composition
Oregon,1976,gov_party,D,https://doi.org/10.7910/DVN/LZHMG3
Oregon,1976,leg_control,D,https://doi.org/10.7910/DVN/LZHMG3
Oregon,1976,pres_plurality_winner_party,REPUBLICAN,https://doi.org/10.7910/DVN/42MVDX
Oregon,1976,pres_two_party_dem_pct,49.9128,https://doi.org/10.7910/DVN/42MVDX
Oregon,1976,pres_two_party_margin_dem,-0.1743,https://doi.org/10.7910/DVN/42MVDX
Oregon,1977,gov_party,D,https://doi.org/10.7910/DVN/LZHMG3
Oregon,1977,leg_control,D,https://doi.org/10.7910/DVN/LZHMG3
Oregon,1978,gov_party,D,https://doi.org/10.7910/DVN/LZHMG3
Oregon,1978,leg_control,D,https://doi.org/10.7910/DVN/LZHMG3
Oregon,1979,gov_party,R,https://doi.org/10.7910/DVN/LZHMG3
Oregon,1979,leg_control,D,https://doi.org/10.7910/DVN/LZHMG3
Oregon,1980,gov_party,R,https://doi.org/10.7910/DVN/LZHMG3
Oregon,1980,leg_control,D,https://doi.org/10.7910/DVN/LZHMG3
Oregon,1980,pres_plurality_winner_party,REPUBLICAN,https://doi.org/10.7910/DVN/42MVDX
Oregon,1980,pres_two_party_dem_pct,44.4474,https://doi.org/10.7910/DVN/42MVDX
Oregon,1980,pres_two_party_margin_dem,-11.1052,https://doi.org/10.7910/DVN/42MVDX
Oregon,1981,gov_party,R,https://doi.org/10.7910/DVN/LZHMG3
Oregon,1981,leg_control,D,https://doi.org/10.7910/DVN/LZHMG3
Oregon,1982,gov_party,R,https://doi.org/10.7910/DVN/LZHMG3
Oregon,1982,leg_control,D,https://doi.org/10.7910/DVN/LZHMG3
Oregon,1983,gov_party,R,https://doi.org/10.7910/DVN/LZHMG3
Oregon,1983,leg_control,D,https://doi.org/10.7910/DVN/LZHMG3
Oregon,1984,gov_party,R,https://doi.org/10.7910/DVN/LZHMG3
Oregon,1984,leg_control,D,https://doi.org/10.7910/DVN/LZHMG3
Oregon,1984,pres_plurality_winner_party,REPUBLICAN,https://doi.org/10.7910/DVN/42MVDX
Oregon,1984,pres_two_party_dem_pct,43.8953,https://doi.org/10.7910/DVN/42MVDX
Oregon,1984,pres_two_party_margin_dem,-12.2094,https://doi.org/10.7910/DVN/42MVDX
Oregon,1985,gov_party,R,https://doi.org/10.7910/DVN/LZHMG3
Oregon,1985,leg_control,D,https://doi.org/10.7910/DVN/LZHMG3
Oregon,1986,gov_party,R,https://doi.org/10.7910/DVN/LZHMG3
Oregon,1986,leg_control,D,https://doi.org/10.7910/DVN/LZHMG3
Oregon,1987,gov_party,D,https://doi.org/10.7910/DVN/LZHMG3
Oregon,1987,leg_control,D,https://doi.org/10.7910/DVN/LZHMG3
Oregon,1988,gov_party,D,https://doi.org/10.7910/DVN/LZHMG3
Oregon,1988,leg_control,D,https://doi.org/10.7910/DVN/LZHMG3
Oregon,1988,pres_plurality_winner_party,DEMOCRAT,https://doi.org/10.7910/DVN/42MVDX
Oregon,1988,pres_two_party_dem_pct,52.3837,https://doi.org/10.7910/DVN/42MVDX
Oregon,1988,pres_two_party_margin_dem,4.7674,https://doi.org/10.7910/DVN/42MVDX
Oregon,1989,gov_party,D,https://doi.org/10.7910/DVN/LZHMG3
Oregon,1989,leg_control,D,https://doi.org/10.7910/DVN/LZHMG3
Oregon,1990,gov_party,D,https://doi.org/10.7910/DVN/LZHMG3
Oregon,1990,leg_control,D,https://doi.org/10.7910/DVN/LZHMG3
Oregon,1991,gov_party,D,https://doi.org/10.7910/DVN/LZHMG3
Oregon,1991,leg_control,Split,https://doi.org/10.7910/DVN/LZHMG3
Oregon,1992,gov_party,D,https://doi.org/10.7910/DVN/LZHMG3
Oregon,1992,leg_control,Split,https://doi.org/10.7910/DVN/LZHMG3
Oregon,1992,pres_plurality_winner_party,DEMOCRAT,https://doi.org/10.7910/DVN/42MVDX
Oregon,1992,pres_two_party_dem_pct,56.6339,https://doi.org/10.7910/DVN/42MVDX
Oregon,1992,pres_two_party_margin_dem,13.2678,https://doi.org/10.7910/DVN/42MVDX
Oregon,1993,gov_party,D,https://doi.org/10.7910/DVN/LZHMG3
Oregon,1993,leg_control,Split,https://doi.org/10.7910/DVN/LZHMG3
Oregon,1994,gov_party,D,https://doi.org/10.7910/DVN/LZHMG3
Oregon,1994,leg_control,Split,https://doi.org/10.7910/DVN/LZHMG3
Oregon,1995,gov_party,D,https://doi.org/10.7910/DVN/LZHMG3
Oregon,1995,leg_control,R,https://doi.org/10.7910/DVN/LZHMG3
Oregon,1996,gov_party,D,https://doi.org/10.7910/DVN/LZHMG3
Oregon,1996,leg_control,R,https://doi.org/10.7910/DVN/LZHMG3
Oregon,1996,pres_plurality_winner_party,DEMOCRAT,https://doi.org/10.7910/DVN/42MVDX
Oregon,1996,pres_two_party_dem_pct,54.6931,https://doi.org/10.7910/DVN/42MVDX
Oregon,1996,pres_two_party_margin_dem,9.3862,https://doi.org/10.7910/DVN/42MVDX
Oregon,1997,gov_party,D,https://doi.org/10.7910/DVN/LZHMG3
Oregon,1997,leg_control,R,https://doi.org/10.7910/DVN/LZHMG3
Oregon,1998,gov_party,D,https://doi.org/10.7910/DVN/LZHMG3
Oregon,1998,leg_control,R,https://doi.org/10.7910/DVN/LZHMG3
Oregon,1999,gov_party,D,https://doi.org/10.7910/DVN/LZHMG3
Oregon,1999,leg_control,R,https://doi.org/10.7910/DVN/LZHMG3
Oregon,2000,gov_party,D,https://doi.org/10.7910/DVN/LZHMG3
Oregon,2000,leg_control,R,https://doi.org/10.7910/DVN/LZHMG3
Oregon,2000,pres_plurality_winner_party,DEMOCRAT,https://doi.org/10.7910/DVN/42MVDX
Oregon,2000,pres_two_party_dem_pct,50.2359,https://doi.org/10.7910/DVN/42MVDX
Oregon,2000,pres_two_party_margin_dem,0.4718,https://doi.org/10.7910/DVN/42MVDX
Oregon,2001,gov_party,D,https://doi.org/10.7910/DVN/LZHMG3
Oregon,2001,leg_control,R,https://doi.org/10.7910/DVN/LZHMG3
Oregon,2002,gov_party,D,https://doi.org/10.7910/DVN/LZHMG3
Oregon,2002,leg_control,R,https://doi.org/10.7910/DVN/LZHMG3
Oregon,2003,gov_party,D,https://doi.org/10.7910/DVN/LZHMG3
Oregon,2003,leg_control,Split,https://doi.org/10.7910/DVN/LZHMG3
Oregon,2004,gov_party,D,https://doi.org/10.7910/DVN/LZHMG3
Oregon,2004,leg_control,Split,https://doi.org/10.7910/DVN/LZHMG3
Oregon,2004,pres_plurality_winner_party,DEMOCRAT,https://doi.org/10.7910/DVN/42MVDX
Oregon,2004,pres_two_party_dem_pct,52.1086,https://doi.org/10.7910/DVN/42MVDX
Oregon,2004,pres_two_party_margin_dem,4.2173,https://doi.org/10.7910/DVN/42MVDX
Oregon,2005,gov_party,D,https://doi.org/10.7910/DVN/LZHMG3
Oregon,2005,leg_control,Split,https://doi.org/10.7910/DVN/LZHMG3
Oregon,2006,gov_party,D,https://doi.org/10.7910/DVN/LZHMG3
Oregon,2006,leg_control,Split,https://doi.org/10.7910/DVN/LZHMG3
Oregon,2007,gov_party,D,https://doi.org/10.7910/DVN/LZHMG3
Oregon,2007,leg_control,D,https://doi.org/10.7910/DVN/LZHMG3
Oregon,2008,gov_party,D,https://doi.org/10.7910/DVN/LZHMG3
Oregon,2008,leg_control,D,https://doi.org/10.7910/DVN/LZHMG3
Oregon,2008,pres_plurality_winner_party,DEMOCRAT,https://doi.org/10.7910/DVN/42MVDX
Oregon,2008,pres_two_party_dem_pct,58.4137,https://doi.org/10.7910/DVN/42MVDX
Oregon,2008,pres_two_party_margin_dem,16.8274,https://doi.org/10.7910/DVN/42MVDX
Oregon,2009,gov_party,D,https://doi.org/10.7910/DVN/LZHMG3
Oregon,2009,leg_control,D,https://doi.org/10.7910/DVN/LZHMG3
Oregon,2010,gov_party,D,https://doi.org/10.7910/DVN/LZHMG3
Oregon,2010,leg_control,D,https://doi.org/10.7910/DVN/LZHMG3
Oregon,2011,gov_party,D,https://doi.org/10.7910/DVN/LZHMG3
Oregon,2011,leg_control,Split,https://doi.org/10.7910/DVN/LZHMG3
Oregon,2012,pres_plurality_winner_party,DEMOCRAT,https://doi.org/10.7910/DVN/42MVDX
Oregon,2012,pres_two_party_dem_pct,56.2712,https://doi.org/10.7910/DVN/42MVDX
Oregon,2012,pres_two_party_margin_dem,12.5423,https://doi.org/10.7910/DVN/42MVDX
Oregon,2016,pres_plurality_winner_party,DEMOCRAT,https://doi.org/10.7910/DVN/42MVDX
Oregon,2016,pres_two_party_dem_pct,56.1558,https://doi.org/10.7910/DVN/42MVDX
Oregon,2016,pres_two_party_margin_dem,12.3117,https://doi.org/10.7910/DVN/42MVDX
Oregon,2020,pres_plurality_winner_party,DEMOCRAT,https://doi.org/10.7910/DVN/42MVDX
Oregon,2020,pres_two_party_dem_pct,58.3072,https://doi.org/10.7910/DVN/42MVDX
Oregon,2020,pres_two_party_margin_dem,16.6143,https://doi.org/10.7910/DVN/42MVDX
Oregon,2024,pres_plurality_winner_party,DEMOCRAT,https://doi.org/10.7910/DVN/42MVDX
Oregon,2024,pres_two_party_dem_pct,57.4331,https://doi.org/10.7910/DVN/42MVDX
Oregon,2024,pres_two_party_margin_dem,14.8661,https://doi.org/10.7910/DVN/42MVDX
Oregon,2026,gov_party_ncsl,D,https://www.ncsl.org/about-state-legislatures/state-partisan-composition
Oregon,2026,house_dem_seats,37,https://www.ncsl.org/about-state-legislatures/state-partisan-composition
Oregon,2026,house_rep_seats,23,https://www.ncsl.org/about-state-legislatures/state-partisan-composition
Oregon,2026,house_total_seats,60,https://www.ncsl.org/about-state-legislatures/state-partisan-composition
Oregon,2026,leg_control_ncsl,D,https://www.ncsl.org/about-state-legislatures/state-partisan-composition
Oregon,2026,senate_dem_seats,18,https://www.ncsl.org/about-state-legislatures/state-partisan-composition
Oregon,2026,senate_rep_seats,12,https://www.ncsl.org/about-state-legislatures/state-partisan-composition
Oregon,2026,senate_total_seats,30,https://www.ncsl.org/about-state-legislatures/state-partisan-composition
Oregon,2026,state_control_ncsl,D,https://www.ncsl.org/about-state-legislatures/state-partisan-composition
Pennsylvania,1976,gov_party,D,https://doi.org/10.7910/DVN/LZHMG3
Pennsylvania,1976,leg_control,D,https://doi.org/10.7910/DVN/LZHMG3
Pennsylvania,1976,pres_plurality_winner_party,DEMOCRAT,https://doi.org/10.7910/DVN/42MVDX
Pennsylvania,1976,pres_two_party_dem_pct,51.3571,https://doi.org/10.7910/DVN/42MVDX
Pennsylvania,1976,pres_two_party_margin_dem,2.7143,https://doi.org/10.7910/DVN/42MVDX
Pennsylvania,1977,gov_party,D,https://doi.org/10.7910/DVN/LZHMG3
Pennsylvania,1977,leg_control,D,https://doi.org/10.7910/DVN/LZHMG3
Pennsylvania,1978,gov_party,D,https://doi.org/10.7910/DVN/LZHMG3
Pennsylvania,1978,leg_control,D,https://doi.org/10.7910/DVN/LZHMG3
Pennsylvania,1979,gov_party,R,https://doi.org/10.7910/DVN/LZHMG3
Pennsylvania,1979,leg_control,Split,https://doi.org/10.7910/DVN/LZHMG3
Pennsylvania,1980,gov_party,R,https://doi.org/10.7910/DVN/LZHMG3
Pennsylvania,1980,leg_control,Split,https://doi.org/10.7910/DVN/LZHMG3
Pennsylvania,1980,pres_plurality_winner_party,REPUBLICAN,https://doi.org/10.7910/DVN/42MVDX
Pennsylvania,1980,pres_two_party_dem_pct,46.1384,https://doi.org/10.7910/DVN/42MVDX
Pennsylvania,1980,pres_two_party_margin_dem,-7.7233,https://doi.org/10.7910/DVN/42MVDX
Pennsylvania,1981,gov_party,R,https://doi.org/10.7910/DVN/LZHMG3
Pennsylvania,1981,leg_control,R,https://doi.org/10.7910/DVN/LZHMG3
Pennsylvania,1982,gov_party,R,https://doi.org/10.7910/DVN/LZHMG3
Pennsylvania,1982,leg_control,R,https://doi.org/10.7910/DVN/LZHMG3
Pennsylvania,1983,gov_party,R,https://doi.org/10.7910/DVN/LZHMG3
Pennsylvania,1983,leg_control,Split,https://doi.org/10.7910/DVN/LZHMG3
Pennsylvania,1984,gov_party,R,https://doi.org/10.7910/DVN/LZHMG3
Pennsylvania,1984,leg_control,Split,https://doi.org/10.7910/DVN/LZHMG3
Pennsylvania,1984,pres_plurality_winner_party,REPUBLICAN,https://doi.org/10.7910/DVN/42MVDX
Pennsylvania,1984,pres_two_party_dem_pct,46.2993,https://doi.org/10.7910/DVN/42MVDX
Pennsylvania,1984,pres_two_party_margin_dem,-7.4015,https://doi.org/10.7910/DVN/42MVDX
Pennsylvania,1985,gov_party,R,https://doi.org/10.7910/DVN/LZHMG3
Pennsylvania,1985,leg_control,Split,https://doi.org/10.7910/DVN/LZHMG3
Pennsylvania,1986,gov_party,R,https://doi.org/10.7910/DVN/LZHMG3
Pennsylvania,1986,leg_control,Split,https://doi.org/10.7910/DVN/LZHMG3
Pennsylvania,1987,gov_party,D,https://doi.org/10.7910/DVN/LZHMG3
Pennsylvania,1987,leg_control,Split,https://doi.org/10.7910/DVN/LZHMG3
Pennsylvania,1988,gov_party,D,https://doi.org/10.7910/DVN/LZHMG3
Pennsylvania,1988,leg_control,Split,https://doi.org/10.7910/DVN/LZHMG3
Pennsylvania,1988,pres_plurality_winner_party,REPUBLICAN,https://doi.org/10.7910/DVN/42MVDX
Pennsylvania,1988,pres_two_party_dem_pct,48.8305,https://doi.org/10.7910/DVN/42MVDX
Pennsylvania,1988,pres_two_party_margin_dem,-2.3391,https://doi.org/10.7910/DVN/42MVDX
Pennsylvania,1989,gov_party,D,https://doi.org/10.7910/DVN/LZHMG3
Pennsylvania,1989,leg_control,Split,https://doi.org/10.7910/DVN/LZHMG3
Pennsylvania,1990,gov_party,D,https://doi.org/10.7910/DVN/LZHMG3
Pennsylvania,1990,leg_control,Split,https://doi.org/10.7910/DVN/LZHMG3
Pennsylvania,1991,gov_party,D,https://doi.org/10.7910/DVN/LZHMG3
Pennsylvania,1991,leg_control,Split,https://doi.org/10.7910/DVN/LZHMG3
Pennsylvania,1992,gov_party,D,https://doi.org/10.7910/DVN/LZHMG3
Pennsylvania,1992,leg_control,Split,https://doi.org/10.7910/DVN/LZHMG3
Pennsylvania,1992,pres_plurality_winner_party,DEMOCRAT,https://doi.org/10.7910/DVN/42MVDX
Pennsylvania,1992,pres_two_party_dem_pct,55.5485,https://doi.org/10.7910/DVN/42MVDX
Pennsylvania,1992,pres_two_party_margin_dem,11.0971,https://doi.org/10.7910/DVN/42MVDX
Pennsylvania,1993,gov_party,D,https://doi.org/10.7910/DVN/LZHMG3
Pennsylvania,1993,leg_control,D,https://doi.org/10.7910/DVN/LZHMG3
Pennsylvania,1994,gov_party,D,https://doi.org/10.7910/DVN/LZHMG3
Pennsylvania,1994,leg_control,Split,https://doi.org/10.7910/DVN/LZHMG3
Pennsylvania,1995,gov_party,R,https://doi.org/10.7910/DVN/LZHMG3
Pennsylvania,1995,leg_control,R,https://doi.org/10.7910/DVN/LZHMG3
Pennsylvania,1996,gov_party,R,https://doi.org/10.7910/DVN/LZHMG3
Pennsylvania,1996,leg_control,R,https://doi.org/10.7910/DVN/LZHMG3
Pennsylvania,1996,pres_plurality_winner_party,DEMOCRAT,https://doi.org/10.7910/DVN/42MVDX
Pennsylvania,1996,pres_two_party_dem_pct,55.1612,https://doi.org/10.7910/DVN/42MVDX
Pennsylvania,1996,pres_two_party_margin_dem,10.3224,https://doi.org/10.7910/DVN/42MVDX
Pennsylvania,1997,gov_party,R,https://doi.org/10.7910/DVN/LZHMG3
Pennsylvania,1997,leg_control,R,https://doi.org/10.7910/DVN/LZHMG3
Pennsylvania,1998,gov_party,R,https://doi.org/10.7910/DVN/LZHMG3
Pennsylvania,1998,leg_control,R,https://doi.org/10.7910/DVN/LZHMG3
Pennsylvania,1999,gov_party,R,https://doi.org/10.7910/DVN/LZHMG3
Pennsylvania,1999,leg_control,R,https://doi.org/10.7910/DVN/LZHMG3
Pennsylvania,2000,gov_party,R,https://doi.org/10.7910/DVN/LZHMG3
Pennsylvania,2000,leg_control,R,https://doi.org/10.7910/DVN/LZHMG3
Pennsylvania,2000,pres_plurality_winner_party,DEMOCRAT,https://doi.org/10.7910/DVN/42MVDX
Pennsylvania,2000,pres_two_party_dem_pct,52.1485,https://doi.org/10.7910/DVN/42MVDX
Pennsylvania,2000,pres_two_party_margin_dem,4.297,https://doi.org/10.7910/DVN/42MVDX
Pennsylvania,2001,gov_party,R,https://doi.org/10.7910/DVN/LZHMG3
Pennsylvania,2001,leg_control,R,https://doi.org/10.7910/DVN/LZHMG3
Pennsylvania,2002,gov_party,R,https://doi.org/10.7910/DVN/LZHMG3
Pennsylvania,2002,leg_control,R,https://doi.org/10.7910/DVN/LZHMG3
Pennsylvania,2003,gov_party,D,https://doi.org/10.7910/DVN/LZHMG3
Pennsylvania,2003,leg_control,R,https://doi.org/10.7910/DVN/LZHMG3
Pennsylvania,2004,gov_party,D,https://doi.org/10.7910/DVN/LZHMG3
Pennsylvania,2004,leg_control,R,https://doi.org/10.7910/DVN/LZHMG3
Pennsylvania,2004,pres_plurality_winner_party,DEMOCRAT,https://doi.org/10.7910/DVN/42MVDX
Pennsylvania,2004,pres_two_party_dem_pct,51.2583,https://doi.org/10.7910/DVN/42MVDX
Pennsylvania,2004,pres_two_party_margin_dem,2.5166,https://doi.org/10.7910/DVN/42MVDX
Pennsylvania,2005,gov_party,D,https://doi.org/10.7910/DVN/LZHMG3
Pennsylvania,2005,leg_control,R,https://doi.org/10.7910/DVN/LZHMG3
Pennsylvania,2006,gov_party,D,https://doi.org/10.7910/DVN/LZHMG3
Pennsylvania,2006,leg_control,R,https://doi.org/10.7910/DVN/LZHMG3
Pennsylvania,2007,gov_party,D,https://doi.org/10.7910/DVN/LZHMG3
Pennsylvania,2007,leg_control,Split,https://doi.org/10.7910/DVN/LZHMG3
Pennsylvania,2008,gov_party,D,https://doi.org/10.7910/DVN/LZHMG3
Pennsylvania,2008,leg_control,Split,https://doi.org/10.7910/DVN/LZHMG3
Pennsylvania,2008,pres_plurality_winner_party,DEMOCRAT,https://doi.org/10.7910/DVN/42MVDX
Pennsylvania,2008,pres_two_party_dem_pct,55.2297,https://doi.org/10.7910/DVN/42MVDX
Pennsylvania,2008,pres_two_party_margin_dem,10.4594,https://doi.org/10.7910/DVN/42MVDX
Pennsylvania,2009,gov_party,D,https://doi.org/10.7910/DVN/LZHMG3
Pennsylvania,2009,leg_control,Split,https://doi.org/10.7910/DVN/LZHMG3
Pennsylvania,2010,gov_party,D,https://doi.org/10.7910/DVN/LZHMG3
Pennsylvania,2010,leg_control,Split,https://doi.org/10.7910/DVN/LZHMG3
Pennsylvania,2011,gov_party,R,https://doi.org/10.7910/DVN/LZHMG3
Pennsylvania,2011,leg_control,R,https://doi.org/10.7910/DVN/LZHMG3
Pennsylvania,2012,pres_plurality_winner_party,DEMOCRAT,https://doi.org/10.7910/DVN/42MVDX
Pennsylvania,2012,pres_two_party_dem_pct,52.7319,https://doi.org/10.7910/DVN/42MVDX
Pennsylvania,2012,pres_two_party_margin_dem,5.4639,https://doi.org/10.7910/DVN/42MVDX
Pennsylvania,2016,pres_plurality_winner_party,REPUBLICAN,https://doi.org/10.7910/DVN/42MVDX
Pennsylvania,2016,pres_two_party_dem_pct,49.6245,https://doi.org/10.7910/DVN/42MVDX
Pennsylvania,2016,pres_two_party_margin_dem,-0.7511,https://doi.org/10.7910/DVN/42MVDX
Pennsylvania,2020,pres_plurality_winner_party,DEMOCRAT,https://doi.org/10.7910/DVN/42MVDX
Pennsylvania,2020,pres_two_party_dem_pct,50.5892,https://doi.org/10.7910/DVN/42MVDX
Pennsylvania,2020,pres_two_party_margin_dem,1.1784,https://doi.org/10.7910/DVN/42MVDX
Pennsylvania,2024,pres_plurality_winner_party,REPUBLICAN,https://doi.org/10.7910/DVN/42MVDX
Pennsylvania,2024,pres_two_party_dem_pct,49.1368,https://doi.org/10.7910/DVN/42MVDX
Pennsylvania,2024,pres_two_party_margin_dem,-1.7264,https://doi.org/10.7910/DVN/42MVDX
Pennsylvania,2026,gov_party_ncsl,D,https://www.ncsl.org/about-state-legislatures/state-partisan-composition
Pennsylvania,2026,house_dem_seats,102,https://www.ncsl.org/about-state-legislatures/state-partisan-composition
Pennsylvania,2026,house_rep_seats,99,https://www.ncsl.org/about-state-legislatures/state-partisan-composition
Pennsylvania,2026,house_total_seats,203,https://www.ncsl.org/about-state-legislatures/state-partisan-composition
Pennsylvania,2026,leg_control_ncsl,Split,https://www.ncsl.org/about-state-legislatures/state-partisan-composition
Pennsylvania,2026,senate_dem_seats,23,https://www.ncsl.org/about-state-legislatures/state-partisan-composition
Pennsylvania,2026,senate_rep_seats,27,https://www.ncsl.org/about-state-legislatures/state-partisan-composition
Pennsylvania,2026,senate_total_seats,50,https://www.ncsl.org/about-state-legislatures/state-partisan-composition
Pennsylvania,2026,state_control_ncsl,Split,https://www.ncsl.org/about-state-legislatures/state-partisan-composition
Rhode Island,1976,gov_party,D,https://doi.org/10.7910/DVN/LZHMG3
Rhode Island,1976,leg_control,D,https://doi.org/10.7910/DVN/LZHMG3
Rhode Island,1976,pres_plurality_winner_party,DEMOCRAT,https://doi.org/10.7910/DVN/42MVDX
Rhode Island,1976,pres_two_party_dem_pct,55.6724,https://doi.org/10.7910/DVN/42MVDX
Rhode Island,1976,pres_two_party_margin_dem,11.3448,https://doi.org/10.7910/DVN/42MVDX
Rhode Island,1977,gov_party,D,https://doi.org/10.7910/DVN/LZHMG3
Rhode Island,1977,leg_control,D,https://doi.org/10.7910/DVN/LZHMG3
Rhode Island,1978,gov_party,D,https://doi.org/10.7910/DVN/LZHMG3
Rhode Island,1978,leg_control,D,https://doi.org/10.7910/DVN/LZHMG3
Rhode Island,1979,gov_party,D,https://doi.org/10.7910/DVN/LZHMG3
Rhode Island,1979,leg_control,D,https://doi.org/10.7910/DVN/LZHMG3
Rhode Island,1980,gov_party,D,https://doi.org/10.7910/DVN/LZHMG3
Rhode Island,1980,leg_control,D,https://doi.org/10.7910/DVN/LZHMG3
Rhode Island,1980,pres_plurality_winner_party,DEMOCRAT,https://doi.org/10.7910/DVN/42MVDX
Rhode Island,1980,pres_two_party_dem_pct,56.1661,https://doi.org/10.7910/DVN/42MVDX
Rhode Island,1980,pres_two_party_margin_dem,12.3321,https://doi.org/10.7910/DVN/42MVDX
Rhode Island,1981,gov_party,D,https://doi.org/10.7910/DVN/LZHMG3
Rhode Island,1981,leg_control,D,https://doi.org/10.7910/DVN/LZHMG3
Rhode Island,1982,gov_party,D,https://doi.org/10.7910/DVN/LZHMG3
Rhode Island,1982,leg_control,D,https://doi.org/10.7910/DVN/LZHMG3
Rhode Island,1983,gov_party,D,https://doi.org/10.7910/DVN/LZHMG3
Rhode Island,1983,leg_control,D,https://doi.org/10.7910/DVN/LZHMG3
Rhode Island,1984,gov_party,D,https://doi.org/10.7910/DVN/LZHMG3
Rhode Island,1984,leg_control,D,https://doi.org/10.7910/DVN/LZHMG3
Rhode Island,1984,pres_plurality_winner_party,REPUBLICAN,https://doi.org/10.7910/DVN/42MVDX
Rhode Island,1984,pres_two_party_dem_pct,48.1703,https://doi.org/10.7910/DVN/42MVDX
Rhode Island,1984,pres_two_party_margin_dem,-3.6595,https://doi.org/10.7910/DVN/42MVDX
Rhode Island,1985,gov_party,R,https://doi.org/10.7910/DVN/LZHMG3
Rhode Island,1985,leg_control,D,https://doi.org/10.7910/DVN/LZHMG3
Rhode Island,1986,gov_party,R,https://doi.org/10.7910/DVN/LZHMG3
Rhode Island,1986,leg_control,D,https://doi.org/10.7910/DVN/LZHMG3
Rhode Island,1987,gov_party,R,https://doi.org/10.7910/DVN/LZHMG3
Rhode Island,1987,leg_control,D,https://doi.org/10.7910/DVN/LZHMG3
Rhode Island,1988,gov_party,R,https://doi.org/10.7910/DVN/LZHMG3
Rhode Island,1988,leg_control,D,https://doi.org/10.7910/DVN/LZHMG3
Rhode Island,1988,pres_plurality_winner_party,DEMOCRAT,https://doi.org/10.7910/DVN/42MVDX
Rhode Island,1988,pres_two_party_dem_pct,55.8779,https://doi.org/10.7910/DVN/42MVDX
Rhode Island,1988,pres_two_party_margin_dem,11.7557,https://doi.org/10.7910/DVN/42MVDX
Rhode Island,1989,gov_party,R,https://doi.org/10.7910/DVN/LZHMG3
Rhode Island,1989,leg_control,D,https://doi.org/10.7910/DVN/LZHMG3
Rhode Island,1990,gov_party,R,https://doi.org/10.7910/DVN/LZHMG3
Rhode Island,1990,leg_control,D,https://doi.org/10.7910/DVN/LZHMG3
Rhode Island,1991,gov_party,D,https://doi.org/10.7910/DVN/LZHMG3
Rhode Island,1991,leg_control,D,https://doi.org/10.7910/DVN/LZHMG3
Rhode Island,1992,gov_party,D,https://doi.org/10.7910/DVN/LZHMG3
Rhode Island,1992,leg_control,D,https://doi.org/10.7910/DVN/LZHMG3
Rhode Island,1992,pres_plurality_winner_party,DEMOCRAT,https://doi.org/10.7910/DVN/42MVDX
Rhode Island,1992,pres_two_party_dem_pct,61.8437,https://doi.org/10.7910/DVN/42MVDX
Rhode Island,1992,pres_two_party_margin_dem,23.6874,https://doi.org/10.7910/DVN/42MVDX
Rhode Island,1993,gov_party,D,https://doi.org/10.7910/DVN/LZHMG3
Rhode Island,1993,leg_control,D,https://doi.org/10.7910/DVN/LZHMG3
Rhode Island,1994,gov_party,D,https://doi.org/10.7910/DVN/LZHMG3
Rhode Island,1994,leg_control,D,https://doi.org/10.7910/DVN/LZHMG3
Rhode Island,1995,gov_party,R,https://doi.org/10.7910/DVN/LZHMG3
Rhode Island,1995,leg_control,D,https://doi.org/10.7910/DVN/LZHMG3
Rhode Island,1996,gov_party,R,https://doi.org/10.7910/DVN/LZHMG3
Rhode Island,1996,leg_control,D,https://doi.org/10.7910/DVN/LZHMG3
Rhode Island,1996,pres_plurality_winner_party,DEMOCRAT,https://doi.org/10.7910/DVN/42MVDX
Rhode Island,1996,pres_two_party_dem_pct,69.0042,https://doi.org/10.7910/DVN/42MVDX
Rhode Island,1996,pres_two_party_margin_dem,38.0084,https://doi.org/10.7910/DVN/42MVDX
Rhode Island,1997,gov_party,R,https://doi.org/10.7910/DVN/LZHMG3
Rhode Island,1997,leg_control,D,https://doi.org/10.7910/DVN/LZHMG3
Rhode Island,1998,gov_party,R,https://doi.org/10.7910/DVN/LZHMG3
Rhode Island,1998,leg_control,D,https://doi.org/10.7910/DVN/LZHMG3
Rhode Island,1999,gov_party,R,https://doi.org/10.7910/DVN/LZHMG3
Rhode Island,1999,leg_control,D,https://doi.org/10.7910/DVN/LZHMG3
Rhode Island,2000,gov_party,R,https://doi.org/10.7910/DVN/LZHMG3
Rhode Island,2000,leg_control,D,https://doi.org/10.7910/DVN/LZHMG3
Rhode Island,2000,pres_plurality_winner_party,DEMOCRAT,https://doi.org/10.7910/DVN/42MVDX
Rhode Island,2000,pres_two_party_dem_pct,65.6491,https://doi.org/10.7910/DVN/42MVDX
Rhode Island,2000,pres_two_party_margin_dem,31.2982,https://doi.org/10.7910/DVN/42MVDX
Rhode Island,2001,gov_party,R,https://doi.org/10.7910/DVN/LZHMG3
Rhode Island,2001,leg_control,D,https://doi.org/10.7910/DVN/LZHMG3
Rhode Island,2002,gov_party,R,https://doi.org/10.7910/DVN/LZHMG3
Rhode Island,2002,leg_control,D,https://doi.org/10.7910/DVN/LZHMG3
Rhode Island,2003,gov_party,R,https://doi.org/10.7910/DVN/LZHMG3
Rhode Island,2003,leg_control,D,https://doi.org/10.7910/DVN/LZHMG3
Rhode Island,2004,gov_party,R,https://doi.org/10.7910/DVN/LZHMG3
Rhode Island,2004,leg_control,D,https://doi.org/10.7910/DVN/LZHMG3
Rhode Island,2004,pres_plurality_winner_party,DEMOCRAT,https://doi.org/10.7910/DVN/42MVDX
Rhode Island,2004,pres_two_party_dem_pct,60.5775,https://doi.org/10.7910/DVN/42MVDX
Rhode Island,2004,pres_two_party_margin_dem,21.155,https://doi.org/10.7910/DVN/42MVDX
Rhode Island,2005,gov_party,R,https://doi.org/10.7910/DVN/LZHMG3
Rhode Island,2005,leg_control,D,https://doi.org/10.7910/DVN/LZHMG3
Rhode Island,2006,gov_party,R,https://doi.org/10.7910/DVN/LZHMG3
Rhode Island,2006,leg_control,D,https://doi.org/10.7910/DVN/LZHMG3
Rhode Island,2007,gov_party,R,https://doi.org/10.7910/DVN/LZHMG3
Rhode Island,2007,leg_control,D,https://doi.org/10.7910/DVN/LZHMG3
Rhode Island,2008,gov_party,R,https://doi.org/10.7910/DVN/LZHMG3
Rhode Island,2008,leg_control,D,https://doi.org/10.7910/DVN/LZHMG3
Rhode Island,2008,pres_plurality_winner_party,DEMOCRAT,https://doi.org/10.7910/DVN/42MVDX
Rhode Island,2008,pres_two_party_dem_pct,64.1981,https://doi.org/10.7910/DVN/42MVDX
Rhode Island,2008,pres_two_party_margin_dem,28.3963,https://doi.org/10.7910/DVN/42MVDX
Rhode Island,2009,gov_party,R,https://doi.org/10.7910/DVN/LZHMG3
Rhode Island,2009,leg_control,D,https://doi.org/10.7910/DVN/LZHMG3
Rhode Island,2010,gov_party,R,https://doi.org/10.7910/DVN/LZHMG3
Rhode Island,2010,leg_control,D,https://doi.org/10.7910/DVN/LZHMG3
Rhode Island,2011,gov_party,Other,https://doi.org/10.7910/DVN/LZHMG3
Rhode Island,2011,leg_control,D,https://doi.org/10.7910/DVN/LZHMG3
Rhode Island,2012,pres_plurality_winner_party,DEMOCRAT,https://doi.org/10.7910/DVN/42MVDX
Rhode Island,2012,pres_two_party_dem_pct,64.0167,https://doi.org/10.7910/DVN/42MVDX
Rhode Island,2012,pres_two_party_margin_dem,28.0335,https://doi.org/10.7910/DVN/42MVDX
Rhode Island,2016,pres_plurality_winner_party,DEMOCRAT,https://doi.org/10.7910/DVN/42MVDX
Rhode Island,2016,pres_two_party_dem_pct,58.3107,https://doi.org/10.7910/DVN/42MVDX
Rhode Island,2016,pres_two_party_margin_dem,16.6214,https://doi.org/10.7910/DVN/42MVDX
Rhode Island,2020,pres_plurality_winner_party,DEMOCRAT,https://doi.org/10.7910/DVN/42MVDX
Rhode Island,2020,pres_two_party_dem_pct,60.5994,https://doi.org/10.7910/DVN/42MVDX
Rhode Island,2020,pres_two_party_margin_dem,21.1987,https://doi.org/10.7910/DVN/42MVDX
Rhode Island,2024,pres_plurality_winner_party,DEMOCRAT,https://doi.org/10.7910/DVN/42MVDX
Rhode Island,2024,pres_two_party_dem_pct,57.0812,https://doi.org/10.7910/DVN/42MVDX
Rhode Island,2024,pres_two_party_margin_dem,14.1624,https://doi.org/10.7910/DVN/42MVDX
Rhode Island,2026,gov_party_ncsl,D,https://www.ncsl.org/about-state-legislatures/state-partisan-composition
Rhode Island,2026,house_dem_seats,64,https://www.ncsl.org/about-state-legislatures/state-partisan-composition
Rhode Island,2026,house_rep_seats,10,https://www.ncsl.org/about-state-legislatures/state-partisan-composition
Rhode Island,2026,house_total_seats,75,https://www.ncsl.org/about-state-legislatures/state-partisan-composition
Rhode Island,2026,leg_control_ncsl,D,https://www.ncsl.org/about-state-legislatures/state-partisan-composition
Rhode Island,2026,senate_dem_seats,34,https://www.ncsl.org/about-state-legislatures/state-partisan-composition
Rhode Island,2026,senate_rep_seats,4,https://www.ncsl.org/about-state-legislatures/state-partisan-composition
Rhode Island,2026,senate_total_seats,38,https://www.ncsl.org/about-state-legislatures/state-partisan-composition
Rhode Island,2026,state_control_ncsl,D,https://www.ncsl.org/about-state-legislatures/state-partisan-composition
South Carolina,1976,gov_party,R,https://doi.org/10.7910/DVN/LZHMG3
South Carolina,1976,leg_control,D,https://doi.org/10.7910/DVN/LZHMG3
South Carolina,1976,pres_plurality_winner_party,DEMOCRAT,https://doi.org/10.7910/DVN/42MVDX
South Carolina,1976,pres_two_party_dem_pct,56.5661,https://doi.org/10.7910/DVN/42MVDX
South Carolina,1976,pres_two_party_margin_dem,13.1322,https://doi.org/10.7910/DVN/42MVDX
South Carolina,1977,gov_party,R,https://doi.org/10.7910/DVN/LZHMG3
South Carolina,1977,leg_control,D,https://doi.org/10.7910/DVN/LZHMG3
South Carolina,1978,gov_party,R,https://doi.org/10.7910/DVN/LZHMG3
South Carolina,1978,leg_control,D,https://doi.org/10.7910/DVN/LZHMG3
South Carolina,1979,gov_party,D,https://doi.org/10.7910/DVN/LZHMG3
South Carolina,1979,leg_control,D,https://doi.org/10.7910/DVN/LZHMG3
South Carolina,1980,gov_party,D,https://doi.org/10.7910/DVN/LZHMG3
South Carolina,1980,leg_control,D,https://doi.org/10.7910/DVN/LZHMG3
South Carolina,1980,pres_plurality_winner_party,REPUBLICAN,https://doi.org/10.7910/DVN/42MVDX
South Carolina,1980,pres_two_party_dem_pct,49.3627,https://doi.org/10.7910/DVN/42MVDX
South Carolina,1980,pres_two_party_margin_dem,-1.2746,https://doi.org/10.7910/DVN/42MVDX
South Carolina,1981,gov_party,D,https://doi.org/10.7910/DVN/LZHMG3
South Carolina,1981,leg_control,D,https://doi.org/10.7910/DVN/LZHMG3
South Carolina,1982,gov_party,D,https://doi.org/10.7910/DVN/LZHMG3
South Carolina,1982,leg_control,D,https://doi.org/10.7910/DVN/LZHMG3
South Carolina,1983,gov_party,D,https://doi.org/10.7910/DVN/LZHMG3
South Carolina,1983,leg_control,D,https://doi.org/10.7910/DVN/LZHMG3
South Carolina,1984,gov_party,D,https://doi.org/10.7910/DVN/LZHMG3
South Carolina,1984,leg_control,D,https://doi.org/10.7910/DVN/LZHMG3
South Carolina,1984,pres_plurality_winner_party,REPUBLICAN,https://doi.org/10.7910/DVN/42MVDX
South Carolina,1984,pres_two_party_dem_pct,35.8812,https://doi.org/10.7910/DVN/42MVDX
South Carolina,1984,pres_two_party_margin_dem,-28.2376,https://doi.org/10.7910/DVN/42MVDX
South Carolina,1985,gov_party,D,https://doi.org/10.7910/DVN/LZHMG3
South Carolina,1985,leg_control,D,https://doi.org/10.7910/DVN/LZHMG3
South Carolina,1986,gov_party,D,https://doi.org/10.7910/DVN/LZHMG3
South Carolina,1986,leg_control,D,https://doi.org/10.7910/DVN/LZHMG3
South Carolina,1987,gov_party,R,https://doi.org/10.7910/DVN/LZHMG3
South Carolina,1987,leg_control,D,https://doi.org/10.7910/DVN/LZHMG3
South Carolina,1988,gov_party,R,https://doi.org/10.7910/DVN/LZHMG3
South Carolina,1988,leg_control,D,https://doi.org/10.7910/DVN/LZHMG3
South Carolina,1988,pres_plurality_winner_party,REPUBLICAN,https://doi.org/10.7910/DVN/42MVDX
South Carolina,1988,pres_two_party_dem_pct,37.9279,https://doi.org/10.7910/DVN/42MVDX
South Carolina,1988,pres_two_party_margin_dem,-24.1443,https://doi.org/10.7910/DVN/42MVDX
South Carolina,1989,gov_party,R,https://doi.org/10.7910/DVN/LZHMG3
South Carolina,1989,leg_control,D,https://doi.org/10.7910/DVN/LZHMG3
South Carolina,1990,gov_party,R,https://doi.org/10.7910/DVN/LZHMG3
South Carolina,1990,leg_control,D,https://doi.org/10.7910/DVN/LZHMG3
South Carolina,1991,gov_party,R,https://doi.org/10.7910/DVN/LZHMG3
South Carolina,1991,leg_control,D,https://doi.org/10.7910/DVN/LZHMG3
South Carolina,1992,gov_party,R,https://doi.org/10.7910/DVN/LZHMG3
South Carolina,1992,leg_control,D,https://doi.org/10.7910/DVN/LZHMG3
South Carolina,1992,pres_plurality_winner_party,REPUBLICAN,https://doi.org/10.7910/DVN/42MVDX
South Carolina,1992,pres_two_party_dem_pct,47.6432,https://doi.org/10.7910/DVN/42MVDX
South Carolina,1992,pres_two_party_margin_dem,-4.7137,https://doi.org/10.7910/DVN/42MVDX
South Carolina,1993,gov_party,R,https://doi.org/10.7910/DVN/LZHMG3
South Carolina,1993,leg_control,D,https://doi.org/10.7910/DVN/LZHMG3
South Carolina,1994,gov_party,R,https://doi.org/10.7910/DVN/LZHMG3
South Carolina,1994,leg_control,D,https://doi.org/10.7910/DVN/LZHMG3
South Carolina,1995,gov_party,R,https://doi.org/10.7910/DVN/LZHMG3
South Carolina,1995,leg_control,Split,https://doi.org/10.7910/DVN/LZHMG3
South Carolina,1996,gov_party,R,https://doi.org/10.7910/DVN/LZHMG3
South Carolina,1996,leg_control,Split,https://doi.org/10.7910/DVN/LZHMG3
South Carolina,1996,pres_plurality_winner_party,REPUBLICAN,https://doi.org/10.7910/DVN/42MVDX
South Carolina,1996,pres_two_party_dem_pct,46.888,https://doi.org/10.7910/DVN/42MVDX
South Carolina,1996,pres_two_party_margin_dem,-6.224,https://doi.org/10.7910/DVN/42MVDX
South Carolina,1997,gov_party,R,https://doi.org/10.7910/DVN/LZHMG3
South Carolina,1997,leg_control,Split,https://doi.org/10.7910/DVN/LZHMG3
South Carolina,1998,gov_party,R,https://doi.org/10.7910/DVN/LZHMG3
South Carolina,1998,leg_control,Split,https://doi.org/10.7910/DVN/LZHMG3
South Carolina,1999,gov_party,D,https://doi.org/10.7910/DVN/LZHMG3
South Carolina,1999,leg_control,Split,https://doi.org/10.7910/DVN/LZHMG3
South Carolina,2000,gov_party,D,https://doi.org/10.7910/DVN/LZHMG3
South Carolina,2000,leg_control,Split,https://doi.org/10.7910/DVN/LZHMG3
South Carolina,2000,pres_plurality_winner_party,REPUBLICAN,https://doi.org/10.7910/DVN/42MVDX
South Carolina,2000,pres_two_party_dem_pct,41.8379,https://doi.org/10.7910/DVN/42MVDX
South Carolina,2000,pres_two_party_margin_dem,-16.3242,https://doi.org/10.7910/DVN/42MVDX
South Carolina,2001,gov_party,D,https://doi.org/10.7910/DVN/LZHMG3
South Carolina,2001,leg_control,R,https://doi.org/10.7910/DVN/LZHMG3
South Carolina,2002,gov_party,D,https://doi.org/10.7910/DVN/LZHMG3
South Carolina,2002,leg_control,R,https://doi.org/10.7910/DVN/LZHMG3
South Carolina,2003,gov_party,R,https://doi.org/10.7910/DVN/LZHMG3
South Carolina,2003,leg_control,R,https://doi.org/10.7910/DVN/LZHMG3
South Carolina,2004,gov_party,R,https://doi.org/10.7910/DVN/LZHMG3
South Carolina,2004,leg_control,R,https://doi.org/10.7910/DVN/LZHMG3
South Carolina,2004,pres_plurality_winner_party,REPUBLICAN,https://doi.org/10.7910/DVN/42MVDX
South Carolina,2004,pres_two_party_dem_pct,41.3635,https://doi.org/10.7910/DVN/42MVDX
South Carolina,2004,pres_two_party_margin_dem,-17.2729,https://doi.org/10.7910/DVN/42MVDX
South Carolina,2005,gov_party,R,https://doi.org/10.7910/DVN/LZHMG3
South Carolina,2005,leg_control,R,https://doi.org/10.7910/DVN/LZHMG3
South Carolina,2006,gov_party,R,https://doi.org/10.7910/DVN/LZHMG3
South Carolina,2006,leg_control,R,https://doi.org/10.7910/DVN/LZHMG3
South Carolina,2007,gov_party,R,https://doi.org/10.7910/DVN/LZHMG3
South Carolina,2007,leg_control,R,https://doi.org/10.7910/DVN/LZHMG3
South Carolina,2008,gov_party,R,https://doi.org/10.7910/DVN/LZHMG3
South Carolina,2008,leg_control,R,https://doi.org/10.7910/DVN/LZHMG3
South Carolina,2008,pres_plurality_winner_party,REPUBLICAN,https://doi.org/10.7910/DVN/42MVDX
South Carolina,2008,pres_two_party_dem_pct,45.4556,https://doi.org/10.7910/DVN/42MVDX
South Carolina,2008,pres_two_party_margin_dem,-9.0889,https://doi.org/10.7910/DVN/42MVDX
South Carolina,2009,gov_party,R,https://doi.org/10.7910/DVN/LZHMG3
South Carolina,2009,leg_control,R,https://doi.org/10.7910/DVN/LZHMG3
South Carolina,2010,gov_party,R,https://doi.org/10.7910/DVN/LZHMG3
South Carolina,2010,leg_control,R,https://doi.org/10.7910/DVN/LZHMG3
South Carolina,2011,gov_party,R,https://doi.org/10.7910/DVN/LZHMG3
South Carolina,2011,leg_control,R,https://doi.org/10.7910/DVN/LZHMG3
South Carolina,2012,pres_plurality_winner_party,REPUBLICAN,https://doi.org/10.7910/DVN/42MVDX
South Carolina,2012,pres_two_party_dem_pct,44.6917,https://doi.org/10.7910/DVN/42MVDX
South Carolina,2012,pres_two_party_margin_dem,-10.6165,https://doi.org/10.7910/DVN/42MVDX
South Carolina,2016,pres_plurality_winner_party,REPUBLICAN,https://doi.org/10.7910/DVN/42MVDX
South Carolina,2016,pres_two_party_dem_pct,42.5397,https://doi.org/10.7910/DVN/42MVDX
South Carolina,2016,pres_two_party_margin_dem,-14.9205,https://doi.org/10.7910/DVN/42MVDX
South Carolina,2020,pres_plurality_winner_party,REPUBLICAN,https://doi.org/10.7910/DVN/42MVDX
South Carolina,2020,pres_two_party_dem_pct,44.0734,https://doi.org/10.7910/DVN/42MVDX
South Carolina,2020,pres_two_party_margin_dem,-11.8532,https://doi.org/10.7910/DVN/42MVDX
South Carolina,2024,pres_plurality_winner_party,REPUBLICAN,https://doi.org/10.7910/DVN/42MVDX
South Carolina,2024,pres_two_party_dem_pct,40.9383,https://doi.org/10.7910/DVN/42MVDX
South Carolina,2024,pres_two_party_margin_dem,-18.1234,https://doi.org/10.7910/DVN/42MVDX
South Carolina,2026,gov_party_ncsl,R,https://www.ncsl.org/about-state-legislatures/state-partisan-composition
South Carolina,2026,house_dem_seats,35,https://www.ncsl.org/about-state-legislatures/state-partisan-composition
South Carolina,2026,house_rep_seats,89,https://www.ncsl.org/about-state-legislatures/state-partisan-composition
South Carolina,2026,house_total_seats,124,https://www.ncsl.org/about-state-legislatures/state-partisan-composition
South Carolina,2026,leg_control_ncsl,R,https://www.ncsl.org/about-state-legislatures/state-partisan-composition
South Carolina,2026,senate_dem_seats,12,https://www.ncsl.org/about-state-legislatures/state-partisan-composition
South Carolina,2026,senate_rep_seats,34,https://www.ncsl.org/about-state-legislatures/state-partisan-composition
South Carolina,2026,senate_total_seats,46,https://www.ncsl.org/about-state-legislatures/state-partisan-composition
South Carolina,2026,state_control_ncsl,R,https://www.ncsl.org/about-state-legislatures/state-partisan-composition
South Dakota,1976,gov_party,D,https://doi.org/10.7910/DVN/LZHMG3
South Dakota,1976,leg_control,Split,https://doi.org/10.7910/DVN/LZHMG3
South Dakota,1976,pres_plurality_winner_party,REPUBLICAN,https://doi.org/10.7910/DVN/42MVDX
South Dakota,1976,pres_two_party_dem_pct,49.257,https://doi.org/10.7910/DVN/42MVDX
South Dakota,1976,pres_two_party_margin_dem,-1.4861,https://doi.org/10.7910/DVN/42MVDX
South Dakota,1977,gov_party,D,https://doi.org/10.7910/DVN/LZHMG3
South Dakota,1977,leg_control,R,https://doi.org/10.7910/DVN/LZHMG3
South Dakota,1978,gov_party,D,https://doi.org/10.7910/DVN/LZHMG3
South Dakota,1978,leg_control,R,https://doi.org/10.7910/DVN/LZHMG3
South Dakota,1979,gov_party,R,https://doi.org/10.7910/DVN/LZHMG3
South Dakota,1979,leg_control,R,https://doi.org/10.7910/DVN/LZHMG3
South Dakota,1980,gov_party,R,https://doi.org/10.7910/DVN/LZHMG3
South Dakota,1980,leg_control,R,https://doi.org/10.7910/DVN/LZHMG3
South Dakota,1980,pres_plurality_winner_party,REPUBLICAN,https://doi.org/10.7910/DVN/42MVDX
South Dakota,1980,pres_two_party_dem_pct,34.3665,https://doi.org/10.7910/DVN/42MVDX
South Dakota,1980,pres_two_party_margin_dem,-31.2669,https://doi.org/10.7910/DVN/42MVDX
South Dakota,1981,gov_party,R,https://doi.org/10.7910/DVN/LZHMG3
South Dakota,1981,leg_control,R,https://doi.org/10.7910/DVN/LZHMG3
South Dakota,1982,gov_party,R,https://doi.org/10.7910/DVN/LZHMG3
South Dakota,1982,leg_control,R,https://doi.org/10.7910/DVN/LZHMG3
South Dakota,1983,gov_party,R,https://doi.org/10.7910/DVN/LZHMG3
South Dakota,1983,leg_control,R,https://doi.org/10.7910/DVN/LZHMG3
South Dakota,1984,gov_party,R,https://doi.org/10.7910/DVN/LZHMG3
South Dakota,1984,leg_control,R,https://doi.org/10.7910/DVN/LZHMG3
South Dakota,1984,pres_plurality_winner_party,REPUBLICAN,https://doi.org/10.7910/DVN/42MVDX
South Dakota,1984,pres_two_party_dem_pct,36.7005,https://doi.org/10.7910/DVN/42MVDX
South Dakota,1984,pres_two_party_margin_dem,-26.599,https://doi.org/10.7910/DVN/42MVDX
South Dakota,1985,gov_party,R,https://doi.org/10.7910/DVN/LZHMG3
South Dakota,1985,leg_control,R,https://doi.org/10.7910/DVN/LZHMG3
South Dakota,1986,gov_party,R,https://doi.org/10.7910/DVN/LZHMG3
South Dakota,1986,leg_control,R,https://doi.org/10.7910/DVN/LZHMG3
South Dakota,1987,gov_party,R,https://doi.org/10.7910/DVN/LZHMG3
South Dakota,1987,leg_control,R,https://doi.org/10.7910/DVN/LZHMG3
South Dakota,1988,gov_party,R,https://doi.org/10.7910/DVN/LZHMG3
South Dakota,1988,leg_control,R,https://doi.org/10.7910/DVN/LZHMG3
South Dakota,1988,pres_plurality_winner_party,REPUBLICAN,https://doi.org/10.7910/DVN/42MVDX
South Dakota,1988,pres_two_party_dem_pct,46.8076,https://doi.org/10.7910/DVN/42MVDX
South Dakota,1988,pres_two_party_margin_dem,-6.3848,https://doi.org/10.7910/DVN/42MVDX
South Dakota,1989,gov_party,R,https://doi.org/10.7910/DVN/LZHMG3
South Dakota,1989,leg_control,R,https://doi.org/10.7910/DVN/LZHMG3
South Dakota,1990,gov_party,R,https://doi.org/10.7910/DVN/LZHMG3
South Dakota,1990,leg_control,R,https://doi.org/10.7910/DVN/LZHMG3
South Dakota,1991,gov_party,R,https://doi.org/10.7910/DVN/LZHMG3
South Dakota,1991,leg_control,R,https://doi.org/10.7910/DVN/LZHMG3
South Dakota,1992,gov_party,R,https://doi.org/10.7910/DVN/LZHMG3
South Dakota,1992,leg_control,R,https://doi.org/10.7910/DVN/LZHMG3
South Dakota,1992,pres_plurality_winner_party,REPUBLICAN,https://doi.org/10.7910/DVN/42MVDX
South Dakota,1992,pres_two_party_dem_pct,47.739,https://doi.org/10.7910/DVN/42MVDX
South Dakota,1992,pres_two_party_margin_dem,-4.5221,https://doi.org/10.7910/DVN/42MVDX
South Dakota,1993,gov_party,R,https://doi.org/10.7910/DVN/LZHMG3
South Dakota,1993,leg_control,Split,https://doi.org/10.7910/DVN/LZHMG3
South Dakota,1994,gov_party,R,https://doi.org/10.7910/DVN/LZHMG3
South Dakota,1994,leg_control,Split,https://doi.org/10.7910/DVN/LZHMG3
South Dakota,1995,gov_party,R,https://doi.org/10.7910/DVN/LZHMG3
South Dakota,1995,leg_control,R,https://doi.org/10.7910/DVN/LZHMG3
South Dakota,1996,gov_party,R,https://doi.org/10.7910/DVN/LZHMG3
South Dakota,1996,leg_control,R,https://doi.org/10.7910/DVN/LZHMG3
South Dakota,1996,pres_plurality_winner_party,REPUBLICAN,https://doi.org/10.7910/DVN/42MVDX
South Dakota,1996,pres_two_party_dem_pct,48.0664,https://doi.org/10.7910/DVN/42MVDX
South Dakota,1996,pres_two_party_margin_dem,-3.8672,https://doi.org/10.7910/DVN/42MVDX
South Dakota,1997,gov_party,R,https://doi.org/10.7910/DVN/LZHMG3
South Dakota,1997,leg_control,R,https://doi.org/10.7910/DVN/LZHMG3
South Dakota,1998,gov_party,R,https://doi.org/10.7910/DVN/LZHMG3
South Dakota,1998,leg_control,R,https://doi.org/10.7910/DVN/LZHMG3
South Dakota,1999,gov_party,R,https://doi.org/10.7910/DVN/LZHMG3
South Dakota,1999,leg_control,R,https://doi.org/10.7910/DVN/LZHMG3
South Dakota,2000,gov_party,R,https://doi.org/10.7910/DVN/LZHMG3
South Dakota,2000,leg_control,R,https://doi.org/10.7910/DVN/LZHMG3
South Dakota,2000,pres_plurality_winner_party,REPUBLICAN,https://doi.org/10.7910/DVN/42MVDX
South Dakota,2000,pres_two_party_dem_pct,38.3853,https://doi.org/10.7910/DVN/42MVDX
South Dakota,2000,pres_two_party_margin_dem,-23.2294,https://doi.org/10.7910/DVN/42MVDX
South Dakota,2001,gov_party,R,https://doi.org/10.7910/DVN/LZHMG3
South Dakota,2001,leg_control,R,https://doi.org/10.7910/DVN/LZHMG3
South Dakota,2002,gov_party,R,https://doi.org/10.7910/DVN/LZHMG3
South Dakota,2002,leg_control,R,https://doi.org/10.7910/DVN/LZHMG3
South Dakota,2003,gov_party,R,https://doi.org/10.7910/DVN/LZHMG3
South Dakota,2003,leg_control,R,https://doi.org/10.7910/DVN/LZHMG3
South Dakota,2004,gov_party,R,https://doi.org/10.7910/DVN/LZHMG3
South Dakota,2004,leg_control,R,https://doi.org/10.7910/DVN/LZHMG3
South Dakota,2004,pres_plurality_winner_party,REPUBLICAN,https://doi.org/10.7910/DVN/42MVDX
South Dakota,2004,pres_two_party_dem_pct,39.0867,https://doi.org/10.7910/DVN/42MVDX
South Dakota,2004,pres_two_party_margin_dem,-21.8266,https://doi.org/10.7910/DVN/42MVDX
South Dakota,2005,gov_party,R,https://doi.org/10.7910/DVN/LZHMG3
South Dakota,2005,leg_control,R,https://doi.org/10.7910/DVN/LZHMG3
South Dakota,2006,gov_party,R,https://doi.org/10.7910/DVN/LZHMG3
South Dakota,2006,leg_control,R,https://doi.org/10.7910/DVN/LZHMG3
South Dakota,2007,gov_party,R,https://doi.org/10.7910/DVN/LZHMG3
South Dakota,2007,leg_control,R,https://doi.org/10.7910/DVN/LZHMG3
South Dakota,2008,gov_party,R,https://doi.org/10.7910/DVN/LZHMG3
South Dakota,2008,leg_control,R,https://doi.org/10.7910/DVN/LZHMG3
South Dakota,2008,pres_plurality_winner_party,REPUBLICAN,https://doi.org/10.7910/DVN/42MVDX
South Dakota,2008,pres_two_party_dem_pct,45.7043,https://doi.org/10.7910/DVN/42MVDX
South Dakota,2008,pres_two_party_margin_dem,-8.5914,https://doi.org/10.7910/DVN/42MVDX
South Dakota,2009,gov_party,R,https://doi.org/10.7910/DVN/LZHMG3
South Dakota,2009,leg_control,R,https://doi.org/10.7910/DVN/LZHMG3
South Dakota,2010,gov_party,R,https://doi.org/10.7910/DVN/LZHMG3
South Dakota,2010,leg_control,R,https://doi.org/10.7910/DVN/LZHMG3
South Dakota,2011,gov_party,R,https://doi.org/10.7910/DVN/LZHMG3
South Dakota,2011,leg_control,R,https://doi.org/10.7910/DVN/LZHMG3
South Dakota,2012,pres_plurality_winner_party,REPUBLICAN,https://doi.org/10.7910/DVN/42MVDX
South Dakota,2012,pres_two_party_dem_pct,40.7815,https://doi.org/10.7910/DVN/42MVDX
South Dakota,2012,pres_two_party_margin_dem,-18.437,https://doi.org/10.7910/DVN/42MVDX
South Dakota,2016,pres_plurality_winner_party,REPUBLICAN,https://doi.org/10.7910/DVN/42MVDX
South Dakota,2016,pres_two_party_dem_pct,34.0281,https://doi.org/10.7910/DVN/42MVDX
South Dakota,2016,pres_two_party_margin_dem,-31.9437,https://doi.org/10.7910/DVN/42MVDX
South Dakota,2020,pres_plurality_winner_party,REPUBLICAN,https://doi.org/10.7910/DVN/42MVDX
South Dakota,2020,pres_two_party_dem_pct,36.5652,https://doi.org/10.7910/DVN/42MVDX
South Dakota,2020,pres_two_party_margin_dem,-26.8696,https://doi.org/10.7910/DVN/42MVDX
South Dakota,2024,pres_plurality_winner_party,REPUBLICAN,https://doi.org/10.7910/DVN/42MVDX
South Dakota,2024,pres_two_party_dem_pct,35.0549,https://doi.org/10.7910/DVN/42MVDX
South Dakota,2024,pres_two_party_margin_dem,-29.8902,https://doi.org/10.7910/DVN/42MVDX
South Dakota,2026,gov_party_ncsl,R,https://www.ncsl.org/about-state-legislatures/state-partisan-composition
South Dakota,2026,house_dem_seats,5,https://www.ncsl.org/about-state-legislatures/state-partisan-composition
South Dakota,2026,house_rep_seats,65,https://www.ncsl.org/about-state-legislatures/state-partisan-composition
South Dakota,2026,house_total_seats,70,https://www.ncsl.org/about-state-legislatures/state-partisan-composition
South Dakota,2026,leg_control_ncsl,R,https://www.ncsl.org/about-state-legislatures/state-partisan-composition
South Dakota,2026,senate_dem_seats,3,https://www.ncsl.org/about-state-legislatures/state-partisan-composition
South Dakota,2026,senate_rep_seats,32,https://www.ncsl.org/about-state-legislatures/state-partisan-composition
South Dakota,2026,senate_total_seats,35,https://www.ncsl.org/about-state-legislatures/state-partisan-composition
South Dakota,2026,state_control_ncsl,R,https://www.ncsl.org/about-state-legislatures/state-partisan-composition
Tennessee,1976,gov_party,D,https://doi.org/10.7910/DVN/LZHMG3
Tennessee,1976,leg_control,D,https://doi.org/10.7910/DVN/LZHMG3
Tennessee,1976,pres_plurality_winner_party,DEMOCRAT,https://doi.org/10.7910/DVN/42MVDX
Tennessee,1976,pres_two_party_dem_pct,56.5729,https://doi.org/10.7910/DVN/42MVDX
Tennessee,1976,pres_two_party_margin_dem,13.1459,https://doi.org/10.7910/DVN/42MVDX
Tennessee,1977,gov_party,D,https://doi.org/10.7910/DVN/LZHMG3
Tennessee,1977,leg_control,D,https://doi.org/10.7910/DVN/LZHMG3
Tennessee,1978,gov_party,D,https://doi.org/10.7910/DVN/LZHMG3
Tennessee,1978,leg_control,D,https://doi.org/10.7910/DVN/LZHMG3
Tennessee,1979,gov_party,R,https://doi.org/10.7910/DVN/LZHMG3
Tennessee,1979,leg_control,D,https://doi.org/10.7910/DVN/LZHMG3
Tennessee,1980,gov_party,R,https://doi.org/10.7910/DVN/LZHMG3
Tennessee,1980,leg_control,D,https://doi.org/10.7910/DVN/LZHMG3
Tennessee,1980,pres_plurality_winner_party,REPUBLICAN,https://doi.org/10.7910/DVN/42MVDX
Tennessee,1980,pres_two_party_dem_pct,49.8501,https://doi.org/10.7910/DVN/42MVDX
Tennessee,1980,pres_two_party_margin_dem,-0.2998,https://doi.org/10.7910/DVN/42MVDX
Tennessee,1981,gov_party,R,https://doi.org/10.7910/DVN/LZHMG3
Tennessee,1981,leg_control,D,https://doi.org/10.7910/DVN/LZHMG3
Tennessee,1982,gov_party,R,https://doi.org/10.7910/DVN/LZHMG3
Tennessee,1982,leg_control,D,https://doi.org/10.7910/DVN/LZHMG3
Tennessee,1983,gov_party,R,https://doi.org/10.7910/DVN/LZHMG3
Tennessee,1983,leg_control,D,https://doi.org/10.7910/DVN/LZHMG3
Tennessee,1984,gov_party,R,https://doi.org/10.7910/DVN/LZHMG3
Tennessee,1984,leg_control,D,https://doi.org/10.7910/DVN/LZHMG3
Tennessee,1984,pres_plurality_winner_party,REPUBLICAN,https://doi.org/10.7910/DVN/42MVDX
Tennessee,1984,pres_two_party_dem_pct,41.8182,https://doi.org/10.7910/DVN/42MVDX
Tennessee,1984,pres_two_party_margin_dem,-16.3637,https://doi.org/10.7910/DVN/42MVDX
Tennessee,1985,gov_party,R,https://doi.org/10.7910/DVN/LZHMG3
Tennessee,1985,leg_control,D,https://doi.org/10.7910/DVN/LZHMG3
Tennessee,1986,gov_party,R,https://doi.org/10.7910/DVN/LZHMG3
Tennessee,1986,leg_control,D,https://doi.org/10.7910/DVN/LZHMG3
Tennessee,1987,gov_party,D,https://doi.org/10.7910/DVN/LZHMG3
Tennessee,1987,leg_control,D,https://doi.org/10.7910/DVN/LZHMG3
Tennessee,1988,gov_party,D,https://doi.org/10.7910/DVN/LZHMG3
Tennessee,1988,leg_control,D,https://doi.org/10.7910/DVN/LZHMG3
Tennessee,1988,pres_plurality_winner_party,REPUBLICAN,https://doi.org/10.7910/DVN/42MVDX
Tennessee,1988,pres_two_party_dem_pct,41.7814,https://doi.org/10.7910/DVN/42MVDX
Tennessee,1988,pres_two_party_margin_dem,-16.4373,https://doi.org/10.7910/DVN/42MVDX
Tennessee,1989,gov_party,D,https://doi.org/10.7910/DVN/LZHMG3
Tennessee,1989,leg_control,D,https://doi.org/10.7910/DVN/LZHMG3
Tennessee,1990,gov_party,D,https://doi.org/10.7910/DVN/LZHMG3
Tennessee,1990,leg_control,D,https://doi.org/10.7910/DVN/LZHMG3
Tennessee,1991,gov_party,D,https://doi.org/10.7910/DVN/LZHMG3
Tennessee,1991,leg_control,D,https://doi.org/10.7910/DVN/LZHMG3
Tennessee,1992,gov_party,D,https://doi.org/10.7910/DVN/LZHMG3
Tennessee,1992,leg_control,D,https://doi.org/10.7910/DVN/LZHMG3
Tennessee,1992,pres_plurality_winner_party,DEMOCRAT,https://doi.org/10.7910/DVN/42MVDX
Tennessee,1992,pres_two_party_dem_pct,52.598,https://doi.org/10.7910/DVN/42MVDX
Tennessee,1992,pres_two_party_margin_dem,5.1961,https://doi.org/10.7910/DVN/42MVDX
Tennessee,1993,gov_party,D,https://doi.org/10.7910/DVN/LZHMG3
Tennessee,1993,leg_control,D,https://doi.org/10.7910/DVN/LZHMG3
Tennessee,1994,gov_party,D,https://doi.org/10.7910/DVN/LZHMG3
Tennessee,1994,leg_control,D,https://doi.org/10.7910/DVN/LZHMG3
Tennessee,1995,gov_party,R,https://doi.org/10.7910/DVN/LZHMG3
Tennessee,1995,leg_control,D,https://doi.org/10.7910/DVN/LZHMG3
Tennessee,1996,gov_party,R,https://doi.org/10.7910/DVN/LZHMG3
Tennessee,1996,leg_control,D,https://doi.org/10.7910/DVN/LZHMG3
Tennessee,1996,pres_plurality_winner_party,DEMOCRAT,https://doi.org/10.7910/DVN/42MVDX
Tennessee,1996,pres_two_party_dem_pct,51.2866,https://doi.org/10.7910/DVN/42MVDX
Tennessee,1996,pres_two_party_margin_dem,2.5733,https://doi.org/10.7910/DVN/42MVDX
Tennessee,1997,gov_party,R,https://doi.org/10.7910/DVN/LZHMG3
Tennessee,1997,leg_control,D,https://doi.org/10.7910/DVN/LZHMG3
Tennessee,1998,gov_party,R,https://doi.org/10.7910/DVN/LZHMG3
Tennessee,1998,leg_control,D,https://doi.org/10.7910/DVN/LZHMG3
Tennessee,1999,gov_party,R,https://doi.org/10.7910/DVN/LZHMG3
Tennessee,1999,leg_control,D,https://doi.org/10.7910/DVN/LZHMG3
Tennessee,2000,gov_party,R,https://doi.org/10.7910/DVN/LZHMG3
Tennessee,2000,leg_control,D,https://doi.org/10.7910/DVN/LZHMG3
Tennessee,2000,pres_plurality_winner_party,REPUBLICAN,https://doi.org/10.7910/DVN/42MVDX
Tennessee,2000,pres_two_party_dem_pct,48.0371,https://doi.org/10.7910/DVN/42MVDX
Tennessee,2000,pres_two_party_margin_dem,-3.9257,https://doi.org/10.7910/DVN/42MVDX
Tennessee,2001,gov_party,R,https://doi.org/10.7910/DVN/LZHMG3
Tennessee,2001,leg_control,D,https://doi.org/10.7910/DVN/LZHMG3
Tennessee,2002,gov_party,R,https://doi.org/10.7910/DVN/LZHMG3
Tennessee,2002,leg_control,D,https://doi.org/10.7910/DVN/LZHMG3
Tennessee,2003,gov_party,D,https://doi.org/10.7910/DVN/LZHMG3
Tennessee,2003,leg_control,D,https://doi.org/10.7910/DVN/LZHMG3
Tennessee,2004,gov_party,D,https://doi.org/10.7910/DVN/LZHMG3
Tennessee,2004,leg_control,D,https://doi.org/10.7910/DVN/LZHMG3
Tennessee,2004,pres_plurality_winner_party,REPUBLICAN,https://doi.org/10.7910/DVN/42MVDX
Tennessee,2004,pres_two_party_dem_pct,42.8146,https://doi.org/10.7910/DVN/42MVDX
Tennessee,2004,pres_two_party_margin_dem,-14.3709,https://doi.org/10.7910/DVN/42MVDX
Tennessee,2005,gov_party,D,https://doi.org/10.7910/DVN/LZHMG3
Tennessee,2005,leg_control,Split,https://doi.org/10.7910/DVN/LZHMG3
Tennessee,2006,gov_party,D,https://doi.org/10.7910/DVN/LZHMG3
Tennessee,2006,leg_control,Split,https://doi.org/10.7910/DVN/LZHMG3
Tennessee,2007,gov_party,D,https://doi.org/10.7910/DVN/LZHMG3
Tennessee,2007,leg_control,Split,https://doi.org/10.7910/DVN/LZHMG3
Tennessee,2008,gov_party,D,https://doi.org/10.7910/DVN/LZHMG3
Tennessee,2008,leg_control,Split,https://doi.org/10.7910/DVN/LZHMG3
Tennessee,2008,pres_plurality_winner_party,REPUBLICAN,https://doi.org/10.7910/DVN/42MVDX
Tennessee,2008,pres_two_party_dem_pct,42.3685,https://doi.org/10.7910/DVN/42MVDX
Tennessee,2008,pres_two_party_margin_dem,-15.2629,https://doi.org/10.7910/DVN/42MVDX
Tennessee,2009,gov_party,D,https://doi.org/10.7910/DVN/LZHMG3
Tennessee,2009,leg_control,R,https://doi.org/10.7910/DVN/LZHMG3
Tennessee,2010,gov_party,D,https://doi.org/10.7910/DVN/LZHMG3
Tennessee,2010,leg_control,R,https://doi.org/10.7910/DVN/LZHMG3
Tennessee,2011,gov_party,R,https://doi.org/10.7910/DVN/LZHMG3
Tennessee,2011,leg_control,R,https://doi.org/10.7910/DVN/LZHMG3
Tennessee,2012,pres_plurality_winner_party,REPUBLICAN,https://doi.org/10.7910/DVN/42MVDX
Tennessee,2012,pres_two_party_dem_pct,39.6489,https://doi.org/10.7910/DVN/42MVDX
Tennessee,2012,pres_two_party_margin_dem,-20.7021,https://doi.org/10.7910/DVN/42MVDX
Tennessee,2016,pres_plurality_winner_party,REPUBLICAN,https://doi.org/10.7910/DVN/42MVDX
Tennessee,2016,pres_two_party_dem_pct,36.3757,https://doi.org/10.7910/DVN/42MVDX
Tennessee,2016,pres_two_party_margin_dem,-27.2487,https://doi.org/10.7910/DVN/42MVDX
Tennessee,2020,pres_plurality_winner_party,REPUBLICAN,https://doi.org/10.7910/DVN/42MVDX
Tennessee,2020,pres_two_party_dem_pct,38.1722,https://doi.org/10.7910/DVN/42MVDX
Tennessee,2020,pres_two_party_margin_dem,-23.6555,https://doi.org/10.7910/DVN/42MVDX
Tennessee,2024,pres_plurality_winner_party,REPUBLICAN,https://doi.org/10.7910/DVN/42MVDX
Tennessee,2024,pres_two_party_dem_pct,34.9395,https://doi.org/10.7910/DVN/42MVDX
Tennessee,2024,pres_two_party_margin_dem,-30.1211,https://doi.org/10.7910/DVN/42MVDX
Tennessee,2026,gov_party_ncsl,R,https://www.ncsl.org/about-state-legislatures/state-partisan-composition
Tennessee,2026,house_dem_seats,24,https://www.ncsl.org/about-state-legislatures/state-partisan-composition
Tennessee,2026,house_rep_seats,75,https://www.ncsl.org/about-state-legislatures/state-partisan-composition
Tennessee,2026,house_total_seats,99,https://www.ncsl.org/about-state-legislatures/state-partisan-composition
Tennessee,2026,leg_control_ncsl,R,https://www.ncsl.org/about-state-legislatures/state-partisan-composition
Tennessee,2026,senate_dem_seats,6,https://www.ncsl.org/about-state-legislatures/state-partisan-composition
Tennessee,2026,senate_rep_seats,27,https://www.ncsl.org/about-state-legislatures/state-partisan-composition
Tennessee,2026,senate_total_seats,33,https://www.ncsl.org/about-state-legislatures/state-partisan-composition
Tennessee,2026,state_control_ncsl,R,https://www.ncsl.org/about-state-legislatures/state-partisan-composition
Texas,1976,gov_party,D,https://doi.org/10.7910/DVN/LZHMG3
Texas,1976,leg_control,D,https://doi.org/10.7910/DVN/LZHMG3
Texas,1976,pres_plurality_winner_party,DEMOCRAT,https://doi.org/10.7910/DVN/42MVDX
Texas,1976,pres_two_party_dem_pct,51.5985,https://doi.org/10.7910/DVN/42MVDX
Texas,1976,pres_two_party_margin_dem,3.197,https://doi.org/10.7910/DVN/42MVDX
Texas,1977,gov_party,D,https://doi.org/10.7910/DVN/LZHMG3
Texas,1977,leg_control,D,https://doi.org/10.7910/DVN/LZHMG3
Texas,1978,gov_party,D,https://doi.org/10.7910/DVN/LZHMG3
Texas,1978,leg_control,D,https://doi.org/10.7910/DVN/LZHMG3
Texas,1979,gov_party,R,https://doi.org/10.7910/DVN/LZHMG3
Texas,1979,leg_control,D,https://doi.org/10.7910/DVN/LZHMG3
Texas,1980,gov_party,R,https://doi.org/10.7910/DVN/LZHMG3
Texas,1980,leg_control,D,https://doi.org/10.7910/DVN/LZHMG3
Texas,1980,pres_plurality_winner_party,REPUBLICAN,https://doi.org/10.7910/DVN/42MVDX
Texas,1980,pres_two_party_dem_pct,42.8327,https://doi.org/10.7910/DVN/42MVDX
Texas,1980,pres_two_party_margin_dem,-14.3347,https://doi.org/10.7910/DVN/42MVDX
Texas,1981,gov_party,R,https://doi.org/10.7910/DVN/LZHMG3
Texas,1981,leg_control,D,https://doi.org/10.7910/DVN/LZHMG3
Texas,1982,gov_party,R,https://doi.org/10.7910/DVN/LZHMG3
Texas,1982,leg_control,D,https://doi.org/10.7910/DVN/LZHMG3
Texas,1983,gov_party,D,https://doi.org/10.7910/DVN/LZHMG3
Texas,1983,leg_control,D,https://doi.org/10.7910/DVN/LZHMG3
Texas,1984,gov_party,D,https://doi.org/10.7910/DVN/LZHMG3
Texas,1984,leg_control,D,https://doi.org/10.7910/DVN/LZHMG3
Texas,1984,pres_plurality_winner_party,REPUBLICAN,https://doi.org/10.7910/DVN/42MVDX
Texas,1984,pres_two_party_dem_pct,36.2137,https://doi.org/10.7910/DVN/42MVDX
Texas,1984,pres_two_party_margin_dem,-27.5726,https://doi.org/10.7910/DVN/42MVDX
Texas,1985,gov_party,D,https://doi.org/10.7910/DVN/LZHMG3
Texas,1985,leg_control,D,https://doi.org/10.7910/DVN/LZHMG3
Texas,1986,gov_party,D,https://doi.org/10.7910/DVN/LZHMG3
Texas,1986,leg_control,D,https://doi.org/10.7910/DVN/LZHMG3
Texas,1987,gov_party,R,https://doi.org/10.7910/DVN/LZHMG3
Texas,1987,leg_control,D,https://doi.org/10.7910/DVN/LZHMG3
Texas,1988,gov_party,R,https://doi.org/10.7910/DVN/LZHMG3
Texas,1988,leg_control,D,https://doi.org/10.7910/DVN/LZHMG3
Texas,1988,pres_plurality_winner_party,REPUBLICAN,https://doi.org/10.7910/DVN/42MVDX
Texas,1988,pres_two_party_dem_pct,43.6537,https://doi.org/10.7910/DVN/42MVDX
Texas,1988,pres_two_party_margin_dem,-12.6927,https://doi.org/10.7910/DVN/42MVDX
Texas,1989,gov_party,R,https://doi.org/10.7910/DVN/LZHMG3
Texas,1989,leg_control,D,https://doi.org/10.7910/DVN/LZHMG3
Texas,1990,gov_party,R,https://doi.org/10.7910/DVN/LZHMG3
Texas,1990,leg_control,D,https://doi.org/10.7910/DVN/LZHMG3
Texas,1991,gov_party,D,https://doi.org/10.7910/DVN/LZHMG3
Texas,1991,leg_control,D,https://doi.org/10.7910/DVN/LZHMG3
Texas,1992,gov_party,D,https://doi.org/10.7910/DVN/LZHMG3
Texas,1992,leg_control,D,https://doi.org/10.7910/DVN/LZHMG3
Texas,1992,pres_plurality_winner_party,REPUBLICAN,https://doi.org/10.7910/DVN/42MVDX
Texas,1992,pres_two_party_dem_pct,47.7578,https://doi.org/10.7910/DVN/42MVDX
Texas,1992,pres_two_party_margin_dem,-4.4843,https://doi.org/10.7910/DVN/42MVDX
Texas,1993,gov_party,D,https://doi.org/10.7910/DVN/LZHMG3
Texas,1993,leg_control,D,https://doi.org/10.7910/DVN/LZHMG3
Texas,1994,gov_party,D,https://doi.org/10.7910/DVN/LZHMG3
Texas,1994,leg_control,D,https://doi.org/10.7910/DVN/LZHMG3
Texas,1995,gov_party,R,https://doi.org/10.7910/DVN/LZHMG3
Texas,1995,leg_control,D,https://doi.org/10.7910/DVN/LZHMG3
Texas,1996,gov_party,R,https://doi.org/10.7910/DVN/LZHMG3
Texas,1996,leg_control,D,https://doi.org/10.7910/DVN/LZHMG3
Texas,1996,pres_plurality_winner_party,REPUBLICAN,https://doi.org/10.7910/DVN/42MVDX
Texas,1996,pres_two_party_dem_pct,47.3394,https://doi.org/10.7910/DVN/42MVDX
Texas,1996,pres_two_party_margin_dem,-5.3212,https://doi.org/10.7910/DVN/42MVDX
Texas,1997,gov_party,R,https://doi.org/10.7910/DVN/LZHMG3
Texas,1997,leg_control,Split,https://doi.org/10.7910/DVN/LZHMG3
Texas,1998,gov_party,R,https://doi.org/10.7910/DVN/LZHMG3
Texas,1998,leg_control,Split,https://doi.org/10.7910/DVN/LZHMG3
Texas,1999,gov_party,R,https://doi.org/10.7910/DVN/LZHMG3
Texas,1999,leg_control,Split,https://doi.org/10.7910/DVN/LZHMG3
Texas,2000,gov_party,R,https://doi.org/10.7910/DVN/LZHMG3
Texas,2000,leg_control,Split,https://doi.org/10.7910/DVN/LZHMG3
Texas,2000,pres_plurality_winner_party,REPUBLICAN,https://doi.org/10.7910/DVN/42MVDX
Texas,2000,pres_two_party_dem_pct,39.0437,https://doi.org/10.7910/DVN/42MVDX
Texas,2000,pres_two_party_margin_dem,-21.9125,https://doi.org/10.7910/DVN/42MVDX
Texas,2001,gov_party,R,https://doi.org/10.7910/DVN/LZHMG3
Texas,2001,leg_control,Split,https://doi.org/10.7910/DVN/LZHMG3
Texas,2002,gov_party,R,https://doi.org/10.7910/DVN/LZHMG3
Texas,2002,leg_control,Split,https://doi.org/10.7910/DVN/LZHMG3
Texas,2003,gov_party,R,https://doi.org/10.7910/DVN/LZHMG3
Texas,2003,leg_control,R,https://doi.org/10.7910/DVN/LZHMG3
Texas,2004,gov_party,R,https://doi.org/10.7910/DVN/LZHMG3
Texas,2004,leg_control,R,https://doi.org/10.7910/DVN/LZHMG3
Texas,2004,pres_plurality_winner_party,REPUBLICAN,https://doi.org/10.7910/DVN/42MVDX
Texas,2004,pres_two_party_dem_pct,38.4898,https://doi.org/10.7910/DVN/42MVDX
Texas,2004,pres_two_party_margin_dem,-23.0204,https://doi.org/10.7910/DVN/42MVDX
Texas,2005,gov_party,R,https://doi.org/10.7910/DVN/LZHMG3
Texas,2005,leg_control,R,https://doi.org/10.7910/DVN/LZHMG3
Texas,2006,gov_party,R,https://doi.org/10.7910/DVN/LZHMG3
Texas,2006,leg_control,R,https://doi.org/10.7910/DVN/LZHMG3
Texas,2007,gov_party,R,https://doi.org/10.7910/DVN/LZHMG3
Texas,2007,leg_control,R,https://doi.org/10.7910/DVN/LZHMG3
Texas,2008,gov_party,R,https://doi.org/10.7910/DVN/LZHMG3
Texas,2008,leg_control,R,https://doi.org/10.7910/DVN/LZHMG3
Texas,2008,pres_plurality_winner_party,REPUBLICAN,https://doi.org/10.7910/DVN/42MVDX
Texas,2008,pres_two_party_dem_pct,44.0641,https://doi.org/10.7910/DVN/42MVDX
Texas,2008,pres_two_party_margin_dem,-11.8719,https://doi.org/10.7910/DVN/42MVDX
Texas,2009,gov_party,R,https://doi.org/10.7910/DVN/LZHMG3
Texas,2009,leg_control,R,https://doi.org/10.7910/DVN/LZHMG3
Texas,2010,gov_party,R,https://doi.org/10.7910/DVN/LZHMG3
Texas,2010,leg_control,R,https://doi.org/10.7910/DVN/LZHMG3
Texas,2011,gov_party,R,https://doi.org/10.7910/DVN/LZHMG3
Texas,2011,leg_control,R,https://doi.org/10.7910/DVN/LZHMG3
Texas,2012,pres_plurality_winner_party,REPUBLICAN,https://doi.org/10.7910/DVN/42MVDX
Texas,2012,pres_two_party_dem_pct,41.9921,https://doi.org/10.7910/DVN/42MVDX
Texas,2012,pres_two_party_margin_dem,-16.0158,https://doi.org/10.7910/DVN/42MVDX
Texas,2016,pres_plurality_winner_party,REPUBLICAN,https://doi.org/10.7910/DVN/42MVDX
Texas,2016,pres_two_party_dem_pct,45.2868,https://doi.org/10.7910/DVN/42MVDX
Texas,2016,pres_two_party_margin_dem,-9.4265,https://doi.org/10.7910/DVN/42MVDX
Texas,2020,pres_plurality_winner_party,REPUBLICAN,https://doi.org/10.7910/DVN/42MVDX
Texas,2020,pres_two_party_dem_pct,47.1693,https://doi.org/10.7910/DVN/42MVDX
Texas,2020,pres_two_party_margin_dem,-5.6614,https://doi.org/10.7910/DVN/42MVDX
Texas,2024,pres_plurality_winner_party,REPUBLICAN,https://doi.org/10.7910/DVN/42MVDX
Texas,2024,pres_two_party_dem_pct,43.061,https://doi.org/10.7910/DVN/42MVDX
Texas,2024,pres_two_party_margin_dem,-13.8781,https://doi.org/10.7910/DVN/42MVDX
Texas,2026,gov_party_ncsl,R,https://www.ncsl.org/about-state-legislatures/state-partisan-composition
Texas,2026,house_dem_seats,62,https://www.ncsl.org/about-state-legislatures/state-partisan-composition
Texas,2026,house_rep_seats,88,https://www.ncsl.org/about-state-legislatures/state-partisan-composition
Texas,2026,house_total_seats,150,https://www.ncsl.org/about-state-legislatures/state-partisan-composition
Texas,2026,leg_control_ncsl,R,https://www.ncsl.org/about-state-legislatures/state-partisan-composition
Texas,2026,senate_dem_seats,12,https://www.ncsl.org/about-state-legislatures/state-partisan-composition
Texas,2026,senate_rep_seats,18,https://www.ncsl.org/about-state-legislatures/state-partisan-composition
Texas,2026,senate_total_seats,31,https://www.ncsl.org/about-state-legislatures/state-partisan-composition
Texas,2026,state_control_ncsl,R,https://www.ncsl.org/about-state-legislatures/state-partisan-composition
Utah,1976,gov_party,D,https://doi.org/10.7910/DVN/LZHMG3
Utah,1976,leg_control,D,https://doi.org/10.7910/DVN/LZHMG3
Utah,1976,pres_plurality_winner_party,REPUBLICAN,https://doi.org/10.7910/DVN/42MVDX
Utah,1976,pres_two_party_dem_pct,35.0199,https://doi.org/10.7910/DVN/42MVDX
Utah,1976,pres_two_party_margin_dem,-29.9601,https://doi.org/10.7910/DVN/42MVDX
Utah,1977,gov_party,D,https://doi.org/10.7910/DVN/LZHMG3
Utah,1977,leg_control,Split,https://doi.org/10.7910/DVN/LZHMG3
Utah,1978,gov_party,D,https://doi.org/10.7910/DVN/LZHMG3
Utah,1978,leg_control,Split,https://doi.org/10.7910/DVN/LZHMG3
Utah,1979,gov_party,D,https://doi.org/10.7910/DVN/LZHMG3
Utah,1979,leg_control,R,https://doi.org/10.7910/DVN/LZHMG3
Utah,1980,gov_party,D,https://doi.org/10.7910/DVN/LZHMG3
Utah,1980,leg_control,R,https://doi.org/10.7910/DVN/LZHMG3
Utah,1980,pres_plurality_winner_party,REPUBLICAN,https://doi.org/10.7910/DVN/42MVDX
Utah,1980,pres_two_party_dem_pct,22.0348,https://doi.org/10.7910/DVN/42MVDX
Utah,1980,pres_two_party_margin_dem,-55.9304,https://doi.org/10.7910/DVN/42MVDX
Utah,1981,gov_party,D,https://doi.org/10.7910/DVN/LZHMG3
Utah,1981,leg_control,R,https://doi.org/10.7910/DVN/LZHMG3
Utah,1982,gov_party,D,https://doi.org/10.7910/DVN/LZHMG3
Utah,1982,leg_control,R,https://doi.org/10.7910/DVN/LZHMG3
Utah,1983,gov_party,D,https://doi.org/10.7910/DVN/LZHMG3
Utah,1983,leg_control,R,https://doi.org/10.7910/DVN/LZHMG3
Utah,1984,gov_party,D,https://doi.org/10.7910/DVN/LZHMG3
Utah,1984,leg_control,R,https://doi.org/10.7910/DVN/LZHMG3
Utah,1984,pres_plurality_winner_party,REPUBLICAN,https://doi.org/10.7910/DVN/42MVDX
Utah,1984,pres_two_party_dem_pct,24.88,https://doi.org/10.7910/DVN/42MVDX
Utah,1984,pres_two_party_margin_dem,-50.24,https://doi.org/10.7910/DVN/42MVDX
Utah,1985,gov_party,R,https://doi.org/10.7910/DVN/LZHMG3
Utah,1985,leg_control,R,https://doi.org/10.7910/DVN/LZHMG3
Utah,1986,gov_party,R,https://doi.org/10.7910/DVN/LZHMG3
Utah,1986,leg_control,R,https://doi.org/10.7910/DVN/LZHMG3
Utah,1987,gov_party,R,https://doi.org/10.7910/DVN/LZHMG3
Utah,1987,leg_control,R,https://doi.org/10.7910/DVN/LZHMG3
Utah,1988,gov_party,R,https://doi.org/10.7910/DVN/LZHMG3
Utah,1988,leg_control,R,https://doi.org/10.7910/DVN/LZHMG3
Utah,1988,pres_plurality_winner_party,REPUBLICAN,https://doi.org/10.7910/DVN/42MVDX
Utah,1988,pres_two_party_dem_pct,32.6121,https://doi.org/10.7910/DVN/42MVDX
Utah,1988,pres_two_party_margin_dem,-34.7757,https://doi.org/10.7910/DVN/42MVDX
Utah,1989,gov_party,R,https://doi.org/10.7910/DVN/LZHMG3
Utah,1989,leg_control,R,https://doi.org/10.7910/DVN/LZHMG3
Utah,1990,gov_party,R,https://doi.org/10.7910/DVN/LZHMG3
Utah,1990,leg_control,R,https://doi.org/10.7910/DVN/LZHMG3
Utah,1991,gov_party,R,https://doi.org/10.7910/DVN/LZHMG3
Utah,1991,leg_control,R,https://doi.org/10.7910/DVN/LZHMG3
Utah,1992,gov_party,R,https://doi.org/10.7910/DVN/LZHMG3
Utah,1992,leg_control,R,https://doi.org/10.7910/DVN/LZHMG3
Utah,1992,pres_plurality_winner_party,REPUBLICAN,https://doi.org/10.7910/DVN/42MVDX
Utah,1992,pres_two_party_dem_pct,36.2464,https://doi.org/10.7910/DVN/42MVDX
Utah,1992,pres_two_party_margin_dem,-27.5072,https://doi.org/10.7910/DVN/42MVDX
Utah,1993,gov_party,R,https://doi.org/10.7910/DVN/LZHMG3
Utah,1993,leg_control,R,https://doi.org/10.7910/DVN/LZHMG3
Utah,1994,gov_party,R,https://doi.org/10.7910/DVN/LZHMG3
Utah,1994,leg_control,R,https://doi.org/10.7910/DVN/LZHMG3
Utah,1995,gov_party,R,https://doi.org/10.7910/DVN/LZHMG3
Utah,1995,leg_control,R,https://doi.org/10.7910/DVN/LZHMG3
Utah,1996,gov_party,R,https://doi.org/10.7910/DVN/LZHMG3
Utah,1996,leg_control,R,https://doi.org/10.7910/DVN/LZHMG3
Utah,1996,pres_plurality_winner_party,REPUBLICAN,https://doi.org/10.7910/DVN/42MVDX
Utah,1996,pres_two_party_dem_pct,37.9805,https://doi.org/10.7910/DVN/42MVDX
Utah,1996,pres_two_party_margin_dem,-24.039,https://doi.org/10.7910/DVN/42MVDX
Utah,1997,gov_party,R,https://doi.org/10.7910/DVN/LZHMG3
Utah,1997,leg_control,R,https://doi.org/10.7910/DVN/LZHMG3
Utah,1998,gov_party,R,https://doi.org/10.7910/DVN/LZHMG3
Utah,1998,leg_control,R,https://doi.org/10.7910/DVN/LZHMG3
Utah,1999,gov_party,R,https://doi.org/10.7910/DVN/LZHMG3
Utah,1999,leg_control,R,https://doi.org/10.7910/DVN/LZHMG3
Utah,2000,gov_party,R,https://doi.org/10.7910/DVN/LZHMG3
Utah,2000,leg_control,R,https://doi.org/10.7910/DVN/LZHMG3
Utah,2000,pres_plurality_winner_party,REPUBLICAN,https://doi.org/10.7910/DVN/42MVDX
Utah,2000,pres_two_party_dem_pct,28.2745,https://doi.org/10.7910/DVN/42MVDX
Utah,2000,pres_two_party_margin_dem,-43.451,https://doi.org/10.7910/DVN/42MVDX
Utah,2001,gov_party,R,https://doi.org/10.7910/DVN/LZHMG3
Utah,2001,leg_control,R,https://doi.org/10.7910/DVN/LZHMG3
Utah,2002,gov_party,R,https://doi.org/10.7910/DVN/LZHMG3
Utah,2002,leg_control,R,https://doi.org/10.7910/DVN/LZHMG3
Utah,2003,gov_party,R,https://doi.org/10.7910/DVN/LZHMG3
Utah,2003,leg_control,R,https://doi.org/10.7910/DVN/LZHMG3
Utah,2004,gov_party,R,https://doi.org/10.7910/DVN/LZHMG3
Utah,2004,leg_control,R,https://doi.org/10.7910/DVN/LZHMG3
Utah,2004,pres_plurality_winner_party,REPUBLICAN,https://doi.org/10.7910/DVN/42MVDX
Utah,2004,pres_two_party_dem_pct,26.6536,https://doi.org/10.7910/DVN/42MVDX
Utah,2004,pres_two_party_margin_dem,-46.6929,https://doi.org/10.7910/DVN/42MVDX
Utah,2005,gov_party,R,https://doi.org/10.7910/DVN/LZHMG3
Utah,2005,leg_control,R,https://doi.org/10.7910/DVN/LZHMG3
Utah,2006,gov_party,R,https://doi.org/10.7910/DVN/LZHMG3
Utah,2006,leg_control,R,https://doi.org/10.7910/DVN/LZHMG3
Utah,2007,gov_party,R,https://doi.org/10.7910/DVN/LZHMG3
Utah,2007,leg_control,R,https://doi.org/10.7910/DVN/LZHMG3
Utah,2008,gov_party,R,https://doi.org/10.7910/DVN/LZHMG3
Utah,2008,leg_control,R,https://doi.org/10.7910/DVN/LZHMG3
Utah,2008,pres_plurality_winner_party,REPUBLICAN,https://doi.org/10.7910/DVN/42MVDX
Utah,2008,pres_two_party_dem_pct,35.4736,https://doi.org/10.7910/DVN/42MVDX
Utah,2008,pres_two_party_margin_dem,-29.0527,https://doi.org/10.7910/DVN/42MVDX
Utah,2009,gov_party,R,https://doi.org/10.7910/DVN/LZHMG3
Utah,2009,leg_control,R,https://doi.org/10.7910/DVN/LZHMG3
Utah,2010,gov_party,R,https://doi.org/10.7910/DVN/LZHMG3
Utah,2010,leg_control,R,https://doi.org/10.7910/DVN/LZHMG3
Utah,2011,gov_party,R,https://doi.org/10.7910/DVN/LZHMG3
Utah,2011,leg_control,R,https://doi.org/10.7910/DVN/LZHMG3
Utah,2012,pres_plurality_winner_party,REPUBLICAN,https://doi.org/10.7910/DVN/42MVDX
Utah,2012,pres_two_party_dem_pct,25.3738,https://doi.org/10.7910/DVN/42MVDX
Utah,2012,pres_two_party_margin_dem,-49.2524,https://doi.org/10.7910/DVN/42MVDX
Utah,2016,pres_plurality_winner_party,REPUBLICAN,https://doi.org/10.7910/DVN/42MVDX
Utah,2016,pres_two_party_dem_pct,37.6171,https://doi.org/10.7910/DVN/42MVDX
Utah,2016,pres_two_party_margin_dem,-24.7658,https://doi.org/10.7910/DVN/42MVDX
Utah,2020,pres_plurality_winner_party,REPUBLICAN,https://doi.org/10.7910/DVN/42MVDX
Utah,2020,pres_two_party_dem_pct,39.3064,https://doi.org/10.7910/DVN/42MVDX
Utah,2020,pres_two_party_margin_dem,-21.3872,https://doi.org/10.7910/DVN/42MVDX
Utah,2024,pres_plurality_winner_party,REPUBLICAN,https://doi.org/10.7910/DVN/42MVDX
Utah,2024,pres_two_party_dem_pct,38.8947,https://doi.org/10.7910/DVN/42MVDX
Utah,2024,pres_two_party_margin_dem,-22.2107,https://doi.org/10.7910/DVN/42MVDX
Utah,2026,gov_party_ncsl,R,https://www.ncsl.org/about-state-legislatures/state-partisan-composition
Utah,2026,house_dem_seats,14,https://www.ncsl.org/about-state-legislatures/state-partisan-composition
Utah,2026,house_rep_seats,61,https://www.ncsl.org/about-state-legislatures/state-partisan-composition
Utah,2026,house_total_seats,75,https://www.ncsl.org/about-state-legislatures/state-partisan-composition
Utah,2026,leg_control_ncsl,R,https://www.ncsl.org/about-state-legislatures/state-partisan-composition
Utah,2026,senate_dem_seats,6,https://www.ncsl.org/about-state-legislatures/state-partisan-composition
Utah,2026,senate_rep_seats,22,https://www.ncsl.org/about-state-legislatures/state-partisan-composition
Utah,2026,senate_total_seats,29,https://www.ncsl.org/about-state-legislatures/state-partisan-composition
Utah,2026,state_control_ncsl,R,https://www.ncsl.org/about-state-legislatures/state-partisan-composition
Vermont,1976,gov_party,D,https://doi.org/10.7910/DVN/LZHMG3
Vermont,1976,leg_control,R,https://doi.org/10.7910/DVN/LZHMG3
Vermont,1976,pres_plurality_winner_party,REPUBLICAN,https://doi.org/10.7910/DVN/42MVDX
Vermont,1976,pres_two_party_dem_pct,43.6614,https://doi.org/10.7910/DVN/42MVDX
Vermont,1976,pres_two_party_margin_dem,-12.6773,https://doi.org/10.7910/DVN/42MVDX
Vermont,1977,gov_party,R,https://doi.org/10.7910/DVN/LZHMG3
Vermont,1977,leg_control,Split,https://doi.org/10.7910/DVN/LZHMG3
Vermont,1978,gov_party,R,https://doi.org/10.7910/DVN/LZHMG3
Vermont,1978,leg_control,Split,https://doi.org/10.7910/DVN/LZHMG3
Vermont,1979,gov_party,R,https://doi.org/10.7910/DVN/LZHMG3
Vermont,1979,leg_control,R,https://doi.org/10.7910/DVN/LZHMG3
Vermont,1980,gov_party,R,https://doi.org/10.7910/DVN/LZHMG3
Vermont,1980,leg_control,R,https://doi.org/10.7910/DVN/LZHMG3
Vermont,1980,pres_plurality_winner_party,REPUBLICAN,https://doi.org/10.7910/DVN/42MVDX
Vermont,1980,pres_two_party_dem_pct,46.4107,https://doi.org/10.7910/DVN/42MVDX
Vermont,1980,pres_two_party_margin_dem,-7.1786,https://doi.org/10.7910/DVN/42MVDX
Vermont,1981,gov_party,R,https://doi.org/10.7910/DVN/LZHMG3
Vermont,1981,leg_control,R,https://doi.org/10.7910/DVN/LZHMG3
Vermont,1982,gov_party,R,https://doi.org/10.7910/DVN/LZHMG3
Vermont,1982,leg_control,R,https://doi.org/10.7910/DVN/LZHMG3
Vermont,1983,gov_party,R,https://doi.org/10.7910/DVN/LZHMG3
Vermont,1983,leg_control,R,https://doi.org/10.7910/DVN/LZHMG3
Vermont,1984,gov_party,R,https://doi.org/10.7910/DVN/LZHMG3
Vermont,1984,leg_control,R,https://doi.org/10.7910/DVN/LZHMG3
Vermont,1984,pres_plurality_winner_party,REPUBLICAN,https://doi.org/10.7910/DVN/42MVDX
Vermont,1984,pres_two_party_dem_pct,41.3351,https://doi.org/10.7910/DVN/42MVDX
Vermont,1984,pres_two_party_margin_dem,-17.3298,https://doi.org/10.7910/DVN/42MVDX
Vermont,1985,gov_party,D,https://doi.org/10.7910/DVN/LZHMG3
Vermont,1985,leg_control,Split,https://doi.org/10.7910/DVN/LZHMG3
Vermont,1986,gov_party,D,https://doi.org/10.7910/DVN/LZHMG3
Vermont,1986,leg_control,Split,https://doi.org/10.7910/DVN/LZHMG3
Vermont,1987,gov_party,D,https://doi.org/10.7910/DVN/LZHMG3
Vermont,1987,leg_control,D,https://doi.org/10.7910/DVN/LZHMG3
Vermont,1988,gov_party,D,https://doi.org/10.7910/DVN/LZHMG3
Vermont,1988,leg_control,D,https://doi.org/10.7910/DVN/LZHMG3
Vermont,1988,pres_plurality_winner_party,REPUBLICAN,https://doi.org/10.7910/DVN/42MVDX
Vermont,1988,pres_two_party_dem_pct,48.2183,https://doi.org/10.7910/DVN/42MVDX
Vermont,1988,pres_two_party_margin_dem,-3.5634,https://doi.org/10.7910/DVN/42MVDX
Vermont,1989,gov_party,D,https://doi.org/10.7910/DVN/LZHMG3
Vermont,1989,leg_control,D,https://doi.org/10.7910/DVN/LZHMG3
Vermont,1990,gov_party,D,https://doi.org/10.7910/DVN/LZHMG3
Vermont,1990,leg_control,D,https://doi.org/10.7910/DVN/LZHMG3
Vermont,1991,gov_party,R,https://doi.org/10.7910/DVN/LZHMG3
Vermont,1991,leg_control,Split,https://doi.org/10.7910/DVN/LZHMG3
Vermont,1992,gov_party,D,https://doi.org/10.7910/DVN/LZHMG3
Vermont,1992,leg_control,Split,https://doi.org/10.7910/DVN/LZHMG3
Vermont,1992,pres_plurality_winner_party,DEMOCRAT,https://doi.org/10.7910/DVN/42MVDX
Vermont,1992,pres_two_party_dem_pct,60.2542,https://doi.org/10.7910/DVN/42MVDX
Vermont,1992,pres_two_party_margin_dem,20.5084,https://doi.org/10.7910/DVN/42MVDX
Vermont,1993,gov_party,D,https://doi.org/10.7910/DVN/LZHMG3
Vermont,1993,leg_control,Split,https://doi.org/10.7910/DVN/LZHMG3
Vermont,1994,gov_party,D,https://doi.org/10.7910/DVN/LZHMG3
Vermont,1994,leg_control,Split,https://doi.org/10.7910/DVN/LZHMG3
Vermont,1995,gov_party,D,https://doi.org/10.7910/DVN/LZHMG3
Vermont,1995,leg_control,Split,https://doi.org/10.7910/DVN/LZHMG3
Vermont,1996,gov_party,D,https://doi.org/10.7910/DVN/LZHMG3
Vermont,1996,leg_control,Split,https://doi.org/10.7910/DVN/LZHMG3
Vermont,1996,pres_plurality_winner_party,DEMOCRAT,https://doi.org/10.7910/DVN/42MVDX
Vermont,1996,pres_two_party_dem_pct,63.1828,https://doi.org/10.7910/DVN/42MVDX
Vermont,1996,pres_two_party_margin_dem,26.3657,https://doi.org/10.7910/DVN/42MVDX
Vermont,1997,gov_party,D,https://doi.org/10.7910/DVN/LZHMG3
Vermont,1997,leg_control,D,https://doi.org/10.7910/DVN/LZHMG3
Vermont,1998,gov_party,D,https://doi.org/10.7910/DVN/LZHMG3
Vermont,1998,leg_control,D,https://doi.org/10.7910/DVN/LZHMG3
Vermont,1999,gov_party,D,https://doi.org/10.7910/DVN/LZHMG3
Vermont,1999,leg_control,D,https://doi.org/10.7910/DVN/LZHMG3
Vermont,2000,gov_party,D,https://doi.org/10.7910/DVN/LZHMG3
Vermont,2000,leg_control,D,https://doi.org/10.7910/DVN/LZHMG3
Vermont,2000,pres_plurality_winner_party,DEMOCRAT,https://doi.org/10.7910/DVN/42MVDX
Vermont,2000,pres_two_party_dem_pct,55.4404,https://doi.org/10.7910/DVN/42MVDX
Vermont,2000,pres_two_party_margin_dem,10.8807,https://doi.org/10.7910/DVN/42MVDX
Vermont,2001,gov_party,D,https://doi.org/10.7910/DVN/LZHMG3
Vermont,2001,leg_control,Split,https://doi.org/10.7910/DVN/LZHMG3
Vermont,2002,gov_party,D,https://doi.org/10.7910/DVN/LZHMG3
Vermont,2002,leg_control,Split,https://doi.org/10.7910/DVN/LZHMG3
Vermont,2003,gov_party,R,https://doi.org/10.7910/DVN/LZHMG3
Vermont,2003,leg_control,Split,https://doi.org/10.7910/DVN/LZHMG3
Vermont,2004,gov_party,R,https://doi.org/10.7910/DVN/LZHMG3
Vermont,2004,leg_control,Split,https://doi.org/10.7910/DVN/LZHMG3
Vermont,2004,pres_plurality_winner_party,DEMOCRAT,https://doi.org/10.7910/DVN/42MVDX
Vermont,2004,pres_two_party_dem_pct,60.301,https://doi.org/10.7910/DVN/42MVDX
Vermont,2004,pres_two_party_margin_dem,20.602,https://doi.org/10.7910/DVN/42MVDX
Vermont,2005,gov_party,R,https://doi.org/10.7910/DVN/LZHMG3
Vermont,2005,leg_control,D,https://doi.org/10.7910/DVN/LZHMG3
Vermont,2006,gov_party,R,https://doi.org/10.7910/DVN/LZHMG3
Vermont,2006,leg_control,D,https://doi.org/10.7910/DVN/LZHMG3
Vermont,2007,gov_party,R,https://doi.org/10.7910/DVN/LZHMG3
Vermont,2007,leg_control,D,https://doi.org/10.7910/DVN/LZHMG3
Vermont,2008,gov_party,R,https://doi.org/10.7910/DVN/LZHMG3
Vermont,2008,leg_control,D,https://doi.org/10.7910/DVN/LZHMG3
Vermont,2008,pres_plurality_winner_party,DEMOCRAT,https://doi.org/10.7910/DVN/42MVDX
Vermont,2008,pres_two_party_dem_pct,68.8992,https://doi.org/10.7910/DVN/42MVDX
Vermont,2008,pres_two_party_margin_dem,37.7984,https://doi.org/10.7910/DVN/42MVDX
Vermont,2009,gov_party,R,https://doi.org/10.7910/DVN/LZHMG3
Vermont,2009,leg_control,D,https://doi.org/10.7910/DVN/LZHMG3
Vermont,2010,gov_party,R,https://doi.org/10.7910/DVN/LZHMG3
Vermont,2010,leg_control,D,https://doi.org/10.7910/DVN/LZHMG3
Vermont,2011,gov_party,D,https://doi.org/10.7910/DVN/LZHMG3
Vermont,2011,leg_control,D,https://doi.org/10.7910/DVN/LZHMG3
Vermont,2012,pres_plurality_winner_party,DEMOCRAT,https://doi.org/10.7910/DVN/42MVDX
Vermont,2012,pres_two_party_dem_pct,68.2473,https://doi.org/10.7910/DVN/42MVDX
Vermont,2012,pres_two_party_margin_dem,36.4945,https://doi.org/10.7910/DVN/42MVDX
Vermont,2016,pres_plurality_winner_party,DEMOCRAT,https://doi.org/10.7910/DVN/42MVDX
Vermont,2016,pres_two_party_dem_pct,65.1864,https://doi.org/10.7910/DVN/42MVDX
Vermont,2016,pres_two_party_margin_dem,30.3729,https://doi.org/10.7910/DVN/42MVDX
Vermont,2020,pres_plurality_winner_party,DEMOCRAT,https://doi.org/10.7910/DVN/42MVDX
Vermont,2020,pres_two_party_dem_pct,68.2992,https://doi.org/10.7910/DVN/42MVDX
Vermont,2020,pres_two_party_margin_dem,36.5984,https://doi.org/10.7910/DVN/42MVDX
Vermont,2024,pres_plurality_winner_party,DEMOCRAT,https://doi.org/10.7910/DVN/42MVDX
Vermont,2024,pres_two_party_dem_pct,66.3852,https://doi.org/10.7910/DVN/42MVDX
Vermont,2024,pres_two_party_margin_dem,32.7704,https://doi.org/10.7910/DVN/42MVDX
Vermont,2026,gov_party_ncsl,R,https://www.ncsl.org/about-state-legislatures/state-partisan-composition
Vermont,2026,house_dem_seats,87,https://www.ncsl.org/about-state-legislatures/state-partisan-composition
Vermont,2026,house_rep_seats,55,https://www.ncsl.org/about-state-legislatures/state-partisan-composition
Vermont,2026,house_total_seats,150,https://www.ncsl.org/about-state-legislatures/state-partisan-composition
Vermont,2026,leg_control_ncsl,D,https://www.ncsl.org/about-state-legislatures/state-partisan-composition
Vermont,2026,senate_dem_seats,16,https://www.ncsl.org/about-state-legislatures/state-partisan-composition
Vermont,2026,senate_rep_seats,13,https://www.ncsl.org/about-state-legislatures/state-partisan-composition
Vermont,2026,senate_total_seats,30,https://www.ncsl.org/about-state-legislatures/state-partisan-composition
Vermont,2026,state_control_ncsl,Split,https://www.ncsl.org/about-state-legislatures/state-partisan-composition
Virginia,1976,gov_party,R,https://doi.org/10.7910/DVN/LZHMG3
Virginia,1976,leg_control,D,https://doi.org/10.7910/DVN/LZHMG3
Virginia,1976,pres_plurality_winner_party,REPUBLICAN,https://doi.org/10.7910/DVN/42MVDX
Virginia,1976,pres_two_party_dem_pct,49.3136,https://doi.org/10.7910/DVN/42MVDX
Virginia,1976,pres_two_party_margin_dem,-1.3728,https://doi.org/10.7910/DVN/42MVDX
Virginia,1977,gov_party,R,https://doi.org/10.7910/DVN/LZHMG3
Virginia,1977,leg_control,D,https://doi.org/10.7910/DVN/LZHMG3
Virginia,1978,gov_party,R,https://doi.org/10.7910/DVN/LZHMG3
Virginia,1978,leg_control,D,https://doi.org/10.7910/DVN/LZHMG3
Virginia,1979,gov_party,R,https://doi.org/10.7910/DVN/LZHMG3
Virginia,1979,leg_control,D,https://doi.org/10.7910/DVN/LZHMG3
Virginia,1980,gov_party,R,https://doi.org/10.7910/DVN/LZHMG3
Virginia,1980,leg_control,D,https://doi.org/10.7910/DVN/LZHMG3
Virginia,1980,pres_plurality_winner_party,REPUBLICAN,https://doi.org/10.7910/DVN/42MVDX
Virginia,1980,pres_two_party_dem_pct,43.1841,https://doi.org/10.7910/DVN/42MVDX
Virginia,1980,pres_two_party_margin_dem,-13.6317,https://doi.org/10.7910/DVN/42MVDX
Virginia,1981,gov_party,R,https://doi.org/10.7910/DVN/LZHMG3
Virginia,1981,leg_control,D,https://doi.org/10.7910/DVN/LZHMG3
Virginia,1982,gov_party,D,https://doi.org/10.7910/DVN/LZHMG3
Virginia,1982,leg_control,D,https://doi.org/10.7910/DVN/LZHMG3
Virginia,1983,gov_party,D,https://doi.org/10.7910/DVN/LZHMG3
Virginia,1983,leg_control,D,https://doi.org/10.7910/DVN/LZHMG3
Virginia,1984,gov_party,D,https://doi.org/10.7910/DVN/LZHMG3
Virginia,1984,leg_control,D,https://doi.org/10.7910/DVN/LZHMG3
Virginia,1984,pres_plurality_winner_party,REPUBLICAN,https://doi.org/10.7910/DVN/42MVDX
Virginia,1984,pres_two_party_dem_pct,37.3243,https://doi.org/10.7910/DVN/42MVDX
Virginia,1984,pres_two_party_margin_dem,-25.3514,https://doi.org/10.7910/DVN/42MVDX
Virginia,1985,gov_party,D,https://doi.org/10.7910/DVN/LZHMG3
Virginia,1985,leg_control,D,https://doi.org/10.7910/DVN/LZHMG3
Virginia,1986,gov_party,D,https://doi.org/10.7910/DVN/LZHMG3
Virginia,1986,leg_control,D,https://doi.org/10.7910/DVN/LZHMG3
Virginia,1987,gov_party,D,https://doi.org/10.7910/DVN/LZHMG3
Virginia,1987,leg_control,D,https://doi.org/10.7910/DVN/LZHMG3
Virginia,1988,gov_party,D,https://doi.org/10.7910/DVN/LZHMG3
Virginia,1988,leg_control,D,https://doi.org/10.7910/DVN/LZHMG3
Virginia,1988,pres_plurality_winner_party,REPUBLICAN,https://doi.org/10.7910/DVN/42MVDX
Virginia,1988,pres_two_party_dem_pct,39.6411,https://doi.org/10.7910/DVN/42MVDX
Virginia,1988,pres_two_party_margin_dem,-20.7179,https://doi.org/10.7910/DVN/42MVDX
Virginia,1989,gov_party,D,https://doi.org/10.7910/DVN/LZHMG3
Virginia,1989,leg_control,D,https://doi.org/10.7910/DVN/LZHMG3
Virginia,1990,gov_party,D,https://doi.org/10.7910/DVN/LZHMG3
Virginia,1990,leg_control,D,https://doi.org/10.7910/DVN/LZHMG3
Virginia,1991,gov_party,D,https://doi.org/10.7910/DVN/LZHMG3
Virginia,1991,leg_control,D,https://doi.org/10.7910/DVN/LZHMG3
Virginia,1992,gov_party,D,https://doi.org/10.7910/DVN/LZHMG3
Virginia,1992,leg_control,D,https://doi.org/10.7910/DVN/LZHMG3
Virginia,1992,pres_plurality_winner_party,REPUBLICAN,https://doi.org/10.7910/DVN/42MVDX
Virginia,1992,pres_two_party_dem_pct,47.445,https://doi.org/10.7910/DVN/42MVDX
Virginia,1992,pres_two_party_margin_dem,-5.11,https://doi.org/10.7910/DVN/42MVDX
Virginia,1993,gov_party,D,https://doi.org/10.7910/DVN/LZHMG3
Virginia,1993,leg_control,D,https://doi.org/10.7910/DVN/LZHMG3
Virginia,1994,gov_party,R,https://doi.org/10.7910/DVN/LZHMG3
Virginia,1994,leg_control,D,https://doi.org/10.7910/DVN/LZHMG3
Virginia,1995,gov_party,R,https://doi.org/10.7910/DVN/LZHMG3
Virginia,1995,leg_control,D,https://doi.org/10.7910/DVN/LZHMG3
Virginia,1996,gov_party,R,https://doi.org/10.7910/DVN/LZHMG3
Virginia,1996,leg_control,Split,https://doi.org/10.7910/DVN/LZHMG3
Virginia,1996,pres_plurality_winner_party,REPUBLICAN,https://doi.org/10.7910/DVN/42MVDX
Virginia,1996,pres_two_party_dem_pct,48.9394,https://doi.org/10.7910/DVN/42MVDX
Virginia,1996,pres_two_party_margin_dem,-2.1212,https://doi.org/10.7910/DVN/42MVDX
Virginia,1997,gov_party,R,https://doi.org/10.7910/DVN/LZHMG3
Virginia,1997,leg_control,Split,https://doi.org/10.7910/DVN/LZHMG3
Virginia,1998,gov_party,R,https://doi.org/10.7910/DVN/LZHMG3
Virginia,1998,leg_control,Split,https://doi.org/10.7910/DVN/LZHMG3
Virginia,1999,gov_party,R,https://doi.org/10.7910/DVN/LZHMG3
Virginia,1999,leg_control,Split,https://doi.org/10.7910/DVN/LZHMG3
Virginia,2000,gov_party,R,https://doi.org/10.7910/DVN/LZHMG3
Virginia,2000,leg_control,R,https://doi.org/10.7910/DVN/LZHMG3
Virginia,2000,pres_plurality_winner_party,REPUBLICAN,https://doi.org/10.7910/DVN/42MVDX
Virginia,2000,pres_two_party_dem_pct,45.8528,https://doi.org/10.7910/DVN/42MVDX
Virginia,2000,pres_two_party_margin_dem,-8.2945,https://doi.org/10.7910/DVN/42MVDX
Virginia,2001,gov_party,R,https://doi.org/10.7910/DVN/LZHMG3
Virginia,2001,leg_control,R,https://doi.org/10.7910/DVN/LZHMG3
Virginia,2002,gov_party,D,https://doi.org/10.7910/DVN/LZHMG3
Virginia,2002,leg_control,R,https://doi.org/10.7910/DVN/LZHMG3
Virginia,2003,gov_party,D,https://doi.org/10.7910/DVN/LZHMG3
Virginia,2003,leg_control,R,https://doi.org/10.7910/DVN/LZHMG3
Virginia,2004,gov_party,D,https://doi.org/10.7910/DVN/LZHMG3
Virginia,2004,leg_control,R,https://doi.org/10.7910/DVN/LZHMG3
Virginia,2004,pres_plurality_winner_party,REPUBLICAN,https://doi.org/10.7910/DVN/42MVDX
Virginia,2004,pres_two_party_dem_pct,45.8663,https://doi.org/10.7910/DVN/42MVDX
Virginia,2004,pres_two_party_margin_dem,-8.2674,https://doi.org/10.7910/DVN/42MVDX
Virginia,2005,gov_party,D,https://doi.org/10.7910/DVN/LZHMG3
Virginia,2005,leg_control,R,https://doi.org/10.7910/DVN/LZHMG3
Virginia,2006,gov_party,D,https://doi.org/10.7910/DVN/LZHMG3
Virginia,2006,leg_control,R,https://doi.org/10.7910/DVN/LZHMG3
Virginia,2007,gov_party,D,https://doi.org/10.7910/DVN/LZHMG3
Virginia,2007,leg_control,R,https://doi.org/10.7910/DVN/LZHMG3
Virginia,2008,gov_party,D,https://doi.org/10.7910/DVN/LZHMG3
Virginia,2008,leg_control,Split,https://doi.org/10.7910/DVN/LZHMG3
Virginia,2008,pres_plurality_winner_party,DEMOCRAT,https://doi.org/10.7910/DVN/42MVDX
Virginia,2008,pres_two_party_dem_pct,53.1826,https://doi.org/10.7910/DVN/42MVDX
Virginia,2008,pres_two_party_margin_dem,6.3652,https://doi.org/10.7910/DVN/42MVDX
Virginia,2009,gov_party,D,https://doi.org/10.7910/DVN/LZHMG3
Virginia,2009,leg_control,Split,https://doi.org/10.7910/DVN/LZHMG3
Virginia,2010,gov_party,D,https://doi.org/10.7910/DVN/LZHMG3
Virginia,2010,leg_control,Split,https://doi.org/10.7910/DVN/LZHMG3
Virginia,2011,gov_party,R,https://doi.org/10.7910/DVN/LZHMG3
Virginia,2011,leg_control,Split,https://doi.org/10.7910/DVN/LZHMG3
Virginia,2012,pres_plurality_winner_party,DEMOCRAT,https://doi.org/10.7910/DVN/42MVDX
Virginia,2012,pres_two_party_dem_pct,51.9674,https://doi.org/10.7910/DVN/42MVDX
Virginia,2012,pres_two_party_margin_dem,3.9348,https://doi.org/10.7910/DVN/42MVDX
Virginia,2016,pres_plurality_winner_party,DEMOCRAT,https://doi.org/10.7910/DVN/42MVDX
Virginia,2016,pres_two_party_dem_pct,52.8264,https://doi.org/10.7910/DVN/42MVDX
Virginia,2016,pres_two_party_margin_dem,5.6528,https://doi.org/10.7910/DVN/42MVDX
Virginia,2020,pres_plurality_winner_party,DEMOCRAT,https://doi.org/10.7910/DVN/42MVDX
Virginia,2020,pres_two_party_dem_pct,55.1547,https://doi.org/10.7910/DVN/42MVDX
Virginia,2020,pres_two_party_margin_dem,10.3094,https://doi.org/10.7910/DVN/42MVDX
Virginia,2024,pres_plurality_winner_party,DEMOCRAT,https://doi.org/10.7910/DVN/42MVDX
Virginia,2024,pres_two_party_dem_pct,52.9456,https://doi.org/10.7910/DVN/42MVDX
Virginia,2024,pres_two_party_margin_dem,5.8913,https://doi.org/10.7910/DVN/42MVDX
Virginia,2026,gov_party_ncsl,D,https://www.ncsl.org/about-state-legislatures/state-partisan-composition
Virginia,2026,house_dem_seats,64,https://www.ncsl.org/about-state-legislatures/state-partisan-composition
Virginia,2026,house_rep_seats,36,https://www.ncsl.org/about-state-legislatures/state-partisan-composition
Virginia,2026,house_total_seats,100,https://www.ncsl.org/about-state-legislatures/state-partisan-composition
Virginia,2026,leg_control_ncsl,D,https://www.ncsl.org/about-state-legislatures/state-partisan-composition
Virginia,2026,senate_dem_seats,21,https://www.ncsl.org/about-state-legislatures/state-partisan-composition
Virginia,2026,senate_rep_seats,19,https://www.ncsl.org/about-state-legislatures/state-partisan-composition
Virginia,2026,senate_total_seats,40,https://www.ncsl.org/about-state-legislatures/state-partisan-composition
Virginia,2026,state_control_ncsl,D,https://www.ncsl.org/about-state-legislatures/state-partisan-composition
Washington,1976,gov_party,R,https://doi.org/10.7910/DVN/LZHMG3
Washington,1976,leg_control,D,https://doi.org/10.7910/DVN/LZHMG3
Washington,1976,pres_plurality_winner_party,REPUBLICAN,https://doi.org/10.7910/DVN/42MVDX
Washington,1976,pres_two_party_dem_pct,47.9797,https://doi.org/10.7910/DVN/42MVDX
Washington,1976,pres_two_party_margin_dem,-4.0406,https://doi.org/10.7910/DVN/42MVDX
Washington,1977,gov_party,D,https://doi.org/10.7910/DVN/LZHMG3
Washington,1977,leg_control,D,https://doi.org/10.7910/DVN/LZHMG3
Washington,1978,gov_party,D,https://doi.org/10.7910/DVN/LZHMG3
Washington,1978,leg_control,D,https://doi.org/10.7910/DVN/LZHMG3
Washington,1979,gov_party,D,https://doi.org/10.7910/DVN/LZHMG3
Washington,1979,leg_control,Split,https://doi.org/10.7910/DVN/LZHMG3
Washington,1980,gov_party,D,https://doi.org/10.7910/DVN/LZHMG3
Washington,1980,leg_control,Split,https://doi.org/10.7910/DVN/LZHMG3
Washington,1980,pres_plurality_winner_party,REPUBLICAN,https://doi.org/10.7910/DVN/42MVDX
Washington,1980,pres_two_party_dem_pct,42.9047,https://doi.org/10.7910/DVN/42MVDX
Washington,1980,pres_two_party_margin_dem,-14.1907,https://doi.org/10.7910/DVN/42MVDX
Washington,1981,gov_party,R,https://doi.org/10.7910/DVN/LZHMG3
Washington,1981,leg_control,R,https://doi.org/10.7910/DVN/LZHMG3
Washington,1982,gov_party,R,https://doi.org/10.7910/DVN/LZHMG3
Washington,1982,leg_control,R,https://doi.org/10.7910/DVN/LZHMG3
Washington,1983,gov_party,R,https://doi.org/10.7910/DVN/LZHMG3
Washington,1983,leg_control,D,https://doi.org/10.7910/DVN/LZHMG3
Washington,1984,gov_party,R,https://doi.org/10.7910/DVN/LZHMG3
Washington,1984,leg_control,D,https://doi.org/10.7910/DVN/LZHMG3
Washington,1984,pres_plurality_winner_party,REPUBLICAN,https://doi.org/10.7910/DVN/42MVDX
Washington,1984,pres_two_party_dem_pct,43.1536,https://doi.org/10.7910/DVN/42MVDX
Washington,1984,pres_two_party_margin_dem,-13.6927,https://doi.org/10.7910/DVN/42MVDX
Washington,1985,gov_party,D,https://doi.org/10.7910/DVN/LZHMG3
Washington,1985,leg_control,D,https://doi.org/10.7910/DVN/LZHMG3
Washington,1986,gov_party,D,https://doi.org/10.7910/DVN/LZHMG3
Washington,1986,leg_control,D,https://doi.org/10.7910/DVN/LZHMG3
Washington,1987,gov_party,D,https://doi.org/10.7910/DVN/LZHMG3
Washington,1987,leg_control,D,https://doi.org/10.7910/DVN/LZHMG3
Washington,1988,gov_party,D,https://doi.org/10.7910/DVN/LZHMG3
Washington,1988,leg_control,D,https://doi.org/10.7910/DVN/LZHMG3
Washington,1988,pres_plurality_winner_party,DEMOCRAT,https://doi.org/10.7910/DVN/42MVDX
Washington,1988,pres_two_party_dem_pct,50.8077,https://doi.org/10.7910/DVN/42MVDX
Washington,1988,pres_two_party_margin_dem,1.6154,https://doi.org/10.7910/DVN/42MVDX
Washington,1989,gov_party,D,https://doi.org/10.7910/DVN/LZHMG3
Washington,1989,leg_control,Split,https://doi.org/10.7910/DVN/LZHMG3
Washington,1990,gov_party,D,https://doi.org/10.7910/DVN/LZHMG3
Washington,1990,leg_control,Split,https://doi.org/10.7910/DVN/LZHMG3
Washington,1991,gov_party,D,https://doi.org/10.7910/DVN/LZHMG3
Washington,1991,leg_control,Split,https://doi.org/10.7910/DVN/LZHMG3
Washington,1992,gov_party,D,https://doi.org/10.7910/DVN/LZHMG3
Washington,1992,leg_control,Split,https://doi.org/10.7910/DVN/LZHMG3
Washington,1992,pres_plurality_winner_party,DEMOCRAT,https://doi.org/10.7910/DVN/42MVDX
Washington,1992,pres_two_party_dem_pct,57.5917,https://doi.org/10.7910/DVN/42MVDX
Washington,1992,pres_two_party_margin_dem,15.1834,https://doi.org/10.7910/DVN/42MVDX
Washington,1993,gov_party,D,https://doi.org/10.7910/DVN/LZHMG3
Washington,1993,leg_control,D,https://doi.org/10.7910/DVN/LZHMG3
Washington,1994,gov_party,D,https://doi.org/10.7910/DVN/LZHMG3
Washington,1994,leg_control,D,https://doi.org/10.7910/DVN/LZHMG3
Washington,1995,gov_party,D,https://doi.org/10.7910/DVN/LZHMG3
Washington,1995,leg_control,Split,https://doi.org/10.7910/DVN/LZHMG3
Washington,1996,gov_party,D,https://doi.org/10.7910/DVN/LZHMG3
Washington,1996,leg_control,Split,https://doi.org/10.7910/DVN/LZHMG3
Washington,1996,pres_plurality_winner_party,DEMOCRAT,https://doi.org/10.7910/DVN/42MVDX
Washington,1996,pres_two_party_dem_pct,57.1947,https://doi.org/10.7910/DVN/42MVDX
Washington,1996,pres_two_party_margin_dem,14.3893,https://doi.org/10.7910/DVN/42MVDX
Washington,1997,gov_party,D,https://doi.org/10.7910/DVN/LZHMG3
Washington,1997,leg_control,R,https://doi.org/10.7910/DVN/LZHMG3
Washington,1998,gov_party,D,https://doi.org/10.7910/DVN/LZHMG3
Washington,1998,leg_control,R,https://doi.org/10.7910/DVN/LZHMG3
Washington,1999,gov_party,D,https://doi.org/10.7910/DVN/LZHMG3
Washington,1999,leg_control,Split,https://doi.org/10.7910/DVN/LZHMG3
Washington,2000,gov_party,D,https://doi.org/10.7910/DVN/LZHMG3
Washington,2000,leg_control,Split,https://doi.org/10.7910/DVN/LZHMG3
Washington,2000,pres_plurality_winner_party,DEMOCRAT,https://doi.org/10.7910/DVN/42MVDX
Washington,2000,pres_two_party_dem_pct,52.9448,https://doi.org/10.7910/DVN/42MVDX
Washington,2000,pres_two_party_margin_dem,5.8895,https://doi.org/10.7910/DVN/42MVDX
Washington,2001,gov_party,D,https://doi.org/10.7910/DVN/LZHMG3
Washington,2001,leg_control,Split,https://doi.org/10.7910/DVN/LZHMG3
Washington,2002,gov_party,D,https://doi.org/10.7910/DVN/LZHMG3
Washington,2002,leg_control,D,https://doi.org/10.7910/DVN/LZHMG3
Washington,2003,gov_party,D,https://doi.org/10.7910/DVN/LZHMG3
Washington,2003,leg_control,Split,https://doi.org/10.7910/DVN/LZHMG3
Washington,2004,gov_party,D,https://doi.org/10.7910/DVN/LZHMG3
Washington,2004,leg_control,Split,https://doi.org/10.7910/DVN/LZHMG3
Washington,2004,pres_plurality_winner_party,DEMOCRAT,https://doi.org/10.7910/DVN/42MVDX
Washington,2004,pres_two_party_dem_pct,53.6465,https://doi.org/10.7910/DVN/42MVDX
Washington,2004,pres_two_party_margin_dem,7.2931,https://doi.org/10.7910/DVN/42MVDX
Washington,2005,gov_party,D,https://doi.org/10.7910/DVN/LZHMG3
Washington,2005,leg_control,D,https://doi.org/10.7910/DVN/LZHMG3
Washington,2006,gov_party,D,https://doi.org/10.7910/DVN/LZHMG3
Washington,2006,leg_control,D,https://doi.org/10.7910/DVN/LZHMG3
Washington,2007,gov_party,D,https://doi.org/10.7910/DVN/LZHMG3
Washington,2007,leg_control,D,https://doi.org/10.7910/DVN/LZHMG3
Washington,2008,gov_party,D,https://doi.org/10.7910/DVN/LZHMG3
Washington,2008,leg_control,D,https://doi.org/10.7910/DVN/LZHMG3
Washington,2008,pres_plurality_winner_party,DEMOCRAT,https://doi.org/10.7910/DVN/42MVDX
Washington,2008,pres_two_party_dem_pct,58.752,https://doi.org/10.7910/DVN/42MVDX
Washington,2008,pres_two_party_margin_dem,17.5041,https://doi.org/10.7910/DVN/42MVDX
Washington,2009,gov_party,D,https://doi.org/10.7910/DVN/LZHMG3
Washington,2009,leg_control,D,https://doi.org/10.7910/DVN/LZHMG3
Washington,2010,gov_party,D,https://doi.org/10.7910/DVN/LZHMG3
Washington,2010,leg_control,D,https://doi.org/10.7910/DVN/LZHMG3
Washington,2011,gov_party,D,https://doi.org/10.7910/DVN/LZHMG3
Washington,2011,leg_control,D,https://doi.org/10.7910/DVN/LZHMG3
Washington,2012,pres_plurality_winner_party,DEMOCRAT,https://doi.org/10.7910/DVN/42MVDX
Washington,2012,pres_two_party_dem_pct,57.6283,https://doi.org/10.7910/DVN/42MVDX
Washington,2012,pres_two_party_margin_dem,15.2566,https://doi.org/10.7910/DVN/42MVDX
Washington,2016,pres_plurality_winner_party,DEMOCRAT,https://doi.org/10.7910/DVN/42MVDX
Washington,2016,pres_two_party_dem_pct,58.7869,https://doi.org/10.7910/DVN/42MVDX
Washington,2016,pres_two_party_margin_dem,17.5739,https://doi.org/10.7910/DVN/42MVDX
Washington,2020,pres_plurality_winner_party,DEMOCRAT,https://doi.org/10.7910/DVN/42MVDX
Washington,2020,pres_two_party_dem_pct,59.9255,https://doi.org/10.7910/DVN/42MVDX
Washington,2020,pres_two_party_margin_dem,19.851,https://doi.org/10.7910/DVN/42MVDX
Washington,2024,pres_plurality_winner_party,DEMOCRAT,https://doi.org/10.7910/DVN/42MVDX
Washington,2024,pres_two_party_dem_pct,59.4648,https://doi.org/10.7910/DVN/42MVDX
Washington,2024,pres_two_party_margin_dem,18.9296,https://doi.org/10.7910/DVN/42MVDX
Washington,2026,gov_party_ncsl,D,https://www.ncsl.org/about-state-legislatures/state-partisan-composition
Washington,2026,house_dem_seats,59,https://www.ncsl.org/about-state-legislatures/state-partisan-composition
Washington,2026,house_rep_seats,39,https://www.ncsl.org/about-state-legislatures/state-partisan-composition
Washington,2026,house_total_seats,98,https://www.ncsl.org/about-state-legislatures/state-partisan-composition
Washington,2026,leg_control_ncsl,D,https://www.ncsl.org/about-state-legislatures/state-partisan-composition
Washington,2026,senate_dem_seats,30,https://www.ncsl.org/about-state-legislatures/state-partisan-composition
Washington,2026,senate_rep_seats,19,https://www.ncsl.org/about-state-legislatures/state-partisan-composition
Washington,2026,senate_total_seats,49,https://www.ncsl.org/about-state-legislatures/state-partisan-composition
Washington,2026,state_control_ncsl,D,https://www.ncsl.org/about-state-legislatures/state-partisan-composition
West Virginia,1976,gov_party,R,https://doi.org/10.7910/DVN/LZHMG3
West Virginia,1976,leg_control,D,https://doi.org/10.7910/DVN/LZHMG3
West Virginia,1976,pres_plurality_winner_party,DEMOCRAT,https://doi.org/10.7910/DVN/42MVDX
West Virginia,1976,pres_two_party_dem_pct,58.0695,https://doi.org/10.7910/DVN/42MVDX
West Virginia,1976,pres_two_party_margin_dem,16.139,https://doi.org/10.7910/DVN/42MVDX
West Virginia,1977,gov_party,D,https://doi.org/10.7910/DVN/LZHMG3
West Virginia,1977,leg_control,D,https://doi.org/10.7910/DVN/LZHMG3
West Virginia,1978,gov_party,D,https://doi.org/10.7910/DVN/LZHMG3
West Virginia,1978,leg_control,D,https://doi.org/10.7910/DVN/LZHMG3
West Virginia,1979,gov_party,D,https://doi.org/10.7910/DVN/LZHMG3
West Virginia,1979,leg_control,D,https://doi.org/10.7910/DVN/LZHMG3
West Virginia,1980,gov_party,D,https://doi.org/10.7910/DVN/LZHMG3
West Virginia,1980,leg_control,D,https://doi.org/10.7910/DVN/LZHMG3
West Virginia,1980,pres_plurality_winner_party,DEMOCRAT,https://doi.org/10.7910/DVN/42MVDX
West Virginia,1980,pres_two_party_dem_pct,52.3698,https://doi.org/10.7910/DVN/42MVDX
West Virginia,1980,pres_two_party_margin_dem,4.7396,https://doi.org/10.7910/DVN/42MVDX
West Virginia,1981,gov_party,D,https://doi.org/10.7910/DVN/LZHMG3
West Virginia,1981,leg_control,D,https://doi.org/10.7910/DVN/LZHMG3
West Virginia,1982,gov_party,D,https://doi.org/10.7910/DVN/LZHMG3
West Virginia,1982,leg_control,D,https://doi.org/10.7910/DVN/LZHMG3
West Virginia,1983,gov_party,D,https://doi.org/10.7910/DVN/LZHMG3
West Virginia,1983,leg_control,D,https://doi.org/10.7910/DVN/LZHMG3
West Virginia,1984,gov_party,D,https://doi.org/10.7910/DVN/LZHMG3
West Virginia,1984,leg_control,D,https://doi.org/10.7910/DVN/LZHMG3
West Virginia,1984,pres_plurality_winner_party,REPUBLICAN,https://doi.org/10.7910/DVN/42MVDX
West Virginia,1984,pres_two_party_dem_pct,44.7276,https://doi.org/10.7910/DVN/42MVDX
West Virginia,1984,pres_two_party_margin_dem,-10.5449,https://doi.org/10.7910/DVN/42MVDX
West Virginia,1985,gov_party,R,https://doi.org/10.7910/DVN/LZHMG3
West Virginia,1985,leg_control,D,https://doi.org/10.7910/DVN/LZHMG3
West Virginia,1986,gov_party,R,https://doi.org/10.7910/DVN/LZHMG3
West Virginia,1986,leg_control,D,https://doi.org/10.7910/DVN/LZHMG3
West Virginia,1987,gov_party,R,https://doi.org/10.7910/DVN/LZHMG3
West Virginia,1987,leg_control,D,https://doi.org/10.7910/DVN/LZHMG3
West Virginia,1988,gov_party,R,https://doi.org/10.7910/DVN/LZHMG3
West Virginia,1988,leg_control,D,https://doi.org/10.7910/DVN/LZHMG3
West Virginia,1988,pres_plurality_winner_party,DEMOCRAT,https://doi.org/10.7910/DVN/42MVDX
West Virginia,1988,pres_two_party_dem_pct,52.3769,https://doi.org/10.7910/DVN/42MVDX
West Virginia,1988,pres_two_party_margin_dem,4.7538,https://doi.org/10.7910/DVN/42MVDX
West Virginia,1989,gov_party,D,https://doi.org/10.7910/DVN/LZHMG3
West Virginia,1989,leg_control,D,https://doi.org/10.7910/DVN/LZHMG3
West Virginia,1990,gov_party,D,https://doi.org/10.7910/DVN/LZHMG3
West Virginia,1990,leg_control,D,https://doi.org/10.7910/DVN/LZHMG3
West Virginia,1991,gov_party,D,https://doi.org/10.7910/DVN/LZHMG3
West Virginia,1991,leg_control,D,https://doi.org/10.7910/DVN/LZHMG3
West Virginia,1992,gov_party,D,https://doi.org/10.7910/DVN/LZHMG3
West Virginia,1992,leg_control,D,https://doi.org/10.7910/DVN/LZHMG3
West Virginia,1992,pres_plurality_winner_party,DEMOCRAT,https://doi.org/10.7910/DVN/42MVDX
West Virginia,1992,pres_two_party_dem_pct,57.7688,https://doi.org/10.7910/DVN/42MVDX
West Virginia,1992,pres_two_party_margin_dem,15.5377,https://doi.org/10.7910/DVN/42MVDX
West Virginia,1993,gov_party,D,https://doi.org/10.7910/DVN/LZHMG3
West Virginia,1993,leg_control,D,https://doi.org/10.7910/DVN/LZHMG3
West Virginia,1994,gov_party,D,https://doi.org/10.7910/DVN/LZHMG3
West Virginia,1994,leg_control,D,https://doi.org/10.7910/DVN/LZHMG3
West Virginia,1995,gov_party,D,https://doi.org/10.7910/DVN/LZHMG3
West Virginia,1995,leg_control,D,https://doi.org/10.7910/DVN/LZHMG3
West Virginia,1996,gov_party,D,https://doi.org/10.7910/DVN/LZHMG3
West Virginia,1996,leg_control,D,https://doi.org/10.7910/DVN/LZHMG3
West Virginia,1996,pres_plurality_winner_party,DEMOCRAT,https://doi.org/10.7910/DVN/42MVDX
West Virginia,1996,pres_two_party_dem_pct,58.3547,https://doi.org/10.7910/DVN/42MVDX
West Virginia,1996,pres_two_party_margin_dem,16.7093,https://doi.org/10.7910/DVN/42MVDX
West Virginia,1997,gov_party,R,https://doi.org/10.7910/DVN/LZHMG3
West Virginia,1997,leg_control,D,https://doi.org/10.7910/DVN/LZHMG3
West Virginia,1998,gov_party,R,https://doi.org/10.7910/DVN/LZHMG3
West Virginia,1998,leg_control,D,https://doi.org/10.7910/DVN/LZHMG3
West Virginia,1999,gov_party,R,https://doi.org/10.7910/DVN/LZHMG3
West Virginia,1999,leg_control,D,https://doi.org/10.7910/DVN/LZHMG3
West Virginia,2000,gov_party,R,https://doi.org/10.7910/DVN/LZHMG3
West Virginia,2000,leg_control,D,https://doi.org/10.7910/DVN/LZHMG3
West Virginia,2000,pres_plurality_winner_party,REPUBLICAN,https://doi.org/10.7910/DVN/42MVDX
West Virginia,2000,pres_two_party_dem_pct,46.7579,https://doi.org/10.7910/DVN/42MVDX
West Virginia,2000,pres_two_party_margin_dem,-6.4841,https://doi.org/10.7910/DVN/42MVDX
West Virginia,2001,gov_party,D,https://doi.org/10.7910/DVN/LZHMG3
West Virginia,2001,leg_control,D,https://doi.org/10.7910/DVN/LZHMG3
West Virginia,2002,gov_party,D,https://doi.org/10.7910/DVN/LZHMG3
West Virginia,2002,leg_control,D,https://doi.org/10.7910/DVN/LZHMG3
West Virginia,2003,gov_party,D,https://doi.org/10.7910/DVN/LZHMG3
West Virginia,2003,leg_control,D,https://doi.org/10.7910/DVN/LZHMG3
West Virginia,2004,gov_party,D,https://doi.org/10.7910/DVN/LZHMG3
West Virginia,2004,leg_control,D,https://doi.org/10.7910/DVN/LZHMG3
West Virginia,2004,pres_plurality_winner_party,REPUBLICAN,https://doi.org/10.7910/DVN/42MVDX
West Virginia,2004,pres_two_party_dem_pct,43.5203,https://doi.org/10.7910/DVN/42MVDX
West Virginia,2004,pres_two_party_margin_dem,-12.9594,https://doi.org/10.7910/DVN/42MVDX
West Virginia,2005,gov_party,D,https://doi.org/10.7910/DVN/LZHMG3
West Virginia,2005,leg_control,D,https://doi.org/10.7910/DVN/LZHMG3
West Virginia,2006,gov_party,D,https://doi.org/10.7910/DVN/LZHMG3
West Virginia,2006,leg_control,D,https://doi.org/10.7910/DVN/LZHMG3
West Virginia,2007,gov_party,D,https://doi.org/10.7910/DVN/LZHMG3
West Virginia,2007,leg_control,D,https://doi.org/10.7910/DVN/LZHMG3
West Virginia,2008,gov_party,D,https://doi.org/10.7910/DVN/LZHMG3
West Virginia,2008,leg_control,D,https://doi.org/10.7910/DVN/LZHMG3
West Virginia,2008,pres_plurality_winner_party,REPUBLICAN,https://doi.org/10.7910/DVN/42MVDX
West Virginia,2008,pres_two_party_dem_pct,43.3263,https://doi.org/10.7910/DVN/42MVDX
West Virginia,2008,pres_two_party_margin_dem,-13.3475,https://doi.org/10.7910/DVN/42MVDX
West Virginia,2009,gov_party,D,https://doi.org/10.7910/DVN/LZHMG3
West Virginia,2009,leg_control,D,https://doi.org/10.7910/DVN/LZHMG3
West Virginia,2010,gov_party,D,https://doi.org/10.7910/DVN/LZHMG3
West Virginia,2010,leg_control,D,https://doi.org/10.7910/DVN/LZHMG3
West Virginia,2011,gov_party,D,https://doi.org/10.7910/DVN/LZHMG3
West Virginia,2011,leg_control,D,https://doi.org/10.7910/DVN/LZHMG3
West Virginia,2012,pres_plurality_winner_party,REPUBLICAN,https://doi.org/10.7910/DVN/42MVDX
West Virginia,2012,pres_two_party_dem_pct,36.3257,https://doi.org/10.7910/DVN/42MVDX
West Virginia,2012,pres_two_party_margin_dem,-27.3486,https://doi.org/10.7910/DVN/42MVDX
West Virginia,2016,pres_plurality_winner_party,REPUBLICAN,https://doi.org/10.7910/DVN/42MVDX
West Virginia,2016,pres_two_party_dem_pct,27.8389,https://doi.org/10.7910/DVN/42MVDX
West Virginia,2016,pres_two_party_margin_dem,-44.3221,https://doi.org/10.7910/DVN/42MVDX
West Virginia,2020,pres_plurality_winner_party,REPUBLICAN,https://doi.org/10.7910/DVN/42MVDX
West Virginia,2020,pres_two_party_dem_pct,30.2015,https://doi.org/10.7910/DVN/42MVDX
West Virginia,2020,pres_two_party_margin_dem,-39.5971,https://doi.org/10.7910/DVN/42MVDX
West Virginia,2024,pres_plurality_winner_party,REPUBLICAN,https://doi.org/10.7910/DVN/42MVDX
West Virginia,2024,pres_two_party_dem_pct,28.6561,https://doi.org/10.7910/DVN/42MVDX
West Virginia,2024,pres_two_party_margin_dem,-42.6878,https://doi.org/10.7910/DVN/42MVDX
West Virginia,2026,gov_party_ncsl,R,https://www.ncsl.org/about-state-legislatures/state-partisan-composition
West Virginia,2026,house_dem_seats,9,https://www.ncsl.org/about-state-legislatures/state-partisan-composition
West Virginia,2026,house_rep_seats,91,https://www.ncsl.org/about-state-legislatures/state-partisan-composition
West Virginia,2026,house_total_seats,100,https://www.ncsl.org/about-state-legislatures/state-partisan-composition
West Virginia,2026,leg_control_ncsl,R,https://www.ncsl.org/about-state-legislatures/state-partisan-composition
West Virginia,2026,senate_dem_seats,2,https://www.ncsl.org/about-state-legislatures/state-partisan-composition
West Virginia,2026,senate_rep_seats,32,https://www.ncsl.org/about-state-legislatures/state-partisan-composition
West Virginia,2026,senate_total_seats,34,https://www.ncsl.org/about-state-legislatures/state-partisan-composition
West Virginia,2026,state_control_ncsl,R,https://www.ncsl.org/about-state-legislatures/state-partisan-composition
Wisconsin,1976,gov_party,D,https://doi.org/10.7910/DVN/LZHMG3
Wisconsin,1976,leg_control,D,https://doi.org/10.7910/DVN/LZHMG3
Wisconsin,1976,pres_plurality_winner_party,DEMOCRAT,https://doi.org/10.7910/DVN/42MVDX
Wisconsin,1976,pres_two_party_dem_pct,50.8616,https://doi.org/10.7910/DVN/42MVDX
Wisconsin,1976,pres_two_party_margin_dem,1.7233,https://doi.org/10.7910/DVN/42MVDX
Wisconsin,1977,gov_party,D,https://doi.org/10.7910/DVN/LZHMG3
Wisconsin,1977,leg_control,D,https://doi.org/10.7910/DVN/LZHMG3
Wisconsin,1978,gov_party,D,https://doi.org/10.7910/DVN/LZHMG3
Wisconsin,1978,leg_control,D,https://doi.org/10.7910/DVN/LZHMG3
Wisconsin,1979,gov_party,R,https://doi.org/10.7910/DVN/LZHMG3
Wisconsin,1979,leg_control,D,https://doi.org/10.7910/DVN/LZHMG3
Wisconsin,1980,gov_party,R,https://doi.org/10.7910/DVN/LZHMG3
Wisconsin,1980,leg_control,D,https://doi.org/10.7910/DVN/LZHMG3
Wisconsin,1980,pres_plurality_winner_party,REPUBLICAN,https://doi.org/10.7910/DVN/42MVDX
Wisconsin,1980,pres_two_party_dem_pct,47.4097,https://doi.org/10.7910/DVN/42MVDX
Wisconsin,1980,pres_two_party_margin_dem,-5.1806,https://doi.org/10.7910/DVN/42MVDX
Wisconsin,1981,gov_party,R,https://doi.org/10.7910/DVN/LZHMG3
Wisconsin,1981,leg_control,D,https://doi.org/10.7910/DVN/LZHMG3
Wisconsin,1982,gov_party,R,https://doi.org/10.7910/DVN/LZHMG3
Wisconsin,1982,leg_control,D,https://doi.org/10.7910/DVN/LZHMG3
Wisconsin,1983,gov_party,D,https://doi.org/10.7910/DVN/LZHMG3
Wisconsin,1983,leg_control,D,https://doi.org/10.7910/DVN/LZHMG3
Wisconsin,1984,gov_party,D,https://doi.org/10.7910/DVN/LZHMG3
Wisconsin,1984,leg_control,D,https://doi.org/10.7910/DVN/LZHMG3
Wisconsin,1984,pres_plurality_winner_party,REPUBLICAN,https://doi.org/10.7910/DVN/42MVDX
Wisconsin,1984,pres_two_party_dem_pct,45.378,https://doi.org/10.7910/DVN/42MVDX
Wisconsin,1984,pres_two_party_margin_dem,-9.244,https://doi.org/10.7910/DVN/42MVDX
Wisconsin,1985,gov_party,D,https://doi.org/10.7910/DVN/LZHMG3
Wisconsin,1985,leg_control,D,https://doi.org/10.7910/DVN/LZHMG3
Wisconsin,1986,gov_party,D,https://doi.org/10.7910/DVN/LZHMG3
Wisconsin,1986,leg_control,D,https://doi.org/10.7910/DVN/LZHMG3
Wisconsin,1987,gov_party,R,https://doi.org/10.7910/DVN/LZHMG3
Wisconsin,1987,leg_control,D,https://doi.org/10.7910/DVN/LZHMG3
Wisconsin,1988,gov_party,R,https://doi.org/10.7910/DVN/LZHMG3
Wisconsin,1988,leg_control,D,https://doi.org/10.7910/DVN/LZHMG3
Wisconsin,1988,pres_plurality_winner_party,DEMOCRAT,https://doi.org/10.7910/DVN/42MVDX
Wisconsin,1988,pres_two_party_dem_pct,51.8235,https://doi.org/10.7910/DVN/42MVDX
Wisconsin,1988,pres_two_party_margin_dem,3.6469,https://doi.org/10.7910/DVN/42MVDX
Wisconsin,1989,gov_party,R,https://doi.org/10.7910/DVN/LZHMG3
Wisconsin,1989,leg_control,D,https://doi.org/10.7910/DVN/LZHMG3
Wisconsin,1990,gov_party,R,https://doi.org/10.7910/DVN/LZHMG3
Wisconsin,1990,leg_control,D,https://doi.org/10.7910/DVN/LZHMG3
Wisconsin,1991,gov_party,R,https://doi.org/10.7910/DVN/LZHMG3
Wisconsin,1991,leg_control,D,https://doi.org/10.7910/DVN/LZHMG3
Wisconsin,1992,gov_party,R,https://doi.org/10.7910/DVN/LZHMG3
Wisconsin,1992,leg_control,D,https://doi.org/10.7910/DVN/LZHMG3
Wisconsin,1992,pres_plurality_winner_party,DEMOCRAT,https://doi.org/10.7910/DVN/42MVDX
Wisconsin,1992,pres_two_party_dem_pct,52.7945,https://doi.org/10.7910/DVN/42MVDX
Wisconsin,1992,pres_two_party_margin_dem,5.589,https://doi.org/10.7910/DVN/42MVDX
Wisconsin,1993,gov_party,R,https://doi.org/10.7910/DVN/LZHMG3
Wisconsin,1993,leg_control,Split,https://doi.org/10.7910/DVN/LZHMG3
Wisconsin,1994,gov_party,R,https://doi.org/10.7910/DVN/LZHMG3
Wisconsin,1994,leg_control,Split,https://doi.org/10.7910/DVN/LZHMG3
Wisconsin,1995,gov_party,R,https://doi.org/10.7910/DVN/LZHMG3
Wisconsin,1995,leg_control,R,https://doi.org/10.7910/DVN/LZHMG3
Wisconsin,1996,gov_party,R,https://doi.org/10.7910/DVN/LZHMG3
Wisconsin,1996,leg_control,R,https://doi.org/10.7910/DVN/LZHMG3
Wisconsin,1996,pres_plurality_winner_party,DEMOCRAT,https://doi.org/10.7910/DVN/42MVDX
Wisconsin,1996,pres_two_party_dem_pct,55.9192,https://doi.org/10.7910/DVN/42MVDX
Wisconsin,1996,pres_two_party_margin_dem,11.8384,https://doi.org/10.7910/DVN/42MVDX
Wisconsin,1997,gov_party,R,https://doi.org/10.7910/DVN/LZHMG3
Wisconsin,1997,leg_control,Split,https://doi.org/10.7910/DVN/LZHMG3
Wisconsin,1998,gov_party,R,https://doi.org/10.7910/DVN/LZHMG3
Wisconsin,1998,leg_control,Split,https://doi.org/10.7910/DVN/LZHMG3
Wisconsin,1999,gov_party,R,https://doi.org/10.7910/DVN/LZHMG3
Wisconsin,1999,leg_control,Split,https://doi.org/10.7910/DVN/LZHMG3
Wisconsin,2000,gov_party,R,https://doi.org/10.7910/DVN/LZHMG3
Wisconsin,2000,leg_control,Split,https://doi.org/10.7910/DVN/LZHMG3
Wisconsin,2000,pres_plurality_winner_party,DEMOCRAT,https://doi.org/10.7910/DVN/42MVDX
Wisconsin,2000,pres_two_party_dem_pct,50.1151,https://doi.org/10.7910/DVN/42MVDX
Wisconsin,2000,pres_two_party_margin_dem,0.2301,https://doi.org/10.7910/DVN/42MVDX
Wisconsin,2001,gov_party,R,https://doi.org/10.7910/DVN/LZHMG3
Wisconsin,2001,leg_control,Split,https://doi.org/10.7910/DVN/LZHMG3
Wisconsin,2002,gov_party,R,https://doi.org/10.7910/DVN/LZHMG3
Wisconsin,2002,leg_control,Split,https://doi.org/10.7910/DVN/LZHMG3
Wisconsin,2003,gov_party,D,https://doi.org/10.7910/DVN/LZHMG3
Wisconsin,2003,leg_control,R,https://doi.org/10.7910/DVN/LZHMG3
Wisconsin,2004,gov_party,D,https://doi.org/10.7910/DVN/LZHMG3
Wisconsin,2004,leg_control,R,https://doi.org/10.7910/DVN/LZHMG3
Wisconsin,2004,pres_plurality_winner_party,DEMOCRAT,https://doi.org/10.7910/DVN/42MVDX
Wisconsin,2004,pres_two_party_dem_pct,50.1918,https://doi.org/10.7910/DVN/42MVDX
Wisconsin,2004,pres_two_party_margin_dem,0.3836,https://doi.org/10.7910/DVN/42MVDX
Wisconsin,2005,gov_party,D,https://doi.org/10.7910/DVN/LZHMG3
Wisconsin,2005,leg_control,R,https://doi.org/10.7910/DVN/LZHMG3
Wisconsin,2006,gov_party,D,https://doi.org/10.7910/DVN/LZHMG3
Wisconsin,2006,leg_control,R,https://doi.org/10.7910/DVN/LZHMG3
Wisconsin,2007,gov_party,D,https://doi.org/10.7910/DVN/LZHMG3
Wisconsin,2007,leg_control,Split,https://doi.org/10.7910/DVN/LZHMG3
Wisconsin,2008,gov_party,D,https://doi.org/10.7910/DVN/LZHMG3
Wisconsin,2008,leg_control,Split,https://doi.org/10.7910/DVN/LZHMG3
Wisconsin,2008,pres_plurality_winner_party,DEMOCRAT,https://doi.org/10.7910/DVN/42MVDX
Wisconsin,2008,pres_two_party_dem_pct,57.0557,https://doi.org/10.7910/DVN/42MVDX
Wisconsin,2008,pres_two_party_margin_dem,14.1114,https://doi.org/10.7910/DVN/42MVDX
Wisconsin,2009,gov_party,D,https://doi.org/10.7910/DVN/LZHMG3
Wisconsin,2009,leg_control,D,https://doi.org/10.7910/DVN/LZHMG3
Wisconsin,2010,gov_party,D,https://doi.org/10.7910/DVN/LZHMG3
Wisconsin,2010,leg_control,D,https://doi.org/10.7910/DVN/LZHMG3
Wisconsin,2011,gov_party,R,https://doi.org/10.7910/DVN/LZHMG3
Wisconsin,2011,leg_control,R,https://doi.org/10.7910/DVN/LZHMG3
Wisconsin,2012,pres_plurality_winner_party,DEMOCRAT,https://doi.org/10.7910/DVN/42MVDX
Wisconsin,2012,pres_two_party_dem_pct,53.4634,https://doi.org/10.7910/DVN/42MVDX
Wisconsin,2012,pres_two_party_margin_dem,6.9269,https://doi.org/10.7910/DVN/42MVDX
Wisconsin,2016,pres_plurality_winner_party,REPUBLICAN,https://doi.org/10.7910/DVN/42MVDX
Wisconsin,2016,pres_two_party_dem_pct,49.592,https://doi.org/10.7910/DVN/42MVDX
Wisconsin,2016,pres_two_party_margin_dem,-0.816,https://doi.org/10.7910/DVN/42MVDX
Wisconsin,2020,pres_plurality_winner_party,DEMOCRAT,https://doi.org/10.7910/DVN/42MVDX
Wisconsin,2020,pres_two_party_dem_pct,50.3191,https://doi.org/10.7910/DVN/42MVDX
Wisconsin,2020,pres_two_party_margin_dem,0.6381,https://doi.org/10.7910/DVN/42MVDX
Wisconsin,2024,pres_plurality_winner_party,REPUBLICAN,https://doi.org/10.7910/DVN/42MVDX
Wisconsin,2024,pres_two_party_dem_pct,49.5633,https://doi.org/10.7910/DVN/42MVDX
Wisconsin,2024,pres_two_party_margin_dem,-0.8734,https://doi.org/10.7910/DVN/42MVDX
Wisconsin,2026,gov_party_ncsl,D,https://www.ncsl.org/about-state-legislatures/state-partisan-composition
Wisconsin,2026,house_dem_seats,45,https://www.ncsl.org/about-state-legislatures/state-partisan-composition
Wisconsin,2026,house_rep_seats,54,https://www.ncsl.org/about-state-legislatures/state-partisan-composition
Wisconsin,2026,house_total_seats,99,https://www.ncsl.org/about-state-legislatures/state-partisan-composition
Wisconsin,2026,leg_control_ncsl,R,https://www.ncsl.org/about-state-legislatures/state-partisan-composition
Wisconsin,2026,senate_dem_seats,15,https://www.ncsl.org/about-state-legislatures/state-partisan-composition
Wisconsin,2026,senate_rep_seats,18,https://www.ncsl.org/about-state-legislatures/state-partisan-composition
Wisconsin,2026,senate_total_seats,33,https://www.ncsl.org/about-state-legislatures/state-partisan-composition
Wisconsin,2026,state_control_ncsl,Split,https://www.ncsl.org/about-state-legislatures/state-partisan-composition
Wyoming,1976,gov_party,D,https://doi.org/10.7910/DVN/LZHMG3
Wyoming,1976,leg_control,Split,https://doi.org/10.7910/DVN/LZHMG3
Wyoming,1976,pres_plurality_winner_party,REPUBLICAN,https://doi.org/10.7910/DVN/42MVDX
Wyoming,1976,pres_two_party_dem_pct,40.1656,https://doi.org/10.7910/DVN/42MVDX
Wyoming,1976,pres_two_party_margin_dem,-19.6688,https://doi.org/10.7910/DVN/42MVDX
Wyoming,1977,gov_party,D,https://doi.org/10.7910/DVN/LZHMG3
Wyoming,1977,leg_control,R,https://doi.org/10.7910/DVN/LZHMG3
Wyoming,1978,gov_party,D,https://doi.org/10.7910/DVN/LZHMG3
Wyoming,1978,leg_control,R,https://doi.org/10.7910/DVN/LZHMG3
Wyoming,1979,gov_party,D,https://doi.org/10.7910/DVN/LZHMG3
Wyoming,1979,leg_control,R,https://doi.org/10.7910/DVN/LZHMG3
Wyoming,1980,gov_party,D,https://doi.org/10.7910/DVN/LZHMG3
Wyoming,1980,leg_control,R,https://doi.org/10.7910/DVN/LZHMG3
Wyoming,1980,pres_plurality_winner_party,REPUBLICAN,https://doi.org/10.7910/DVN/42MVDX
Wyoming,1980,pres_two_party_dem_pct,30.8674,https://doi.org/10.7910/DVN/42MVDX
Wyoming,1980,pres_two_party_margin_dem,-38.2653,https://doi.org/10.7910/DVN/42MVDX
Wyoming,1981,gov_party,D,https://doi.org/10.7910/DVN/LZHMG3
Wyoming,1981,leg_control,R,https://doi.org/10.7910/DVN/LZHMG3
Wyoming,1982,gov_party,D,https://doi.org/10.7910/DVN/LZHMG3
Wyoming,1982,leg_control,R,https://doi.org/10.7910/DVN/LZHMG3
Wyoming,1983,gov_party,D,https://doi.org/10.7910/DVN/LZHMG3
Wyoming,1983,leg_control,R,https://doi.org/10.7910/DVN/LZHMG3
Wyoming,1984,gov_party,D,https://doi.org/10.7910/DVN/LZHMG3
Wyoming,1984,leg_control,R,https://doi.org/10.7910/DVN/LZHMG3
Wyoming,1984,pres_plurality_winner_party,REPUBLICAN,https://doi.org/10.7910/DVN/42MVDX
Wyoming,1984,pres_two_party_dem_pct,28.5996,https://doi.org/10.7910/DVN/42MVDX
Wyoming,1984,pres_two_party_margin_dem,-42.8008,https://doi.org/10.7910/DVN/42MVDX
Wyoming,1985,gov_party,D,https://doi.org/10.7910/DVN/LZHMG3
Wyoming,1985,leg_control,R,https://doi.org/10.7910/DVN/LZHMG3
Wyoming,1986,gov_party,D,https://doi.org/10.7910/DVN/LZHMG3
Wyoming,1986,leg_control,R,https://doi.org/10.7910/DVN/LZHMG3
Wyoming,1987,gov_party,D,https://doi.org/10.7910/DVN/LZHMG3
Wyoming,1987,leg_control,R,https://doi.org/10.7910/DVN/LZHMG3
Wyoming,1988,gov_party,D,https://doi.org/10.7910/DVN/LZHMG3
Wyoming,1988,leg_control,R,https://doi.org/10.7910/DVN/LZHMG3
Wyoming,1988,pres_plurality_winner_party,REPUBLICAN,https://doi.org/10.7910/DVN/42MVDX
Wyoming,1988,pres_two_party_dem_pct,38.5751,https://doi.org/10.7910/DVN/42MVDX
Wyoming,1988,pres_two_party_margin_dem,-22.8498,https://doi.org/10.7910/DVN/42MVDX
Wyoming,1989,gov_party,D,https://doi.org/10.7910/DVN/LZHMG3
Wyoming,1989,leg_control,R,https://doi.org/10.7910/DVN/LZHMG3
Wyoming,1990,gov_party,D,https://doi.org/10.7910/DVN/LZHMG3
Wyoming,1990,leg_control,R,https://doi.org/10.7910/DVN/LZHMG3
Wyoming,1991,gov_party,D,https://doi.org/10.7910/DVN/LZHMG3
Wyoming,1991,leg_control,R,https://doi.org/10.7910/DVN/LZHMG3
Wyoming,1992,gov_party,D,https://doi.org/10.7910/DVN/LZHMG3
Wyoming,1992,leg_control,R,https://doi.org/10.7910/DVN/LZHMG3
Wyoming,1992,pres_plurality_winner_party,REPUBLICAN,https://doi.org/10.7910/DVN/42MVDX
Wyoming,1992,pres_two_party_dem_pct,46.208,https://doi.org/10.7910/DVN/42MVDX
Wyoming,1992,pres_two_party_margin_dem,-7.584,https://doi.org/10.7910/DVN/42MVDX
Wyoming,1993,gov_party,D,https://doi.org/10.7910/DVN/LZHMG3
Wyoming,1993,leg_control,R,https://doi.org/10.7910/DVN/LZHMG3
Wyoming,1994,gov_party,D,https://doi.org/10.7910/DVN/LZHMG3
Wyoming,1994,leg_control,R,https://doi.org/10.7910/DVN/LZHMG3
Wyoming,1995,gov_party,R,https://doi.org/10.7910/DVN/LZHMG3
Wyoming,1995,leg_control,R,https://doi.org/10.7910/DVN/LZHMG3
Wyoming,1996,gov_party,R,https://doi.org/10.7910/DVN/LZHMG3
Wyoming,1996,leg_control,R,https://doi.org/10.7910/DVN/LZHMG3
Wyoming,1996,pres_plurality_winner_party,REPUBLICAN,https://doi.org/10.7910/DVN/42MVDX
Wyoming,1996,pres_two_party_dem_pct,42.5121,https://doi.org/10.7910/DVN/42MVDX
Wyoming,1996,pres_two_party_margin_dem,-14.9758,https://doi.org/10.7910/DVN/42MVDX
Wyoming,1997,gov_party,R,https://doi.org/10.7910/DVN/LZHMG3
Wyoming,1997,leg_control,R,https://doi.org/10.7910/DVN/LZHMG3
Wyoming,1998,gov_party,R,https://doi.org/10.7910/DVN/LZHMG3
Wyoming,1998,leg_control,R,https://doi.org/10.7910/DVN/LZHMG3
Wyoming,1999,gov_party,R,https://doi.org/10.7910/DVN/LZHMG3
Wyoming,1999,leg_control,R,https://doi.org/10.7910/DVN/LZHMG3
Wyoming,2000,gov_party,R,https://doi.org/10.7910/DVN/LZHMG3
Wyoming,2000,leg_control,R,https://doi.org/10.7910/DVN/LZHMG3
Wyoming,2000,pres_plurality_winner_party,REPUBLICAN,https://doi.org/10.7910/DVN/42MVDX
Wyoming,2000,pres_two_party_dem_pct,29.0177,https://doi.org/10.7910/DVN/42MVDX
Wyoming,2000,pres_two_party_margin_dem,-41.9646,https://doi.org/10.7910/DVN/42MVDX
Wyoming,2001,gov_party,R,https://doi.org/10.7910/DVN/LZHMG3
Wyoming,2001,leg_control,R,https://doi.org/10.7910/DVN/LZHMG3
Wyoming,2002,gov_party,R,https://doi.org/10.7910/DVN/LZHMG3
Wyoming,2002,leg_control,R,https://doi.org/10.7910/DVN/LZHMG3
Wyoming,2003,gov_party,D,https://doi.org/10.7910/DVN/LZHMG3
Wyoming,2003,leg_control,R,https://doi.org/10.7910/DVN/LZHMG3
Wyoming,2004,gov_party,D,https://doi.org/10.7910/DVN/LZHMG3
Wyoming,2004,leg_control,R,https://doi.org/10.7910/DVN/LZHMG3
Wyoming,2004,pres_plurality_winner_party,REPUBLICAN,https://doi.org/10.7910/DVN/42MVDX
Wyoming,2004,pres_two_party_dem_pct,29.6873,https://doi.org/10.7910/DVN/42MVDX
Wyoming,2004,pres_two_party_margin_dem,-40.6254,https://doi.org/10.7910/DVN/42MVDX
Wyoming,2005,gov_party,D,https://doi.org/10.7910/DVN/LZHMG3
Wyoming,2005,leg_control,R,https://doi.org/10.7910/DVN/LZHMG3
Wyoming,2006,gov_party,D,https://doi.org/10.7910/DVN/LZHMG3
Wyoming,2006,leg_control,R,https://doi.org/10.7910/DVN/LZHMG3
Wyoming,2007,gov_party,D,https://doi.org/10.7910/DVN/LZHMG3
Wyoming,2007,leg_control,R,https://doi.org/10.7910/DVN/LZHMG3
Wyoming,2008,gov_party,D,https://doi.org/10.7910/DVN/LZHMG3
Wyoming,2008,leg_control,R,https://doi.org/10.7910/DVN/LZHMG3
Wyoming,2008,pres_plurality_winner_party,REPUBLICAN,https://doi.org/10.7910/DVN/42MVDX
Wyoming,2008,pres_two_party_dem_pct,33.438,https://doi.org/10.7910/DVN/42MVDX
Wyoming,2008,pres_two_party_margin_dem,-33.124,https://doi.org/10.7910/DVN/42MVDX
Wyoming,2009,gov_party,D,https://doi.org/10.7910/DVN/LZHMG3
Wyoming,2009,leg_control,R,https://doi.org/10.7910/DVN/LZHMG3
Wyoming,2010,gov_party,D,https://doi.org/10.7910/DVN/LZHMG3
Wyoming,2010,leg_control,R,https://doi.org/10.7910/DVN/LZHMG3
Wyoming,2011,gov_party,R,https://doi.org/10.7910/DVN/LZHMG3
Wyoming,2011,leg_control,R,https://doi.org/10.7910/DVN/LZHMG3
Wyoming,2012,pres_plurality_winner_party,REPUBLICAN,https://doi.org/10.7910/DVN/42MVDX
Wyoming,2012,pres_two_party_dem_pct,28.8394,https://doi.org/10.7910/DVN/42MVDX
Wyoming,2012,pres_two_party_margin_dem,-42.3213,https://doi.org/10.7910/DVN/42MVDX
Wyoming,2016,pres_plurality_winner_party,REPUBLICAN,https://doi.org/10.7910/DVN/42MVDX
Wyoming,2016,pres_two_party_dem_pct,24.2947,https://doi.org/10.7910/DVN/42MVDX
Wyoming,2016,pres_two_party_margin_dem,-51.4106,https://doi.org/10.7910/DVN/42MVDX
Wyoming,2020,pres_plurality_winner_party,REPUBLICAN,https://doi.org/10.7910/DVN/42MVDX
Wyoming,2020,pres_two_party_dem_pct,27.5196,https://doi.org/10.7910/DVN/42MVDX
Wyoming,2020,pres_two_party_margin_dem,-44.9609,https://doi.org/10.7910/DVN/42MVDX
Wyoming,2024,pres_plurality_winner_party,REPUBLICAN,https://doi.org/10.7910/DVN/42MVDX
Wyoming,2024,pres_two_party_dem_pct,26.5208,https://doi.org/10.7910/DVN/42MVDX
Wyoming,2024,pres_two_party_margin_dem,-46.9583,https://doi.org/10.7910/DVN/42MVDX
Wyoming,2026,gov_party_ncsl,R,https://www.ncsl.org/about-state-legislatures/state-partisan-composition
Wyoming,2026,house_dem_seats,6,https://www.ncsl.org/about-state-legislatures/state-partisan-composition
Wyoming,2026,house_rep_seats,56,https://www.ncsl.org/about-state-legislatures/state-partisan-composition
Wyoming,2026,house_total_seats,62,https://www.ncsl.org/about-state-legislatures/state-partisan-composition
Wyoming,2026,leg_control_ncsl,R,https://www.ncsl.org/about-state-legislatures/state-partisan-composition
Wyoming,2026,senate_dem_seats,2,https://www.ncsl.org/about-state-legislatures/state-partisan-composition
Wyoming,2026,senate_rep_seats,29,https://www.ncsl.org/about-state-legislatures/state-partisan-composition
Wyoming,2026,senate_total_seats,31,https://www.ncsl.org/about-state-legislatures/state-partisan-composition
Wyoming,2026,state_control_ncsl,R,https://www.ncsl.org/about-state-legislatures/state-partisan-composition
