state,year,total_votes_cast,source_url
Alabama,1824,13642,https://en.wikipedia.org/wiki/1824_United_States_presidential_election
Alabama,1828,18726,https://en.wikipedia.org/wiki/1828_United_States_presidential_election
Alabama,1832,14291,https://en.wikipedia.org/wiki/1832_United_States_presidential_election
Alabama,1836,37296,https://en.wikipedia.org/wiki/1836_United_States_presidential_election
Alabama,1840,62511,https://en.wikipedia.org/wiki/1840_United_States_presidential_election
Alabama,1844,63403,https://en.wikipedia.org/wiki/1844_United_States_presidential_election
Alabama,1848,61655,https://en.wikipedia.org/wiki/1848_United_States_presidential_election
Alabama,1852,44147,https://en.wikipedia.org/wiki/1852_United_States_presidential_election
Alabama,1856,75291,https://en.wikipedia.org/wiki/1856_United_States_presidential_election
Alabama,1860,90122,https://en.wikipedia.org/wiki/1860_United_States_presidential_election
Alabama,1868,149594,https://en.wikipedia.org/wiki/1868_United_States_presidential_election
Alabama,1872,169716,https://en.wikipedia.org/wiki/1872_United_States_presidential_election
Alabama,1876,171699,https://en.wikipedia.org/wiki/1876_United_States_presidential_election
Alabama,1880,152048,https://en.wikipedia.org/wiki/1880_United_States_presidential_election
Alabama,1884,153624,https://en.wikipedia.org/wiki/1884_United_States_presidential_election
Alabama,1888,175085,https://en.wikipedia.org/wiki/1888_United_States_presidential_election
Alabama,1892,232543,https://en.wikipedia.org/wiki/1892_United_States_presidential_election
Alabama,1896,194580,https://en.wikipedia.org/wiki/1896_United_States_presidential_election
Alabama,1900,159692,https://en.wikipedia.org/wiki/1900_United_States_presidential_election
Alabama,1904,108785,https://en.wikipedia.org/wiki/1904_United_States_presidential_election
Alabama,1908,105152,https://en.wikipedia.org/wiki/1908_United_States_presidential_election
Alabama,1912,117959,https://en.wikipedia.org/wiki/1912_United_States_presidential_election
Alabama,1916,130728,https://en.wikipedia.org/wiki/1916_United_States_presidential_election
Alabama,1920,237638,https://en.wikipedia.org/wiki/1920_United_States_presidential_election
Alabama,1924,166593,https://en.wikipedia.org/wiki/1924_United_States_presidential_election
Alabama,1928,248982,https://en.wikipedia.org/wiki/1928_United_States_presidential_election
Alabama,1932,245354,https://en.wikipedia.org/wiki/1932_United_States_presidential_election
Alabama,1936,275244,https://en.wikipedia.org/wiki/1936_United_States_presidential_election
Alabama,1940,294219,https://en.wikipedia.org/wiki/1940_United_States_presidential_election
Alabama,1944,244743,https://en.wikipedia.org/wiki/1944_United_States_presidential_election
Alabama,1948,214980,https://en.wikipedia.org/wiki/1948_United_States_presidential_election
Alabama,1952,426120,https://en.wikipedia.org/wiki/1952_United_States_presidential_election
Alabama,1956,496871,https://en.wikipedia.org/wiki/1956_United_States_presidential_election
Alabama,1960,880334,https://en.wikipedia.org/wiki/1960_United_States_presidential_election
Alabama,1964,689817,https://en.wikipedia.org/wiki/1964_United_States_presidential_election
Alabama,1968,1049917,https://en.wikipedia.org/wiki/1968_United_States_presidential_election
Alabama,1972,1006093,https://en.wikipedia.org/wiki/1972_United_States_presidential_election
Alabama,1976,1182850,https://doi.org/10.7910/DVN/42MVDX
Alabama,1980,1341929,https://doi.org/10.7910/DVN/42MVDX
Alabama,1984,1441713,https://doi.org/10.7910/DVN/42MVDX
Alabama,1988,1378476,https://doi.org/10.7910/DVN/42MVDX
Alabama,1992,1688060,https://doi.org/10.7910/DVN/42MVDX
Alabama,1996,1534349,https://doi.org/10.7910/DVN/42MVDX
Alabama,2000,1666272,https://doi.org/10.7910/DVN/42MVDX
Alabama,2004,1883415,https://doi.org/10.7910/DVN/42MVDX
Alabama,2008,2099819,https://doi.org/10.7910/DVN/42MVDX
Alabama,2012,2074338,https://doi.org/10.7910/DVN/42MVDX
Alabama,2016,2123372,https://doi.org/10.7910/DVN/42MVDX
Alabama,2020,2323282,https://doi.org/10.7910/DVN/42MVDX
Alabama,2024,2265090,https://doi.org/10.7910/DVN/42MVDX
Alaska,1960,60762,https://en.wikipedia.org/wiki/1960_United_States_presidential_election
Alaska,1964,67259,https://en.wikipedia.org/wiki/1964_United_States_presidential_election
Alaska,1968,83035,https://en.wikipedia.org/wiki/1968_United_States_presidential_election
Alaska,1972,95219,https://en.wikipedia.org/wiki/1972_United_States_presidential_election
Alaska,1976,123574,https://doi.org/10.7910/DVN/42MVDX
Alaska,1980,158445,https://doi.org/10.7910/DVN/42MVDX
Alaska,1984,207605,https://doi.org/10.7910/DVN/42MVDX
Alaska,1988,200116,https://doi.org/10.7910/DVN/42MVDX
Alaska,1992,258506,https://doi.org/10.7910/DVN/42MVDX
Alaska,1996,241620,https://doi.org/10.7910/DVN/42MVDX
Alaska,2000,285560,https://doi.org/10.7910/DVN/42MVDX
Alaska,2004,312598,https://doi.org/10.7910/DVN/42MVDX
Alaska,2008,326197,https://doi.org/10.7910/DVN/42MVDX
Alaska,2012,300495,https://doi.org/10.7910/DVN/42MVDX
Alaska,2016,318608,https://doi.org/10.7910/DVN/42MVDX
Alaska,2020,359530,https://doi.org/10.7910/DVN/42MVDX
Alaska,2024,338177,https://doi.org/10.7910/DVN/42MVDX
Arizona,1912,23722,https://en.wikipedia.org/wiki/1912_United_States_presidential_election
Arizona,1916,58021,https://en.wikipedia.org/wiki/1916_United_States_presidential_election
Arizona,1920,66562,https://en.wikipedia.org/wiki/1920_United_States_presidential_election
Arizona,1924,73961,https://en.wikipedia.org/wiki/1924_United_States_presidential_election
Arizona,1928,91254,https://en.wikipedia.org/wiki/1928_United_States_presidential_election
Arizona,1932,118251,https://en.wikipedia.org/wiki/1932_United_States_presidential_election
Arizona,1936,124163,https://en.wikipedia.org/wiki/1936_United_States_presidential_election
Arizona,1940,150039,https://en.wikipedia.org/wiki/1940_United_States_presidential_election
Arizona,1944,137634,https://en.wikipedia.org/wiki/1944_United_States_presidential_election
Arizona,1948,177065,https://en.wikipedia.org/wiki/1948_United_States_presidential_election
Arizona,1952,260570,https://en.wikipedia.org/wiki/1952_United_States_presidential_election
Arizona,1956,290173,https://en.wikipedia.org/wiki/1956_United_States_presidential_election
Arizona,1960,398491,https://en.wikipedia.org/wiki/1960_United_States_presidential_election
Arizona,1964,480770,https://en.wikipedia.org/wiki/1964_United_States_presidential_election
Arizona,1968,486936,https://en.wikipedia.org/wiki/1968_United_States_presidential_election
Arizona,1972,653505,https://en.wikipedia.org/wiki/1972_United_States_presidential_election
Arizona,1976,742719,https://doi.org/10.7910/DVN/42MVDX
Arizona,1980,873945,https://doi.org/10.7910/DVN/42MVDX
Arizona,1984,1025897,https://doi.org/10.7910/DVN/42MVDX
Arizona,1988,1171873,https://doi.org/10.7910/DVN/42MVDX
Arizona,1992,1486975,https://doi.org/10.7910/DVN/42MVDX
Arizona,1996,1404405,https://doi.org/10.7910/DVN/42MVDX
Arizona,2000,1532016,https://doi.org/10.7910/DVN/42MVDX
Arizona,2004,2012585,https://doi.org/10.7910/DVN/42MVDX
Arizona,2008,2293475,https://doi.org/10.7910/DVN/42MVDX
Arizona,2012,2299254,https://doi.org/10.7910/DVN/42MVDX
Arizona,2016,2573165,https://doi.org/10.7910/DVN/42MVDX
Arizona,2020,3387326,https://doi.org/10.7910/DVN/42MVDX
Arizona,2024,3389319,https://doi.org/10.7910/DVN/42MVDX
Arkansas,1836,3714,https://en.wikipedia.org/wiki/1836_United_States_presidential_election
Arkansas,1840,11839,https://en.wikipedia.org/wiki/1840_United_States_presidential_election
Arkansas,1844,15150,https://en.wikipedia.org/wiki/1844_United_States_presidential_election
Arkansas,1848,16888,https://en.wikipedia.org/wiki/1848_United_States_presidential_election
Arkansas,1852,19609,https://en.wikipedia.org/wiki/1852_United_States_presidential_election
Arkansas,1856,32642,https://en.wikipedia.org/wiki/1856_United_States_presidential_election
Arkansas,1860,54217,https://en.wikipedia.org/wiki/1860_United_States_presidential_election
Arkansas,1868,41190,https://en.wikipedia.org/wiki/1868_United_States_presidential_election
Arkansas,1872,79300,https://en.wikipedia.org/wiki/1872_United_States_presidential_election
Arkansas,1876,96946,https://en.wikipedia.org/wiki/1876_United_States_presidential_election
Arkansas,1880,107290,https://en.wikipedia.org/wiki/1880_United_States_presidential_election
Arkansas,1884,125779,https://en.wikipedia.org/wiki/1884_United_States_presidential_election
Arkansas,1888,157058,https://en.wikipedia.org/wiki/1888_United_States_presidential_election
Arkansas,1892,148117,https://en.wikipedia.org/wiki/1892_United_States_presidential_election
Arkansas,1896,149347,https://en.wikipedia.org/wiki/1896_United_States_presidential_election
Arkansas,1900,127866,https://en.wikipedia.org/wiki/1900_United_States_presidential_election
Arkansas,1904,116421,https://en.wikipedia.org/wiki/1904_United_States_presidential_election
Arkansas,1908,151822,https://en.wikipedia.org/wiki/1908_United_States_presidential_election
Arkansas,1912,125104,https://en.wikipedia.org/wiki/1912_United_States_presidential_election
Arkansas,1916,170104,https://en.wikipedia.org/wiki/1916_United_States_presidential_election
Arkansas,1920,183637,https://en.wikipedia.org/wiki/1920_United_States_presidential_election
Arkansas,1924,138532,https://en.wikipedia.org/wiki/1924_United_States_presidential_election
Arkansas,1928,197693,https://en.wikipedia.org/wiki/1928_United_States_presidential_election
Arkansas,1932,220562,https://en.wikipedia.org/wiki/1932_United_States_presidential_election
Arkansas,1936,179423,https://en.wikipedia.org/wiki/1936_United_States_presidential_election
Arkansas,1940,200743,https://en.wikipedia.org/wiki/1940_United_States_presidential_election
Arkansas,1944,212954,https://en.wikipedia.org/wiki/1944_United_States_presidential_election
Arkansas,1948,242475,https://en.wikipedia.org/wiki/1948_United_States_presidential_election
Arkansas,1952,404800,https://en.wikipedia.org/wiki/1952_United_States_presidential_election
Arkansas,1956,406572,https://en.wikipedia.org/wiki/1956_United_States_presidential_election
Arkansas,1960,428509,https://en.wikipedia.org/wiki/1960_United_States_presidential_election
Arkansas,1964,560426,https://en.wikipedia.org/wiki/1964_United_States_presidential_election
Arkansas,1968,609590,https://en.wikipedia.org/wiki/1968_United_States_presidential_election
Arkansas,1972,647666,https://en.wikipedia.org/wiki/1972_United_States_presidential_election
Arkansas,1976,767535,https://doi.org/10.7910/DVN/42MVDX
Arkansas,1980,837582,https://doi.org/10.7910/DVN/42MVDX
Arkansas,1984,884406,https://doi.org/10.7910/DVN/42MVDX
Arkansas,1988,827738,https://doi.org/10.7910/DVN/42MVDX
Arkansas,1992,950653,https://doi.org/10.7910/DVN/42MVDX
Arkansas,1996,884262,https://doi.org/10.7910/DVN/42MVDX
Arkansas,2000,921781,https://doi.org/10.7910/DVN/42MVDX
Arkansas,2004,1054945,https://doi.org/10.7910/DVN/42MVDX
Arkansas,2008,1086617,https://doi.org/10.7910/DVN/42MVDX
Arkansas,2012,1069468,https://doi.org/10.7910/DVN/42MVDX
Arkansas,2016,1130635,https://doi.org/10.7910/DVN/42MVDX
Arkansas,2020,1219069,https://doi.org/10.7910/DVN/42MVDX
Arkansas,2024,1182676,https://doi.org/10.7910/DVN/42MVDX
California,1852,76337,https://en.wikipedia.org/wiki/1852_United_States_presidential_election
California,1856,110255,https://en.wikipedia.org/wiki/1856_United_States_presidential_election
California,1860,119870,https://en.wikipedia.org/wiki/1860_United_States_presidential_election
California,1864,105986,https://en.wikipedia.org/wiki/1864_United_States_presidential_election
California,1868,108670,https://en.wikipedia.org/wiki/1868_United_States_presidential_election
California,1872,91387,https://en.wikipedia.org/wiki/1872_United_States_presidential_election
California,1876,154544,https://en.wikipedia.org/wiki/1876_United_States_presidential_election
California,1880,164321,https://en.wikipedia.org/wiki/1880_United_States_presidential_election
California,1884,196988,https://en.wikipedia.org/wiki/1884_United_States_presidential_election
California,1888,251339,https://en.wikipedia.org/wiki/1888_United_States_presidential_election
California,1892,269609,https://en.wikipedia.org/wiki/1892_United_States_presidential_election
California,1896,298419,https://en.wikipedia.org/wiki/1896_United_States_presidential_election
California,1900,302318,https://en.wikipedia.org/wiki/1900_United_States_presidential_election
California,1904,331878,https://en.wikipedia.org/wiki/1904_United_States_presidential_election
California,1908,386597,https://en.wikipedia.org/wiki/1908_United_States_presidential_election
California,1912,673527,https://en.wikipedia.org/wiki/1912_United_States_presidential_election
California,1916,999603,https://en.wikipedia.org/wiki/1916_United_States_presidential_election
California,1920,944050,https://en.wikipedia.org/wiki/1920_United_States_presidential_election
California,1924,1281900,https://en.wikipedia.org/wiki/1924_United_States_presidential_election
California,1928,1796656,https://en.wikipedia.org/wiki/1928_United_States_presidential_election
California,1932,2267966,https://en.wikipedia.org/wiki/1932_United_States_presidential_election
California,1936,2638882,https://en.wikipedia.org/wiki/1936_United_States_presidential_election
California,1940,3268791,https://en.wikipedia.org/wiki/1940_United_States_presidential_election
California,1944,3520875,https://en.wikipedia.org/wiki/1944_United_States_presidential_election
California,1948,4021538,https://en.wikipedia.org/wiki/1948_United_States_presidential_election
California,1952,5341603,https://en.wikipedia.org/wiki/1952_United_States_presidential_election
California,1956,5466355,https://en.wikipedia.org/wiki/1956_United_States_presidential_election
California,1960,6506578,https://en.wikipedia.org/wiki/1960_United_States_presidential_election
California,1964,7057586,https://en.wikipedia.org/wiki/1964_United_States_presidential_election
California,1968,7251587,https://en.wikipedia.org/wiki/1968_United_States_presidential_election
California,1972,8367862,https://en.wikipedia.org/wiki/1972_United_States_presidential_election
California,1976,7803770,https://doi.org/10.7910/DVN/42MVDX
California,1980,8582938,https://doi.org/10.7910/DVN/42MVDX
California,1984,9505041,https://doi.org/10.7910/DVN/42MVDX
California,1988,9887065,https://doi.org/10.7910/DVN/42MVDX
California,1992,11131721,https://doi.org/10.7910/DVN/42MVDX
California,1996,10019469,https://doi.org/10.7910/DVN/42MVDX
California,2000,10965822,https://doi.org/10.7910/DVN/42MVDX
California,2004,12421353,https://doi.org/10.7910/DVN/42MVDX
California,2008,13561900,https://doi.org/10.7910/DVN/42MVDX
California,2012,13038547,https://doi.org/10.7910/DVN/42MVDX
California,2016,14181595,https://doi.org/10.7910/DVN/42MVDX
California,2020,17500881,https://doi.org/10.7910/DVN/42MVDX
California,2024,15865475,https://doi.org/10.7910/DVN/42MVDX
Colorado,1876,0,https://en.wikipedia.org/wiki/1876_United_States_presidential_election
Colorado,1880,53546,https://en.wikipedia.org/wiki/1880_United_States_presidential_election
Colorado,1884,66519,https://en.wikipedia.org/wiki/1884_United_States_presidential_election
Colorado,1888,91946,https://en.wikipedia.org/wiki/1888_United_States_presidential_election
Colorado,1892,93891,https://en.wikipedia.org/wiki/1892_United_States_presidential_election
Colorado,1896,189539,https://en.wikipedia.org/wiki/1896_United_States_presidential_election
Colorado,1900,221408,https://en.wikipedia.org/wiki/1900_United_States_presidential_election
Colorado,1904,243667,https://en.wikipedia.org/wiki/1904_United_States_presidential_election
Colorado,1908,263858,https://en.wikipedia.org/wiki/1908_United_States_presidential_election
Colorado,1912,266880,https://en.wikipedia.org/wiki/1912_United_States_presidential_election
Colorado,1916,294375,https://en.wikipedia.org/wiki/1916_United_States_presidential_election
Colorado,1920,292053,https://en.wikipedia.org/wiki/1920_United_States_presidential_election
Colorado,1924,342260,https://en.wikipedia.org/wiki/1924_United_States_presidential_election
Colorado,1928,392242,https://en.wikipedia.org/wiki/1928_United_States_presidential_election
Colorado,1932,457696,https://en.wikipedia.org/wiki/1932_United_States_presidential_election
Colorado,1936,488684,https://en.wikipedia.org/wiki/1936_United_States_presidential_election
Colorado,1940,549004,https://en.wikipedia.org/wiki/1940_United_States_presidential_election
Colorado,1944,505039,https://en.wikipedia.org/wiki/1944_United_States_presidential_election
Colorado,1948,515237,https://en.wikipedia.org/wiki/1948_United_States_presidential_election
Colorado,1952,630103,https://en.wikipedia.org/wiki/1952_United_States_presidential_election
Colorado,1956,663074,https://en.wikipedia.org/wiki/1956_United_States_presidential_election
Colorado,1960,736246,https://en.wikipedia.org/wiki/1960_United_States_presidential_election
Colorado,1964,776986,https://en.wikipedia.org/wiki/1964_United_States_presidential_election
Colorado,1968,811199,https://en.wikipedia.org/wiki/1968_United_States_presidential_election
Colorado,1972,953884,https://en.wikipedia.org/wiki/1972_United_States_presidential_election
Colorado,1976,1081440,https://doi.org/10.7910/DVN/42MVDX
Colorado,1980,1184450,https://doi.org/10.7910/DVN/42MVDX
Colorado,1984,1295380,https://doi.org/10.7910/DVN/42MVDX
Colorado,1988,1372394,https://doi.org/10.7910/DVN/42MVDX
Colorado,1992,1569180,https://doi.org/10.7910/DVN/42MVDX
Colorado,1996,1510702,https://doi.org/10.7910/DVN/42MVDX
Colorado,2000,1741368,https://doi.org/10.7910/DVN/42MVDX
Colorado,2004,2129630,https://doi.org/10.7910/DVN/42MVDX
Colorado,2008,2401361,https://doi.org/10.7910/DVN/42MVDX
Colorado,2012,2569516,https://doi.org/10.7910/DVN/42MVDX
Colorado,2016,2780220,https://doi.org/10.7910/DVN/42MVDX
Colorado,2020,3279980,https://doi.org/10.7910/DVN/42MVDX
Colorado,2024,3192745,https://doi.org/10.7910/DVN/42MVDX
Connecticut,1824,11266,https://en.wikipedia.org/wiki/1824_United_States_presidential_election
Connecticut,1828,18326,https://en.wikipedia.org/wiki/1828_United_States_presidential_election
Connecticut,1832,32833,https://en.wikipedia.org/wiki/1832_United_States_presidential_election
Connecticut,1836,38093,https://en.wikipedia.org/wiki/1836_United_States_presidential_election
Connecticut,1840,56879,https://en.wikipedia.org/wiki/1840_United_States_presidential_election
Connecticut,1844,64616,https://en.wikipedia.org/wiki/1844_United_States_presidential_election
Connecticut,1848,62398,https://en.wikipedia.org/wiki/1848_United_States_presidential_election
Connecticut,1852,66769,https://en.wikipedia.org/wiki/1852_United_States_presidential_election
Connecticut,1856,80329,https://en.wikipedia.org/wiki/1856_United_States_presidential_election
Connecticut,1860,80745,https://en.wikipedia.org/wiki/1860_United_States_presidential_election
Connecticut,1864,86981,https://en.wikipedia.org/wiki/1864_United_States_presidential_election
Connecticut,1868,98632,https://en.wikipedia.org/wiki/1868_United_States_presidential_election
Connecticut,1872,96009,https://en.wikipedia.org/wiki/1872_United_States_presidential_election
Connecticut,1876,122134,https://en.wikipedia.org/wiki/1876_United_States_presidential_election
Connecticut,1880,132802,https://en.wikipedia.org/wiki/1880_United_States_presidential_election
Connecticut,1884,137257,https://en.wikipedia.org/wiki/1884_United_States_presidential_election
Connecticut,1888,153978,https://en.wikipedia.org/wiki/1888_United_States_presidential_election
Connecticut,1892,164595,https://en.wikipedia.org/wiki/1892_United_States_presidential_election
Connecticut,1896,174390,https://en.wikipedia.org/wiki/1896_United_States_presidential_election
Connecticut,1900,180195,https://en.wikipedia.org/wiki/1900_United_States_presidential_election
Connecticut,1904,191128,https://en.wikipedia.org/wiki/1904_United_States_presidential_election
Connecticut,1908,190003,https://en.wikipedia.org/wiki/1908_United_States_presidential_election
Connecticut,1912,190398,https://en.wikipedia.org/wiki/1912_United_States_presidential_election
Connecticut,1916,213874,https://en.wikipedia.org/wiki/1916_United_States_presidential_election
Connecticut,1920,365518,https://en.wikipedia.org/wiki/1920_United_States_presidential_election
Connecticut,1924,400295,https://en.wikipedia.org/wiki/1924_United_States_presidential_election
Connecticut,1928,553031,https://en.wikipedia.org/wiki/1928_United_States_presidential_election
Connecticut,1932,594183,https://en.wikipedia.org/wiki/1932_United_States_presidential_election
Connecticut,1936,690723,https://en.wikipedia.org/wiki/1936_United_States_presidential_election
Connecticut,1940,781502,https://en.wikipedia.org/wiki/1940_United_States_presidential_election
Connecticut,1944,831990,https://en.wikipedia.org/wiki/1944_United_States_presidential_election
Connecticut,1948,883518,https://en.wikipedia.org/wiki/1948_United_States_presidential_election
Connecticut,1952,1096911,https://en.wikipedia.org/wiki/1952_United_States_presidential_election
Connecticut,1956,1117121,https://en.wikipedia.org/wiki/1956_United_States_presidential_election
Connecticut,1960,1222883,https://en.wikipedia.org/wiki/1960_United_States_presidential_election
Connecticut,1964,1218578,https://en.wikipedia.org/wiki/1964_United_States_presidential_election
Connecticut,1968,1256232,https://en.wikipedia.org/wiki/1968_United_States_presidential_election
Connecticut,1972,1384277,https://en.wikipedia.org/wiki/1972_United_States_presidential_election
Connecticut,1976,1386355,https://doi.org/10.7910/DVN/42MVDX
Connecticut,1980,1406285,https://doi.org/10.7910/DVN/42MVDX
Connecticut,1984,1466900,https://doi.org/10.7910/DVN/42MVDX
Connecticut,1988,1443394,https://doi.org/10.7910/DVN/42MVDX
Connecticut,1992,1616156,https://doi.org/10.7910/DVN/42MVDX
Connecticut,1996,1392614,https://doi.org/10.7910/DVN/42MVDX
Connecticut,2000,1459525,https://doi.org/10.7910/DVN/42MVDX
Connecticut,2004,1578769,https://doi.org/10.7910/DVN/42MVDX
Connecticut,2008,1646792,https://doi.org/10.7910/DVN/42MVDX
Connecticut,2012,1558204,https://doi.org/10.7910/DVN/42MVDX
Connecticut,2016,1644920,https://doi.org/10.7910/DVN/42MVDX
Connecticut,2020,1823857,https://doi.org/10.7910/DVN/42MVDX
Connecticut,2024,1759010,https://doi.org/10.7910/DVN/42MVDX
Delaware,1824,0,https://en.wikipedia.org/wiki/1824_United_States_presidential_election
Delaware,1828,0,https://en.wikipedia.org/wiki/1828_United_States_presidential_election
Delaware,1832,8386,https://en.wikipedia.org/wiki/1832_United_States_presidential_election
Delaware,1836,8895,https://en.wikipedia.org/wiki/1836_United_States_presidential_election
Delaware,1840,10852,https://en.wikipedia.org/wiki/1840_United_States_presidential_election
Delaware,1844,12247,https://en.wikipedia.org/wiki/1844_United_States_presidential_election
Delaware,1848,12423,https://en.wikipedia.org/wiki/1848_United_States_presidential_election
Delaware,1852,12692,https://en.wikipedia.org/wiki/1852_United_States_presidential_election
Delaware,1856,14589,https://en.wikipedia.org/wiki/1856_United_States_presidential_election
Delaware,1860,16113,https://en.wikipedia.org/wiki/1860_United_States_presidential_election
Delaware,1864,16922,https://en.wikipedia.org/wiki/1864_United_States_presidential_election
Delaware,1868,18571,https://en.wikipedia.org/wiki/1868_United_States_presidential_election
Delaware,1872,21822,https://en.wikipedia.org/wiki/1872_United_States_presidential_election
Delaware,1876,24133,https://en.wikipedia.org/wiki/1876_United_States_presidential_election
Delaware,1880,29528,https://en.wikipedia.org/wiki/1880_United_States_presidential_election
Delaware,1884,29984,https://en.wikipedia.org/wiki/1884_United_States_presidential_election
Delaware,1888,29764,https://en.wikipedia.org/wiki/1888_United_States_presidential_election
Delaware,1892,37235,https://en.wikipedia.org/wiki/1892_United_States_presidential_election
Delaware,1896,38456,https://en.wikipedia.org/wiki/1896_United_States_presidential_election
Delaware,1900,41989,https://en.wikipedia.org/wiki/1900_United_States_presidential_election
Delaware,1904,43856,https://en.wikipedia.org/wiki/1904_United_States_presidential_election
Delaware,1908,48007,https://en.wikipedia.org/wiki/1908_United_States_presidential_election
Delaware,1912,48694,https://en.wikipedia.org/wiki/1912_United_States_presidential_election
Delaware,1916,51810,https://en.wikipedia.org/wiki/1916_United_States_presidential_election
Delaware,1920,94875,https://en.wikipedia.org/wiki/1920_United_States_presidential_election
Delaware,1924,90885,https://en.wikipedia.org/wiki/1924_United_States_presidential_election
Delaware,1928,105891,https://en.wikipedia.org/wiki/1928_United_States_presidential_election
Delaware,1932,112901,https://en.wikipedia.org/wiki/1932_United_States_presidential_election
Delaware,1936,127603,https://en.wikipedia.org/wiki/1936_United_States_presidential_election
Delaware,1940,136374,https://en.wikipedia.org/wiki/1940_United_States_presidential_election
Delaware,1944,125361,https://en.wikipedia.org/wiki/1944_United_States_presidential_election
Delaware,1948,139073,https://en.wikipedia.org/wiki/1948_United_States_presidential_election
Delaware,1952,174025,https://en.wikipedia.org/wiki/1952_United_States_presidential_election
Delaware,1956,177988,https://en.wikipedia.org/wiki/1956_United_States_presidential_election
Delaware,1960,196683,https://en.wikipedia.org/wiki/1960_United_States_presidential_election
Delaware,1964,201320,https://en.wikipedia.org/wiki/1964_United_States_presidential_election
Delaware,1968,214367,https://en.wikipedia.org/wiki/1968_United_States_presidential_election
Delaware,1972,235516,https://en.wikipedia.org/wiki/1972_United_States_presidential_election
Delaware,1976,235642,https://doi.org/10.7910/DVN/42MVDX
Delaware,1980,235668,https://doi.org/10.7910/DVN/42MVDX
Delaware,1984,254572,https://doi.org/10.7910/DVN/42MVDX
Delaware,1988,249891,https://doi.org/10.7910/DVN/42MVDX
Delaware,1992,289620,https://doi.org/10.7910/DVN/42MVDX
Delaware,1996,270810,https://doi.org/10.7910/DVN/42MVDX
Delaware,2000,327529,https://doi.org/10.7910/DVN/42MVDX
Delaware,2004,375190,https://doi.org/10.7910/DVN/42MVDX
Delaware,2008,412412,https://doi.org/10.7910/DVN/42MVDX
Delaware,2012,413890,https://doi.org/10.7910/DVN/42MVDX
Delaware,2016,441590,https://doi.org/10.7910/DVN/42MVDX
Delaware,2020,504346,https://doi.org/10.7910/DVN/42MVDX
Delaware,2024,512913,https://doi.org/10.7910/DVN/42MVDX
District of Columbia,1964,198597,https://en.wikipedia.org/wiki/1964_United_States_presidential_election
District of Columbia,1968,170578,https://en.wikipedia.org/wiki/1968_United_States_presidential_election
District of Columbia,1972,163421,https://en.wikipedia.org/wiki/1972_United_States_presidential_election
District of Columbia,1976,168830,https://doi.org/10.7910/DVN/42MVDX
District of Columbia,1980,173889,https://doi.org/10.7910/DVN/42MVDX
District of Columbia,1984,211288,https://doi.org/10.7910/DVN/42MVDX
District of Columbia,1988,192877,https://doi.org/10.7910/DVN/42MVDX
District of Columbia,1992,227572,https://doi.org/10.7910/DVN/42MVDX
District of Columbia,1996,185726,https://doi.org/10.7910/DVN/42MVDX
District of Columbia,2000,201894,https://doi.org/10.7910/DVN/42MVDX
District of Columbia,2004,227586,https://doi.org/10.7910/DVN/42MVDX
District of Columbia,2008,265853,https://doi.org/10.7910/DVN/42MVDX
District of Columbia,2012,293764,https://doi.org/10.7910/DVN/42MVDX
District of Columbia,2016,312575,https://doi.org/10.7910/DVN/42MVDX
District of Columbia,2020,344356,https://doi.org/10.7910/DVN/42MVDX
District of Columbia,2024,325869,https://doi.org/10.7910/DVN/42MVDX
Florida,1848,7203,https://en.wikipedia.org/wiki/1848_United_States_presidential_election
Florida,1852,7193,https://en.wikipedia.org/wiki/1852_United_States_presidential_election
Florida,1856,11191,https://en.wikipedia.org/wiki/1856_United_States_presidential_election
Florida,1860,13107,https://en.wikipedia.org/wiki/1860_United_States_presidential_election
Florida,1868,0,https://en.wikipedia.org/wiki/1868_United_States_presidential_election
Florida,1872,33190,https://en.wikipedia.org/wiki/1872_United_States_presidential_election
Florida,1876,46776,https://en.wikipedia.org/wiki/1876_United_States_presidential_election
Florida,1880,51618,https://en.wikipedia.org/wiki/1880_United_States_presidential_election
Florida,1884,59990,https://en.wikipedia.org/wiki/1884_United_States_presidential_election
Florida,1888,66500,https://en.wikipedia.org/wiki/1888_United_States_presidential_election
Florida,1892,35471,https://en.wikipedia.org/wiki/1892_United_States_presidential_election
Florida,1896,46488,https://en.wikipedia.org/wiki/1896_United_States_presidential_election
Florida,1900,39649,https://en.wikipedia.org/wiki/1900_United_States_presidential_election
Florida,1904,38705,https://en.wikipedia.org/wiki/1904_United_States_presidential_election
Florida,1908,49360,https://en.wikipedia.org/wiki/1908_United_States_presidential_election
Florida,1912,50837,https://en.wikipedia.org/wiki/1912_United_States_presidential_election
Florida,1916,80734,https://en.wikipedia.org/wiki/1916_United_States_presidential_election
Florida,1920,145681,https://en.wikipedia.org/wiki/1920_United_States_presidential_election
Florida,1924,109154,https://en.wikipedia.org/wiki/1924_United_States_presidential_election
Florida,1928,253672,https://en.wikipedia.org/wiki/1928_United_States_presidential_election
Florida,1932,276252,https://en.wikipedia.org/wiki/1932_United_States_presidential_election
Florida,1936,327365,https://en.wikipedia.org/wiki/1936_United_States_presidential_election
Florida,1940,485492,https://en.wikipedia.org/wiki/1940_United_States_presidential_election
Florida,1944,482592,https://en.wikipedia.org/wiki/1944_United_States_presidential_election
Florida,1948,577643,https://en.wikipedia.org/wiki/1948_United_States_presidential_election
Florida,1952,989337,https://en.wikipedia.org/wiki/1952_United_States_presidential_election
Florida,1956,1124220,https://en.wikipedia.org/wiki/1956_United_States_presidential_election
Florida,1960,1544176,https://en.wikipedia.org/wiki/1960_United_States_presidential_election
Florida,1964,1854481,https://en.wikipedia.org/wiki/1964_United_States_presidential_election
Florida,1968,2187805,https://en.wikipedia.org/wiki/1968_United_States_presidential_election
Florida,1972,2583283,https://en.wikipedia.org/wiki/1972_United_States_presidential_election
Florida,1976,3150631,https://doi.org/10.7910/DVN/42MVDX
Florida,1980,3686927,https://doi.org/10.7910/DVN/42MVDX
Florida,1984,4180051,https://doi.org/10.7910/DVN/42MVDX
Florida,1988,4302313,https://doi.org/10.7910/DVN/42MVDX
Florida,1992,5313392,https://doi.org/10.7910/DVN/42MVDX
Florida,1996,5303154,https://doi.org/10.7910/DVN/42MVDX
Florida,2000,5963110,https://doi.org/10.7910/DVN/42MVDX
Florida,2004,7609810,https://doi.org/10.7910/DVN/42MVDX
Florida,2008,8390744,https://doi.org/10.7910/DVN/42MVDX
Florida,2012,8474179,https://doi.org/10.7910/DVN/42MVDX
Florida,2016,9420039,https://doi.org/10.7910/DVN/42MVDX
Florida,2020,11067456,https://doi.org/10.7910/DVN/42MVDX
Florida,2024,10893752,https://doi.org/10.7910/DVN/42MVDX
Georgia,1824,0,https://en.wikipedia.org/wiki/1824_United_States_presidential_election
Georgia,1828,18308,https://en.wikipedia.org/wiki/1828_United_States_presidential_election
Georgia,1832,20750,https://en.wikipedia.org/wiki/1832_United_States_presidential_election
Georgia,1836,47259,https://en.wikipedia.org/wiki/1836_United_States_presidential_election
Georgia,1840,72322,https://en.wikipedia.org/wiki/1840_United_States_presidential_election
Georgia,1844,86247,https://en.wikipedia.org/wiki/1844_United_States_presidential_election
Georgia,1848,92317,https://en.wikipedia.org/wiki/1848_United_States_presidential_election
Georgia,1852,62472,https://en.wikipedia.org/wiki/1852_United_States_presidential_election
Georgia,1856,99020,https://en.wikipedia.org/wiki/1856_United_States_presidential_election
Georgia,1860,106822,https://en.wikipedia.org/wiki/1860_United_States_presidential_election
Georgia,1868,159816,https://en.wikipedia.org/wiki/1868_United_States_presidential_election
Georgia,1872,138906,https://en.wikipedia.org/wiki/1872_United_States_presidential_election
Georgia,1876,180690,https://en.wikipedia.org/wiki/1876_United_States_presidential_election
Georgia,1880,156556,https://en.wikipedia.org/wiki/1880_United_States_presidential_election
Georgia,1884,143610,https://en.wikipedia.org/wiki/1884_United_States_presidential_election
Georgia,1888,142936,https://en.wikipedia.org/wiki/1888_United_States_presidential_election
Georgia,1892,223126,https://en.wikipedia.org/wiki/1892_United_States_presidential_election
Georgia,1896,162480,https://en.wikipedia.org/wiki/1896_United_States_presidential_election
Georgia,1900,121410,https://en.wikipedia.org/wiki/1900_United_States_presidential_election
Georgia,1904,130986,https://en.wikipedia.org/wiki/1904_United_States_presidential_election
Georgia,1908,132504,https://en.wikipedia.org/wiki/1908_United_States_presidential_election
Georgia,1912,121470,https://en.wikipedia.org/wiki/1912_United_States_presidential_election
Georgia,1916,160681,https://en.wikipedia.org/wiki/1916_United_States_presidential_election
Georgia,1920,148251,https://en.wikipedia.org/wiki/1920_United_States_presidential_election
Georgia,1924,166577,https://en.wikipedia.org/wiki/1924_United_States_presidential_election
Georgia,1928,229159,https://en.wikipedia.org/wiki/1928_United_States_presidential_election
Georgia,1932,255590,https://en.wikipedia.org/wiki/1932_United_States_presidential_election
Georgia,1936,293175,https://en.wikipedia.org/wiki/1936_United_States_presidential_election
Georgia,1940,312551,https://en.wikipedia.org/wiki/1940_United_States_presidential_election
Georgia,1944,328109,https://en.wikipedia.org/wiki/1944_United_States_presidential_election
Georgia,1948,418764,https://en.wikipedia.org/wiki/1948_United_States_presidential_election
Georgia,1952,655803,https://en.wikipedia.org/wiki/1952_United_States_presidential_election
Georgia,1956,663480,https://en.wikipedia.org/wiki/1956_United_States_presidential_election
Georgia,1960,733349,https://en.wikipedia.org/wiki/1960_United_States_presidential_election
Georgia,1964,1139336,https://en.wikipedia.org/wiki/1964_United_States_presidential_election
Georgia,1968,1250266,https://en.wikipedia.org/wiki/1968_United_States_presidential_election
Georgia,1972,1174772,https://en.wikipedia.org/wiki/1972_United_States_presidential_election
Georgia,1976,1463152,https://doi.org/10.7910/DVN/42MVDX
Georgia,1980,1596805,https://doi.org/10.7910/DVN/42MVDX
Georgia,1984,1776103,https://doi.org/10.7910/DVN/42MVDX
Georgia,1988,1809672,https://doi.org/10.7910/DVN/42MVDX
Georgia,1992,2321133,https://doi.org/10.7910/DVN/42MVDX
Georgia,1996,2298899,https://doi.org/10.7910/DVN/42MVDX
Georgia,2000,2583208,https://doi.org/10.7910/DVN/42MVDX
Georgia,2004,3301875,https://doi.org/10.7910/DVN/42MVDX
Georgia,2008,3924486,https://doi.org/10.7910/DVN/42MVDX
Georgia,2012,3897839,https://doi.org/10.7910/DVN/42MVDX
Georgia,2016,4114732,https://doi.org/10.7910/DVN/42MVDX
Georgia,2020,4999960,https://doi.org/10.7910/DVN/42MVDX
Georgia,2024,5250905,https://doi.org/10.7910/DVN/42MVDX
Hawaii,1960,184705,https://en.wikipedia.org/wiki/1960_United_States_presidential_election
Hawaii,1964,207271,https://en.wikipedia.org/wiki/1964_United_States_presidential_election
Hawaii,1968,236218,https://en.wikipedia.org/wiki/1968_United_States_presidential_election
Hawaii,1972,270274,https://en.wikipedia.org/wiki/1972_United_States_presidential_election
Hawaii,1976,291301,https://doi.org/10.7910/DVN/42MVDX
Hawaii,1980,303287,https://doi.org/10.7910/DVN/42MVDX
Hawaii,1984,335846,https://doi.org/10.7910/DVN/42MVDX
Hawaii,1988,354461,https://doi.org/10.7910/DVN/42MVDX
Hawaii,1992,372842,https://doi.org/10.7910/DVN/42MVDX
Hawaii,1996,360120,https://doi.org/10.7910/DVN/42MVDX
Hawaii,2000,367951,https://doi.org/10.7910/DVN/42MVDX
Hawaii,2004,429013,https://doi.org/10.7910/DVN/42MVDX
Hawaii,2008,456064,https://doi.org/10.7910/DVN/42MVDX
Hawaii,2012,437159,https://doi.org/10.7910/DVN/42MVDX
Hawaii,2016,437664,https://doi.org/10.7910/DVN/42MVDX
Hawaii,2020,579784,https://doi.org/10.7910/DVN/42MVDX
Hawaii,2024,522236,https://doi.org/10.7910/DVN/42MVDX
Idaho,1892,19407,https://en.wikipedia.org/wiki/1892_United_States_presidential_election
Idaho,1896,29621,https://en.wikipedia.org/wiki/1896_United_States_presidential_election
Idaho,1900,57914,https://en.wikipedia.org/wiki/1900_United_States_presidential_election
Idaho,1904,72578,https://en.wikipedia.org/wiki/1904_United_States_presidential_election
Idaho,1908,97293,https://en.wikipedia.org/wiki/1908_United_States_presidential_election
Idaho,1912,105754,https://en.wikipedia.org/wiki/1912_United_States_presidential_election
Idaho,1916,134615,https://en.wikipedia.org/wiki/1916_United_States_presidential_election
Idaho,1920,135624,https://en.wikipedia.org/wiki/1920_United_States_presidential_election
Idaho,1924,148295,https://en.wikipedia.org/wiki/1924_United_States_presidential_election
Idaho,1928,151541,https://en.wikipedia.org/wiki/1928_United_States_presidential_election
Idaho,1932,186625,https://en.wikipedia.org/wiki/1932_United_States_presidential_election
Idaho,1936,199617,https://en.wikipedia.org/wiki/1936_United_States_presidential_election
Idaho,1940,235168,https://en.wikipedia.org/wiki/1940_United_States_presidential_election
Idaho,1944,208321,https://en.wikipedia.org/wiki/1944_United_States_presidential_election
Idaho,1948,214816,https://en.wikipedia.org/wiki/1948_United_States_presidential_election
Idaho,1952,276231,https://en.wikipedia.org/wiki/1952_United_States_presidential_election
Idaho,1956,272989,https://en.wikipedia.org/wiki/1956_United_States_presidential_election
Idaho,1960,300450,https://en.wikipedia.org/wiki/1960_United_States_presidential_election
Idaho,1964,292477,https://en.wikipedia.org/wiki/1964_United_States_presidential_election
Idaho,1968,291183,https://en.wikipedia.org/wiki/1968_United_States_presidential_election
Idaho,1972,310379,https://en.wikipedia.org/wiki/1972_United_States_presidential_election
Idaho,1976,340932,https://doi.org/10.7910/DVN/42MVDX
Idaho,1980,437431,https://doi.org/10.7910/DVN/42MVDX
Idaho,1984,411144,https://doi.org/10.7910/DVN/42MVDX
Idaho,1988,408968,https://doi.org/10.7910/DVN/42MVDX
Idaho,1992,482114,https://doi.org/10.7910/DVN/42MVDX
Idaho,1996,491711,https://doi.org/10.7910/DVN/42MVDX
Idaho,2000,501615,https://doi.org/10.7910/DVN/42MVDX
Idaho,2004,598376,https://doi.org/10.7910/DVN/42MVDX
Idaho,2008,655122,https://doi.org/10.7910/DVN/42MVDX
Idaho,2012,652274,https://doi.org/10.7910/DVN/42MVDX
Idaho,2016,690255,https://doi.org/10.7910/DVN/42MVDX
Idaho,2020,868014,https://doi.org/10.7910/DVN/42MVDX
Idaho,2024,917466,https://doi.org/10.7910/DVN/42MVDX
Illinois,1824,4707,https://en.wikipedia.org/wiki/1824_United_States_presidential_election
Illinois,1828,14263,https://en.wikipedia.org/wiki/1828_United_States_presidential_election
Illinois,1832,21481,https://en.wikipedia.org/wiki/1832_United_States_presidential_election
Illinois,1836,33589,https://en.wikipedia.org/wiki/1836_United_States_presidential_election
Illinois,1840,93175,https://en.wikipedia.org/wiki/1840_United_States_presidential_election
Illinois,1844,109057,https://en.wikipedia.org/wiki/1844_United_States_presidential_election
Illinois,1848,124596,https://en.wikipedia.org/wiki/1848_United_States_presidential_election
Illinois,1852,154964,https://en.wikipedia.org/wiki/1852_United_States_presidential_election
Illinois,1856,239334,https://en.wikipedia.org/wiki/1856_United_States_presidential_election
Illinois,1860,336548,https://en.wikipedia.org/wiki/1860_United_States_presidential_election
Illinois,1864,348236,https://en.wikipedia.org/wiki/1864_United_States_presidential_election
Illinois,1868,449420,https://en.wikipedia.org/wiki/1868_United_States_presidential_election
Illinois,1872,429971,https://en.wikipedia.org/wiki/1872_United_States_presidential_election
Illinois,1876,554227,https://en.wikipedia.org/wiki/1876_United_States_presidential_election
Illinois,1880,622312,https://en.wikipedia.org/wiki/1880_United_States_presidential_election
Illinois,1884,672670,https://en.wikipedia.org/wiki/1884_United_States_presidential_election
Illinois,1888,747813,https://en.wikipedia.org/wiki/1888_United_States_presidential_election
Illinois,1892,873647,https://en.wikipedia.org/wiki/1892_United_States_presidential_election
Illinois,1896,1090869,https://en.wikipedia.org/wiki/1896_United_States_presidential_election
Illinois,1900,1131897,https://en.wikipedia.org/wiki/1900_United_States_presidential_election
Illinois,1904,1076499,https://en.wikipedia.org/wiki/1904_United_States_presidential_election
Illinois,1908,1155254,https://en.wikipedia.org/wiki/1908_United_States_presidential_election
Illinois,1912,1146173,https://en.wikipedia.org/wiki/1912_United_States_presidential_election
Illinois,1916,2192707,https://en.wikipedia.org/wiki/1916_United_States_presidential_election
Illinois,1920,2094714,https://en.wikipedia.org/wiki/1920_United_States_presidential_election
Illinois,1924,2470067,https://en.wikipedia.org/wiki/1924_United_States_presidential_election
Illinois,1928,3107489,https://en.wikipedia.org/wiki/1928_United_States_presidential_election
Illinois,1932,3407926,https://en.wikipedia.org/wiki/1932_United_States_presidential_election
Illinois,1936,3956522,https://en.wikipedia.org/wiki/1936_United_States_presidential_election
Illinois,1940,4217935,https://en.wikipedia.org/wiki/1940_United_States_presidential_election
Illinois,1944,4036061,https://en.wikipedia.org/wiki/1944_United_States_presidential_election
Illinois,1948,3984046,https://en.wikipedia.org/wiki/1948_United_States_presidential_election
Illinois,1952,4481058,https://en.wikipedia.org/wiki/1952_United_States_presidential_election
Illinois,1956,4407407,https://en.wikipedia.org/wiki/1956_United_States_presidential_election
Illinois,1960,4757409,https://en.wikipedia.org/wiki/1960_United_States_presidential_election
Illinois,1964,4702841,https://en.wikipedia.org/wiki/1964_United_States_presidential_election
Illinois,1968,4619749,https://en.wikipedia.org/wiki/1968_United_States_presidential_election
Illinois,1972,4723236,https://en.wikipedia.org/wiki/1972_United_States_presidential_election
Illinois,1976,4721282,https://doi.org/10.7910/DVN/42MVDX
Illinois,1980,4749721,https://doi.org/10.7910/DVN/42MVDX
Illinois,1984,4819088,https://doi.org/10.7910/DVN/42MVDX
Illinois,1988,4559120,https://doi.org/10.7910/DVN/42MVDX
Illinois,1992,5050157,https://doi.org/10.7910/DVN/42MVDX
Illinois,1996,4311391,https://doi.org/10.7910/DVN/42MVDX
Illinois,2000,4742108,https://doi.org/10.7910/DVN/42MVDX
Illinois,2004,5274322,https://doi.org/10.7910/DVN/42MVDX
Illinois,2008,5522371,https://doi.org/10.7910/DVN/42MVDX
Illinois,2012,5242014,https://doi.org/10.7910/DVN/42MVDX
Illinois,2016,5536424,https://doi.org/10.7910/DVN/42MVDX
Illinois,2020,6033743,https://doi.org/10.7910/DVN/42MVDX
Illinois,2024,5633310,https://doi.org/10.7910/DVN/42MVDX
Indiana,1824,15859,https://en.wikipedia.org/wiki/1824_United_States_presidential_election
Indiana,1828,39118,https://en.wikipedia.org/wiki/1828_United_States_presidential_election
Indiana,1832,57050,https://en.wikipedia.org/wiki/1832_United_States_presidential_election
Indiana,1836,73759,https://en.wikipedia.org/wiki/1836_United_States_presidential_election
Indiana,1840,116906,https://en.wikipedia.org/wiki/1840_United_States_presidential_election
Indiana,1844,140154,https://en.wikipedia.org/wiki/1844_United_States_presidential_election
Indiana,1848,152752,https://en.wikipedia.org/wiki/1848_United_States_presidential_election
Indiana,1852,182719,https://en.wikipedia.org/wiki/1852_United_States_presidential_election
Indiana,1856,235431,https://en.wikipedia.org/wiki/1856_United_States_presidential_election
Indiana,1860,271818,https://en.wikipedia.org/wiki/1860_United_States_presidential_election
Indiana,1864,280655,https://en.wikipedia.org/wiki/1864_United_States_presidential_election
Indiana,1868,343532,https://en.wikipedia.org/wiki/1868_United_States_presidential_election
Indiana,1872,351196,https://en.wikipedia.org/wiki/1872_United_States_presidential_election
Indiana,1876,438911,https://en.wikipedia.org/wiki/1876_United_States_presidential_election
Indiana,1880,470672,https://en.wikipedia.org/wiki/1880_United_States_presidential_election
Indiana,1884,495332,https://en.wikipedia.org/wiki/1884_United_States_presidential_election
Indiana,1888,536949,https://en.wikipedia.org/wiki/1888_United_States_presidential_election
Indiana,1892,553613,https://en.wikipedia.org/wiki/1892_United_States_presidential_election
Indiana,1896,637119,https://en.wikipedia.org/wiki/1896_United_States_presidential_election
Indiana,1900,664094,https://en.wikipedia.org/wiki/1900_United_States_presidential_election
Indiana,1904,682185,https://en.wikipedia.org/wiki/1904_United_States_presidential_election
Indiana,1908,721126,https://en.wikipedia.org/wiki/1908_United_States_presidential_election
Indiana,1912,654474,https://en.wikipedia.org/wiki/1912_United_States_presidential_election
Indiana,1916,718848,https://en.wikipedia.org/wiki/1916_United_States_presidential_election
Indiana,1920,1262964,https://en.wikipedia.org/wiki/1920_United_States_presidential_election
Indiana,1924,1272390,https://en.wikipedia.org/wiki/1924_United_States_presidential_election
Indiana,1928,1421314,https://en.wikipedia.org/wiki/1928_United_States_presidential_election
Indiana,1932,1576927,https://en.wikipedia.org/wiki/1932_United_States_presidential_election
Indiana,1936,1650897,https://en.wikipedia.org/wiki/1936_United_States_presidential_election
Indiana,1940,1782747,https://en.wikipedia.org/wiki/1940_United_States_presidential_election
Indiana,1944,1672091,https://en.wikipedia.org/wiki/1944_United_States_presidential_election
Indiana,1948,1656214,https://en.wikipedia.org/wiki/1948_United_States_presidential_election
Indiana,1952,1955325,https://en.wikipedia.org/wiki/1952_United_States_presidential_election
Indiana,1956,1974607,https://en.wikipedia.org/wiki/1956_United_States_presidential_election
Indiana,1960,2135360,https://en.wikipedia.org/wiki/1960_United_States_presidential_election
Indiana,1964,2091606,https://en.wikipedia.org/wiki/1964_United_States_presidential_election
Indiana,1968,2123597,https://en.wikipedia.org/wiki/1968_United_States_presidential_election
Indiana,1972,2125529,https://en.wikipedia.org/wiki/1972_United_States_presidential_election
Indiana,1976,2220362,https://doi.org/10.7910/DVN/42MVDX
Indiana,1980,2242033,https://doi.org/10.7910/DVN/42MVDX
Indiana,1984,2233069,https://doi.org/10.7910/DVN/42MVDX
Indiana,1988,2168621,https://doi.org/10.7910/DVN/42MVDX
Indiana,1992,2305871,https://doi.org/10.7910/DVN/42MVDX
Indiana,1996,2135431,https://doi.org/10.7910/DVN/42MVDX
Indiana,2000,2199302,https://doi.org/10.7910/DVN/42MVDX
Indiana,2004,2468002,https://doi.org/10.7910/DVN/42MVDX
Indiana,2008,2751054,https://doi.org/10.7910/DVN/42MVDX
Indiana,2012,2624534,https://doi.org/10.7910/DVN/42MVDX
Indiana,2016,2734958,https://doi.org/10.7910/DVN/42MVDX
Indiana,2020,3033118,https://doi.org/10.7910/DVN/42MVDX
Indiana,2024,2936677,https://doi.org/10.7910/DVN/42MVDX
Iowa,1848,22271,https://en.wikipedia.org/wiki/1848_United_States_presidential_election
Iowa,1852,35631,https://en.wikipedia.org/wiki/1852_United_States_presidential_election
Iowa,1856,92310,https://en.wikipedia.org/wiki/1856_United_States_presidential_election
Iowa,1860,128208,https://en.wikipedia.org/wiki/1860_United_States_presidential_election
Iowa,1864,138025,https://en.wikipedia.org/wiki/1864_United_States_presidential_election
Iowa,1868,194439,https://en.wikipedia.org/wiki/1868_United_States_presidential_election
Iowa,1872,216365,https://en.wikipedia.org/wiki/1872_United_States_presidential_election
Iowa,1876,292878,https://en.wikipedia.org/wiki/1876_United_States_presidential_election
Iowa,1880,323498,https://en.wikipedia.org/wiki/1880_United_States_presidential_election
Iowa,1884,377201,https://en.wikipedia.org/wiki/1884_United_States_presidential_election
Iowa,1888,404135,https://en.wikipedia.org/wiki/1888_United_States_presidential_election
Iowa,1892,443159,https://en.wikipedia.org/wiki/1892_United_States_presidential_election
Iowa,1896,521547,https://en.wikipedia.org/wiki/1896_United_States_presidential_election
Iowa,1900,530355,https://en.wikipedia.org/wiki/1900_United_States_presidential_election
Iowa,1904,486093,https://en.wikipedia.org/wiki/1904_United_States_presidential_election
Iowa,1908,494769,https://en.wikipedia.org/wiki/1908_United_States_presidential_election
Iowa,1912,492356,https://en.wikipedia.org/wiki/1912_United_States_presidential_election
Iowa,1916,513942,https://en.wikipedia.org/wiki/1916_United_States_presidential_election
Iowa,1920,895082,https://en.wikipedia.org/wiki/1920_United_States_presidential_election
Iowa,1924,976960,https://en.wikipedia.org/wiki/1924_United_States_presidential_election
Iowa,1928,1009489,https://en.wikipedia.org/wiki/1928_United_States_presidential_election
Iowa,1932,1036687,https://en.wikipedia.org/wiki/1932_United_States_presidential_election
Iowa,1936,1142733,https://en.wikipedia.org/wiki/1936_United_States_presidential_election
Iowa,1940,1215430,https://en.wikipedia.org/wiki/1940_United_States_presidential_election
Iowa,1944,1052599,https://en.wikipedia.org/wiki/1944_United_States_presidential_election
Iowa,1948,1038264,https://en.wikipedia.org/wiki/1948_United_States_presidential_election
Iowa,1952,1268773,https://en.wikipedia.org/wiki/1952_United_States_presidential_election
Iowa,1956,1234564,https://en.wikipedia.org/wiki/1956_United_States_presidential_election
Iowa,1960,1273810,https://en.wikipedia.org/wiki/1960_United_States_presidential_election
Iowa,1964,1184539,https://en.wikipedia.org/wiki/1964_United_States_presidential_election
Iowa,1968,1167931,https://en.wikipedia.org/wiki/1968_United_States_presidential_election
Iowa,1972,1225944,https://en.wikipedia.org/wiki/1972_United_States_presidential_election
Iowa,1976,1279303,https://doi.org/10.7910/DVN/42MVDX
Iowa,1980,1317661,https://doi.org/10.7910/DVN/42MVDX
Iowa,1984,1319805,https://doi.org/10.7910/DVN/42MVDX
Iowa,1988,1225614,https://doi.org/10.7910/DVN/42MVDX
Iowa,1992,1354607,https://doi.org/10.7910/DVN/42MVDX
Iowa,1996,1234075,https://doi.org/10.7910/DVN/42MVDX
Iowa,2000,1353022,https://doi.org/10.7910/DVN/42MVDX
Iowa,2004,1506908,https://doi.org/10.7910/DVN/42MVDX
Iowa,2008,1537123,https://doi.org/10.7910/DVN/42MVDX
Iowa,2012,1582180,https://doi.org/10.7910/DVN/42MVDX
Iowa,2016,1565580,https://doi.org/10.7910/DVN/42MVDX
Iowa,2020,1700130,https://doi.org/10.7910/DVN/42MVDX
Iowa,2024,1663506,https://doi.org/10.7910/DVN/42MVDX
Kansas,1864,21580,https://en.wikipedia.org/wiki/1864_United_States_presidential_election
Kansas,1868,43630,https://en.wikipedia.org/wiki/1868_United_States_presidential_election
Kansas,1872,100512,https://en.wikipedia.org/wiki/1872_United_States_presidential_election
Kansas,1876,124134,https://en.wikipedia.org/wiki/1876_United_States_presidential_election
Kansas,1880,201226,https://en.wikipedia.org/wiki/1880_United_States_presidential_election
Kansas,1884,265848,https://en.wikipedia.org/wiki/1884_United_States_presidential_election
Kansas,1888,331149,https://en.wikipedia.org/wiki/1888_United_States_presidential_election
Kansas,1892,324905,https://en.wikipedia.org/wiki/1892_United_States_presidential_election
Kansas,1896,334547,https://en.wikipedia.org/wiki/1896_United_States_presidential_election
Kansas,1900,353766,https://en.wikipedia.org/wiki/1900_United_States_presidential_election
Kansas,1904,328561,https://en.wikipedia.org/wiki/1904_United_States_presidential_election
Kansas,1908,375946,https://en.wikipedia.org/wiki/1908_United_States_presidential_election
Kansas,1912,365497,https://en.wikipedia.org/wiki/1912_United_States_presidential_election
Kansas,1916,629813,https://en.wikipedia.org/wiki/1916_United_States_presidential_election
Kansas,1920,570318,https://en.wikipedia.org/wiki/1920_United_States_presidential_election
Kansas,1924,662454,https://en.wikipedia.org/wiki/1924_United_States_presidential_election
Kansas,1928,713200,https://en.wikipedia.org/wiki/1928_United_States_presidential_election
Kansas,1932,791978,https://en.wikipedia.org/wiki/1932_United_States_presidential_election
Kansas,1936,865014,https://en.wikipedia.org/wiki/1936_United_States_presidential_election
Kansas,1940,860297,https://en.wikipedia.org/wiki/1940_United_States_presidential_election
Kansas,1944,733776,https://en.wikipedia.org/wiki/1944_United_States_presidential_election
Kansas,1948,788819,https://en.wikipedia.org/wiki/1948_United_States_presidential_election
Kansas,1952,896166,https://en.wikipedia.org/wiki/1952_United_States_presidential_election
Kansas,1956,866243,https://en.wikipedia.org/wiki/1956_United_States_presidential_election
Kansas,1960,928825,https://en.wikipedia.org/wiki/1960_United_States_presidential_election
Kansas,1964,857901,https://en.wikipedia.org/wiki/1964_United_States_presidential_election
Kansas,1968,872783,https://en.wikipedia.org/wiki/1968_United_States_presidential_election
Kansas,1972,916095,https://en.wikipedia.org/wiki/1972_United_States_presidential_election
Kansas,1976,957845,https://doi.org/10.7910/DVN/42MVDX
Kansas,1980,979795,https://doi.org/10.7910/DVN/42MVDX
Kansas,1984,1021991,https://doi.org/10.7910/DVN/42MVDX
Kansas,1988,993044,https://doi.org/10.7910/DVN/42MVDX
Kansas,1992,1157236,https://doi.org/10.7910/DVN/42MVDX
Kansas,1996,1074300,https://doi.org/10.7910/DVN/42MVDX
Kansas,2000,1072216,https://doi.org/10.7910/DVN/42MVDX
Kansas,2004,1187756,https://doi.org/10.7910/DVN/42MVDX
Kansas,2008,1235872,https://doi.org/10.7910/DVN/42MVDX
Kansas,2012,1159971,https://doi.org/10.7910/DVN/42MVDX
Kansas,2016,1184402,https://doi.org/10.7910/DVN/42MVDX
Kansas,2020,1372303,https://doi.org/10.7910/DVN/42MVDX
Kansas,2024,1327591,https://doi.org/10.7910/DVN/42MVDX
Kentucky,1824,23988,https://en.wikipedia.org/wiki/1824_United_States_presidential_election
Kentucky,1828,70541,https://en.wikipedia.org/wiki/1828_United_States_presidential_election
Kentucky,1832,79741,https://en.wikipedia.org/wiki/1832_United_States_presidential_election
Kentucky,1836,70090,https://en.wikipedia.org/wiki/1836_United_States_presidential_election
Kentucky,1840,91104,https://en.wikipedia.org/wiki/1840_United_States_presidential_election
Kentucky,1844,116865,https://en.wikipedia.org/wiki/1844_United_States_presidential_election
Kentucky,1848,116865,https://en.wikipedia.org/wiki/1848_United_States_presidential_election
Kentucky,1852,111171,https://en.wikipedia.org/wiki/1852_United_States_presidential_election
Kentucky,1856,142058,https://en.wikipedia.org/wiki/1856_United_States_presidential_election
Kentucky,1860,146206,https://en.wikipedia.org/wiki/1860_United_States_presidential_election
Kentucky,1864,92088,https://en.wikipedia.org/wiki/1864_United_States_presidential_election
Kentucky,1868,155455,https://en.wikipedia.org/wiki/1868_United_States_presidential_election
Kentucky,1872,191135,https://en.wikipedia.org/wiki/1872_United_States_presidential_election
Kentucky,1876,260626,https://en.wikipedia.org/wiki/1876_United_States_presidential_election
Kentucky,1880,267104,https://en.wikipedia.org/wiki/1880_United_States_presidential_election
Kentucky,1884,276481,https://en.wikipedia.org/wiki/1884_United_States_presidential_election
Kentucky,1888,344868,https://en.wikipedia.org/wiki/1888_United_States_presidential_election
Kentucky,1892,340864,https://en.wikipedia.org/wiki/1892_United_States_presidential_election
Kentucky,1896,445928,https://en.wikipedia.org/wiki/1896_United_States_presidential_election
Kentucky,1900,468265,https://en.wikipedia.org/wiki/1900_United_States_presidential_election
Kentucky,1904,435946,https://en.wikipedia.org/wiki/1904_United_States_presidential_election
Kentucky,1908,490719,https://en.wikipedia.org/wiki/1908_United_States_presidential_election
Kentucky,1912,452714,https://en.wikipedia.org/wiki/1912_United_States_presidential_election
Kentucky,1916,520078,https://en.wikipedia.org/wiki/1916_United_States_presidential_election
Kentucky,1920,918708,https://en.wikipedia.org/wiki/1920_United_States_presidential_election
Kentucky,1924,815332,https://en.wikipedia.org/wiki/1924_United_States_presidential_election
Kentucky,1928,940604,https://en.wikipedia.org/wiki/1928_United_States_presidential_election
Kentucky,1932,983063,https://en.wikipedia.org/wiki/1932_United_States_presidential_election
Kentucky,1936,926203,https://en.wikipedia.org/wiki/1936_United_States_presidential_election
Kentucky,1940,970063,https://en.wikipedia.org/wiki/1940_United_States_presidential_election
Kentucky,1944,867921,https://en.wikipedia.org/wiki/1944_United_States_presidential_election
Kentucky,1948,822658,https://en.wikipedia.org/wiki/1948_United_States_presidential_election
Kentucky,1952,993148,https://en.wikipedia.org/wiki/1952_United_States_presidential_election
Kentucky,1956,1053805,https://en.wikipedia.org/wiki/1956_United_States_presidential_election
Kentucky,1960,1124462,https://en.wikipedia.org/wiki/1960_United_States_presidential_election
Kentucky,1964,1046105,https://en.wikipedia.org/wiki/1964_United_States_presidential_election
Kentucky,1968,1055893,https://en.wikipedia.org/wiki/1968_United_States_presidential_election
Kentucky,1972,1067499,https://en.wikipedia.org/wiki/1972_United_States_presidential_election
Kentucky,1976,1167142,https://doi.org/10.7910/DVN/42MVDX
Kentucky,1980,1295627,https://doi.org/10.7910/DVN/42MVDX
Kentucky,1984,1369345,https://doi.org/10.7910/DVN/42MVDX
Kentucky,1988,1322517,https://doi.org/10.7910/DVN/42MVDX
Kentucky,1992,1492900,https://doi.org/10.7910/DVN/42MVDX
Kentucky,1996,1388708,https://doi.org/10.7910/DVN/42MVDX
Kentucky,2000,1544106,https://doi.org/10.7910/DVN/42MVDX
Kentucky,2004,1795882,https://doi.org/10.7910/DVN/42MVDX
Kentucky,2008,1826620,https://doi.org/10.7910/DVN/42MVDX
Kentucky,2012,1797212,https://doi.org/10.7910/DVN/42MVDX
Kentucky,2016,1924149,https://doi.org/10.7910/DVN/42MVDX
Kentucky,2020,2136768,https://doi.org/10.7910/DVN/42MVDX
Kentucky,2024,2074530,https://doi.org/10.7910/DVN/42MVDX
Louisiana,1824,0,https://en.wikipedia.org/wiki/1824_United_States_presidential_election
Louisiana,1828,8679,https://en.wikipedia.org/wiki/1828_United_States_presidential_election
Louisiana,1832,6337,https://en.wikipedia.org/wiki/1832_United_States_presidential_election
Louisiana,1836,7425,https://en.wikipedia.org/wiki/1836_United_States_presidential_election
Louisiana,1840,18912,https://en.wikipedia.org/wiki/1840_United_States_presidential_election
Louisiana,1844,26865,https://en.wikipedia.org/wiki/1844_United_States_presidential_election
Louisiana,1848,33866,https://en.wikipedia.org/wiki/1848_United_States_presidential_election
Louisiana,1852,35908,https://en.wikipedia.org/wiki/1852_United_States_presidential_election
Louisiana,1856,42873,https://en.wikipedia.org/wiki/1856_United_States_presidential_election
Louisiana,1860,50510,https://en.wikipedia.org/wiki/1860_United_States_presidential_election
Louisiana,1864,0,https://en.wikipedia.org/wiki/1864_United_States_presidential_election
Louisiana,1868,113488,https://en.wikipedia.org/wiki/1868_United_States_presidential_election
Louisiana,1872,128692,https://en.wikipedia.org/wiki/1872_United_States_presidential_election
Louisiana,1876,145823,https://en.wikipedia.org/wiki/1876_United_States_presidential_election
Louisiana,1880,104143,https://en.wikipedia.org/wiki/1880_United_States_presidential_election
Louisiana,1884,109399,https://en.wikipedia.org/wiki/1884_United_States_presidential_election
Louisiana,1888,115891,https://en.wikipedia.org/wiki/1888_United_States_presidential_election
Louisiana,1892,114889,https://en.wikipedia.org/wiki/1892_United_States_presidential_election
Louisiana,1896,101046,https://en.wikipedia.org/wiki/1896_United_States_presidential_election
Louisiana,1900,67906,https://en.wikipedia.org/wiki/1900_United_States_presidential_election
Louisiana,1904,53908,https://en.wikipedia.org/wiki/1904_United_States_presidential_election
Louisiana,1908,75117,https://en.wikipedia.org/wiki/1908_United_States_presidential_election
Louisiana,1912,79248,https://en.wikipedia.org/wiki/1912_United_States_presidential_election
Louisiana,1916,92982,https://en.wikipedia.org/wiki/1916_United_States_presidential_election
Louisiana,1920,126396,https://en.wikipedia.org/wiki/1920_United_States_presidential_election
Louisiana,1924,121951,https://en.wikipedia.org/wiki/1924_United_States_presidential_election
Louisiana,1928,215833,https://en.wikipedia.org/wiki/1928_United_States_presidential_election
Louisiana,1932,268804,https://en.wikipedia.org/wiki/1932_United_States_presidential_election
Louisiana,1936,329778,https://en.wikipedia.org/wiki/1936_United_States_presidential_election
Louisiana,1940,372305,https://en.wikipedia.org/wiki/1940_United_States_presidential_election
Louisiana,1944,349383,https://en.wikipedia.org/wiki/1944_United_States_presidential_election
Louisiana,1948,416336,https://en.wikipedia.org/wiki/1948_United_States_presidential_election
Louisiana,1952,651952,https://en.wikipedia.org/wiki/1952_United_States_presidential_election
Louisiana,1956,617544,https://en.wikipedia.org/wiki/1956_United_States_presidential_election
Louisiana,1960,807891,https://en.wikipedia.org/wiki/1960_United_States_presidential_election
Louisiana,1964,896293,https://en.wikipedia.org/wiki/1964_United_States_presidential_election
Louisiana,1968,1097450,https://en.wikipedia.org/wiki/1968_United_States_presidential_election
Louisiana,1972,1051491,https://en.wikipedia.org/wiki/1972_United_States_presidential_election
Louisiana,1976,1277383,https://doi.org/10.7910/DVN/42MVDX
Louisiana,1980,1548591,https://doi.org/10.7910/DVN/42MVDX
Louisiana,1984,1706822,https://doi.org/10.7910/DVN/42MVDX
Louisiana,1988,1628202,https://doi.org/10.7910/DVN/42MVDX
Louisiana,1992,1790017,https://doi.org/10.7910/DVN/42MVDX
Louisiana,1996,1783959,https://doi.org/10.7910/DVN/42MVDX
Louisiana,2000,1765656,https://doi.org/10.7910/DVN/42MVDX
Louisiana,2004,1943106,https://doi.org/10.7910/DVN/42MVDX
Louisiana,2008,1960761,https://doi.org/10.7910/DVN/42MVDX
Louisiana,2012,1994065,https://doi.org/10.7910/DVN/42MVDX
Louisiana,2016,2029032,https://doi.org/10.7910/DVN/42MVDX
Louisiana,2020,2148062,https://doi.org/10.7910/DVN/42MVDX
Louisiana,2024,2006975,https://doi.org/10.7910/DVN/42MVDX
Maine,1824,12494,https://en.wikipedia.org/wiki/1824_United_States_presidential_election
Maine,1828,34366,https://en.wikipedia.org/wiki/1828_United_States_presidential_election
Maine,1832,62153,https://en.wikipedia.org/wiki/1832_United_States_presidential_election
Maine,1836,38740,https://en.wikipedia.org/wiki/1836_United_States_presidential_election
Maine,1840,92802,https://en.wikipedia.org/wiki/1840_United_States_presidential_election
Maine,1844,84933,https://en.wikipedia.org/wiki/1844_United_States_presidential_election
Maine,1848,87625,https://en.wikipedia.org/wiki/1848_United_States_presidential_election
Maine,1852,82182,https://en.wikipedia.org/wiki/1852_United_States_presidential_election
Maine,1856,109689,https://en.wikipedia.org/wiki/1856_United_States_presidential_election
Maine,1860,101099,https://en.wikipedia.org/wiki/1860_United_States_presidential_election
Maine,1864,114797,https://en.wikipedia.org/wiki/1864_United_States_presidential_election
Maine,1868,112962,https://en.wikipedia.org/wiki/1868_United_States_presidential_election
Maine,1872,90523,https://en.wikipedia.org/wiki/1872_United_States_presidential_election
Maine,1876,117045,https://en.wikipedia.org/wiki/1876_United_States_presidential_election
Maine,1880,143903,https://en.wikipedia.org/wiki/1880_United_States_presidential_election
Maine,1884,130491,https://en.wikipedia.org/wiki/1884_United_States_presidential_election
Maine,1888,128253,https://en.wikipedia.org/wiki/1888_United_States_presidential_election
Maine,1892,116451,https://en.wikipedia.org/wiki/1892_United_States_presidential_election
Maine,1896,118419,https://en.wikipedia.org/wiki/1896_United_States_presidential_election
Maine,1900,105693,https://en.wikipedia.org/wiki/1900_United_States_presidential_election
Maine,1904,97023,https://en.wikipedia.org/wiki/1904_United_States_presidential_election
Maine,1908,106336,https://en.wikipedia.org/wiki/1908_United_States_presidential_election
Maine,1912,129640,https://en.wikipedia.org/wiki/1912_United_States_presidential_election
Maine,1916,136314,https://en.wikipedia.org/wiki/1916_United_States_presidential_election
Maine,1920,197840,https://en.wikipedia.org/wiki/1920_United_States_presidential_election
Maine,1924,192192,https://en.wikipedia.org/wiki/1924_United_States_presidential_election
Maine,1928,262171,https://en.wikipedia.org/wiki/1928_United_States_presidential_election
Maine,1932,298444,https://en.wikipedia.org/wiki/1932_United_States_presidential_election
Maine,1936,304240,https://en.wikipedia.org/wiki/1936_United_States_presidential_election
Maine,1940,320840,https://en.wikipedia.org/wiki/1940_United_States_presidential_election
Maine,1944,296400,https://en.wikipedia.org/wiki/1944_United_States_presidential_election
Maine,1948,264787,https://en.wikipedia.org/wiki/1948_United_States_presidential_election
Maine,1952,351786,https://en.wikipedia.org/wiki/1952_United_States_presidential_election
Maine,1956,351706,https://en.wikipedia.org/wiki/1956_United_States_presidential_election
Maine,1960,421767,https://en.wikipedia.org/wiki/1960_United_States_presidential_election
Maine,1964,381221,https://en.wikipedia.org/wiki/1964_United_States_presidential_election
Maine,1968,392936,https://en.wikipedia.org/wiki/1968_United_States_presidential_election
Maine,1972,417271,https://en.wikipedia.org/wiki/1972_United_States_presidential_election
Maine,1976,482968,https://doi.org/10.7910/DVN/42MVDX
Maine,1980,523011,https://doi.org/10.7910/DVN/42MVDX
Maine,1984,553144,https://doi.org/10.7910/DVN/42MVDX
Maine,1988,555035,https://doi.org/10.7910/DVN/42MVDX
Maine,1992,679499,https://doi.org/10.7910/DVN/42MVDX
Maine,1996,605897,https://doi.org/10.7910/DVN/42MVDX
Maine,2000,651817,https://doi.org/10.7910/DVN/42MVDX
Maine,2004,740752,https://doi.org/10.7910/DVN/42MVDX
Maine,2008,731163,https://doi.org/10.7910/DVN/42MVDX
Maine,2012,724758,https://doi.org/10.7910/DVN/42MVDX
Maine,2016,771892,https://doi.org/10.7910/DVN/42MVDX
Maine,2020,828305,https://doi.org/10.7910/DVN/42MVDX
Maine,2024,842447,https://doi.org/10.7910/DVN/42MVDX
Maryland,1824,32730,https://en.wikipedia.org/wiki/1824_United_States_presidential_election
Maryland,1828,49882,https://en.wikipedia.org/wiki/1828_United_States_presidential_election
Maryland,1832,38316,https://en.wikipedia.org/wiki/1832_United_States_presidential_election
Maryland,1836,48119,https://en.wikipedia.org/wiki/1836_United_States_presidential_election
Maryland,1840,62280,https://en.wikipedia.org/wiki/1840_United_States_presidential_election
Maryland,1844,68690,https://en.wikipedia.org/wiki/1844_United_States_presidential_election
Maryland,1848,72359,https://en.wikipedia.org/wiki/1848_United_States_presidential_election
Maryland,1852,75564,https://en.wikipedia.org/wiki/1852_United_States_presidential_election
Maryland,1856,86860,https://en.wikipedia.org/wiki/1856_United_States_presidential_election
Maryland,1860,92649,https://en.wikipedia.org/wiki/1860_United_States_presidential_election
Maryland,1864,72892,https://en.wikipedia.org/wiki/1864_United_States_presidential_election
Maryland,1868,92795,https://en.wikipedia.org/wiki/1868_United_States_presidential_election
Maryland,1872,134447,https://en.wikipedia.org/wiki/1872_United_States_presidential_election
Maryland,1876,163759,https://en.wikipedia.org/wiki/1876_United_States_presidential_election
Maryland,1880,173039,https://en.wikipedia.org/wiki/1880_United_States_presidential_election
Maryland,1884,186019,https://en.wikipedia.org/wiki/1884_United_States_presidential_election
Maryland,1888,210941,https://en.wikipedia.org/wiki/1888_United_States_presidential_election
Maryland,1892,213275,https://en.wikipedia.org/wiki/1892_United_States_presidential_election
Maryland,1896,250249,https://en.wikipedia.org/wiki/1896_United_States_presidential_election
Maryland,1900,264434,https://en.wikipedia.org/wiki/1900_United_States_presidential_election
Maryland,1904,224229,https://en.wikipedia.org/wiki/1904_United_States_presidential_election
Maryland,1908,238531,https://en.wikipedia.org/wiki/1908_United_States_presidential_election
Maryland,1912,231981,https://en.wikipedia.org/wiki/1912_United_States_presidential_election
Maryland,1916,262039,https://en.wikipedia.org/wiki/1916_United_States_presidential_election
Maryland,1920,428443,https://en.wikipedia.org/wiki/1920_United_States_presidential_election
Maryland,1924,358630,https://en.wikipedia.org/wiki/1924_United_States_presidential_election
Maryland,1928,528348,https://en.wikipedia.org/wiki/1928_United_States_presidential_election
Maryland,1932,511054,https://en.wikipedia.org/wiki/1932_United_States_presidential_election
Maryland,1936,624896,https://en.wikipedia.org/wiki/1936_United_States_presidential_election
Maryland,1940,660117,https://en.wikipedia.org/wiki/1940_United_States_presidential_election
Maryland,1944,608439,https://en.wikipedia.org/wiki/1944_United_States_presidential_election
Maryland,1948,596735,https://en.wikipedia.org/wiki/1948_United_States_presidential_election
Maryland,1952,902074,https://en.wikipedia.org/wiki/1952_United_States_presidential_election
Maryland,1956,932351,https://en.wikipedia.org/wiki/1956_United_States_presidential_election
Maryland,1960,1055349,https://en.wikipedia.org/wiki/1960_United_States_presidential_election
Maryland,1964,1116457,https://en.wikipedia.org/wiki/1964_United_States_presidential_election
Maryland,1968,1235039,https://en.wikipedia.org/wiki/1968_United_States_presidential_election
Maryland,1972,1353812,https://en.wikipedia.org/wiki/1972_United_States_presidential_election
Maryland,1976,1432273,https://doi.org/10.7910/DVN/42MVDX
Maryland,1980,1540496,https://doi.org/10.7910/DVN/42MVDX
Maryland,1984,1675873,https://doi.org/10.7910/DVN/42MVDX
Maryland,1988,1714358,https://doi.org/10.7910/DVN/42MVDX
Maryland,1992,1984580,https://doi.org/10.7910/DVN/42MVDX
Maryland,1996,1780870,https://doi.org/10.7910/DVN/42MVDX
Maryland,2000,2025212,https://doi.org/10.7910/DVN/42MVDX
Maryland,2004,2384238,https://doi.org/10.7910/DVN/42MVDX
Maryland,2008,2631596,https://doi.org/10.7910/DVN/42MVDX
Maryland,2012,2707327,https://doi.org/10.7910/DVN/42MVDX
Maryland,2016,2781446,https://doi.org/10.7910/DVN/42MVDX
Maryland,2020,3037030,https://doi.org/10.7910/DVN/42MVDX
Maryland,2024,3038334,https://doi.org/10.7910/DVN/42MVDX
Massachusetts,1824,44824,https://en.wikipedia.org/wiki/1824_United_States_presidential_election
Massachusetts,1828,35858,https://en.wikipedia.org/wiki/1828_United_States_presidential_election
Massachusetts,1832,67619,https://en.wikipedia.org/wiki/1832_United_States_presidential_election
Massachusetts,1836,74687,https://en.wikipedia.org/wiki/1836_United_States_presidential_election
Massachusetts,1840,126825,https://en.wikipedia.org/wiki/1840_United_States_presidential_election
Massachusetts,1844,132037,https://en.wikipedia.org/wiki/1844_United_States_presidential_election
Massachusetts,1848,134748,https://en.wikipedia.org/wiki/1848_United_States_presidential_election
Massachusetts,1852,128431,https://en.wikipedia.org/wiki/1852_United_States_presidential_election
Massachusetts,1856,170048,https://en.wikipedia.org/wiki/1856_United_States_presidential_election
Massachusetts,1860,169340,https://en.wikipedia.org/wiki/1860_United_States_presidential_election
Massachusetts,1864,175490,https://en.wikipedia.org/wiki/1864_United_States_presidential_election
Massachusetts,1868,195508,https://en.wikipedia.org/wiki/1868_United_States_presidential_election
Massachusetts,1872,192864,https://en.wikipedia.org/wiki/1872_United_States_presidential_election
Massachusetts,1876,259620,https://en.wikipedia.org/wiki/1876_United_States_presidential_election
Massachusetts,1880,282125,https://en.wikipedia.org/wiki/1880_United_States_presidential_election
Massachusetts,1884,303383,https://en.wikipedia.org/wiki/1884_United_States_presidential_election
Massachusetts,1888,344243,https://en.wikipedia.org/wiki/1888_United_States_presidential_election
Massachusetts,1892,391028,https://en.wikipedia.org/wiki/1892_United_States_presidential_election
Massachusetts,1896,401568,https://en.wikipedia.org/wiki/1896_United_States_presidential_election
Massachusetts,1900,414804,https://en.wikipedia.org/wiki/1900_United_States_presidential_election
Massachusetts,1904,445109,https://en.wikipedia.org/wiki/1904_United_States_presidential_election
Massachusetts,1908,456919,https://en.wikipedia.org/wiki/1908_United_States_presidential_election
Massachusetts,1912,488056,https://en.wikipedia.org/wiki/1912_United_States_presidential_election
Massachusetts,1916,531823,https://en.wikipedia.org/wiki/1916_United_States_presidential_election
Massachusetts,1920,993718,https://en.wikipedia.org/wiki/1920_United_States_presidential_election
Massachusetts,1924,1129837,https://en.wikipedia.org/wiki/1924_United_States_presidential_election
Massachusetts,1928,1577823,https://en.wikipedia.org/wiki/1928_United_States_presidential_election
Massachusetts,1932,1580114,https://en.wikipedia.org/wiki/1932_United_States_presidential_election
Massachusetts,1936,1840357,https://en.wikipedia.org/wiki/1936_United_States_presidential_election
Massachusetts,1940,2026993,https://en.wikipedia.org/wiki/1940_United_States_presidential_election
Massachusetts,1944,1960665,https://en.wikipedia.org/wiki/1944_United_States_presidential_election
Massachusetts,1948,2107146,https://en.wikipedia.org/wiki/1948_United_States_presidential_election
Massachusetts,1952,2383398,https://en.wikipedia.org/wiki/1952_United_States_presidential_election
Massachusetts,1956,2348506,https://en.wikipedia.org/wiki/1956_United_States_presidential_election
Massachusetts,1960,2469480,https://en.wikipedia.org/wiki/1960_United_States_presidential_election
Massachusetts,1964,2344798,https://en.wikipedia.org/wiki/1964_United_States_presidential_election
Massachusetts,1968,2331752,https://en.wikipedia.org/wiki/1968_United_States_presidential_election
Massachusetts,1972,2458756,https://en.wikipedia.org/wiki/1972_United_States_presidential_election
Massachusetts,1976,2547558,https://doi.org/10.7910/DVN/42MVDX
Massachusetts,1980,2524090,https://doi.org/10.7910/DVN/42MVDX
Massachusetts,1984,2559383,https://doi.org/10.7910/DVN/42MVDX
Massachusetts,1988,2632801,https://doi.org/10.7910/DVN/42MVDX
Massachusetts,1992,2773664,https://doi.org/10.7910/DVN/42MVDX
Massachusetts,1996,2556459,https://doi.org/10.7910/DVN/42MVDX
Massachusetts,2000,2733964,https://doi.org/10.7910/DVN/42MVDX
Massachusetts,2004,2927455,https://doi.org/10.7910/DVN/42MVDX
Massachusetts,2008,3102995,https://doi.org/10.7910/DVN/42MVDX
Massachusetts,2012,3184196,https://doi.org/10.7910/DVN/42MVDX
Massachusetts,2016,3378821,https://doi.org/10.7910/DVN/42MVDX
Massachusetts,2020,3658005,https://doi.org/10.7910/DVN/42MVDX
Massachusetts,2024,3512930,https://doi.org/10.7910/DVN/42MVDX
Michigan,1836,12667,https://en.wikipedia.org/wiki/1836_United_States_presidential_election
Michigan,1840,44350,https://en.wikipedia.org/wiki/1840_United_States_presidential_election
Michigan,1844,55751,https://en.wikipedia.org/wiki/1844_United_States_presidential_election
Michigan,1848,65082,https://en.wikipedia.org/wiki/1848_United_States_presidential_election
Michigan,1852,82939,https://en.wikipedia.org/wiki/1852_United_States_presidential_election
Michigan,1856,125561,https://en.wikipedia.org/wiki/1856_United_States_presidential_election
Michigan,1860,154559,https://en.wikipedia.org/wiki/1860_United_States_presidential_election
Michigan,1864,147662,https://en.wikipedia.org/wiki/1864_United_States_presidential_election
Michigan,1868,225620,https://en.wikipedia.org/wiki/1868_United_States_presidential_election
Michigan,1872,221455,https://en.wikipedia.org/wiki/1872_United_States_presidential_election
Michigan,1876,318450,https://en.wikipedia.org/wiki/1876_United_States_presidential_election
Michigan,1880,352777,https://en.wikipedia.org/wiki/1880_United_States_presidential_election
Michigan,1884,401186,https://en.wikipedia.org/wiki/1884_United_States_presidential_election
Michigan,1888,475356,https://en.wikipedia.org/wiki/1888_United_States_presidential_election
Michigan,1892,466045,https://en.wikipedia.org/wiki/1892_United_States_presidential_election
Michigan,1896,545585,https://en.wikipedia.org/wiki/1896_United_States_presidential_election
Michigan,1900,544379,https://en.wikipedia.org/wiki/1900_United_States_presidential_election
Michigan,1904,525027,https://en.wikipedia.org/wiki/1904_United_States_presidential_election
Michigan,1908,541830,https://en.wikipedia.org/wiki/1908_United_States_presidential_election
Michigan,1912,550976,https://en.wikipedia.org/wiki/1912_United_States_presidential_election
Michigan,1916,650973,https://en.wikipedia.org/wiki/1916_United_States_presidential_election
Michigan,1920,1048411,https://en.wikipedia.org/wiki/1920_United_States_presidential_election
Michigan,1924,1160419,https://en.wikipedia.org/wiki/1924_United_States_presidential_election
Michigan,1928,1372082,https://en.wikipedia.org/wiki/1928_United_States_presidential_election
Michigan,1932,1664765,https://en.wikipedia.org/wiki/1932_United_States_presidential_election
Michigan,1936,1805098,https://en.wikipedia.org/wiki/1936_United_States_presidential_election
Michigan,1940,2085929,https://en.wikipedia.org/wiki/1940_United_States_presidential_election
Michigan,1944,2205223,https://en.wikipedia.org/wiki/1944_United_States_presidential_election
Michigan,1948,2109609,https://en.wikipedia.org/wiki/1948_United_States_presidential_election
Michigan,1952,2798592,https://en.wikipedia.org/wiki/1952_United_States_presidential_election
Michigan,1956,3080468,https://en.wikipedia.org/wiki/1956_United_States_presidential_election
Michigan,1960,3318097,https://en.wikipedia.org/wiki/1960_United_States_presidential_election
Michigan,1964,3203102,https://en.wikipedia.org/wiki/1964_United_States_presidential_election
Michigan,1968,3306250,https://en.wikipedia.org/wiki/1968_United_States_presidential_election
Michigan,1972,3490325,https://en.wikipedia.org/wiki/1972_United_States_presidential_election
Michigan,1976,3651590,https://doi.org/10.7910/DVN/42MVDX
Michigan,1980,3909725,https://doi.org/10.7910/DVN/42MVDX
Michigan,1984,3801658,https://doi.org/10.7910/DVN/42MVDX
Michigan,1988,3669163,https://doi.org/10.7910/DVN/42MVDX
Michigan,1992,4274673,https://doi.org/10.7910/DVN/42MVDX
Michigan,1996,3848844,https://doi.org/10.7910/DVN/42MVDX
Michigan,2000,4232501,https://doi.org/10.7910/DVN/42MVDX
Michigan,2004,4839252,https://doi.org/10.7910/DVN/42MVDX
Michigan,2008,5001596,https://doi.org/10.7910/DVN/42MVDX
Michigan,2012,4730961,https://doi.org/10.7910/DVN/42MVDX
Michigan,2016,4799284,https://doi.org/10.7910/DVN/42MVDX
Michigan,2020,5539302,https://doi.org/10.7910/DVN/42MVDX
Michigan,2024,5664186,https://doi.org/10.7910/DVN/42MVDX
Minnesota,1860,34796,https://en.wikipedia.org/wiki/1860_United_States_presidential_election
Minnesota,1864,42422,https://en.wikipedia.org/wiki/1864_United_States_presidential_election
Minnesota,1868,71818,https://en.wikipedia.org/wiki/1868_United_States_presidential_election
Minnesota,1872,90919,https://en.wikipedia.org/wiki/1872_United_States_presidential_election
Minnesota,1876,124075,https://en.wikipedia.org/wiki/1876_United_States_presidential_election
Minnesota,1880,150771,https://en.wikipedia.org/wiki/1880_United_States_presidential_election
Minnesota,1884,190017,https://en.wikipedia.org/wiki/1884_United_States_presidential_election
Minnesota,1888,263285,https://en.wikipedia.org/wiki/1888_United_States_presidential_election
Minnesota,1892,267238,https://en.wikipedia.org/wiki/1892_United_States_presidential_election
Minnesota,1896,341762,https://en.wikipedia.org/wiki/1896_United_States_presidential_election
Minnesota,1900,316311,https://en.wikipedia.org/wiki/1900_United_States_presidential_election
Minnesota,1904,292860,https://en.wikipedia.org/wiki/1904_United_States_presidential_election
Minnesota,1908,331304,https://en.wikipedia.org/wiki/1908_United_States_presidential_election
Minnesota,1912,334219,https://en.wikipedia.org/wiki/1912_United_States_presidential_election
Minnesota,1916,387364,https://en.wikipedia.org/wiki/1916_United_States_presidential_election
Minnesota,1920,735838,https://en.wikipedia.org/wiki/1920_United_States_presidential_election
Minnesota,1924,822146,https://en.wikipedia.org/wiki/1924_United_States_presidential_election
Minnesota,1928,970976,https://en.wikipedia.org/wiki/1928_United_States_presidential_election
Minnesota,1932,1002843,https://en.wikipedia.org/wiki/1932_United_States_presidential_election
Minnesota,1936,1129975,https://en.wikipedia.org/wiki/1936_United_States_presidential_election
Minnesota,1940,1251188,https://en.wikipedia.org/wiki/1940_United_States_presidential_election
Minnesota,1944,1125529,https://en.wikipedia.org/wiki/1944_United_States_presidential_election
Minnesota,1948,1212226,https://en.wikipedia.org/wiki/1948_United_States_presidential_election
Minnesota,1952,1379483,https://en.wikipedia.org/wiki/1952_United_States_presidential_election
Minnesota,1956,1340005,https://en.wikipedia.org/wiki/1956_United_States_presidential_election
Minnesota,1960,1541887,https://en.wikipedia.org/wiki/1960_United_States_presidential_election
Minnesota,1964,1554462,https://en.wikipedia.org/wiki/1964_United_States_presidential_election
Minnesota,1968,1588510,https://en.wikipedia.org/wiki/1968_United_States_presidential_election
Minnesota,1972,1741652,https://en.wikipedia.org/wiki/1972_United_States_presidential_election
Minnesota,1976,1949931,https://doi.org/10.7910/DVN/42MVDX
Minnesota,1980,2051916,https://doi.org/10.7910/DVN/42MVDX
Minnesota,1984,2084449,https://doi.org/10.7910/DVN/42MVDX
Minnesota,1988,2096790,https://doi.org/10.7910/DVN/42MVDX
Minnesota,1992,2347948,https://doi.org/10.7910/DVN/42MVDX
Minnesota,1996,2192492,https://doi.org/10.7910/DVN/42MVDX
Minnesota,2000,2438685,https://doi.org/10.7910/DVN/42MVDX
Minnesota,2004,2828387,https://doi.org/10.7910/DVN/42MVDX
Minnesota,2008,2910369,https://doi.org/10.7910/DVN/42MVDX
Minnesota,2012,2936561,https://doi.org/10.7910/DVN/42MVDX
Minnesota,2016,2944782,https://doi.org/10.7910/DVN/42MVDX
Minnesota,2020,3277171,https://doi.org/10.7910/DVN/42MVDX
Minnesota,2024,3253920,https://doi.org/10.7910/DVN/42MVDX
Mississippi,1824,5173,https://en.wikipedia.org/wiki/1824_United_States_presidential_election
Mississippi,1828,8688,https://en.wikipedia.org/wiki/1828_United_States_presidential_election
Mississippi,1832,5750,https://en.wikipedia.org/wiki/1832_United_States_presidential_election
Mississippi,1836,20079,https://en.wikipedia.org/wiki/1836_United_States_presidential_election
Mississippi,1840,36525,https://en.wikipedia.org/wiki/1840_United_States_presidential_election
Mississippi,1844,45004,https://en.wikipedia.org/wiki/1844_United_States_presidential_election
Mississippi,1848,52456,https://en.wikipedia.org/wiki/1848_United_States_presidential_election
Mississippi,1852,42883,https://en.wikipedia.org/wiki/1852_United_States_presidential_election
Mississippi,1856,59647,https://en.wikipedia.org/wiki/1856_United_States_presidential_election
Mississippi,1860,69130,https://en.wikipedia.org/wiki/1860_United_States_presidential_election
Mississippi,1872,129457,https://en.wikipedia.org/wiki/1872_United_States_presidential_election
Mississippi,1876,164776,https://en.wikipedia.org/wiki/1876_United_States_presidential_election
Mississippi,1880,116401,https://en.wikipedia.org/wiki/1880_United_States_presidential_election
Mississippi,1884,120688,https://en.wikipedia.org/wiki/1884_United_States_presidential_election
Mississippi,1888,115786,https://en.wikipedia.org/wiki/1888_United_States_presidential_election
Mississippi,1892,52519,https://en.wikipedia.org/wiki/1892_United_States_presidential_election
Mississippi,1896,69591,https://en.wikipedia.org/wiki/1896_United_States_presidential_election
Mississippi,1900,59055,https://en.wikipedia.org/wiki/1900_United_States_presidential_election
Mississippi,1904,58721,https://en.wikipedia.org/wiki/1904_United_States_presidential_election
Mississippi,1908,66904,https://en.wikipedia.org/wiki/1908_United_States_presidential_election
Mississippi,1912,64483,https://en.wikipedia.org/wiki/1912_United_States_presidential_election
Mississippi,1916,86679,https://en.wikipedia.org/wiki/1916_United_States_presidential_election
Mississippi,1920,82492,https://en.wikipedia.org/wiki/1920_United_States_presidential_election
Mississippi,1924,112462,https://en.wikipedia.org/wiki/1924_United_States_presidential_election
Mississippi,1928,151692,https://en.wikipedia.org/wiki/1928_United_States_presidential_election
Mississippi,1932,146034,https://en.wikipedia.org/wiki/1932_United_States_presidential_election
Mississippi,1936,162090,https://en.wikipedia.org/wiki/1936_United_States_presidential_election
Mississippi,1940,175824,https://en.wikipedia.org/wiki/1940_United_States_presidential_election
Mississippi,1944,180080,https://en.wikipedia.org/wiki/1944_United_States_presidential_election
Mississippi,1948,192190,https://en.wikipedia.org/wiki/1948_United_States_presidential_election
Mississippi,1952,285532,https://en.wikipedia.org/wiki/1952_United_States_presidential_election
Mississippi,1956,248149,https://en.wikipedia.org/wiki/1956_United_States_presidential_election
Mississippi,1960,298171,https://en.wikipedia.org/wiki/1960_United_States_presidential_election
Mississippi,1964,409146,https://en.wikipedia.org/wiki/1964_United_States_presidential_election
Mississippi,1968,654509,https://en.wikipedia.org/wiki/1968_United_States_presidential_election
Mississippi,1972,645963,https://en.wikipedia.org/wiki/1972_United_States_presidential_election
Mississippi,1976,768390,https://doi.org/10.7910/DVN/42MVDX
Mississippi,1980,891750,https://doi.org/10.7910/DVN/42MVDX
Mississippi,1984,941104,https://doi.org/10.7910/DVN/42MVDX
Mississippi,1988,931527,https://doi.org/10.7910/DVN/42MVDX
Mississippi,1992,981793,https://doi.org/10.7910/DVN/42MVDX
Mississippi,1996,893857,https://doi.org/10.7910/DVN/42MVDX
Mississippi,2000,994184,https://doi.org/10.7910/DVN/42MVDX
Mississippi,2004,1139824,https://doi.org/10.7910/DVN/42MVDX
Mississippi,2008,1289865,https://doi.org/10.7910/DVN/42MVDX
Mississippi,2012,1285584,https://doi.org/10.7910/DVN/42MVDX
Mississippi,2016,1209357,https://doi.org/10.7910/DVN/42MVDX
Mississippi,2020,1313759,https://doi.org/10.7910/DVN/42MVDX
Mississippi,2024,1228008,https://doi.org/10.7910/DVN/42MVDX
Missouri,1824,3433,https://en.wikipedia.org/wiki/1824_United_States_presidential_election
Missouri,1828,11959,https://en.wikipedia.org/wiki/1828_United_States_presidential_election
Missouri,1832,13664,https://en.wikipedia.org/wiki/1832_United_States_presidential_election
Missouri,1836,18332,https://en.wikipedia.org/wiki/1836_United_States_presidential_election
Missouri,1840,52923,https://en.wikipedia.org/wiki/1840_United_States_presidential_election
Missouri,1844,72522,https://en.wikipedia.org/wiki/1844_United_States_presidential_election
Missouri,1848,72748,https://en.wikipedia.org/wiki/1848_United_States_presidential_election
Missouri,1852,68557,https://en.wikipedia.org/wiki/1852_United_States_presidential_election
Missouri,1856,106486,https://en.wikipedia.org/wiki/1856_United_States_presidential_election
Missouri,1860,165406,https://en.wikipedia.org/wiki/1860_United_States_presidential_election
Missouri,1864,104346,https://en.wikipedia.org/wiki/1864_United_States_presidential_election
Missouri,1868,152488,https://en.wikipedia.org/wiki/1868_United_States_presidential_election
Missouri,1872,273059,https://en.wikipedia.org/wiki/1872_United_States_presidential_election
Missouri,1876,350610,https://en.wikipedia.org/wiki/1876_United_States_presidential_election
Missouri,1880,400311,https://en.wikipedia.org/wiki/1880_United_States_presidential_election
Missouri,1884,441268,https://en.wikipedia.org/wiki/1884_United_States_presidential_election
Missouri,1888,521360,https://en.wikipedia.org/wiki/1888_United_States_presidential_election
Missouri,1892,541583,https://en.wikipedia.org/wiki/1892_United_States_presidential_election
Missouri,1896,673906,https://en.wikipedia.org/wiki/1896_United_States_presidential_election
Missouri,1900,683656,https://en.wikipedia.org/wiki/1900_United_States_presidential_election
Missouri,1904,643861,https://en.wikipedia.org/wiki/1904_United_States_presidential_election
Missouri,1908,715927,https://en.wikipedia.org/wiki/1908_United_States_presidential_election
Missouri,1912,698566,https://en.wikipedia.org/wiki/1912_United_States_presidential_election
Missouri,1916,786769,https://en.wikipedia.org/wiki/1916_United_States_presidential_election
Missouri,1920,1332800,https://en.wikipedia.org/wiki/1920_United_States_presidential_election
Missouri,1924,1307958,https://en.wikipedia.org/wiki/1924_United_States_presidential_election
Missouri,1928,1500721,https://en.wikipedia.org/wiki/1928_United_States_presidential_election
Missouri,1932,1609894,https://en.wikipedia.org/wiki/1932_United_States_presidential_election
Missouri,1936,1828635,https://en.wikipedia.org/wiki/1936_United_States_presidential_election
Missouri,1940,1833729,https://en.wikipedia.org/wiki/1940_United_States_presidential_election
Missouri,1944,1572474,https://en.wikipedia.org/wiki/1944_United_States_presidential_election
Missouri,1948,1578628,https://en.wikipedia.org/wiki/1948_United_States_presidential_election
Missouri,1952,1892062,https://en.wikipedia.org/wiki/1952_United_States_presidential_election
Missouri,1956,1832562,https://en.wikipedia.org/wiki/1956_United_States_presidential_election
Missouri,1960,1934422,https://en.wikipedia.org/wiki/1960_United_States_presidential_election
Missouri,1964,1817879,https://en.wikipedia.org/wiki/1964_United_States_presidential_election
Missouri,1968,1809502,https://en.wikipedia.org/wiki/1968_United_States_presidential_election
Missouri,1972,1852589,https://en.wikipedia.org/wiki/1972_United_States_presidential_election
Missouri,1976,1953600,https://doi.org/10.7910/DVN/42MVDX
Missouri,1980,2099824,https://doi.org/10.7910/DVN/42MVDX
Missouri,1984,2122771,https://doi.org/10.7910/DVN/42MVDX
Missouri,1988,2093228,https://doi.org/10.7910/DVN/42MVDX
Missouri,1992,2391270,https://doi.org/10.7910/DVN/42MVDX
Missouri,1996,2158065,https://doi.org/10.7910/DVN/42MVDX
Missouri,2000,2359892,https://doi.org/10.7910/DVN/42MVDX
Missouri,2004,2731364,https://doi.org/10.7910/DVN/42MVDX
Missouri,2008,2925205,https://doi.org/10.7910/DVN/42MVDX
Missouri,2012,2757323,https://doi.org/10.7910/DVN/42MVDX
Missouri,2016,2808605,https://doi.org/10.7910/DVN/42MVDX
Missouri,2020,3025962,https://doi.org/10.7910/DVN/42MVDX
Missouri,2024,2995327,https://doi.org/10.7910/DVN/42MVDX
Montana,1892,44461,https://en.wikipedia.org/wiki/1892_United_States_presidential_election
Montana,1896,53330,https://en.wikipedia.org/wiki/1896_United_States_presidential_election
Montana,1900,63856,https://en.wikipedia.org/wiki/1900_United_States_presidential_election
Montana,1904,64444,https://en.wikipedia.org/wiki/1904_United_States_presidential_election
Montana,1908,68822,https://en.wikipedia.org/wiki/1908_United_States_presidential_election
Montana,1912,79826,https://en.wikipedia.org/wiki/1912_United_States_presidential_election
Montana,1916,177679,https://en.wikipedia.org/wiki/1916_United_States_presidential_election
Montana,1920,179006,https://en.wikipedia.org/wiki/1920_United_States_presidential_election
Montana,1924,174423,https://en.wikipedia.org/wiki/1924_United_States_presidential_election
Montana,1928,194108,https://en.wikipedia.org/wiki/1928_United_States_presidential_election
Montana,1932,216479,https://en.wikipedia.org/wiki/1932_United_States_presidential_election
Montana,1936,230512,https://en.wikipedia.org/wiki/1936_United_States_presidential_election
Montana,1940,247873,https://en.wikipedia.org/wiki/1940_United_States_presidential_election
Montana,1944,207355,https://en.wikipedia.org/wiki/1944_United_States_presidential_election
Montana,1948,224278,https://en.wikipedia.org/wiki/1948_United_States_presidential_election
Montana,1952,265037,https://en.wikipedia.org/wiki/1952_United_States_presidential_election
Montana,1956,271171,https://en.wikipedia.org/wiki/1956_United_States_presidential_election
Montana,1960,277579,https://en.wikipedia.org/wiki/1960_United_States_presidential_election
Montana,1964,278628,https://en.wikipedia.org/wiki/1964_United_States_presidential_election
Montana,1968,274404,https://en.wikipedia.org/wiki/1968_United_States_presidential_election
Montana,1972,317603,https://en.wikipedia.org/wiki/1972_United_States_presidential_election
Montana,1976,328734,https://doi.org/10.7910/DVN/42MVDX
Montana,1980,363952,https://doi.org/10.7910/DVN/42MVDX
Montana,1984,384377,https://doi.org/10.7910/DVN/42MVDX
Montana,1988,365674,https://doi.org/10.7910/DVN/42MVDX
Montana,1992,410583,https://doi.org/10.7910/DVN/42MVDX
Montana,1996,407083,https://doi.org/10.7910/DVN/42MVDX
Montana,2000,410986,https://doi.org/10.7910/DVN/42MVDX
Montana,2004,450434,https://doi.org/10.7910/DVN/42MVDX
Montana,2008,490109,https://doi.org/10.7910/DVN/42MVDX
Montana,2012,484048,https://doi.org/10.7910/DVN/42MVDX
Montana,2016,494526,https://doi.org/10.7910/DVN/42MVDX
Montana,2020,603674,https://doi.org/10.7910/DVN/42MVDX
Montana,2024,602963,https://doi.org/10.7910/DVN/42MVDX
Nebraska,1868,15291,https://en.wikipedia.org/wiki/1868_United_States_presidential_election
Nebraska,1872,25932,https://en.wikipedia.org/wiki/1872_United_States_presidential_election
Nebraska,1876,49328,https://en.wikipedia.org/wiki/1876_United_States_presidential_election
Nebraska,1880,87452,https://en.wikipedia.org/wiki/1880_United_States_presidential_election
Nebraska,1884,134202,https://en.wikipedia.org/wiki/1884_United_States_presidential_election
Nebraska,1888,202632,https://en.wikipedia.org/wiki/1888_United_States_presidential_election
Nebraska,1892,200192,https://en.wikipedia.org/wiki/1892_United_States_presidential_election
Nebraska,1896,223182,https://en.wikipedia.org/wiki/1896_United_States_presidential_election
Nebraska,1900,241430,https://en.wikipedia.org/wiki/1900_United_States_presidential_election
Nebraska,1904,225732,https://en.wikipedia.org/wiki/1904_United_States_presidential_election
Nebraska,1908,266799,https://en.wikipedia.org/wiki/1908_United_States_presidential_election
Nebraska,1912,249483,https://en.wikipedia.org/wiki/1912_United_States_presidential_election
Nebraska,1916,287315,https://en.wikipedia.org/wiki/1916_United_States_presidential_election
Nebraska,1920,382743,https://en.wikipedia.org/wiki/1920_United_States_presidential_election
Nebraska,1924,464173,https://en.wikipedia.org/wiki/1924_United_States_presidential_election
Nebraska,1928,547144,https://en.wikipedia.org/wiki/1928_United_States_presidential_election
Nebraska,1932,570137,https://en.wikipedia.org/wiki/1932_United_States_presidential_election
Nebraska,1936,608023,https://en.wikipedia.org/wiki/1936_United_States_presidential_election
Nebraska,1940,615878,https://en.wikipedia.org/wiki/1940_United_States_presidential_election
Nebraska,1944,563126,https://en.wikipedia.org/wiki/1944_United_States_presidential_election
Nebraska,1948,488940,https://en.wikipedia.org/wiki/1948_United_States_presidential_election
Nebraska,1952,609660,https://en.wikipedia.org/wiki/1952_United_States_presidential_election
Nebraska,1956,577137,https://en.wikipedia.org/wiki/1956_United_States_presidential_election
Nebraska,1960,613095,https://en.wikipedia.org/wiki/1960_United_States_presidential_election
Nebraska,1964,584154,https://en.wikipedia.org/wiki/1964_United_States_presidential_election
Nebraska,1968,536851,https://en.wikipedia.org/wiki/1968_United_States_presidential_election
Nebraska,1972,576289,https://en.wikipedia.org/wiki/1972_United_States_presidential_election
Nebraska,1976,606749,https://doi.org/10.7910/DVN/42MVDX
Nebraska,1980,639533,https://doi.org/10.7910/DVN/42MVDX
Nebraska,1984,652090,https://doi.org/10.7910/DVN/42MVDX
Nebraska,1988,661465,https://doi.org/10.7910/DVN/42MVDX
Nebraska,1992,737546,https://doi.org/10.7910/DVN/42MVDX
Nebraska,1996,677415,https://doi.org/10.7910/DVN/42MVDX
Nebraska,2000,697019,https://doi.org/10.7910/DVN/42MVDX
Nebraska,2004,778186,https://doi.org/10.7910/DVN/42MVDX
Nebraska,2008,801281,https://doi.org/10.7910/DVN/42MVDX
Nebraska,2012,794379,https://doi.org/10.7910/DVN/42MVDX
Nebraska,2016,844227,https://doi.org/10.7910/DVN/42MVDX
Nebraska,2020,956383,https://doi.org/10.7910/DVN/42MVDX
Nebraska,2024,952182,https://doi.org/10.7910/DVN/42MVDX
Nevada,1864,16420,https://en.wikipedia.org/wiki/1864_United_States_presidential_election
Nevada,1868,11698,https://en.wikipedia.org/wiki/1868_United_States_presidential_election
Nevada,1872,14649,https://en.wikipedia.org/wiki/1872_United_States_presidential_election
Nevada,1876,19691,https://en.wikipedia.org/wiki/1876_United_States_presidential_election
Nevada,1880,18345,https://en.wikipedia.org/wiki/1880_United_States_presidential_election
Nevada,1884,12797,https://en.wikipedia.org/wiki/1884_United_States_presidential_election
Nevada,1888,12278,https://en.wikipedia.org/wiki/1888_United_States_presidential_election
Nevada,1892,10878,https://en.wikipedia.org/wiki/1892_United_States_presidential_election
Nevada,1896,10314,https://en.wikipedia.org/wiki/1896_United_States_presidential_election
Nevada,1900,10196,https://en.wikipedia.org/wiki/1900_United_States_presidential_election
Nevada,1904,12115,https://en.wikipedia.org/wiki/1904_United_States_presidential_election
Nevada,1908,24526,https://en.wikipedia.org/wiki/1908_United_States_presidential_election
Nevada,1912,20115,https://en.wikipedia.org/wiki/1912_United_States_presidential_election
Nevada,1916,33316,https://en.wikipedia.org/wiki/1916_United_States_presidential_election
Nevada,1920,27194,https://en.wikipedia.org/wiki/1920_United_States_presidential_election
Nevada,1924,26921,https://en.wikipedia.org/wiki/1924_United_States_presidential_election
Nevada,1928,32417,https://en.wikipedia.org/wiki/1928_United_States_presidential_election
Nevada,1932,41430,https://en.wikipedia.org/wiki/1932_United_States_presidential_election
Nevada,1936,43848,https://en.wikipedia.org/wiki/1936_United_States_presidential_election
Nevada,1940,53174,https://en.wikipedia.org/wiki/1940_United_States_presidential_election
Nevada,1944,54234,https://en.wikipedia.org/wiki/1944_United_States_presidential_election
Nevada,1948,62117,https://en.wikipedia.org/wiki/1948_United_States_presidential_election
Nevada,1952,82190,https://en.wikipedia.org/wiki/1952_United_States_presidential_election
Nevada,1956,96689,https://en.wikipedia.org/wiki/1956_United_States_presidential_election
Nevada,1960,107267,https://en.wikipedia.org/wiki/1960_United_States_presidential_election
Nevada,1964,135433,https://en.wikipedia.org/wiki/1964_United_States_presidential_election
Nevada,1968,154218,https://en.wikipedia.org/wiki/1968_United_States_presidential_election
Nevada,1972,181766,https://en.wikipedia.org/wiki/1972_United_States_presidential_election
Nevada,1976,201876,https://doi.org/10.7910/DVN/42MVDX
Nevada,1980,243692,https://doi.org/10.7910/DVN/42MVDX
Nevada,1984,282717,https://doi.org/10.7910/DVN/42MVDX
Nevada,1988,343133,https://doi.org/10.7910/DVN/42MVDX
Nevada,1992,506318,https://doi.org/10.7910/DVN/42MVDX
Nevada,1996,464279,https://doi.org/10.7910/DVN/42MVDX
Nevada,2000,609426,https://doi.org/10.7910/DVN/42MVDX
Nevada,2004,829587,https://doi.org/10.7910/DVN/42MVDX
Nevada,2008,967848,https://doi.org/10.7910/DVN/42MVDX
Nevada,2012,1014918,https://doi.org/10.7910/DVN/42MVDX
Nevada,2016,1125385,https://doi.org/10.7910/DVN/42MVDX
Nevada,2020,1405376,https://doi.org/10.7910/DVN/42MVDX
Nevada,2024,1484840,https://doi.org/10.7910/DVN/42MVDX
New Hampshire,1824,13478,https://en.wikipedia.org/wiki/1824_United_States_presidential_election
New Hampshire,1828,45302,https://en.wikipedia.org/wiki/1828_United_States_presidential_election
New Hampshire,1832,43793,https://en.wikipedia.org/wiki/1832_United_States_presidential_election
New Hampshire,1836,24925,https://en.wikipedia.org/wiki/1836_United_States_presidential_election
New Hampshire,1840,59956,https://en.wikipedia.org/wiki/1840_United_States_presidential_election
New Hampshire,1844,49187,https://en.wikipedia.org/wiki/1844_United_States_presidential_election
New Hampshire,1848,50104,https://en.wikipedia.org/wiki/1848_United_States_presidential_election
New Hampshire,1852,50535,https://en.wikipedia.org/wiki/1852_United_States_presidential_election
New Hampshire,1856,69774,https://en.wikipedia.org/wiki/1856_United_States_presidential_election
New Hampshire,1860,65943,https://en.wikipedia.org/wiki/1860_United_States_presidential_election
New Hampshire,1864,69630,https://en.wikipedia.org/wiki/1864_United_States_presidential_election
New Hampshire,1868,68304,https://en.wikipedia.org/wiki/1868_United_States_presidential_election
New Hampshire,1872,68906,https://en.wikipedia.org/wiki/1872_United_States_presidential_election
New Hampshire,1876,80141,https://en.wikipedia.org/wiki/1876_United_States_presidential_election
New Hampshire,1880,86354,https://en.wikipedia.org/wiki/1880_United_States_presidential_election
New Hampshire,1884,84586,https://en.wikipedia.org/wiki/1884_United_States_presidential_election
New Hampshire,1888,90835,https://en.wikipedia.org/wiki/1888_United_States_presidential_election
New Hampshire,1892,89329,https://en.wikipedia.org/wiki/1892_United_States_presidential_election
New Hampshire,1896,83670,https://en.wikipedia.org/wiki/1896_United_States_presidential_election
New Hampshire,1900,92364,https://en.wikipedia.org/wiki/1900_United_States_presidential_election
New Hampshire,1904,90161,https://en.wikipedia.org/wiki/1904_United_States_presidential_election
New Hampshire,1908,89600,https://en.wikipedia.org/wiki/1908_United_States_presidential_election
New Hampshire,1912,87961,https://en.wikipedia.org/wiki/1912_United_States_presidential_election
New Hampshire,1916,89127,https://en.wikipedia.org/wiki/1916_United_States_presidential_election
New Hampshire,1920,159092,https://en.wikipedia.org/wiki/1920_United_States_presidential_election
New Hampshire,1924,164769,https://en.wikipedia.org/wiki/1924_United_States_presidential_election
New Hampshire,1928,196757,https://en.wikipedia.org/wiki/1928_United_States_presidential_election
New Hampshire,1932,205520,https://en.wikipedia.org/wiki/1932_United_States_presidential_election
New Hampshire,1936,218114,https://en.wikipedia.org/wiki/1936_United_States_presidential_election
New Hampshire,1940,235419,https://en.wikipedia.org/wiki/1940_United_States_presidential_election
New Hampshire,1944,229625,https://en.wikipedia.org/wiki/1944_United_States_presidential_election
New Hampshire,1948,231440,https://en.wikipedia.org/wiki/1948_United_States_presidential_election
New Hampshire,1952,272950,https://en.wikipedia.org/wiki/1952_United_States_presidential_election
New Hampshire,1956,266994,https://en.wikipedia.org/wiki/1956_United_States_presidential_election
New Hampshire,1960,295761,https://en.wikipedia.org/wiki/1960_United_States_presidential_election
New Hampshire,1964,288093,https://en.wikipedia.org/wiki/1964_United_States_presidential_election
New Hampshire,1968,297298,https://en.wikipedia.org/wiki/1968_United_States_presidential_election
New Hampshire,1972,334055,https://en.wikipedia.org/wiki/1972_United_States_presidential_election
New Hampshire,1976,339627,https://doi.org/10.7910/DVN/42MVDX
New Hampshire,1980,383990,https://doi.org/10.7910/DVN/42MVDX
New Hampshire,1984,388904,https://doi.org/10.7910/DVN/42MVDX
New Hampshire,1988,450525,https://doi.org/10.7910/DVN/42MVDX
New Hampshire,1992,537215,https://doi.org/10.7910/DVN/42MVDX
New Hampshire,1996,496597,https://doi.org/10.7910/DVN/42MVDX
New Hampshire,2000,569081,https://doi.org/10.7910/DVN/42MVDX
New Hampshire,2004,678287,https://doi.org/10.7910/DVN/42MVDX
New Hampshire,2008,710970,https://doi.org/10.7910/DVN/42MVDX
New Hampshire,2012,710972,https://doi.org/10.7910/DVN/42MVDX
New Hampshire,2016,744296,https://doi.org/10.7910/DVN/42MVDX
New Hampshire,2020,806182,https://doi.org/10.7910/DVN/42MVDX
New Hampshire,2024,831033,https://doi.org/10.7910/DVN/42MVDX
New Jersey,1824,20190,https://en.wikipedia.org/wiki/1824_United_States_presidential_election
New Jersey,1828,45715,https://en.wikipedia.org/wiki/1828_United_States_presidential_election
New Jersey,1832,47760,https://en.wikipedia.org/wiki/1832_United_States_presidential_election
New Jersey,1836,51729,https://en.wikipedia.org/wiki/1836_United_States_presidential_election
New Jersey,1840,64454,https://en.wikipedia.org/wiki/1840_United_States_presidential_election
New Jersey,1844,75944,https://en.wikipedia.org/wiki/1844_United_States_presidential_election
New Jersey,1848,77735,https://en.wikipedia.org/wiki/1848_United_States_presidential_election
New Jersey,1852,83926,https://en.wikipedia.org/wiki/1852_United_States_presidential_election
New Jersey,1856,99396,https://en.wikipedia.org/wiki/1856_United_States_presidential_election
New Jersey,1860,121213,https://en.wikipedia.org/wiki/1860_United_States_presidential_election
New Jersey,1864,128747,https://en.wikipedia.org/wiki/1864_United_States_presidential_election
New Jersey,1868,163132,https://en.wikipedia.org/wiki/1868_United_States_presidential_election
New Jersey,1872,168112,https://en.wikipedia.org/wiki/1872_United_States_presidential_election
New Jersey,1876,220193,https://en.wikipedia.org/wiki/1876_United_States_presidential_election
New Jersey,1880,245928,https://en.wikipedia.org/wiki/1880_United_States_presidential_election
New Jersey,1884,260921,https://en.wikipedia.org/wiki/1884_United_States_presidential_election
New Jersey,1888,303801,https://en.wikipedia.org/wiki/1888_United_States_presidential_election
New Jersey,1892,337623,https://en.wikipedia.org/wiki/1892_United_States_presidential_election
New Jersey,1896,371211,https://en.wikipedia.org/wiki/1896_United_States_presidential_election
New Jersey,1900,401050,https://en.wikipedia.org/wiki/1900_United_States_presidential_election
New Jersey,1904,432547,https://en.wikipedia.org/wiki/1904_United_States_presidential_election
New Jersey,1908,467111,https://en.wikipedia.org/wiki/1908_United_States_presidential_election
New Jersey,1912,432739,https://en.wikipedia.org/wiki/1912_United_States_presidential_election
New Jersey,1916,494442,https://en.wikipedia.org/wiki/1916_United_States_presidential_election
New Jersey,1920,903943,https://en.wikipedia.org/wiki/1920_United_States_presidential_election
New Jersey,1924,1086079,https://en.wikipedia.org/wiki/1924_United_States_presidential_election
New Jersey,1928,1548195,https://en.wikipedia.org/wiki/1928_United_States_presidential_election
New Jersey,1932,1629507,https://en.wikipedia.org/wiki/1932_United_States_presidential_election
New Jersey,1936,1820437,https://en.wikipedia.org/wiki/1936_United_States_presidential_election
New Jersey,1940,1974214,https://en.wikipedia.org/wiki/1940_United_States_presidential_election
New Jersey,1944,1963761,https://en.wikipedia.org/wiki/1944_United_States_presidential_election
New Jersey,1948,1949555,https://en.wikipedia.org/wiki/1948_United_States_presidential_election
New Jersey,1952,2419554,https://en.wikipedia.org/wiki/1952_United_States_presidential_election
New Jersey,1956,2484312,https://en.wikipedia.org/wiki/1956_United_States_presidential_election
New Jersey,1960,2773111,https://en.wikipedia.org/wiki/1960_United_States_presidential_election
New Jersey,1964,2846770,https://en.wikipedia.org/wiki/1964_United_States_presidential_election
New Jersey,1968,2875395,https://en.wikipedia.org/wiki/1968_United_States_presidential_election
New Jersey,1972,2997229,https://en.wikipedia.org/wiki/1972_United_States_presidential_election
New Jersey,1976,3014472,https://doi.org/10.7910/DVN/42MVDX
New Jersey,1980,2975684,https://doi.org/10.7910/DVN/42MVDX
New Jersey,1984,3217862,https://doi.org/10.7910/DVN/42MVDX
New Jersey,1988,3099553,https://doi.org/10.7910/DVN/42MVDX
New Jersey,1992,3343594,https://doi.org/10.7910/DVN/42MVDX
New Jersey,1996,3075860,https://doi.org/10.7910/DVN/42MVDX
New Jersey,2000,3187226,https://doi.org/10.7910/DVN/42MVDX
New Jersey,2004,3611691,https://doi.org/10.7910/DVN/42MVDX
New Jersey,2008,3868237,https://doi.org/10.7910/DVN/42MVDX
New Jersey,2012,3638499,https://doi.org/10.7910/DVN/42MVDX
New Jersey,2016,3874046,https://doi.org/10.7910/DVN/42MVDX
New Jersey,2020,4549353,https://doi.org/10.7910/DVN/42MVDX
New Jersey,2024,4272725,https://doi.org/10.7910/DVN/42MVDX
New Mexico,1912,49376,https://en.wikipedia.org/wiki/1912_United_States_presidential_election
New Mexico,1916,66787,https://en.wikipedia.org/wiki/1916_United_States_presidential_election
New Mexico,1920,105406,https://en.wikipedia.org/wiki/1920_United_States_presidential_election
New Mexico,1924,112830,https://en.wikipedia.org/wiki/1924_United_States_presidential_election
New Mexico,1928,118014,https://en.wikipedia.org/wiki/1928_United_States_presidential_election
New Mexico,1932,151606,https://en.wikipedia.org/wiki/1932_United_States_presidential_election
New Mexico,1936,169176,https://en.wikipedia.org/wiki/1936_United_States_presidential_election
New Mexico,1940,183258,https://en.wikipedia.org/wiki/1940_United_States_presidential_election
New Mexico,1944,152225,https://en.wikipedia.org/wiki/1944_United_States_presidential_election
New Mexico,1948,187063,https://en.wikipedia.org/wiki/1948_United_States_presidential_election
New Mexico,1952,238608,https://en.wikipedia.org/wiki/1952_United_States_presidential_election
New Mexico,1956,253926,https://en.wikipedia.org/wiki/1956_United_States_presidential_election
New Mexico,1960,311107,https://en.wikipedia.org/wiki/1960_United_States_presidential_election
New Mexico,1964,327615,https://en.wikipedia.org/wiki/1964_United_States_presidential_election
New Mexico,1968,327281,https://en.wikipedia.org/wiki/1968_United_States_presidential_election
New Mexico,1972,385931,https://en.wikipedia.org/wiki/1972_United_States_presidential_election
New Mexico,1976,416590,https://doi.org/10.7910/DVN/42MVDX
New Mexico,1980,456237,https://doi.org/10.7910/DVN/42MVDX
New Mexico,1984,514370,https://doi.org/10.7910/DVN/42MVDX
New Mexico,1988,521387,https://doi.org/10.7910/DVN/42MVDX
New Mexico,1992,569986,https://doi.org/10.7910/DVN/42MVDX
New Mexico,1996,556074,https://doi.org/10.7910/DVN/42MVDX
New Mexico,2000,598605,https://doi.org/10.7910/DVN/42MVDX
New Mexico,2004,756304,https://doi.org/10.7910/DVN/42MVDX
New Mexico,2008,830158,https://doi.org/10.7910/DVN/42MVDX
New Mexico,2012,783758,https://doi.org/10.7910/DVN/42MVDX
New Mexico,2016,798319,https://doi.org/10.7910/DVN/42MVDX
New Mexico,2020,923965,https://doi.org/10.7910/DVN/42MVDX
New Mexico,2024,923403,https://doi.org/10.7910/DVN/42MVDX
New York,1824,0,https://en.wikipedia.org/wiki/1824_United_States_presidential_election
New York,1828,270975,https://en.wikipedia.org/wiki/1828_United_States_presidential_election
New York,1832,323393,https://en.wikipedia.org/wiki/1832_United_States_presidential_election
New York,1836,305343,https://en.wikipedia.org/wiki/1836_United_States_presidential_election
New York,1840,441543,https://en.wikipedia.org/wiki/1840_United_States_presidential_election
New York,1844,485882,https://en.wikipedia.org/wiki/1844_United_States_presidential_election
New York,1848,455944,https://en.wikipedia.org/wiki/1848_United_States_presidential_election
New York,1852,522873,https://en.wikipedia.org/wiki/1852_United_States_presidential_election
New York,1856,596486,https://en.wikipedia.org/wiki/1856_United_States_presidential_election
New York,1860,658905,https://en.wikipedia.org/wiki/1860_United_States_presidential_election
New York,1864,730721,https://en.wikipedia.org/wiki/1864_United_States_presidential_election
New York,1868,849771,https://en.wikipedia.org/wiki/1868_United_States_presidential_election
New York,1872,828020,https://en.wikipedia.org/wiki/1872_United_States_presidential_election
New York,1876,1015503,https://en.wikipedia.org/wiki/1876_United_States_presidential_election
New York,1880,1103945,https://en.wikipedia.org/wiki/1880_United_States_presidential_election
New York,1884,1167169,https://en.wikipedia.org/wiki/1884_United_States_presidential_election
New York,1888,1319748,https://en.wikipedia.org/wiki/1888_United_States_presidential_election
New York,1892,1336793,https://en.wikipedia.org/wiki/1892_United_States_presidential_election
New York,1896,1423876,https://en.wikipedia.org/wiki/1896_United_States_presidential_election
New York,1900,1548042,https://en.wikipedia.org/wiki/1900_United_States_presidential_election
New York,1904,1617770,https://en.wikipedia.org/wiki/1904_United_States_presidential_election
New York,1908,1638350,https://en.wikipedia.org/wiki/1908_United_States_presidential_election
New York,1912,1588315,https://en.wikipedia.org/wiki/1912_United_States_presidential_election
New York,1916,1706305,https://en.wikipedia.org/wiki/1916_United_States_presidential_election
New York,1920,2898513,https://en.wikipedia.org/wiki/1920_United_States_presidential_election
New York,1924,3263939,https://en.wikipedia.org/wiki/1924_United_States_presidential_election
New York,1928,4405626,https://en.wikipedia.org/wiki/1928_United_States_presidential_election
New York,1932,4688614,https://en.wikipedia.org/wiki/1932_United_States_presidential_election
New York,1936,5596398,https://en.wikipedia.org/wiki/1936_United_States_presidential_election
New York,1940,6301596,https://en.wikipedia.org/wiki/1940_United_States_presidential_election
New York,1944,6316790,https://en.wikipedia.org/wiki/1944_United_States_presidential_election
New York,1948,6177337,https://en.wikipedia.org/wiki/1948_United_States_presidential_election
New York,1952,7128241,https://en.wikipedia.org/wiki/1952_United_States_presidential_election
New York,1956,7093336,https://en.wikipedia.org/wiki/1956_United_States_presidential_election
New York,1960,7291079,https://en.wikipedia.org/wiki/1960_United_States_presidential_election
New York,1964,7166015,https://en.wikipedia.org/wiki/1964_United_States_presidential_election
New York,1968,6790066,https://en.wikipedia.org/wiki/1968_United_States_presidential_election
New York,1972,7161830,https://en.wikipedia.org/wiki/1972_United_States_presidential_election
New York,1976,6668262,https://doi.org/10.7910/DVN/42MVDX
New York,1980,6201959,https://doi.org/10.7910/DVN/42MVDX
New York,1984,6806810,https://doi.org/10.7910/DVN/42MVDX
New York,1988,6485683,https://doi.org/10.7910/DVN/42MVDX
New York,1992,7079432,https://doi.org/10.7910/DVN/42MVDX
New York,1996,6439129,https://doi.org/10.7910/DVN/42MVDX
New York,2000,6960215,https://doi.org/10.7910/DVN/42MVDX
New York,2004,7448266,https://doi.org/10.7910/DVN/42MVDX
New York,2008,7722019,https://doi.org/10.7910/DVN/42MVDX
New York,2012,7116784,https://doi.org/10.7910/DVN/42MVDX
New York,2016,7802084,https://doi.org/10.7910/DVN/42MVDX
New York,2020,8661735,https://doi.org/10.7910/DVN/42MVDX
New York,2024,8381429,https://doi.org/10.7910/DVN/42MVDX
North Carolina,1824,36048,https://en.wikipedia.org/wiki/1824_United_States_presidential_election
North Carolina,1828,51572,https://en.wikipedia.org/wiki/1828_United_States_presidential_election
North Carolina,1832,29799,https://en.wikipedia.org/wiki/1832_United_States_presidential_election
North Carolina,1836,50153,https://en.wikipedia.org/wiki/1836_United_States_presidential_election
North Carolina,1840,80735,https://en.wikipedia.org/wiki/1840_United_States_presidential_election
North Carolina,1844,82521,https://en.wikipedia.org/wiki/1844_United_States_presidential_election
North Carolina,1848,79826,https://en.wikipedia.org/wiki/1848_United_States_presidential_election
North Carolina,1852,78951,https://en.wikipedia.org/wiki/1852_United_States_presidential_election
North Carolina,1856,84963,https://en.wikipedia.org/wiki/1856_United_States_presidential_election
North Carolina,1860,96230,https://en.wikipedia.org/wiki/1860_United_States_presidential_election
North Carolina,1868,181498,https://en.wikipedia.org/wiki/1868_United_States_presidential_election
North Carolina,1872,165163,https://en.wikipedia.org/wiki/1872_United_States_presidential_election
North Carolina,1876,233911,https://en.wikipedia.org/wiki/1876_United_States_presidential_election
North Carolina,1880,241208,https://en.wikipedia.org/wiki/1880_United_States_presidential_election
North Carolina,1884,268356,https://en.wikipedia.org/wiki/1884_United_States_presidential_election
North Carolina,1888,285563,https://en.wikipedia.org/wiki/1888_United_States_presidential_election
North Carolina,1892,280270,https://en.wikipedia.org/wiki/1892_United_States_presidential_election
North Carolina,1896,331337,https://en.wikipedia.org/wiki/1896_United_States_presidential_election
North Carolina,1900,292518,https://en.wikipedia.org/wiki/1900_United_States_presidential_election
North Carolina,1904,207818,https://en.wikipedia.org/wiki/1904_United_States_presidential_election
North Carolina,1908,252554,https://en.wikipedia.org/wiki/1908_United_States_presidential_election
North Carolina,1912,243776,https://en.wikipedia.org/wiki/1912_United_States_presidential_election
North Carolina,1916,289837,https://en.wikipedia.org/wiki/1916_United_States_presidential_election
North Carolina,1920,538741,https://en.wikipedia.org/wiki/1920_United_States_presidential_election
North Carolina,1924,482687,https://en.wikipedia.org/wiki/1924_United_States_presidential_election
North Carolina,1928,635150,https://en.wikipedia.org/wiki/1928_United_States_presidential_election
North Carolina,1932,711501,https://en.wikipedia.org/wiki/1932_United_States_presidential_election
North Carolina,1936,839464,https://en.wikipedia.org/wiki/1936_United_States_presidential_election
North Carolina,1940,822648,https://en.wikipedia.org/wiki/1940_United_States_presidential_election
North Carolina,1944,790554,https://en.wikipedia.org/wiki/1944_United_States_presidential_election
North Carolina,1948,791209,https://en.wikipedia.org/wiki/1948_United_States_presidential_election
North Carolina,1952,1210910,https://en.wikipedia.org/wiki/1952_United_States_presidential_election
North Carolina,1956,1165592,https://en.wikipedia.org/wiki/1956_United_States_presidential_election
North Carolina,1960,1368556,https://en.wikipedia.org/wiki/1960_United_States_presidential_election
North Carolina,1964,1424983,https://en.wikipedia.org/wiki/1964_United_States_presidential_election
North Carolina,1968,1587493,https://en.wikipedia.org/wiki/1968_United_States_presidential_election
North Carolina,1972,1518612,https://en.wikipedia.org/wiki/1972_United_States_presidential_election
North Carolina,1976,1677906,https://doi.org/10.7910/DVN/42MVDX
North Carolina,1980,1855833,https://doi.org/10.7910/DVN/42MVDX
North Carolina,1984,2175361,https://doi.org/10.7910/DVN/42MVDX
North Carolina,1988,2134370,https://doi.org/10.7910/DVN/42MVDX
North Carolina,1992,2611850,https://doi.org/10.7910/DVN/42MVDX
North Carolina,1996,2515807,https://doi.org/10.7910/DVN/42MVDX
North Carolina,2000,2914990,https://doi.org/10.7910/DVN/42MVDX
North Carolina,2004,3501007,https://doi.org/10.7910/DVN/42MVDX
North Carolina,2008,4310851,https://doi.org/10.7910/DVN/42MVDX
North Carolina,2012,4505372,https://doi.org/10.7910/DVN/42MVDX
North Carolina,2016,4741564,https://doi.org/10.7910/DVN/42MVDX
North Carolina,2020,5524802,https://doi.org/10.7910/DVN/42MVDX
North Carolina,2024,5699141,https://doi.org/10.7910/DVN/42MVDX
North Dakota,1892,36118,https://en.wikipedia.org/wiki/1892_United_States_presidential_election
North Dakota,1896,47391,https://en.wikipedia.org/wiki/1896_United_States_presidential_election
North Dakota,1900,57791,https://en.wikipedia.org/wiki/1900_United_States_presidential_election
North Dakota,1904,70014,https://en.wikipedia.org/wiki/1904_United_States_presidential_election
North Dakota,1908,94525,https://en.wikipedia.org/wiki/1908_United_States_presidential_election
North Dakota,1912,86580,https://en.wikipedia.org/wiki/1912_United_States_presidential_election
North Dakota,1916,115390,https://en.wikipedia.org/wiki/1916_United_States_presidential_election
North Dakota,1920,205776,https://en.wikipedia.org/wiki/1920_United_States_presidential_election
North Dakota,1924,199081,https://en.wikipedia.org/wiki/1924_United_States_presidential_election
North Dakota,1928,239867,https://en.wikipedia.org/wiki/1928_United_States_presidential_election
North Dakota,1932,256290,https://en.wikipedia.org/wiki/1932_United_States_presidential_election
North Dakota,1936,273716,https://en.wikipedia.org/wiki/1936_United_States_presidential_election
North Dakota,1940,280775,https://en.wikipedia.org/wiki/1940_United_States_presidential_election
North Dakota,1944,220171,https://en.wikipedia.org/wiki/1944_United_States_presidential_election
North Dakota,1948,220716,https://en.wikipedia.org/wiki/1948_United_States_presidential_election
North Dakota,1952,270127,https://en.wikipedia.org/wiki/1952_United_States_presidential_election
North Dakota,1956,253991,https://en.wikipedia.org/wiki/1956_United_States_presidential_election
North Dakota,1960,278431,https://en.wikipedia.org/wiki/1960_United_States_presidential_election
North Dakota,1964,258389,https://en.wikipedia.org/wiki/1964_United_States_presidential_election
North Dakota,1968,247882,https://en.wikipedia.org/wiki/1968_United_States_presidential_election
North Dakota,1972,280514,https://en.wikipedia.org/wiki/1972_United_States_presidential_election
North Dakota,1976,297308,https://doi.org/10.7910/DVN/42MVDX
North Dakota,1980,301116,https://doi.org/10.7910/DVN/42MVDX
North Dakota,1984,308971,https://doi.org/10.7910/DVN/42MVDX
North Dakota,1988,297261,https://doi.org/10.7910/DVN/42MVDX
North Dakota,1992,308133,https://doi.org/10.7910/DVN/42MVDX
North Dakota,1996,266411,https://doi.org/10.7910/DVN/42MVDX
North Dakota,2000,288256,https://doi.org/10.7910/DVN/42MVDX
North Dakota,2004,312833,https://doi.org/10.7910/DVN/42MVDX
North Dakota,2008,316621,https://doi.org/10.7910/DVN/42MVDX
North Dakota,2012,322932,https://doi.org/10.7910/DVN/42MVDX
North Dakota,2016,344360,https://doi.org/10.7910/DVN/42MVDX
North Dakota,2020,361819,https://doi.org/10.7910/DVN/42MVDX
North Dakota,2024,368155,https://doi.org/10.7910/DVN/42MVDX
Ohio,1824,50262,https://en.wikipedia.org/wiki/1824_United_States_presidential_election
Ohio,1828,131052,https://en.wikipedia.org/wiki/1828_United_States_presidential_election
Ohio,1832,158294,https://en.wikipedia.org/wiki/1832_United_States_presidential_election
Ohio,1836,202333,https://en.wikipedia.org/wiki/1836_United_States_presidential_election
Ohio,1840,273842,https://en.wikipedia.org/wiki/1840_United_States_presidential_election
Ohio,1844,312224,https://en.wikipedia.org/wiki/1844_United_States_presidential_election
Ohio,1848,328479,https://en.wikipedia.org/wiki/1848_United_States_presidential_election
Ohio,1852,352900,https://en.wikipedia.org/wiki/1852_United_States_presidential_election
Ohio,1856,386497,https://en.wikipedia.org/wiki/1856_United_States_presidential_election
Ohio,1860,442961,https://en.wikipedia.org/wiki/1860_United_States_presidential_election
Ohio,1864,471253,https://en.wikipedia.org/wiki/1864_United_States_presidential_election
Ohio,1868,518788,https://en.wikipedia.org/wiki/1868_United_States_presidential_election
Ohio,1872,529436,https://en.wikipedia.org/wiki/1872_United_States_presidential_election
Ohio,1876,658649,https://en.wikipedia.org/wiki/1876_United_States_presidential_election
Ohio,1880,724967,https://en.wikipedia.org/wiki/1880_United_States_presidential_election
Ohio,1884,784610,https://en.wikipedia.org/wiki/1884_United_States_presidential_election
Ohio,1888,840361,https://en.wikipedia.org/wiki/1888_United_States_presidential_election
Ohio,1892,850164,https://en.wikipedia.org/wiki/1892_United_States_presidential_election
Ohio,1896,1014295,https://en.wikipedia.org/wiki/1896_United_States_presidential_election
Ohio,1900,1040073,https://en.wikipedia.org/wiki/1900_United_States_presidential_election
Ohio,1904,1004393,https://en.wikipedia.org/wiki/1904_United_States_presidential_election
Ohio,1908,1121552,https://en.wikipedia.org/wiki/1908_United_States_presidential_election
Ohio,1912,1037094,https://en.wikipedia.org/wiki/1912_United_States_presidential_election
Ohio,1916,1165086,https://en.wikipedia.org/wiki/1916_United_States_presidential_election
Ohio,1920,2021653,https://en.wikipedia.org/wiki/1920_United_States_presidential_election
Ohio,1924,2016237,https://en.wikipedia.org/wiki/1924_United_States_presidential_election
Ohio,1928,2508346,https://en.wikipedia.org/wiki/1928_United_States_presidential_election
Ohio,1932,2609728,https://en.wikipedia.org/wiki/1932_United_States_presidential_election
Ohio,1936,3012589,https://en.wikipedia.org/wiki/1936_United_States_presidential_election
Ohio,1940,3319912,https://en.wikipedia.org/wiki/1940_United_States_presidential_election
Ohio,1944,3153056,https://en.wikipedia.org/wiki/1944_United_States_presidential_election
Ohio,1948,2936071,https://en.wikipedia.org/wiki/1948_United_States_presidential_election
Ohio,1952,3700758,https://en.wikipedia.org/wiki/1952_United_States_presidential_election
Ohio,1956,3702265,https://en.wikipedia.org/wiki/1956_United_States_presidential_election
Ohio,1960,4161859,https://en.wikipedia.org/wiki/1960_United_States_presidential_election
Ohio,1964,3969196,https://en.wikipedia.org/wiki/1964_United_States_presidential_election
Ohio,1968,3959698,https://en.wikipedia.org/wiki/1968_United_States_presidential_election
Ohio,1972,4094787,https://en.wikipedia.org/wiki/1972_United_States_presidential_election
Ohio,1976,4110456,https://doi.org/10.7910/DVN/42MVDX
Ohio,1980,4283603,https://doi.org/10.7910/DVN/42MVDX
Ohio,1984,4563235,https://doi.org/10.7910/DVN/42MVDX
Ohio,1988,4393585,https://doi.org/10.7910/DVN/42MVDX
Ohio,1992,4939967,https://doi.org/10.7910/DVN/42MVDX
Ohio,1996,4534434,https://doi.org/10.7910/DVN/42MVDX
Ohio,2000,4701998,https://doi.org/10.7910/DVN/42MVDX
Ohio,2004,5627903,https://doi.org/10.7910/DVN/42MVDX
Ohio,2008,5708350,https://doi.org/10.7910/DVN/42MVDX
Ohio,2012,5580822,https://doi.org/10.7910/DVN/42MVDX
Ohio,2016,5496487,https://doi.org/10.7910/DVN/42MVDX
Ohio,2020,5922202,https://doi.org/10.7910/DVN/42MVDX
Ohio,2024,5767788,https://doi.org/10.7910/DVN/42MVDX
Oklahoma,1908,256917,https://en.wikipedia.org/wiki/1908_United_States_presidential_election
Oklahoma,1912,253801,https://en.wikipedia.org/wiki/1912_United_States_presidential_election
Oklahoma,1916,292753,https://en.wikipedia.org/wiki/1916_United_States_presidential_election
Oklahoma,1920,486610,https://en.wikipedia.org/wiki/1920_United_States_presidential_election
Oklahoma,1924,528415,https://en.wikipedia.org/wiki/1924_United_States_presidential_election
Oklahoma,1928,618427,https://en.wikipedia.org/wiki/1928_United_States_presidential_election
Oklahoma,1932,704633,https://en.wikipedia.org/wiki/1932_United_States_presidential_election
Oklahoma,1936,749740,https://en.wikipedia.org/wiki/1936_United_States_presidential_election
Oklahoma,1940,826212,https://en.wikipedia.org/wiki/1940_United_States_presidential_election
Oklahoma,1944,722636,https://en.wikipedia.org/wiki/1944_United_States_presidential_election
Oklahoma,1948,721599,https://en.wikipedia.org/wiki/1948_United_States_presidential_election
Oklahoma,1952,948984,https://en.wikipedia.org/wiki/1952_United_States_presidential_election
Oklahoma,1956,859350,https://en.wikipedia.org/wiki/1956_United_States_presidential_election
Oklahoma,1960,903150,https://en.wikipedia.org/wiki/1960_United_States_presidential_election
Oklahoma,1964,932499,https://en.wikipedia.org/wiki/1964_United_States_presidential_election
Oklahoma,1968,943086,https://en.wikipedia.org/wiki/1968_United_States_presidential_election
Oklahoma,1972,1029900,https://en.wikipedia.org/wiki/1972_United_States_presidential_election
Oklahoma,1976,1092251,https://doi.org/10.7910/DVN/42MVDX
Oklahoma,1980,1149708,https://doi.org/10.7910/DVN/42MVDX
Oklahoma,1984,1255676,https://doi.org/10.7910/DVN/42MVDX
Oklahoma,1988,1171036,https://doi.org/10.7910/DVN/42MVDX
Oklahoma,1992,1390359,https://doi.org/10.7910/DVN/42MVDX
Oklahoma,1996,1206713,https://doi.org/10.7910/DVN/42MVDX
Oklahoma,2000,1234229,https://doi.org/10.7910/DVN/42MVDX
Oklahoma,2004,1463758,https://doi.org/10.7910/DVN/42MVDX
Oklahoma,2008,1462661,https://doi.org/10.7910/DVN/42MVDX
Oklahoma,2012,1334872,https://doi.org/10.7910/DVN/42MVDX
Oklahoma,2016,1452992,https://doi.org/10.7910/DVN/42MVDX
Oklahoma,2020,1560699,https://doi.org/10.7910/DVN/42MVDX
Oklahoma,2024,1566173,https://doi.org/10.7910/DVN/42MVDX
Oregon,1860,14761,https://en.wikipedia.org/wiki/1860_United_States_presidential_election
Oregon,1864,18345,https://en.wikipedia.org/wiki/1864_United_States_presidential_election
Oregon,1868,22086,https://en.wikipedia.org/wiki/1868_United_States_presidential_election
Oregon,1872,20147,https://en.wikipedia.org/wiki/1872_United_States_presidential_election
Oregon,1876,29881,https://en.wikipedia.org/wiki/1876_United_States_presidential_election
Oregon,1880,40819,https://en.wikipedia.org/wiki/1880_United_States_presidential_election
Oregon,1884,52682,https://en.wikipedia.org/wiki/1884_United_States_presidential_election
Oregon,1888,61853,https://en.wikipedia.org/wiki/1888_United_States_presidential_election
Oregon,1892,78491,https://en.wikipedia.org/wiki/1892_United_States_presidential_election
Oregon,1896,97414,https://en.wikipedia.org/wiki/1896_United_States_presidential_election
Oregon,1900,83251,https://en.wikipedia.org/wiki/1900_United_States_presidential_election
Oregon,1904,90154,https://en.wikipedia.org/wiki/1904_United_States_presidential_election
Oregon,1908,110889,https://en.wikipedia.org/wiki/1908_United_States_presidential_election
Oregon,1912,137040,https://en.wikipedia.org/wiki/1912_United_States_presidential_election
Oregon,1916,261650,https://en.wikipedia.org/wiki/1916_United_States_presidential_election
Oregon,1920,238522,https://en.wikipedia.org/wiki/1920_United_States_presidential_election
Oregon,1924,279488,https://en.wikipedia.org/wiki/1924_United_States_presidential_election
Oregon,1928,319942,https://en.wikipedia.org/wiki/1928_United_States_presidential_election
Oregon,1932,368808,https://en.wikipedia.org/wiki/1932_United_States_presidential_election
Oregon,1936,414021,https://en.wikipedia.org/wiki/1936_United_States_presidential_election
Oregon,1940,481240,https://en.wikipedia.org/wiki/1940_United_States_presidential_election
Oregon,1944,480147,https://en.wikipedia.org/wiki/1944_United_States_presidential_election
Oregon,1948,524080,https://en.wikipedia.org/wiki/1948_United_States_presidential_election
Oregon,1952,695059,https://en.wikipedia.org/wiki/1952_United_States_presidential_election
Oregon,1956,735597,https://en.wikipedia.org/wiki/1956_United_States_presidential_election
Oregon,1960,776421,https://en.wikipedia.org/wiki/1960_United_States_presidential_election
Oregon,1964,786305,https://en.wikipedia.org/wiki/1964_United_States_presidential_election
Oregon,1968,819622,https://en.wikipedia.org/wiki/1968_United_States_presidential_election
Oregon,1972,927946,https://en.wikipedia.org/wiki/1972_United_States_presidential_election
Oregon,1976,1029876,https://doi.org/10.7910/DVN/42MVDX
Oregon,1980,1181516,https://doi.org/10.7910/DVN/42MVDX
Oregon,1984,1226527,https://doi.org/10.7910/DVN/42MVDX
Oregon,1988,1201694,https://doi.org/10.7910/DVN/42MVDX
Oregon,1992,1462643,https://doi.org/10.7910/DVN/42MVDX
Oregon,1996,1377760,https://doi.org/10.7910/DVN/42MVDX
Oregon,2000,1533950,https://doi.org/10.7910/DVN/42MVDX
Oregon,2004,1836782,https://doi.org/10.7910/DVN/42MVDX
Oregon,2008,1827864,https://doi.org/10.7910/DVN/42MVDX
Oregon,2012,1789270,https://doi.org/10.7910/DVN/42MVDX
Oregon,2016,2001336,https://doi.org/10.7910/DVN/42MVDX
Oregon,2020,2374321,https://doi.org/10.7910/DVN/42MVDX
Oregon,2024,2244493,https://doi.org/10.7910/DVN/42MVDX
Pennsylvania,1824,47407,https://en.wikipedia.org/wiki/1824_United_States_presidential_election
Pennsylvania,1828,152934,https://en.wikipedia.org/wiki/1828_United_States_presidential_election
Pennsylvania,1832,158638,https://en.wikipedia.org/wiki/1832_United_States_presidential_election
Pennsylvania,1836,178692,https://en.wikipedia.org/wiki/1836_United_States_presidential_election
Pennsylvania,1840,288026,https://en.wikipedia.org/wiki/1840_United_States_presidential_election
Pennsylvania,1844,331572,https://en.wikipedia.org/wiki/1844_United_States_presidential_election
Pennsylvania,1848,368552,https://en.wikipedia.org/wiki/1848_United_States_presidential_election
Pennsylvania,1852,388080,https://en.wikipedia.org/wiki/1852_United_States_presidential_election
Pennsylvania,1856,460161,https://en.wikipedia.org/wiki/1856_United_States_presidential_election
Pennsylvania,1860,476436,https://en.wikipedia.org/wiki/1860_United_States_presidential_election
Pennsylvania,1864,572707,https://en.wikipedia.org/wiki/1864_United_States_presidential_election
Pennsylvania,1868,655662,https://en.wikipedia.org/wiki/1868_United_States_presidential_election
Pennsylvania,1872,563262,https://en.wikipedia.org/wiki/1872_United_States_presidential_election
Pennsylvania,1876,758993,https://en.wikipedia.org/wiki/1876_United_States_presidential_election
Pennsylvania,1880,874783,https://en.wikipedia.org/wiki/1880_United_States_presidential_election
Pennsylvania,1884,903864,https://en.wikipedia.org/wiki/1884_United_States_presidential_election
Pennsylvania,1888,997568,https://en.wikipedia.org/wiki/1888_United_States_presidential_election
Pennsylvania,1892,1003010,https://en.wikipedia.org/wiki/1892_United_States_presidential_election
Pennsylvania,1896,1194355,https://en.wikipedia.org/wiki/1896_United_States_presidential_election
Pennsylvania,1900,1173210,https://en.wikipedia.org/wiki/1900_United_States_presidential_election
Pennsylvania,1904,1236738,https://en.wikipedia.org/wiki/1904_United_States_presidential_election
Pennsylvania,1908,1267450,https://en.wikipedia.org/wiki/1908_United_States_presidential_election
Pennsylvania,1912,1217736,https://en.wikipedia.org/wiki/1912_United_States_presidential_election
Pennsylvania,1916,1297189,https://en.wikipedia.org/wiki/1916_United_States_presidential_election
Pennsylvania,1920,1852616,https://en.wikipedia.org/wiki/1920_United_States_presidential_election
Pennsylvania,1924,2144850,https://en.wikipedia.org/wiki/1924_United_States_presidential_election
Pennsylvania,1928,3150610,https://en.wikipedia.org/wiki/1928_United_States_presidential_election
Pennsylvania,1932,2859177,https://en.wikipedia.org/wiki/1932_United_States_presidential_election
Pennsylvania,1936,4138426,https://en.wikipedia.org/wiki/1936_United_States_presidential_election
Pennsylvania,1940,4078714,https://en.wikipedia.org/wiki/1940_United_States_presidential_election
Pennsylvania,1944,3794793,https://en.wikipedia.org/wiki/1944_United_States_presidential_election
Pennsylvania,1948,3735148,https://en.wikipedia.org/wiki/1948_United_States_presidential_election
Pennsylvania,1952,4580969,https://en.wikipedia.org/wiki/1952_United_States_presidential_election
Pennsylvania,1956,4576503,https://en.wikipedia.org/wiki/1956_United_States_presidential_election
Pennsylvania,1960,5006541,https://en.wikipedia.org/wiki/1960_United_States_presidential_election
Pennsylvania,1964,4822690,https://en.wikipedia.org/wiki/1964_United_States_presidential_election
Pennsylvania,1968,4747928,https://en.wikipedia.org/wiki/1968_United_States_presidential_election
Pennsylvania,1972,4592105,https://en.wikipedia.org/wiki/1972_United_States_presidential_election
Pennsylvania,1976,4620787,https://doi.org/10.7910/DVN/42MVDX
Pennsylvania,1980,4561501,https://doi.org/10.7910/DVN/42MVDX
Pennsylvania,1984,4844903,https://doi.org/10.7910/DVN/42MVDX
Pennsylvania,1988,4536251,https://doi.org/10.7910/DVN/42MVDX
Pennsylvania,1992,4959810,https://doi.org/10.7910/DVN/42MVDX
Pennsylvania,1996,4501307,https://doi.org/10.7910/DVN/42MVDX
Pennsylvania,2000,4912185,https://doi.org/10.7910/DVN/42MVDX
Pennsylvania,2004,5769590,https://doi.org/10.7910/DVN/42MVDX
Pennsylvania,2008,6013272,https://doi.org/10.7910/DVN/42MVDX
Pennsylvania,2012,5742040,https://doi.org/10.7910/DVN/42MVDX
Pennsylvania,2016,6115402,https://doi.org/10.7910/DVN/42MVDX
Pennsylvania,2020,6915283,https://doi.org/10.7910/DVN/42MVDX
Pennsylvania,2024,7034206,https://doi.org/10.7910/DVN/42MVDX
Rhode Island,1824,2344,https://en.wikipedia.org/wiki/1824_United_States_presidential_election
Rhode Island,1828,3573,https://en.wikipedia.org/wiki/1828_United_States_presidential_election
Rhode Island,1832,5742,https://en.wikipedia.org/wiki/1832_United_States_presidential_election
Rhode Island,1836,5674,https://en.wikipedia.org/wiki/1836_United_States_presidential_election
Rhode Island,1840,8621,https://en.wikipedia.org/wiki/1840_United_States_presidential_election
Rhode Island,1844,12296,https://en.wikipedia.org/wiki/1844_United_States_presidential_election
Rhode Island,1848,11155,https://en.wikipedia.org/wiki/1848_United_States_presidential_election
Rhode Island,1852,17005,https://en.wikipedia.org/wiki/1852_United_States_presidential_election
Rhode Island,1856,19822,https://en.wikipedia.org/wiki/1856_United_States_presidential_election
Rhode Island,1860,19951,https://en.wikipedia.org/wiki/1860_United_States_presidential_election
Rhode Island,1864,22432,https://en.wikipedia.org/wiki/1864_United_States_presidential_election
Rhode Island,1868,19541,https://en.wikipedia.org/wiki/1868_United_States_presidential_election
Rhode Island,1872,18994,https://en.wikipedia.org/wiki/1872_United_States_presidential_election
Rhode Island,1876,26627,https://en.wikipedia.org/wiki/1876_United_States_presidential_election
Rhode Island,1880,29235,https://en.wikipedia.org/wiki/1880_United_States_presidential_election
Rhode Island,1884,32771,https://en.wikipedia.org/wiki/1884_United_States_presidential_election
Rhode Island,1888,40775,https://en.wikipedia.org/wiki/1888_United_States_presidential_election
Rhode Island,1892,53196,https://en.wikipedia.org/wiki/1892_United_States_presidential_election
Rhode Island,1896,54785,https://en.wikipedia.org/wiki/1896_United_States_presidential_election
Rhode Island,1900,56548,https://en.wikipedia.org/wiki/1900_United_States_presidential_election
Rhode Island,1904,68656,https://en.wikipedia.org/wiki/1904_United_States_presidential_election
Rhode Island,1908,72317,https://en.wikipedia.org/wiki/1908_United_States_presidential_election
Rhode Island,1912,77894,https://en.wikipedia.org/wiki/1912_United_States_presidential_election
Rhode Island,1916,87816,https://en.wikipedia.org/wiki/1916_United_States_presidential_election
Rhode Island,1920,167981,https://en.wikipedia.org/wiki/1920_United_States_presidential_election
Rhode Island,1924,210115,https://en.wikipedia.org/wiki/1924_United_States_presidential_election
Rhode Island,1928,237194,https://en.wikipedia.org/wiki/1928_United_States_presidential_election
Rhode Island,1932,266170,https://en.wikipedia.org/wiki/1932_United_States_presidential_election
Rhode Island,1936,311178,https://en.wikipedia.org/wiki/1936_United_States_presidential_election
Rhode Island,1940,321148,https://en.wikipedia.org/wiki/1940_United_States_presidential_election
Rhode Island,1944,299276,https://en.wikipedia.org/wiki/1944_United_States_presidential_election
Rhode Island,1948,327702,https://en.wikipedia.org/wiki/1948_United_States_presidential_election
Rhode Island,1952,414498,https://en.wikipedia.org/wiki/1952_United_States_presidential_election
Rhode Island,1956,387611,https://en.wikipedia.org/wiki/1956_United_States_presidential_election
Rhode Island,1960,405535,https://en.wikipedia.org/wiki/1960_United_States_presidential_election
Rhode Island,1964,390091,https://en.wikipedia.org/wiki/1964_United_States_presidential_election
Rhode Island,1968,385000,https://en.wikipedia.org/wiki/1968_United_States_presidential_election
Rhode Island,1972,415808,https://en.wikipedia.org/wiki/1972_United_States_presidential_election
Rhode Island,1976,410584,https://doi.org/10.7910/DVN/42MVDX
Rhode Island,1980,415967,https://doi.org/10.7910/DVN/42MVDX
Rhode Island,1984,410489,https://doi.org/10.7910/DVN/42MVDX
Rhode Island,1988,404622,https://doi.org/10.7910/DVN/42MVDX
Rhode Island,1992,453365,https://doi.org/10.7910/DVN/42MVDX
Rhode Island,1996,390247,https://doi.org/10.7910/DVN/42MVDX
Rhode Island,2000,409112,https://doi.org/10.7910/DVN/42MVDX
Rhode Island,2004,437134,https://doi.org/10.7910/DVN/42MVDX
Rhode Island,2008,471766,https://doi.org/10.7910/DVN/42MVDX
Rhode Island,2012,446049,https://doi.org/10.7910/DVN/42MVDX
Rhode Island,2016,464144,https://doi.org/10.7910/DVN/42MVDX
Rhode Island,2020,516990,https://doi.org/10.7910/DVN/42MVDX
Rhode Island,2024,513086,https://doi.org/10.7910/DVN/42MVDX
South Carolina,1824,0,https://en.wikipedia.org/wiki/1824_United_States_presidential_election
South Carolina,1828,0,https://en.wikipedia.org/wiki/1828_United_States_presidential_election
South Carolina,1832,0,https://en.wikipedia.org/wiki/1832_United_States_presidential_election
South Carolina,1836,0,https://en.wikipedia.org/wiki/1836_United_States_presidential_election
South Carolina,1840,0,https://en.wikipedia.org/wiki/1840_United_States_presidential_election
South Carolina,1844,0,https://en.wikipedia.org/wiki/1844_United_States_presidential_election
South Carolina,1848,0,https://en.wikipedia.org/wiki/1848_United_States_presidential_election
South Carolina,1852,0,https://en.wikipedia.org/wiki/1852_United_States_presidential_election
South Carolina,1856,0,https://en.wikipedia.org/wiki/1856_United_States_presidential_election
South Carolina,1860,0,https://en.wikipedia.org/wiki/1860_United_States_presidential_election
South Carolina,1868,107538,https://en.wikipedia.org/wiki/1868_United_States_presidential_election
South Carolina,1872,95452,https://en.wikipedia.org/wiki/1872_United_States_presidential_election
South Carolina,1876,182683,https://en.wikipedia.org/wiki/1876_United_States_presidential_election
South Carolina,1880,170949,https://en.wikipedia.org/wiki/1880_United_States_presidential_election
South Carolina,1884,92812,https://en.wikipedia.org/wiki/1884_United_States_presidential_election
South Carolina,1888,79997,https://en.wikipedia.org/wiki/1888_United_States_presidential_election
South Carolina,1892,70504,https://en.wikipedia.org/wiki/1892_United_States_presidential_election
South Carolina,1896,68938,https://en.wikipedia.org/wiki/1896_United_States_presidential_election
South Carolina,1900,50812,https://en.wikipedia.org/wiki/1900_United_States_presidential_election
South Carolina,1904,55118,https://en.wikipedia.org/wiki/1904_United_States_presidential_election
South Carolina,1908,66379,https://en.wikipedia.org/wiki/1908_United_States_presidential_election
South Carolina,1912,50350,https://en.wikipedia.org/wiki/1912_United_States_presidential_election
South Carolina,1916,63952,https://en.wikipedia.org/wiki/1916_United_States_presidential_election
South Carolina,1920,66808,https://en.wikipedia.org/wiki/1920_United_States_presidential_election
South Carolina,1924,50752,https://en.wikipedia.org/wiki/1924_United_States_presidential_election
South Carolina,1928,68605,https://en.wikipedia.org/wiki/1928_United_States_presidential_election
South Carolina,1932,104407,https://en.wikipedia.org/wiki/1932_United_States_presidential_election
South Carolina,1936,115437,https://en.wikipedia.org/wiki/1936_United_States_presidential_election
South Carolina,1940,99832,https://en.wikipedia.org/wiki/1940_United_States_presidential_election
South Carolina,1944,103375,https://en.wikipedia.org/wiki/1944_United_States_presidential_election
South Carolina,1948,142571,https://en.wikipedia.org/wiki/1948_United_States_presidential_election
South Carolina,1952,341086,https://en.wikipedia.org/wiki/1952_United_States_presidential_election
South Carolina,1956,300583,https://en.wikipedia.org/wiki/1956_United_States_presidential_election
South Carolina,1960,386688,https://en.wikipedia.org/wiki/1960_United_States_presidential_election
South Carolina,1964,524756,https://en.wikipedia.org/wiki/1964_United_States_presidential_election
South Carolina,1968,666982,https://en.wikipedia.org/wiki/1968_United_States_presidential_election
South Carolina,1972,677880,https://en.wikipedia.org/wiki/1972_United_States_presidential_election
South Carolina,1976,802583,https://doi.org/10.7910/DVN/42MVDX
South Carolina,1980,888258,https://doi.org/10.7910/DVN/42MVDX
South Carolina,1984,968529,https://doi.org/10.7910/DVN/42MVDX
South Carolina,1988,986009,https://doi.org/10.7910/DVN/42MVDX
South Carolina,1992,1228912,https://doi.org/10.7910/DVN/42MVDX
South Carolina,1996,1150182,https://doi.org/10.7910/DVN/42MVDX
South Carolina,2000,1383902,https://doi.org/10.7910/DVN/42MVDX
South Carolina,2004,1617700,https://doi.org/10.7910/DVN/42MVDX
South Carolina,2008,1920969,https://doi.org/10.7910/DVN/42MVDX
South Carolina,2012,1964118,https://doi.org/10.7910/DVN/42MVDX
South Carolina,2016,2103027,https://doi.org/10.7910/DVN/42MVDX
South Carolina,2020,2514096,https://doi.org/10.7910/DVN/42MVDX
South Carolina,2024,2548140,https://doi.org/10.7910/DVN/42MVDX
South Dakota,1892,70513,https://en.wikipedia.org/wiki/1892_United_States_presidential_election
South Dakota,1896,82950,https://en.wikipedia.org/wiki/1896_United_States_presidential_election
South Dakota,1900,96124,https://en.wikipedia.org/wiki/1900_United_States_presidential_election
South Dakota,1904,101395,https://en.wikipedia.org/wiki/1904_United_States_presidential_election
South Dakota,1908,114775,https://en.wikipedia.org/wiki/1908_United_States_presidential_election
South Dakota,1912,116325,https://en.wikipedia.org/wiki/1912_United_States_presidential_election
South Dakota,1916,128942,https://en.wikipedia.org/wiki/1916_United_States_presidential_election
South Dakota,1920,182237,https://en.wikipedia.org/wiki/1920_United_States_presidential_election
South Dakota,1924,203868,https://en.wikipedia.org/wiki/1924_United_States_presidential_election
South Dakota,1928,261865,https://en.wikipedia.org/wiki/1928_United_States_presidential_election
South Dakota,1932,288438,https://en.wikipedia.org/wiki/1932_United_States_presidential_election
South Dakota,1936,296472,https://en.wikipedia.org/wiki/1936_United_States_presidential_election
South Dakota,1940,308427,https://en.wikipedia.org/wiki/1940_United_States_presidential_election
South Dakota,1944,232076,https://en.wikipedia.org/wiki/1944_United_States_presidential_election
South Dakota,1948,250105,https://en.wikipedia.org/wiki/1948_United_States_presidential_election
South Dakota,1952,294283,https://en.wikipedia.org/wiki/1952_United_States_presidential_election
South Dakota,1956,293857,https://en.wikipedia.org/wiki/1956_United_States_presidential_election
South Dakota,1960,306487,https://en.wikipedia.org/wiki/1960_United_States_presidential_election
South Dakota,1964,293118,https://en.wikipedia.org/wiki/1964_United_States_presidential_election
South Dakota,1968,281264,https://en.wikipedia.org/wiki/1968_United_States_presidential_election
South Dakota,1972,307415,https://en.wikipedia.org/wiki/1972_United_States_presidential_election
South Dakota,1976,300678,https://doi.org/10.7910/DVN/42MVDX
South Dakota,1980,327703,https://doi.org/10.7910/DVN/42MVDX
South Dakota,1984,317867,https://doi.org/10.7910/DVN/42MVDX
South Dakota,1988,312991,https://doi.org/10.7910/DVN/42MVDX
South Dakota,1992,336254,https://doi.org/10.7910/DVN/42MVDX
South Dakota,1996,323826,https://doi.org/10.7910/DVN/42MVDX
South Dakota,2000,316269,https://doi.org/10.7910/DVN/42MVDX
South Dakota,2004,388215,https://doi.org/10.7910/DVN/42MVDX
South Dakota,2008,381975,https://doi.org/10.7910/DVN/42MVDX
South Dakota,2012,363815,https://doi.org/10.7910/DVN/42MVDX
South Dakota,2016,370093,https://doi.org/10.7910/DVN/42MVDX
South Dakota,2020,422609,https://doi.org/10.7910/DVN/42MVDX
South Dakota,2024,428922,https://doi.org/10.7910/DVN/42MVDX
Tennessee,1824,20715,https://en.wikipedia.org/wiki/1824_United_States_presidential_election
Tennessee,1828,46332,https://en.wikipedia.org/wiki/1828_United_States_presidential_election
Tennessee,1832,29425,https://en.wikipedia.org/wiki/1832_United_States_presidential_election
Tennessee,1836,62197,https://en.wikipedia.org/wiki/1836_United_States_presidential_election
Tennessee,1840,108145,https://en.wikipedia.org/wiki/1840_United_States_presidential_election
Tennessee,1844,119957,https://en.wikipedia.org/wiki/1844_United_States_presidential_election
Tennessee,1848,122463,https://en.wikipedia.org/wiki/1848_United_States_presidential_election
Tennessee,1852,115863,https://en.wikipedia.org/wiki/1852_United_States_presidential_election
Tennessee,1856,133582,https://en.wikipedia.org/wiki/1856_United_States_presidential_election
Tennessee,1860,146147,https://en.wikipedia.org/wiki/1860_United_States_presidential_election
Tennessee,1864,35000,https://en.wikipedia.org/wiki/1864_United_States_presidential_election
Tennessee,1868,82757,https://en.wikipedia.org/wiki/1868_United_States_presidential_election
Tennessee,1872,179046,https://en.wikipedia.org/wiki/1872_United_States_presidential_election
Tennessee,1876,222743,https://en.wikipedia.org/wiki/1876_United_States_presidential_election
Tennessee,1880,242828,https://en.wikipedia.org/wiki/1880_United_States_presidential_election
Tennessee,1884,259978,https://en.wikipedia.org/wiki/1884_United_States_presidential_election
Tennessee,1888,303694,https://en.wikipedia.org/wiki/1888_United_States_presidential_election
Tennessee,1892,265732,https://en.wikipedia.org/wiki/1892_United_States_presidential_election
Tennessee,1896,320903,https://en.wikipedia.org/wiki/1896_United_States_presidential_election
Tennessee,1900,273860,https://en.wikipedia.org/wiki/1900_United_States_presidential_election
Tennessee,1904,242750,https://en.wikipedia.org/wiki/1904_United_States_presidential_election
Tennessee,1908,257180,https://en.wikipedia.org/wiki/1908_United_States_presidential_election
Tennessee,1912,251933,https://en.wikipedia.org/wiki/1912_United_States_presidential_election
Tennessee,1916,272190,https://en.wikipedia.org/wiki/1916_United_States_presidential_election
Tennessee,1920,428626,https://en.wikipedia.org/wiki/1920_United_States_presidential_election
Tennessee,1924,300275,https://en.wikipedia.org/wiki/1924_United_States_presidential_election
Tennessee,1928,363473,https://en.wikipedia.org/wiki/1928_United_States_presidential_election
Tennessee,1932,390256,https://en.wikipedia.org/wiki/1932_United_States_presidential_election
Tennessee,1936,476538,https://en.wikipedia.org/wiki/1936_United_States_presidential_election
Tennessee,1940,522823,https://en.wikipedia.org/wiki/1940_United_States_presidential_election
Tennessee,1944,510692,https://en.wikipedia.org/wiki/1944_United_States_presidential_election
Tennessee,1948,550283,https://en.wikipedia.org/wiki/1948_United_States_presidential_election
Tennessee,1952,892553,https://en.wikipedia.org/wiki/1952_United_States_presidential_election
Tennessee,1956,939404,https://en.wikipedia.org/wiki/1956_United_States_presidential_election
Tennessee,1960,1051792,https://en.wikipedia.org/wiki/1960_United_States_presidential_election
Tennessee,1964,1143946,https://en.wikipedia.org/wiki/1964_United_States_presidential_election
Tennessee,1968,1248617,https://en.wikipedia.org/wiki/1968_United_States_presidential_election
Tennessee,1972,1201182,https://en.wikipedia.org/wiki/1972_United_States_presidential_election
Tennessee,1976,1476346,https://doi.org/10.7910/DVN/42MVDX
Tennessee,1980,1617616,https://doi.org/10.7910/DVN/42MVDX
Tennessee,1984,1711993,https://doi.org/10.7910/DVN/42MVDX
Tennessee,1988,1636250,https://doi.org/10.7910/DVN/42MVDX
Tennessee,1992,1982638,https://doi.org/10.7910/DVN/42MVDX
Tennessee,1996,1894105,https://doi.org/10.7910/DVN/42MVDX
Tennessee,2000,2076181,https://doi.org/10.7910/DVN/42MVDX
Tennessee,2004,2437319,https://doi.org/10.7910/DVN/42MVDX
Tennessee,2008,2599749,https://doi.org/10.7910/DVN/42MVDX
Tennessee,2012,2458577,https://doi.org/10.7910/DVN/42MVDX
Tennessee,2016,2508027,https://doi.org/10.7910/DVN/42MVDX
Tennessee,2020,3053851,https://doi.org/10.7910/DVN/42MVDX
Tennessee,2024,3063942,https://doi.org/10.7910/DVN/42MVDX
Texas,1848,15177,https://en.wikipedia.org/wiki/1848_United_States_presidential_election
Texas,1852,15706,https://en.wikipedia.org/wiki/1852_United_States_presidential_election
Texas,1856,46808,https://en.wikipedia.org/wiki/1856_United_States_presidential_election
Texas,1860,63061,https://en.wikipedia.org/wiki/1860_United_States_presidential_election
Texas,1872,116594,https://en.wikipedia.org/wiki/1872_United_States_presidential_election
Texas,1876,149555,https://en.wikipedia.org/wiki/1876_United_States_presidential_election
Texas,1880,241726,https://en.wikipedia.org/wiki/1880_United_States_presidential_election
Texas,1884,325305,https://en.wikipedia.org/wiki/1884_United_States_presidential_election
Texas,1888,357513,https://en.wikipedia.org/wiki/1888_United_States_presidential_election
Texas,1892,422145,https://en.wikipedia.org/wiki/1892_United_States_presidential_election
Texas,1896,544786,https://en.wikipedia.org/wiki/1896_United_States_presidential_election
Texas,1900,423706,https://en.wikipedia.org/wiki/1900_United_States_presidential_election
Texas,1904,234008,https://en.wikipedia.org/wiki/1904_United_States_presidential_election
Texas,1908,293757,https://en.wikipedia.org/wiki/1908_United_States_presidential_election
Texas,1912,305120,https://en.wikipedia.org/wiki/1912_United_States_presidential_election
Texas,1916,372467,https://en.wikipedia.org/wiki/1916_United_States_presidential_election
Texas,1920,486641,https://en.wikipedia.org/wiki/1920_United_States_presidential_election
Texas,1924,657509,https://en.wikipedia.org/wiki/1924_United_States_presidential_election
Texas,1928,708999,https://en.wikipedia.org/wiki/1928_United_States_presidential_election
Texas,1932,863426,https://en.wikipedia.org/wiki/1932_United_States_presidential_election
Texas,1936,843482,https://en.wikipedia.org/wiki/1936_United_States_presidential_election
Texas,1940,1124531,https://en.wikipedia.org/wiki/1940_United_States_presidential_election
Texas,1944,1150331,https://en.wikipedia.org/wiki/1944_United_States_presidential_election
Texas,1948,1249577,https://en.wikipedia.org/wiki/1948_United_States_presidential_election
Texas,1952,2075946,https://en.wikipedia.org/wiki/1952_United_States_presidential_election
Texas,1956,1955545,https://en.wikipedia.org/wiki/1956_United_States_presidential_election
Texas,1960,2311084,https://en.wikipedia.org/wiki/1960_United_States_presidential_election
Texas,1964,2626811,https://en.wikipedia.org/wiki/1964_United_States_presidential_election
Texas,1968,3079406,https://en.wikipedia.org/wiki/1968_United_States_presidential_election
Texas,1972,3472714,https://en.wikipedia.org/wiki/1972_United_States_presidential_election
Texas,1976,4071884,https://doi.org/10.7910/DVN/42MVDX
Texas,1980,4541636,https://doi.org/10.7910/DVN/42MVDX
Texas,1984,5397571,https://doi.org/10.7910/DVN/42MVDX
Texas,1988,5427410,https://doi.org/10.7910/DVN/42MVDX
Texas,1992,6154018,https://doi.org/10.7910/DVN/42MVDX
Texas,1996,5611644,https://doi.org/10.7910/DVN/42MVDX
Texas,2000,6407637,https://doi.org/10.7910/DVN/42MVDX
Texas,2004,7410749,https://doi.org/10.7910/DVN/42MVDX
Texas,2008,8077795,https://doi.org/10.7910/DVN/42MVDX
Texas,2012,7993851,https://doi.org/10.7910/DVN/42MVDX
Texas,2016,8969226,https://doi.org/10.7910/DVN/42MVDX
Texas,2020,11315056,https://doi.org/10.7910/DVN/42MVDX
Texas,2024,11388674,https://doi.org/10.7910/DVN/42MVDX
Utah,1896,78119,https://en.wikipedia.org/wiki/1896_United_States_presidential_election
Utah,1900,93189,https://en.wikipedia.org/wiki/1900_United_States_presidential_election
Utah,1904,101672,https://en.wikipedia.org/wiki/1904_United_States_presidential_election
Utah,1908,108613,https://en.wikipedia.org/wiki/1908_United_States_presidential_election
Utah,1912,112386,https://en.wikipedia.org/wiki/1912_United_States_presidential_election
Utah,1916,143146,https://en.wikipedia.org/wiki/1916_United_States_presidential_election
Utah,1920,145828,https://en.wikipedia.org/wiki/1920_United_States_presidential_election
Utah,1924,156990,https://en.wikipedia.org/wiki/1924_United_States_presidential_election
Utah,1928,176603,https://en.wikipedia.org/wiki/1928_United_States_presidential_election
Utah,1932,206578,https://en.wikipedia.org/wiki/1932_United_States_presidential_election
Utah,1936,216677,https://en.wikipedia.org/wiki/1936_United_States_presidential_election
Utah,1940,247819,https://en.wikipedia.org/wiki/1940_United_States_presidential_election
Utah,1944,248319,https://en.wikipedia.org/wiki/1944_United_States_presidential_election
Utah,1948,276305,https://en.wikipedia.org/wiki/1948_United_States_presidential_election
Utah,1952,329554,https://en.wikipedia.org/wiki/1952_United_States_presidential_election
Utah,1956,333995,https://en.wikipedia.org/wiki/1956_United_States_presidential_election
Utah,1960,374709,https://en.wikipedia.org/wiki/1960_United_States_presidential_election
Utah,1964,400310,https://en.wikipedia.org/wiki/1964_United_States_presidential_election
Utah,1968,422568,https://en.wikipedia.org/wiki/1968_United_States_presidential_election
Utah,1972,478476,https://en.wikipedia.org/wiki/1972_United_States_presidential_election
Utah,1976,541218,https://doi.org/10.7910/DVN/42MVDX
Utah,1980,604152,https://doi.org/10.7910/DVN/42MVDX
Utah,1984,629656,https://doi.org/10.7910/DVN/42MVDX
Utah,1988,647008,https://doi.org/10.7910/DVN/42MVDX
Utah,1992,743998,https://doi.org/10.7910/DVN/42MVDX
Utah,1996,665629,https://doi.org/10.7910/DVN/42MVDX
Utah,2000,770754,https://doi.org/10.7910/DVN/42MVDX
Utah,2004,927844,https://doi.org/10.7910/DVN/42MVDX
Utah,2008,952370,https://doi.org/10.7910/DVN/42MVDX
Utah,2012,1017440,https://doi.org/10.7910/DVN/42MVDX
Utah,2016,1131317,https://doi.org/10.7910/DVN/42MVDX
Utah,2020,1488289,https://doi.org/10.7910/DVN/42MVDX
Utah,2024,1488494,https://doi.org/10.7910/DVN/42MVDX
Vermont,1824,0,https://en.wikipedia.org/wiki/1824_United_States_presidential_election
Vermont,1828,32700,https://en.wikipedia.org/wiki/1828_United_States_presidential_election
Vermont,1832,32128,https://en.wikipedia.org/wiki/1832_United_States_presidential_election
Vermont,1836,35031,https://en.wikipedia.org/wiki/1836_United_States_presidential_election
Vermont,1840,50773,https://en.wikipedia.org/wiki/1840_United_States_presidential_election
Vermont,1844,48829,https://en.wikipedia.org/wiki/1844_United_States_presidential_election
Vermont,1848,47922,https://en.wikipedia.org/wiki/1848_United_States_presidential_election
Vermont,1852,43821,https://en.wikipedia.org/wiki/1852_United_States_presidential_election
Vermont,1856,50748,https://en.wikipedia.org/wiki/1856_United_States_presidential_election
Vermont,1860,44541,https://en.wikipedia.org/wiki/1860_United_States_presidential_election
Vermont,1864,55742,https://en.wikipedia.org/wiki/1864_United_States_presidential_election
Vermont,1868,56212,https://en.wikipedia.org/wiki/1868_United_States_presidential_election
Vermont,1872,52980,https://en.wikipedia.org/wiki/1872_United_States_presidential_election
Vermont,1876,64553,https://en.wikipedia.org/wiki/1876_United_States_presidential_election
Vermont,1880,65203,https://en.wikipedia.org/wiki/1880_United_States_presidential_election
Vermont,1884,59401,https://en.wikipedia.org/wiki/1884_United_States_presidential_election
Vermont,1888,65452,https://en.wikipedia.org/wiki/1888_United_States_presidential_election
Vermont,1892,55796,https://en.wikipedia.org/wiki/1892_United_States_presidential_election
Vermont,1896,63847,https://en.wikipedia.org/wiki/1896_United_States_presidential_election
Vermont,1900,56212,https://en.wikipedia.org/wiki/1900_United_States_presidential_election
Vermont,1904,51888,https://en.wikipedia.org/wiki/1904_United_States_presidential_election
Vermont,1908,52680,https://en.wikipedia.org/wiki/1908_United_States_presidential_election
Vermont,1912,62841,https://en.wikipedia.org/wiki/1912_United_States_presidential_election
Vermont,1916,64475,https://en.wikipedia.org/wiki/1916_United_States_presidential_election
Vermont,1920,89961,https://en.wikipedia.org/wiki/1920_United_States_presidential_election
Vermont,1924,102917,https://en.wikipedia.org/wiki/1924_United_States_presidential_election
Vermont,1928,135191,https://en.wikipedia.org/wiki/1928_United_States_presidential_election
Vermont,1932,136980,https://en.wikipedia.org/wiki/1932_United_States_presidential_election
Vermont,1936,143689,https://en.wikipedia.org/wiki/1936_United_States_presidential_election
Vermont,1940,143062,https://en.wikipedia.org/wiki/1940_United_States_presidential_election
Vermont,1944,125361,https://en.wikipedia.org/wiki/1944_United_States_presidential_election
Vermont,1948,123382,https://en.wikipedia.org/wiki/1948_United_States_presidential_election
Vermont,1952,153557,https://en.wikipedia.org/wiki/1952_United_States_presidential_election
Vermont,1956,152978,https://en.wikipedia.org/wiki/1956_United_States_presidential_election
Vermont,1960,167324,https://en.wikipedia.org/wiki/1960_United_States_presidential_election
Vermont,1964,163089,https://en.wikipedia.org/wiki/1964_United_States_presidential_election
Vermont,1968,161404,https://en.wikipedia.org/wiki/1968_United_States_presidential_election
Vermont,1972,186947,https://en.wikipedia.org/wiki/1972_United_States_presidential_election
Vermont,1976,183902,https://doi.org/10.7910/DVN/42MVDX
Vermont,1980,213299,https://doi.org/10.7910/DVN/42MVDX
Vermont,1984,234561,https://doi.org/10.7910/DVN/42MVDX
Vermont,1988,243328,https://doi.org/10.7910/DVN/42MVDX
Vermont,1992,289701,https://doi.org/10.7910/DVN/42MVDX
Vermont,1996,258449,https://doi.org/10.7910/DVN/42MVDX
Vermont,2000,294308,https://doi.org/10.7910/DVN/42MVDX
Vermont,2004,312309,https://doi.org/10.7910/DVN/42MVDX
Vermont,2008,325046,https://doi.org/10.7910/DVN/42MVDX
Vermont,2012,299290,https://doi.org/10.7910/DVN/42MVDX
Vermont,2016,320467,https://doi.org/10.7910/DVN/42MVDX
Vermont,2020,370968,https://doi.org/10.7910/DVN/42MVDX
Vermont,2024,372885,https://doi.org/10.7910/DVN/42MVDX
Virginia,1824,15371,https://en.wikipedia.org/wiki/1824_United_States_presidential_election
Virginia,1828,38831,https://en.wikipedia.org/wiki/1828_United_States_presidential_election
Virginia,1832,45682,https://en.wikipedia.org/wiki/1832_United_States_presidential_election
Virginia,1836,53945,https://en.wikipedia.org/wiki/1836_United_States_presidential_election
Virginia,1840,86394,https://en.wikipedia.org/wiki/1840_United_States_presidential_election
Virginia,1844,95539,https://en.wikipedia.org/wiki/1844_United_States_presidential_election
Virginia,1848,92004,https://en.wikipedia.org/wiki/1848_United_States_presidential_election
Virginia,1852,132565,https://en.wikipedia.org/wiki/1852_United_States_presidential_election
Virginia,1856,150223,https://en.wikipedia.org/wiki/1856_United_States_presidential_election
Virginia,1860,167133,https://en.wikipedia.org/wiki/1860_United_States_presidential_election
Virginia,1872,185195,https://en.wikipedia.org/wiki/1872_United_States_presidential_election
Virginia,1876,236288,https://en.wikipedia.org/wiki/1876_United_States_presidential_election
Virginia,1880,211616,https://en.wikipedia.org/wiki/1880_United_States_presidential_election
Virginia,1884,284977,https://en.wikipedia.org/wiki/1884_United_States_presidential_election
Virginia,1888,304087,https://en.wikipedia.org/wiki/1888_United_States_presidential_election
Virginia,1892,292238,https://en.wikipedia.org/wiki/1892_United_States_presidential_election
Virginia,1896,294674,https://en.wikipedia.org/wiki/1896_United_States_presidential_election
Virginia,1900,264208,https://en.wikipedia.org/wiki/1900_United_States_presidential_election
Virginia,1904,130410,https://en.wikipedia.org/wiki/1904_United_States_presidential_election
Virginia,1908,137065,https://en.wikipedia.org/wiki/1908_United_States_presidential_election
Virginia,1912,136975,https://en.wikipedia.org/wiki/1912_United_States_presidential_election
Virginia,1916,152025,https://en.wikipedia.org/wiki/1916_United_States_presidential_election
Virginia,1920,231033,https://en.wikipedia.org/wiki/1920_United_States_presidential_election
Virginia,1924,223602,https://en.wikipedia.org/wiki/1924_United_States_presidential_election
Virginia,1928,305358,https://en.wikipedia.org/wiki/1928_United_States_presidential_election
Virginia,1932,297942,https://en.wikipedia.org/wiki/1932_United_States_presidential_election
Virginia,1936,334590,https://en.wikipedia.org/wiki/1936_United_States_presidential_election
Virginia,1940,346607,https://en.wikipedia.org/wiki/1940_United_States_presidential_election
Virginia,1944,388485,https://en.wikipedia.org/wiki/1944_United_States_presidential_election
Virginia,1948,419256,https://en.wikipedia.org/wiki/1948_United_States_presidential_election
Virginia,1952,619689,https://en.wikipedia.org/wiki/1952_United_States_presidential_election
Virginia,1956,697978,https://en.wikipedia.org/wiki/1956_United_States_presidential_election
Virginia,1960,771449,https://en.wikipedia.org/wiki/1960_United_States_presidential_election
Virginia,1964,1042267,https://en.wikipedia.org/wiki/1964_United_States_presidential_election
Virginia,1968,1361491,https://en.wikipedia.org/wiki/1968_United_States_presidential_election
Virginia,1972,1457019,https://en.wikipedia.org/wiki/1972_United_States_presidential_election
Virginia,1976,1697094,https://doi.org/10.7910/DVN/42MVDX
Virginia,1980,1866032,https://doi.org/10.7910/DVN/42MVDX
Virginia,1984,2146635,https://doi.org/10.7910/DVN/42MVDX
Virginia,1988,2191609,https://doi.org/10.7910/DVN/42MVDX
Virginia,1992,2559129,https://doi.org/10.7910/DVN/42MVDX
Virginia,1996,2416642,https://doi.org/10.7910/DVN/42MVDX
Virginia,2000,2739447,https://doi.org/10.7910/DVN/42MVDX
Virginia,2004,3195415,https://doi.org/10.7910/DVN/42MVDX
Virginia,2008,3723260,https://doi.org/10.7910/DVN/42MVDX
Virginia,2012,3854489,https://doi.org/10.7910/DVN/42MVDX
Virginia,2016,3982752,https://doi.org/10.7910/DVN/42MVDX
Virginia,2020,4460524,https://doi.org/10.7910/DVN/42MVDX
Virginia,2024,4503288,https://doi.org/10.7910/DVN/42MVDX
Washington,1892,87969,https://en.wikipedia.org/wiki/1892_United_States_presidential_election
Washington,1896,93583,https://en.wikipedia.org/wiki/1896_United_States_presidential_election
Washington,1900,107524,https://en.wikipedia.org/wiki/1900_United_States_presidential_election
Washington,1904,145151,https://en.wikipedia.org/wiki/1904_United_States_presidential_election
Washington,1908,183879,https://en.wikipedia.org/wiki/1908_United_States_presidential_election
Washington,1912,322799,https://en.wikipedia.org/wiki/1912_United_States_presidential_election
Washington,1916,380994,https://en.wikipedia.org/wiki/1916_United_States_presidential_election
Washington,1920,398715,https://en.wikipedia.org/wiki/1920_United_States_presidential_election
Washington,1924,421549,https://en.wikipedia.org/wiki/1924_United_States_presidential_election
Washington,1928,500840,https://en.wikipedia.org/wiki/1928_United_States_presidential_election
Washington,1932,614814,https://en.wikipedia.org/wiki/1932_United_States_presidential_election
Washington,1936,692338,https://en.wikipedia.org/wiki/1936_United_States_presidential_election
Washington,1940,793833,https://en.wikipedia.org/wiki/1940_United_States_presidential_election
Washington,1944,856328,https://en.wikipedia.org/wiki/1944_United_States_presidential_election
Washington,1948,904058,https://en.wikipedia.org/wiki/1948_United_States_presidential_election
Washington,1952,1102708,https://en.wikipedia.org/wiki/1952_United_States_presidential_election
Washington,1956,1150889,https://en.wikipedia.org/wiki/1956_United_States_presidential_election
Washington,1960,1241572,https://en.wikipedia.org/wiki/1960_United_States_presidential_election
Washington,1964,1258556,https://en.wikipedia.org/wiki/1964_United_States_presidential_election
Washington,1968,1304281,https://en.wikipedia.org/wiki/1968_United_States_presidential_election
Washington,1972,1470847,https://en.wikipedia.org/wiki/1972_United_States_presidential_election
Washington,1976,1555534,https://doi.org/10.7910/DVN/42MVDX
Washington,1980,1742394,https://doi.org/10.7910/DVN/42MVDX
Washington,1984,1874910,https://doi.org/10.7910/DVN/42MVDX
Washington,1988,1865253,https://doi.org/10.7910/DVN/42MVDX
Washington,1992,2287565,https://doi.org/10.7910/DVN/42MVDX
Washington,1996,2253837,https://doi.org/10.7910/DVN/42MVDX
Washington,2000,2487433,https://doi.org/10.7910/DVN/42MVDX
Washington,2004,2859084,https://doi.org/10.7910/DVN/42MVDX
Washington,2008,3036878,https://doi.org/10.7910/DVN/42MVDX
Washington,2012,3125516,https://doi.org/10.7910/DVN/42MVDX
Washington,2016,3317019,https://doi.org/10.7910/DVN/42MVDX
Washington,2020,4087631,https://doi.org/10.7910/DVN/42MVDX
Washington,2024,3924243,https://doi.org/10.7910/DVN/42MVDX
West Virginia,1864,34877,https://en.wikipedia.org/wiki/1864_United_States_presidential_election
West Virginia,1868,49321,https://en.wikipedia.org/wiki/1868_United_States_presidential_election
West Virginia,1872,62467,https://en.wikipedia.org/wiki/1872_United_States_presidential_election
West Virginia,1876,99647,https://en.wikipedia.org/wiki/1876_United_States_presidential_election
West Virginia,1880,112713,https://en.wikipedia.org/wiki/1880_United_States_presidential_election
West Virginia,1884,132145,https://en.wikipedia.org/wiki/1884_United_States_presidential_election
West Virginia,1888,159440,https://en.wikipedia.org/wiki/1888_United_States_presidential_election
West Virginia,1892,171079,https://en.wikipedia.org/wiki/1892_United_States_presidential_election
West Virginia,1896,201757,https://en.wikipedia.org/wiki/1896_United_States_presidential_election
West Virginia,1900,220796,https://en.wikipedia.org/wiki/1900_United_States_presidential_election
West Virginia,1904,239986,https://en.wikipedia.org/wiki/1904_United_States_presidential_election
West Virginia,1908,258105,https://en.wikipedia.org/wiki/1908_United_States_presidential_election
West Virginia,1912,268828,https://en.wikipedia.org/wiki/1912_United_States_presidential_election
West Virginia,1916,289852,https://en.wikipedia.org/wiki/1916_United_States_presidential_election
West Virginia,1920,509942,https://en.wikipedia.org/wiki/1920_United_States_presidential_election
West Virginia,1924,583662,https://en.wikipedia.org/wiki/1924_United_States_presidential_election
West Virginia,1928,642752,https://en.wikipedia.org/wiki/1928_United_States_presidential_election
West Virginia,1932,743774,https://en.wikipedia.org/wiki/1932_United_States_presidential_election
West Virginia,1936,829945,https://en.wikipedia.org/wiki/1936_United_States_presidential_election
West Virginia,1940,868076,https://en.wikipedia.org/wiki/1940_United_States_presidential_election
West Virginia,1944,715596,https://en.wikipedia.org/wiki/1944_United_States_presidential_election
West Virginia,1948,748750,https://en.wikipedia.org/wiki/1948_United_States_presidential_election
West Virginia,1952,873548,https://en.wikipedia.org/wiki/1952_United_States_presidential_election
West Virginia,1956,830831,https://en.wikipedia.org/wiki/1956_United_States_presidential_election
West Virginia,1960,837781,https://en.wikipedia.org/wiki/1960_United_States_presidential_election
West Virginia,1964,792040,https://en.wikipedia.org/wiki/1964_United_States_presidential_election
West Virginia,1968,754206,https://en.wikipedia.org/wiki/1968_United_States_presidential_election
West Virginia,1972,762399,https://en.wikipedia.org/wiki/1972_United_States_presidential_election
West Virginia,1976,750590,https://doi.org/10.7910/DVN/42MVDX
West Virginia,1980,737715,https://doi.org/10.7910/DVN/42MVDX
West Virginia,1984,735742,https://doi.org/10.7910/DVN/42MVDX
West Virginia,1988,653311,https://doi.org/10.7910/DVN/42MVDX
West Virginia,1992,683677,https://doi.org/10.7910/DVN/42MVDX
West Virginia,1996,636459,https://doi.org/10.7910/DVN/42MVDX
West Virginia,2000,648124,https://doi.org/10.7910/DVN/42MVDX
West Virginia,2004,755792,https://doi.org/10.7910/DVN/42MVDX
West Virginia,2008,713451,https://doi.org/10.7910/DVN/42MVDX
West Virginia,2012,670438,https://doi.org/10.7910/DVN/42MVDX
West Virginia,2016,713051,https://doi.org/10.7910/DVN/42MVDX
West Virginia,2020,794652,https://doi.org/10.7910/DVN/42MVDX
West Virginia,2024,762584,https://doi.org/10.7910/DVN/42MVDX
Wisconsin,1848,39166,https://en.wikipedia.org/wiki/1848_United_States_presidential_election
Wisconsin,1852,64682,https://en.wikipedia.org/wiki/1852_United_States_presidential_election
Wisconsin,1856,119512,https://en.wikipedia.org/wiki/1856_United_States_presidential_election
Wisconsin,1860,152180,https://en.wikipedia.org/wiki/1860_United_States_presidential_election
Wisconsin,1864,149342,https://en.wikipedia.org/wiki/1864_United_States_presidential_election
Wisconsin,1868,193603,https://en.wikipedia.org/wiki/1868_United_States_presidential_election
Wisconsin,1872,192305,https://en.wikipedia.org/wiki/1872_United_States_presidential_election
Wisconsin,1876,257177,https://en.wikipedia.org/wiki/1876_United_States_presidential_election
Wisconsin,1880,267195,https://en.wikipedia.org/wiki/1880_United_States_presidential_election
Wisconsin,1884,319835,https://en.wikipedia.org/wiki/1884_United_States_presidential_election
Wisconsin,1888,354614,https://en.wikipedia.org/wiki/1888_United_States_presidential_election
Wisconsin,1892,371581,https://en.wikipedia.org/wiki/1892_United_States_presidential_election
Wisconsin,1896,447409,https://en.wikipedia.org/wiki/1896_United_States_presidential_election
Wisconsin,1900,442501,https://en.wikipedia.org/wiki/1900_United_States_presidential_election
Wisconsin,1904,443441,https://en.wikipedia.org/wiki/1904_United_States_presidential_election
Wisconsin,1908,454441,https://en.wikipedia.org/wiki/1908_United_States_presidential_election
Wisconsin,1912,399966,https://en.wikipedia.org/wiki/1912_United_States_presidential_election
Wisconsin,1916,447134,https://en.wikipedia.org/wiki/1916_United_States_presidential_election
Wisconsin,1920,701280,https://en.wikipedia.org/wiki/1920_United_States_presidential_election
Wisconsin,1924,840826,https://en.wikipedia.org/wiki/1924_United_States_presidential_election
Wisconsin,1928,1016831,https://en.wikipedia.org/wiki/1928_United_States_presidential_election
Wisconsin,1932,1114808,https://en.wikipedia.org/wiki/1932_United_States_presidential_election
Wisconsin,1936,1258560,https://en.wikipedia.org/wiki/1936_United_States_presidential_election
Wisconsin,1940,1405522,https://en.wikipedia.org/wiki/1940_United_States_presidential_election
Wisconsin,1944,1339152,https://en.wikipedia.org/wiki/1944_United_States_presidential_election
Wisconsin,1948,1276800,https://en.wikipedia.org/wiki/1948_United_States_presidential_election
Wisconsin,1952,1607370,https://en.wikipedia.org/wiki/1952_United_States_presidential_election
Wisconsin,1956,1550558,https://en.wikipedia.org/wiki/1956_United_States_presidential_election
Wisconsin,1960,1729082,https://en.wikipedia.org/wiki/1960_United_States_presidential_election
Wisconsin,1964,1691815,https://en.wikipedia.org/wiki/1964_United_States_presidential_election
Wisconsin,1968,1691538,https://en.wikipedia.org/wiki/1968_United_States_presidential_election
Wisconsin,1972,1852890,https://en.wikipedia.org/wiki/1972_United_States_presidential_election
Wisconsin,1976,2101336,https://doi.org/10.7910/DVN/42MVDX
Wisconsin,1980,2273221,https://doi.org/10.7910/DVN/42MVDX
Wisconsin,1984,2211689,https://doi.org/10.7910/DVN/42MVDX
Wisconsin,1988,2191608,https://doi.org/10.7910/DVN/42MVDX
Wisconsin,1992,2531064,https://doi.org/10.7910/DVN/42MVDX
Wisconsin,1996,2196169,https://doi.org/10.7910/DVN/42MVDX
Wisconsin,2000,2598607,https://doi.org/10.7910/DVN/42MVDX
Wisconsin,2004,2997007,https://doi.org/10.7910/DVN/42MVDX
Wisconsin,2008,2983417,https://doi.org/10.7910/DVN/42MVDX
Wisconsin,2012,3071434,https://doi.org/10.7910/DVN/42MVDX
Wisconsin,2016,2976150,https://doi.org/10.7910/DVN/42MVDX
Wisconsin,2020,3298041,https://doi.org/10.7910/DVN/42MVDX
Wisconsin,2024,3422918,https://doi.org/10.7910/DVN/42MVDX
Wyoming,1892,16735,https://en.wikipedia.org/wiki/1892_United_States_presidential_election
Wyoming,1896,21092,https://en.wikipedia.org/wiki/1896_United_States_presidential_election
Wyoming,1900,24687,https://en.wikipedia.org/wiki/1900_United_States_presidential_election
Wyoming,1904,30708,https://en.wikipedia.org/wiki/1904_United_States_presidential_election
Wyoming,1908,37609,https://en.wikipedia.org/wiki/1908_United_States_presidential_election
Wyoming,1912,42296,https://en.wikipedia.org/wiki/1912_United_States_presidential_election
Wyoming,1916,51840,https://en.wikipedia.org/wiki/1916_United_States_presidential_election
Wyoming,1920,54700,https://en.wikipedia.org/wiki/1920_United_States_presidential_election
Wyoming,1924,79900,https://en.wikipedia.org/wiki/1924_United_States_presidential_election
Wyoming,1928,82835,https://en.wikipedia.org/wiki/1928_United_States_presidential_election
Wyoming,1932,96962,https://en.wikipedia.org/wiki/1932_United_States_presidential_election
Wyoming,1936,103382,https://en.wikipedia.org/wiki/1936_United_States_presidential_election
Wyoming,1940,112240,https://en.wikipedia.org/wiki/1940_United_States_presidential_election
Wyoming,1944,101340,https://en.wikipedia.org/wiki/1944_United_States_presidential_election
Wyoming,1948,101425,https://en.wikipedia.org/wiki/1948_United_States_presidential_election
Wyoming,1952,129251,https://en.wikipedia.org/wiki/1952_United_States_presidential_election
Wyoming,1956,124127,https://en.wikipedia.org/wiki/1956_United_States_presidential_election
Wyoming,1960,140782,https://en.wikipedia.org/wiki/1960_United_States_presidential_election
Wyoming,1964,142716,https://en.wikipedia.org/wiki/1964_United_States_presidential_election
Wyoming,1968,127205,https://en.wikipedia.org/wiki/1968_United_States_presidential_election
Wyoming,1972,145570,https://en.wikipedia.org/wiki/1972_United_States_presidential_election
Wyoming,1976,156343,https://doi.org/10.7910/DVN/42MVDX
Wyoming,1980,176713,https://doi.org/10.7910/DVN/42MVDX
Wyoming,1984,188968,https://doi.org/10.7910/DVN/42MVDX
Wyoming,1988,176551,https://doi.org/10.7910/DVN/42MVDX
Wyoming,1992,199884,https://doi.org/10.7910/DVN/42MVDX
Wyoming,1996,211571,https://doi.org/10.7910/DVN/42MVDX
Wyoming,2000,213726,https://doi.org/10.7910/DVN/42MVDX
Wyoming,2004,243861,https://doi.org/10.7910/DVN/42MVDX
Wyoming,2008,254904,https://doi.org/10.7910/DVN/42MVDX
Wyoming,2012,250701,https://doi.org/10.7910/DVN/42MVDX
Wyoming,2016,258788,https://doi.org/10.7910/DVN/42MVDX
Wyoming,2020,278503,https://doi.org/10.7910/DVN/42MVDX
Wyoming,2024,271123,https://doi.org/10.7910/DVN/42MVDX
